state_name,year,district_name,district_code,state_code,registration_circles,id
Andhra Pradesh,2017,Anantapur,502,28,Anantapur,0
Andhra Pradesh,2017,Chittoor,503,28,Chittoor,1
Andhra Pradesh,2017,Y.S.R.,504,28,Cuddapah,2
Andhra Pradesh,2017,East Godavari,505,28,East Godavari,3
Andhra Pradesh,2017,Anantapur,502,28,Guntakal Railway,4
Andhra Pradesh,2017,Guntur,506,28,Guntur,5
Andhra Pradesh,2017,Guntur,506,28,Guntur Urban,6
Andhra Pradesh,2017,Krishna,510,28,Krishna,7
Andhra Pradesh,2017,Kurnool,511,28,Kurnool,8
Andhra Pradesh,2017,Spsr Nellore,515,28,Nellore,9
Andhra Pradesh,2017,Prakasam,517,28,Prakasham,10
Andhra Pradesh,2017,East Godavari,505,28,Rajahmundry,11
Andhra Pradesh,2017,Srikakulam,519,28,Srikakulam,12
Andhra Pradesh,2017,Tirupati,752,28,Tirupathi Urban,13
Andhra Pradesh,2017,Ntr,749,28,Vijayawada City,14
Andhra Pradesh,2017,Ntr,749,28,Vijayawada Railway,15
Andhra Pradesh,2017,Visakhapatanam,520,28,Visakha Rural,16
Andhra Pradesh,2017,Visakhapatanam,520,28,Visakhapatnam,17
Andhra Pradesh,2017,Vizianagaram,521,28,Vizianagaram,18
Andhra Pradesh,2017,West Godavari,523,28,West Godavari,19
Arunachal Pradesh,2017,Anjaw,628,12,Anjaw,20
Arunachal Pradesh,2017,Changlang,229,12,Changlang,21
Arunachal Pradesh,2017,Papum Pare,237,12,Crime Branch,22
Arunachal Pradesh,2017,Dibang Valley,230,12,Dibang Valley,23
Arunachal Pradesh,2017,East Kameng,231,12,Kameng East,24
Arunachal Pradesh,2017,West Kameng,242,12,Kameng West,25
Arunachal Pradesh,2017,Kurung Kumey,233,12,Kurung Kumey,26
Arunachal Pradesh,2017,Lohit,234,12,Lohit,27
Arunachal Pradesh,2017,Longding,666,12,Longding,28
Arunachal Pradesh,2017,Lower Dibang Valley,235,12,Lower Dibang Valley,29
Arunachal Pradesh,2017,Papum Pare,237,12,Papum Pare City,30
Arunachal Pradesh,2017,Papum Pare,237,12,Papum Pare Rural,31
Arunachal Pradesh,2017,East Siang,232,12,Siang East,32
Arunachal Pradesh,2017,Upper Siang,240,12,Siang Upper,33
Arunachal Pradesh,2017,West Siang,243,12,Siang West,34
Arunachal Pradesh,2017,Lower Subansiri,236,12,Subansiri Lower,35
Arunachal Pradesh,2017,Upper Subansiri,241,12,Subansiri Upper,36
Arunachal Pradesh,2017,Tawang,238,12,Tawang,37
Arunachal Pradesh,2017,Tirap,239,12,Tirap,38
Arunachal Pradesh,2017,Namsai,678,12,Namsai,39
Arunachal Pradesh,2017,Siang,679,12,Siang,40
Arunachal Pradesh,2017,Kamle,718,12,Kamle,41
Arunachal Pradesh,2017,Lower Siang,719,12,Lower Siang,42
Assam,2017,Kamrup Metro,618,18,Bieo,43
Assam,2017,Barpeta,280,18,Barpeta,44
Assam,2017,Baksa,616,18,Baksa,45
Assam,2017,Bongaigaon,281,18,Bongaigaon,46
Assam,2017,Kamrup Metro,618,18,Cid,47
Assam,2017,Cachar,282,18,Cachar,48
Assam,2017,Chirang,612,18,Chirang,49
Assam,2017,Darrang,283,18,Darrang,50
Assam,2017,Dhemaji,284,18,Dhemaji,51
Assam,2017,Dhubri,285,18,Dhubri,52
Assam,2017,Dibrugarh,286,18,Dibrugarh,53
Assam,2017,Kamrup Metro,618,18,Grp,54
Assam,2017,Goalpara,287,18,Goalpara,55
Assam,2017,Golaghat,288,18,Golaghat,56
Assam,2017,Kamrup Metro,618,18,Guwahati City,57
Assam,2017,Hailakandi,289,18,Hailakandi,58
Assam,2017,West Karbi Anglong,710,18,Hamren,59
Assam,2017,Jorhat,290,18,Jorhat,60
Assam,2017,Kamrup,291,18,Kamrup,61
Assam,2017,Karbi Anglong,292,18,Karbi Anglong,62
Assam,2017,Karimganj,293,18,Karimganj,63
Assam,2017,Kokrajhar,294,18,Kokrajhar,64
Assam,2017,Lakhimpur,295,18,Lakhimpur,65
Assam,2017,Marigaon,296,18,Morigaon,66
Assam,2017,Dima Hasao,299,18,Dima Hasao,67
Assam,2017,Nagaon,297,18,Nagaon,68
Assam,2017,Nalbari,298,18,Nalbari,69
Assam,2017,Kamrup Metro,618,18,Rpo,70
Assam,2017,Kamrup Metro,618,18,Sou,71
Assam,2017,Kamrup Metro,618,18,Stf,72
Assam,2017,Sivasagar,300,18,Sibsagar,73
Assam,2017,Sonitpur,301,18,Sonitpur,74
Assam,2017,Tinsukia,302,18,Tinsukia,75
Assam,2017,Udalguri,617,18,Udalguri,76
Assam,2017,Tinsukia,302,18,Sadia,77
Assam,2017,Majuli,706,18,Majuli,78
Assam,2017,Biswanath,705,18,Biswanath,79
Assam,2017,Hojai,709,18,Hojai,80
Assam,2017,South Salmara Mancachar,707,18,South Salmara,81
Assam,2017,Charaideo,708,18,Charaideo,82
Bihar,2017,Araria,188,10,Araria,83
Bihar,2017,Arwal,611,10,Arwal,84
Bihar,2017,Aurangabad,189,10,Aurangabad,85
Bihar,2017,Pashchim Champaran,211,10,Bagaha,86
Bihar,2017,Banka,190,10,Banka,87
Bihar,2017,Begusarai,191,10,Begusarai,88
Bihar,2017,Pashchim Champaran,211,10,Bettiah,89
Bihar,2017,Kaimur (Bhabua),200,10,Bhabhua,90
Bihar,2017,Bhagalpur,192,10,Bhagalpur,91
Bihar,2017,Bhojpur,193,10,Bhojpur,92
Bihar,2017,Buxar,194,10,Buxar,93
Bihar,2017,Darbhanga,195,10,Darbhanga,94
Bihar,2017,Gaya,196,10,Gaya,95
Bihar,2017,Gopalganj,197,10,Gopalganj,96
Bihar,2017,Munger,207,10,Jamalpur Railway,97
Bihar,2017,Jamui,198,10,Jamui,98
Bihar,2017,Jehanabad,199,10,Jehanabad,99
Bihar,2017,Katihar,201,10,Katihar,100
Bihar,2017,Katihar,201,10,Katihar Railway,101
Bihar,2017,Khagaria,202,10,Khagaria,102
Bihar,2017,Kishanganj,203,10,Kishanganj,103
Bihar,2017,Lakhisarai,204,10,Lakhisarai,104
Bihar,2017,Madhepura,205,10,Madhepura,105
Bihar,2017,Madhubani,206,10,Madhubani,106
Bihar,2017,Purbi Champaran,213,10,Motihari,107
Bihar,2017,Munger,207,10,Munger,108
Bihar,2017,Muzaffarpur,208,10,Muzaffarpur,109
Bihar,2017,Muzaffarpur,208,10,Muzaffarpur Railway,110
Bihar,2017,Nalanda,209,10,Nalanda,111
Bihar,2017,Bhagalpur,192,10,Naugachia,112
Bihar,2017,Nawada,210,10,Nawadah,113
Bihar,2017,Patna,212,10,Patna,114
Bihar,2017,Patna,212,10,Patna Railway,115
Bihar,2017,Purnia,214,10,Purnea,116
Bihar,2017,Rohtas,215,10,Rohtas,117
Bihar,2017,Saharsa,216,10,Saharsa,118
Bihar,2017,Samastipur,217,10,Samastipur,119
Bihar,2017,Saran,218,10,Saran,120
Bihar,2017,Sheikhpura,219,10,Sheikhpura,121
Bihar,2017,Sheohar,220,10,Sheohar,122
Bihar,2017,Sitamarhi,221,10,Sitamarhi,123
Bihar,2017,Siwan,222,10,Siwan,124
Bihar,2017,Supaul,223,10,Supaul,125
Bihar,2017,Vaishali,224,10,Vaishali,126
Bihar,2017,Patna,212,10,Economic Offences Unit,127
Bihar,2017,Patna,212,10,Anti Terrorist Squad,128
Chhattisgarh,2017,Balod,646,22,Balod,129
Chhattisgarh,2017,Baloda Bazar,644,22,Balodbazar,130
Chhattisgarh,2017,Balrampur,649,22,Balrampur,131
Chhattisgarh,2017,Bemetara,650,22,Bemetra,132
Chhattisgarh,2017,Bilaspur,375,22,Bilaspur,133
Chhattisgarh,2017,Bijapur,636,22,Bizapur,134
Chhattisgarh,2017,Dantewada,376,22,Dantewara,135
Chhattisgarh,2017,Dhamtari,377,22,Dhamtari,136
Chhattisgarh,2017,Durg,378,22,Durg,137
Chhattisgarh,2017,Gariyaband,645,22,Gariyaband,138
Chhattisgarh,2017,Raipur,387,22,Grp Raipur,139
Chhattisgarh,2017,Bastar,374,22,Jagdalpur,140
Chhattisgarh,2017,Janjgir-Champa,379,22,Janjgir,141
Chhattisgarh,2017,Jashpur,380,22,Jashpur,142
Chhattisgarh,2017,Kabirdham,382,22,Kabirdham,143
Chhattisgarh,2017,Kanker,381,22,Kanker,144
Chhattisgarh,2017,Kondagaon,643,22,Kondagaon,145
Chhattisgarh,2017,Korba,383,22,Korba,146
Chhattisgarh,2017,Korea,384,22,Koriya,147
Chhattisgarh,2017,Mahasamund,385,22,Mahasamund,148
Chhattisgarh,2017,Mungeli,647,22,Mungali,149
Chhattisgarh,2017,Narayanpur,637,22,Narayanpur,150
Chhattisgarh,2017,Raigarh,386,22,Raigarh,151
Chhattisgarh,2017,Raipur,387,22,Raipur,152
Chhattisgarh,2017,Rajnandgaon,388,22,Rajnandgaon,153
Chhattisgarh,2017,Surguja,389,22,Sarguja,154
Chhattisgarh,2017,Sukma,642,22,Sukma,155
Chhattisgarh,2017,Surajpur,648,22,Surajpur,156
Goa,2017,North Goa,551,30,North Goa,157
Goa,2017,South Goa,552,30,South Goa,158
Goa,2017,North Goa,551,30,Cid,159
Gujarat,2017,Ahmadabad,438,24,Ahmedabad City,160
Gujarat,2017,Ahmadabad,438,24,Ahmedabad Rural,161
Gujarat,2017,Amreli,439,24,Amreli,162
Gujarat,2017,Anand,440,24,Anand,163
Gujarat,2017,Arvalli,672,24,Arvalli,164
Gujarat,2017,Banas Kantha,441,24,Banaskantha,165
Gujarat,2017,Bharuch,442,24,Bharuch,166
Gujarat,2017,Bhavnagar,443,24,Bhavnagar,167
Gujarat,2017,Botad,676,24,Botad,168
Gujarat,2017,Chhotaudepur,668,24,Chhotaudepur,169
Gujarat,2017,Gandhinagar,446,24,Cid Crime,170
Gujarat,2017,Dohad,445,24,Dahod,171
Gujarat,2017,Dang,444,24,Dang,172
Gujarat,2017,Devbhumi Dwarka,674,24,Devbhumi Dwarka,173
Gujarat,2017,Gandhinagar,446,24,Gandhinagar,174
Gujarat,2017,Gir Somnath,675,24,Gir Somnath,175
Gujarat,2017,Jamnagar,447,24,Jamnagar,176
Gujarat,2017,Junagadh,448,24,Junagadh,177
Gujarat,2017,Kachchh,449,24,Kachchh East(G),178
Gujarat,2017,Kachchh,449,24,Kachchh West(B),179
Gujarat,2017,Kheda,450,24,Kheda,180
Gujarat,2017,Mahisagar,669,24,Mahisagar,181
Gujarat,2017,Mahesana,451,24,Mehsana,182
Gujarat,2017,Morbi,673,24,Morbi,183
Gujarat,2017,Narmada,452,24,Narmada,184
Gujarat,2017,Navsari,453,24,Navsari,185
Gujarat,2017,Panch Mahals,454,24,Panchmahal,186
Gujarat,2017,Patan,455,24,Patan,187
Gujarat,2017,Porbandar,456,24,Porbandar,188
Gujarat,2017,Rajkot,457,24,Rajkot City,189
Gujarat,2017,Rajkot,457,24,Rajkot Rural,190
Gujarat,2017,Sabar Kantha,458,24,Sabarkantha,191
Gujarat,2017,Surat,459,24,Surat City,192
Gujarat,2017,Surat,459,24,Surat Rural,193
Gujarat,2017,Surendranagar,460,24,Surendranagar,194
Gujarat,2017,Tapi,641,24,Tapi,195
Gujarat,2017,Vadodara,461,24,Vadodara City,196
Gujarat,2017,Vadodara,461,24,Vadodara Rural,197
Gujarat,2017,Valsad,462,24,Valsad,198
Gujarat,2017,Ahmadabad,438,24,W.Rly Ahmedabad,199
Gujarat,2017,Vadodara,461,24,W.Rly Vadodara,200
Haryana,2017,Ambala,58,6,Ambala,201
Haryana,2017,Bhiwani,59,6,Bhiwani,202
Haryana,2017,Faridabad,60,6,Faridabad,203
Haryana,2017,Fatehabad,61,6,Fatehabad,204
Haryana,2017,Ambala,58,6,Grp,205
Haryana,2017,Gurugram,62,6,Gurugram,206
Haryana,2017,Hisar,63,6,Hissar,207
Haryana,2017,Jhajjar,64,6,Jhajjar,208
Haryana,2017,Jind,65,6,Jind,209
Haryana,2017,Kaithal,66,6,Kaithal,210
Haryana,2017,Karnal,67,6,Karnal,211
Haryana,2017,Kurukshetra,68,6,Kurukshetra,212
Haryana,2017,Mahendragarh,69,6,Mahendergarh,213
Haryana,2017,Nuh,604,6,Mewat,214
Haryana,2017,Palwal,619,6,Palwal,215
Haryana,2017,Panchkula,70,6,Panchkula,216
Haryana,2017,Panipat,71,6,Panipat,217
Haryana,2017,Rewari,72,6,Rewari,218
Haryana,2017,Rohtak,73,6,Rohtak,219
Haryana,2017,Sirsa,74,6,Sirsa,220
Haryana,2017,Sonipat,75,6,Sonipat,221
Haryana,2017,Yamunanagar,76,6,Yamunanagar,222
Haryana,2017,Gurugram,62,6,Irrigation And Power,223
Haryana,2017,Charki Dadri,701,6,Charkhi Dadri,224
Haryana,2017,Hisar,63,6,Hansi,225
Himachal Pradesh,2017,Solan,25,2,Baddi,226
Himachal Pradesh,2017,Bilaspur,15,2,Bilaspur,227
Himachal Pradesh,2017,Chamba,16,2,Chamba,228
Himachal Pradesh,2017,Shimla,23,2,Cid,229
Himachal Pradesh,2017,Shimla,23,2,Grp,230
Himachal Pradesh,2017,Hamirpur,17,2,Hamirpur,231
Himachal Pradesh,2017,Kangra,18,2,Kangra,232
Himachal Pradesh,2017,Kinnaur,19,2,Kinnaur,233
Himachal Pradesh,2017,Kullu,20,2,Kullu,234
Himachal Pradesh,2017,Lahul And Spiti,21,2,Lahaul And Spiti,235
Himachal Pradesh,2017,Mandi,22,2,Mandi,236
Himachal Pradesh,2017,Shimla,23,2,Shimla,237
Himachal Pradesh,2017,Sirmaur,24,2,Sirmaur,238
Himachal Pradesh,2017,Solan,25,2,Solan,239
Himachal Pradesh,2017,Una,26,2,Una,240
Himachal Pradesh,2017,Shimla,23,2,Cyber,241
Jammu And Kashmir,2017,Anantnag,1,1,Anantnag,242
Jammu And Kashmir,2017,Pulwama,11,1,Awantipora,243
Jammu And Kashmir,2017,Bandipora,623,1,Bandipora,244
Jammu And Kashmir,2017,Baramulla,3,1,Baramulla,245
Jammu And Kashmir,2017,Budgam,2,1,Budgam,246
Jammu And Kashmir,2017,Jammu,5,1,Crime Jammu,247
Jammu And Kashmir,2017,Jammu,5,1,Crime Srinagar,248
Jammu And Kashmir,2017,Doda,4,1,Doda,249
Jammu And Kashmir,2017,Ganderbal,626,1,Ganderbal,250
Jammu And Kashmir,2017,Kupwara,8,1,Handwara,251
Jammu And Kashmir,2017,Jammu,5,1,Jammu,252
Jammu And Kashmir,2017,Kargil,6,1,Kargil,253
Jammu And Kashmir,2017,Kathua,7,1,Kathua,254
Jammu And Kashmir,2017,Kishtwar,620,1,Kishtwar,255
Jammu And Kashmir,2017,Kulgam,622,1,Kulgam,256
Jammu And Kashmir,2017,Kupwara,8,1,Kupwara,257
Jammu And Kashmir,2017,Leh Ladakh,9,1,Leh,258
Jammu And Kashmir,2017,Poonch,10,1,Poonch,259
Jammu And Kashmir,2017,Pulwama,11,1,Pulwama,260
Jammu And Kashmir,2017,Jammu,5,1,Railways Jammu,261
Jammu And Kashmir,2017,Jammu,5,1,Railways Kashmir,262
Jammu And Kashmir,2017,Reasi,627,1,Railways Katra,263
Jammu And Kashmir,2017,Rajouri,12,1,Rajouri,264
Jammu And Kashmir,2017,Ramban,621,1,Ramban,265
Jammu And Kashmir,2017,Reasi,627,1,Reasi,266
Jammu And Kashmir,2017,Samba,624,1,Samba,267
Jammu And Kashmir,2017,Shopian,625,1,Shopian,268
Jammu And Kashmir,2017,Baramulla,3,1,Sopore,269
Jammu And Kashmir,2017,Srinagar,13,1,Srinagar,270
Jammu And Kashmir,2017,Udhampur,14,1,Udhampur,271
Jharkhand,2017,Bokaro,322,20,Bokaro,272
Jharkhand,2017,West Singhbhum,343,20,Chaibasa,273
Jharkhand,2017,Chatra,323,20,Chatra,274
Jharkhand,2017,Deoghar,324,20,Deoghar,275
Jharkhand,2017,Dhanbad,325,20,Dhanbad,276
Jharkhand,2017,Dhanbad,325,20,Dhanbad Railway,277
Jharkhand,2017,Dumka,326,20,Dumka,278
Jharkhand,2017,Garhwa,328,20,Garhwa,279
Jharkhand,2017,Giridih,329,20,Giridih,280
Jharkhand,2017,Godda,330,20,Godda,281
Jharkhand,2017,Gumla,331,20,Gumla,282
Jharkhand,2017,Hazaribagh,332,20,Hazaribagh,283
Jharkhand,2017,East Singhbum,327,20,Jamshedpur,284
Jharkhand,2017,East Singhbum,327,20,Jamshedpur Railway,285
Jharkhand,2017,Jamtara,333,20,Jamtara,286
Jharkhand,2017,Khunti,606,20,Khunti,287
Jharkhand,2017,Koderma,334,20,Koderma,288
Jharkhand,2017,Latehar,335,20,Latehar,289
Jharkhand,2017,Lohardaga,336,20,Lohardagga,290
Jharkhand,2017,Pakur,337,20,Pakur,291
Jharkhand,2017,Palamu,338,20,Palamu,292
Jharkhand,2017,Ramgarh,607,20,Ramgarh,293
Jharkhand,2017,Ranchi,339,20,Ranchi,294
Jharkhand,2017,Sahebganj,340,20,Sahebganj,295
Jharkhand,2017,Saraikela Kharsawan,341,20,Saraikela,296
Jharkhand,2017,Simdega,342,20,Simdega,297
Karnataka,2017,Bagalkote,524,29,Bagalkot,298
Karnataka,2017,Bengaluru Urban,525,29,Bengaluru City,299
Karnataka,2017,Bengaluru Urban,525,29,Bengaluru District,300
Karnataka,2017,Belagavi,527,29,Belagavi District,301
Karnataka,2017,Ballari,528,29,Ballari,302
Karnataka,2017,Bidar,529,29,Bidar,303
Karnataka,2017,Vijayapura,530,29,Vijayapura,304
Karnataka,2017,Chikkaballapura,630,29,Chikkaballapura,305
Karnataka,2017,Chamarajanagara,531,29,Chamarajnagar,306
Karnataka,2017,Chikkamagaluru,532,29,Chikkamagaluru,307
Karnataka,2017,Chitradurga,533,29,Chitradurga,308
Karnataka,2017,Dakshina Kannada,534,29,Dakshina Kannada,309
Karnataka,2017,Davangere,535,29,Davanagere,310
Karnataka,2017,Dharwad,536,29,Dharwad,311
Karnataka,2017,Gadag,537,29,Gadag,312
Karnataka,2017,Kalaburagi,538,29,Kalaburgi,313
Karnataka,2017,Hassan,539,29,Hassan,314
Karnataka,2017,Haveri,540,29,Haveri,315
Karnataka,2017,Dharwad,536,29,Hubballi Dharwad City,316
Karnataka,2017,Belagavi,527,29,K.G.F.,317
Karnataka,2017,Kodagu,541,29,Kodagu,318
Karnataka,2017,Kolar,542,29,Kolar,319
Karnataka,2017,Koppal,543,29,Koppal,320
Karnataka,2017,Mandya,544,29,Mandya,321
Karnataka,2017,Dakshina Kannada,534,29,Mangaluru City,322
Karnataka,2017,Mysuru,545,29,Mysuru City,323
Karnataka,2017,Mysuru,545,29,Mysuru District,324
Karnataka,2017,Raichur,546,29,Raichur,325
Karnataka,2017,Bengaluru Urban,525,29,K.Railways,326
Karnataka,2017,Ramanagara,631,29,Ramanagara,327
Karnataka,2017,Shivamogga,547,29,Shimoga,328
Karnataka,2017,Tumakuru,548,29,Tumakuru,329
Karnataka,2017,Udupi,549,29,Udupi,330
Karnataka,2017,Uttara Kannada,550,29,Uttara Kannada,331
Karnataka,2017,Yadgir,635,29,Yadgiri,332
Karnataka,2017,Belagavi,527,29,Belagavi City,333
Kerala,2017,Alappuzha,554,32,Alapuzha,334
Kerala,2017,Ernakulam,555,32,Ernakulam Commr.,335
Kerala,2017,Ernakulam,555,32,Ernakulam Rural,336
Kerala,2017,Idukki,556,32,Idukki,337
Kerala,2017,Kannur,557,32,Kannur,338
Kerala,2017,Kasaragod,558,32,Kasargod,339
Kerala,2017,Kollam,559,32,Kollam Commr.,340
Kerala,2017,Kollam,559,32,Kollam Rural,341
Kerala,2017,Kottayam,560,32,Kottayam,342
Kerala,2017,Kozhikode,561,32,Kozhikode Commr.,343
Kerala,2017,Kozhikode,561,32,Kozhikode Rural,344
Kerala,2017,Malappuram,562,32,Malappuram,345
Kerala,2017,Palakkad,563,32,Palakkad,346
Kerala,2017,Pathanamthitta,564,32,Pathanamthitta,347
Kerala,2017,Thiruvananthapuram,565,32,Railways,348
Kerala,2017,Thrissur,566,32,Thrissur Commr.,349
Kerala,2017,Thrissur,566,32,Thrissur Rural,350
Kerala,2017,Thiruvananthapuram,565,32,Trivandrum Commr.,351
Kerala,2017,Thiruvananthapuram,565,32,Trivandrum Rural,352
Kerala,2017,Wayanad,567,32,Wayanadu,353
Kerala,2017,Thiruvananthapuram,565,32,Crime Branch,354
Madhya Pradesh,2017,Agar Malwa,667,23,Agar,355
Madhya Pradesh,2017,Alirajpur,639,23,Alirajpur,356
Madhya Pradesh,2017,Anuppur,390,23,Anuppur,357
Madhya Pradesh,2017,Ashoknagar,391,23,Ashok Nagar,358
Madhya Pradesh,2017,Balaghat,392,23,Balaghat,359
Madhya Pradesh,2017,Barwani,393,23,Barwani,360
Madhya Pradesh,2017,Betul,394,23,Betul,361
Madhya Pradesh,2017,Bhind,395,23,Bhind,362
Madhya Pradesh,2017,Bhopal,396,23,Bhopal,363
Madhya Pradesh,2017,Bhopal,396,23,Bhopal Railway,364
Madhya Pradesh,2017,Burhanpur,397,23,Burhanpur,365
Madhya Pradesh,2017,Chhatarpur,398,23,Chhatarpur,366
Madhya Pradesh,2017,Chhindwara,399,23,Chhindwara,367
Madhya Pradesh,2017,Damoh,400,23,Damoh,368
Madhya Pradesh,2017,Datia,401,23,Datia,369
Madhya Pradesh,2017,Dewas,402,23,Dewas,370
Madhya Pradesh,2017,Dhar,403,23,Dhar,371
Madhya Pradesh,2017,Dindori,404,23,Dindori,372
Madhya Pradesh,2017,Guna,406,23,Guna,373
Madhya Pradesh,2017,Gwalior,407,23,Gwalior,374
Madhya Pradesh,2017,Harda,408,23,Harda,375
Madhya Pradesh,2017,Narmadapuram,409,23,Hoshangabad,376
Madhya Pradesh,2017,Indore,410,23,Indore,377
Madhya Pradesh,2017,Indore,410,23,Indore Railway,378
Madhya Pradesh,2017,Jabalpur,411,23,Jabalpur,379
Madhya Pradesh,2017,Jabalpur,411,23,Jabalpur Railway,380
Madhya Pradesh,2017,Jhabua,412,23,Jhabua,381
Madhya Pradesh,2017,Katni,413,23,Katni,382
Madhya Pradesh,2017,Indore,410,23,Khandwa,383
Madhya Pradesh,2017,Khargone,414,23,Khargone,384
Madhya Pradesh,2017,Mandla,415,23,Mandla,385
Madhya Pradesh,2017,Mandsaur,416,23,Mandsaur,386
Madhya Pradesh,2017,Morena,417,23,Morena,387
Madhya Pradesh,2017,Narsinghpur,418,23,Narsinghpur,388
Madhya Pradesh,2017,Neemuch,419,23,Neemuch,389
Madhya Pradesh,2017,Panna,420,23,Panna,390
Madhya Pradesh,2017,Raisen,421,23,Raisen,391
Madhya Pradesh,2017,Rajgarh,422,23,Rajgarh,392
Madhya Pradesh,2017,Ratlam,423,23,Ratlam,393
Madhya Pradesh,2017,Rewa,424,23,Rewa,394
Madhya Pradesh,2017,Sagar,425,23,Sagar,395
Madhya Pradesh,2017,Satna,426,23,Satna,396
Madhya Pradesh,2017,Seoni,428,23,Seoni,397
Madhya Pradesh,2017,Shahdol,429,23,Shahdol,398
Madhya Pradesh,2017,Shajapur,430,23,Shajapur,399
Madhya Pradesh,2017,Sheopur,431,23,Sheopur,400
Madhya Pradesh,2017,Shivpuri,432,23,Shivpuri,401
Madhya Pradesh,2017,Sidhi,433,23,Sidhi,402
Madhya Pradesh,2017,Sehore,427,23,Sehore,403
Madhya Pradesh,2017,Singrauli,638,23,Singrauli,404
Madhya Pradesh,2017,Tikamgarh,434,23,Tikamgarh,405
Madhya Pradesh,2017,Ujjain,435,23,Ujjain,406
Madhya Pradesh,2017,Umaria,436,23,Umaria,407
Madhya Pradesh,2017,Vidisha,437,23,Vidisha,408
Madhya Pradesh,2017,Cyber Crime Cell,9999,23,Cyber Crime Cell,409
Maharashtra,2017,Cyber Crime Cell,466,27,Ahmednagar,410
Maharashtra,2017,Cyber Crime Cell,467,27,Akola,411
Maharashtra,2017,Cyber Border Range,468,27,Amravati Commr.,412
Maharashtra,2017,Cyber Crime Cell,468,27,Amravati Rural,413
Maharashtra,2017,Aurangabad,469,27,Aurangabad Commr.,414
Maharashtra,2017,Aurangabad,469,27,Aurangabad Rural,415
Maharashtra,2017,Beed,470,27,Beed,416
Maharashtra,2017,Bhandara,471,27,Bhandara,417
Maharashtra,2017,Buldhana,472,27,Buldhana,418
Maharashtra,2017,Chandrapur,473,27,Chandrapur,419
Maharashtra,2017,Dhule,474,27,Dhule,420
Maharashtra,2017,Gadchiroli,475,27,Gadchiroli,421
Maharashtra,2017,Gondia,476,27,Gondia,422
Maharashtra,2017,Hingoli,477,27,Hingoli,423
Maharashtra,2017,Jalgaon,478,27,Jalgaon,424
Maharashtra,2017,Jalna,479,27,Jalna,425
Maharashtra,2017,Kolhapur,480,27,Kolhapur,426
Maharashtra,2017,Latur,481,27,Latur,427
Maharashtra,2017,Mumbai,482,27,Mumbai Commr.,428
Maharashtra,2017,Mumbai,482,27,Mumbai Railway,429
Maharashtra,2017,Nagpur,484,27,Nagpur Commr.,430
Maharashtra,2017,Nagpur,484,27,Nagpur Railway,431
Maharashtra,2017,Nagpur,484,27,Nagpur Rural,432
Maharashtra,2017,Nanded,485,27,Nanded,433
Maharashtra,2017,Nandurbar,486,27,Nandurbar,434
Maharashtra,2017,Nashik,487,27,Nasik Commr.,435
Maharashtra,2017,Nashik,487,27,Nasik Rural,436
Maharashtra,2017,Mumbai Suburban,483,27,Navi Mumbai,437
Maharashtra,2017,Osmanabad,488,27,Osmanabad,438
Maharashtra,2017,Palghar,665,27,Palghar,439
Maharashtra,2017,Parbhani,489,27,Parbhani,440
Maharashtra,2017,Pune,490,27,Pune Commr.,441
Maharashtra,2017,Pune,490,27,Pune Railway,442
Maharashtra,2017,Pune,490,27,Pune Rural,443
Maharashtra,2017,Raigad,491,27,Raigad,444
Maharashtra,2017,Ratnagiri,492,27,Ratnagiri,445
Maharashtra,2017,Sangli,493,27,Sangli,446
Maharashtra,2017,Satara,494,27,Satara,447
Maharashtra,2017,Sindhudurg,495,27,Sindhudurg,448
Maharashtra,2017,Solapur,496,27,Solapur Commr.,449
Maharashtra,2017,Solapur,496,27,Solapur Rural,450
Maharashtra,2017,Thane,497,27,Thane Commr.,451
Maharashtra,2017,Thane,497,27,Thane Rural,452
Maharashtra,2017,Wardha,498,27,Wardha,453
Maharashtra,2017,Washim,499,27,Washim,454
Maharashtra,2017,Yavatmal,500,27,Yavatmal,455
Manipur,2017,Bishnupur,252,14,Bishnupur,456
Manipur,2017,Chandel,253,14,Chandel,457
Manipur,2017,Churachandpur,254,14,Churachandpur,458
Manipur,2017,Imphal West,256,14,Cid,459
Manipur,2017,Imphal East,255,14,Imphal East,460
Manipur,2017,Imphal West,256,14,Imphal West,461
Manipur,2017,Senapati,257,14,Senapati,462
Manipur,2017,Tamenglong,258,14,Tamenglong,463
Manipur,2017,Thoubal,259,14,Thoubal,464
Manipur,2017,Ukhrul,260,14,Ukhrul,465
Meghalaya,2017,East Garo Hills,273,17,Garo Hills East,466
Meghalaya,2017,North Garo Hills,656,17,Garo Hills North,467
Meghalaya,2017,South Garo Hills,277,17,Garo Hills South,468
Meghalaya,2017,South West Garo Hills,663,17,Garo Hills South West,469
Meghalaya,2017,West Garo Hills,278,17,Garo Hills West,470
Meghalaya,2017,West Jaintia Hills,275,17,Jaintia Hills West,471
Meghalaya,2017,East Jaintia Hills,657,17,Jaintia Hills East,472
Meghalaya,2017,East Khasi Hills,274,17,Khasi Hills East,473
Meghalaya,2017,South West Khasi Hills,658,17,Khasi Hills South West,474
Meghalaya,2017,West Khasi Hills,279,17,Khasi Hills West,475
Meghalaya,2017,Ri Bhoi,276,17,Ri-Bhoi,476
Mizoram,2017,Aizawl,261,15,Aizawl,477
Mizoram,2017,Champhai,262,15,Champhai,478
Mizoram,2017,Kolasib,263,15,Kolasib,479
Mizoram,2017,Lawngtlai,264,15,Lawngtlai,480
Mizoram,2017,Lunglei,265,15,Lunglei,481
Mizoram,2017,Mamit,266,15,Mamit,482
Mizoram,2017,Saiha,267,15,Saiha,483
Mizoram,2017,Serchhip,268,15,Serchhip,484
Mizoram,2017,Aizawl,261,15,Spl Narcotic,485
Nagaland,2017,Dimapur,244,13,Dimapur,486
Nagaland,2017,Kiphire,614,13,Kiphire,487
Nagaland,2017,Kohima,245,13,Kohima,488
Nagaland,2017,Longleng,615,13,Longleng,489
Nagaland,2017,Mokokchung,246,13,Mokokchung,490
Nagaland,2017,Mon,247,13,Mon,491
Nagaland,2017,Peren,613,13,Peren,492
Nagaland,2017,Phek,248,13,Phek,493
Nagaland,2017,Tuensang,249,13,Tuensang,494
Nagaland,2017,Wokha,250,13,Wokha,495
Nagaland,2017,Zunheboto,251,13,Zunheboto,496
Odisha,2017,Anugul,344,21,Angul,497
Odisha,2017,Baleshwar,346,21,Balasore,498
Odisha,2017,Bargarh,347,21,Baragarh,499
Odisha,2017,Baleshwar,346,21,Berhampur,500
Odisha,2017,Bhadrak,348,21,Bhadrak,501
Odisha,2017,Balangir,345,21,Bolangir,502
Odisha,2017,Boudh,349,21,Boudh,503
Odisha,2017,Cuttack,350,21,Cuttack,504
Odisha,2017,Khordha,362,21,Dcp Bbsr,505
Odisha,2017,Cuttack,350,21,Dcp Ctc,506
Odisha,2017,Deogarh,351,21,Deogarh,507
Odisha,2017,Dhenkanal,352,21,Dhenkanal,508
Odisha,2017,Gajapati,353,21,Gajapati,509
Odisha,2017,Ganjam,354,21,Ganjam,510
Odisha,2017,Jagatsinghapur,355,21,Jagatsinghpur,511
Odisha,2017,Jajapur,356,21,Jajpur,512
Odisha,2017,Jharsuguda,357,21,Jharsuguda,513
Odisha,2017,Kalahandi,358,21,Kalahandi,514
Odisha,2017,Kandhamal,359,21,Kandhamal,515
Odisha,2017,Kendrapara,360,21,Kendrapara,516
Odisha,2017,Kendujhar,361,21,Keonjhar,517
Odisha,2017,Khordha,362,21,Khurda,518
Odisha,2017,Koraput,363,21,Koraput,519
Odisha,2017,Malkangiri,364,21,Malkangiri,520
Odisha,2017,Mayurbhanj,365,21,Mayurbhanj,521
Odisha,2017,Nayagarh,367,21,Nayagarh,522
Odisha,2017,Nabarangpur,366,21,Nabarangpur,523
Odisha,2017,Nuapada,368,21,Nuapada,524
Odisha,2017,Puri,369,21,Puri,525
Odisha,2017,Rayagada,370,21,Rayagada,526
Odisha,2017,Sundargarh,373,21,Rourkela,527
Odisha,2017,Sambalpur,371,21,Sambalpur,528
Odisha,2017,Sonepur,372,21,Sonepur,529
Odisha,2017,Cuttack,350,21,Srp(Cuttack),530
Odisha,2017,Sundargarh,373,21,Srp(Rourkela),531
Odisha,2017,Sundargarh,373,21,Sundargarh,532
Odisha,2017,Cuttack,350,21,Cid Cb,533
Punjab,2017,Amritsar,27,3,Amritsar Rural,534
Punjab,2017,Barnala,605,3,Barnala,535
Punjab,2017,Gurdaspur,32,3,Batala,536
Punjab,2017,Bathinda,28,3,Bathinda,537
Punjab,2017,Amritsar,27,3,Cp Amritsar,538
Punjab,2017,Jalandhar,34,3,Cp Jalandhar,539
Punjab,2017,Ludhiana,36,3,Cp Ludhiana,540
Punjab,2017,Faridkot,29,3,Faridkot,541
Punjab,2017,Fatehgarh Sahib,30,3,Fatehgarh Sahib,542
Punjab,2017,Fazilka,651,3,Fazilka,543
Punjab,2017,Ferozepur,31,3,Ferozepur,544
Punjab,2017,Patiala,41,3,Grp,545
Punjab,2017,Gurdaspur,32,3,Gurdaspur,546
Punjab,2017,Hoshiarpur,33,3,Hoshiarpur,547
Punjab,2017,Jalandhar,34,3,Jalandhar Rural,548
Punjab,2017,Kapurthala,35,3,Kapurthala,549
Punjab,2017,Ludhiana,36,3,Khanna,550
Punjab,2017,Ludhiana,36,3,Ludhiana Rural,551
Punjab,2017,Mansa,37,3,Mansa,552
Punjab,2017,Moga,38,3,Moga,553
Punjab,2017,Sri Muktsar Sahib,39,3,Muktsar,554
Punjab,2017,Pathankot,662,3,Pathankot,555
Punjab,2017,Patiala,41,3,Patiala,556
Punjab,2017,Rupnagar,42,3,Ropar,557
Punjab,2017,Sangrur,43,3,Sangrur,558
Punjab,2017,S.A.S Nagar,608,3,Sas Nagar,559
Punjab,2017,Shahid Bhagat Singh Nagar,40,3,Sbs Nagar,560
Punjab,2017,Tarn Taran,609,3,Tarn Taran,561
Punjab,2017,S.A.S Nagar,608,3,Bureau Of Investigation,562
Punjab,2017,S.A.S Nagar,608,3,Intelligence Wing,563
Punjab,2017,S.A.S Nagar,608,3,Nri Wing,564
Punjab,2017,Amritsar,27,3,Special Task Force,565
Rajasthan,2017,Ajmer,86,8,Ajmer,566
Rajasthan,2017,Alwar,87,8,Alwar,567
Rajasthan,2017,Banswara,88,8,Banswara,568
Rajasthan,2017,Baran,89,8,Baran,569
Rajasthan,2017,Barmer,90,8,Barmer,570
Rajasthan,2017,Bharatpur,91,8,Bharatpur,571
Rajasthan,2017,Bhilwara,92,8,Bhilwara,572
Rajasthan,2017,Bikaner,93,8,Bikaner,573
Rajasthan,2017,Bundi,94,8,Bundi,574
Rajasthan,2017,Chittorgarh,95,8,Chittorgarh,575
Rajasthan,2017,Churu,96,8,Churu,576
Rajasthan,2017,Dausa,97,8,Dausa,577
Rajasthan,2017,Dholpur,98,8,Dholpur,578
Rajasthan,2017,Dungarpur,99,8,Dungarpur,579
Rajasthan,2017,Ajmer,86,8,Grp Ajmer,580
Rajasthan,2017,Jodhpur,107,8,Grp Jodhpur,581
Rajasthan,2017,Ganganagar,100,8,Ganganagar,582
Rajasthan,2017,Hanumangarh,101,8,Hanumangarh,583
Rajasthan,2017,Jaipur,102,8,Jaipur East,584
Rajasthan,2017,Jaipur,102,8,Jaipur North,585
Rajasthan,2017,Jaipur (Gramin),783,8,Jaipur Rural,586
Rajasthan,2017,Jaipur,102,8,Jaipur South,587
Rajasthan,2017,Jaipur,102,8,Jaipur West,588
Rajasthan,2017,Jaisalmer,103,8,Jaisalmer,589
Rajasthan,2017,Jalore,104,8,Jalore,590
Rajasthan,2017,Jhalawar,105,8,Jhalawar,591
Rajasthan,2017,Jhunjhunu,106,8,Jhunjhunu,592
Rajasthan,2017,Jodhpur,107,8,Jodhpur East,593
Rajasthan,2017,Jodhpur,107,8,Jodhpur West,594
Rajasthan,2017,Jodhpur,107,8,Jodhpur Rural,595
Rajasthan,2017,Karauli,108,8,Karauli,596
Rajasthan,2017,Kota,109,8,Kota City,597
Rajasthan,2017,Kota,109,8,Kota Rural,598
Rajasthan,2017,Nagaur,110,8,Nagaur,599
Rajasthan,2017,Pali,111,8,Pali,600
Rajasthan,2017,Pratapgarh,629,8,Pratapgarh,601
Rajasthan,2017,Rajsamand,112,8,Rajsamand,602
Rajasthan,2017,Sawai Madhopur,113,8,Sawai Madhopur,603
Rajasthan,2017,Sikar,114,8,Sikar,604
Rajasthan,2017,Sirohi,115,8,Sirohi,605
Rajasthan,2017,Tonk,116,8,Tonk,606
Rajasthan,2017,Udaipur,117,8,Udaipur,607
Rajasthan,2017,Jaipur,102,8,Jaipur Metro,608
Rajasthan,2017,Jaipur,102,8,Scrb,609
Rajasthan,2017,Jaipur,102,8,Sog,610
Rajasthan,2017,Jaipur,102,8,Ssb,611
Sikkim,2017,Gangtok,225,11,East,612
Sikkim,2017,Mangan,226,11,North,613
Sikkim,2017,Namchi,227,11,South,614
Sikkim,2017,Gyalshing,228,11,West,615
Tamil Nadu,2017,Ariyalur,610,33,Ariyalur,616
Tamil Nadu,2017,Chennai,568,33,Chennai,617
Tamil Nadu,2017,Coimbatore,569,33,Coimbatore,618
Tamil Nadu,2017,Coimbatore,569,33,Coimbatore City,619
Tamil Nadu,2017,Cuddalore,570,33,Cuddalore,620
Tamil Nadu,2017,Dharmapuri,571,33,Dharmapuri,621
Tamil Nadu,2017,Dindigul,572,33,Dindigul,622
Tamil Nadu,2017,Erode,573,33,Erode,623
Tamil Nadu,2017,Kanchipuram,574,33,Kanchipuram,624
Tamil Nadu,2017,Kanniyakumari,575,33,Kanyakumari,625
Tamil Nadu,2017,Karur,576,33,Karur,626
Tamil Nadu,2017,Krishnagiri,577,33,Krishnagiri,627
Tamil Nadu,2017,Madurai,578,33,Madurai,628
Tamil Nadu,2017,Madurai,578,33,Madurai City,629
Tamil Nadu,2017,Nagapattinam,579,33,Nagapattinam,630
Tamil Nadu,2017,Namakkal,580,33,Namakkal,631
Tamil Nadu,2017,The Nilgiris,587,33,Nilgiris,632
Tamil Nadu,2017,Perambalur,581,33,Perambalur,633
Tamil Nadu,2017,Pudukkottai,582,33,Pudukottai,634
Tamil Nadu,2017,Ramanathapuram,583,33,Ramnathapuram,635
Tamil Nadu,2017,Chennai,568,33,Railway Chennai,636
Tamil Nadu,2017,Tiruchirappalli,591,33,Railway Trichy,637
Tamil Nadu,2017,Salem,584,33,Salem,638
Tamil Nadu,2017,Salem,584,33,Salem City,639
Tamil Nadu,2017,Sivaganga,585,33,Sivagangai,640
Tamil Nadu,2017,Thanjavur,586,33,Thanjavur,641
Tamil Nadu,2017,Theni,588,33,Theni,642
Tamil Nadu,2017,Tirunelveli,592,33,Thirunelveli,643
Tamil Nadu,2017,Tirunelveli,592,33,Thirunelveli City,644
Tamil Nadu,2017,Thiruvallur,589,33,Thiruvallur,645
Tamil Nadu,2017,Tiruvannamalai,593,33,Thiruvannamalai,646
Tamil Nadu,2017,Thiruvarur,590,33,Thiruvarur,647
Tamil Nadu,2017,Tuticorin,594,33,Thoothukudi,648
Tamil Nadu,2017,Tiruppur,634,33,Tiruppur,649
Tamil Nadu,2017,Tiruppur,634,33,Tiruppur City,650
Tamil Nadu,2017,Tiruchirappalli,591,33,Trichy,651
Tamil Nadu,2017,Tiruchirappalli,591,33,Trichy City,652
Tamil Nadu,2017,Vellore,595,33,Vellore,653
Tamil Nadu,2017,Villupuram,596,33,Villupuram,654
Tamil Nadu,2017,Virudhunagar,597,33,Virudhunagar,655
Tamil Nadu,2017,Chennai,568,33,Cyber Cell,656
Tamil Nadu,2017,Chennai,568,33,Other Units,657
Telangana,2017,Ranga Reddy,518,36,Cyberabad Commissionerate,658
Telangana,2017,Hyderabad,507,36,Hyderabad Commissionerate,659
Telangana,2017,Karimnagar,508,36,Karimnagar Commissionerate,660
Telangana,2017,Khammam,509,36,Khammam Commissionerate,661
Telangana,2017,Nizamabad,516,36,Nizamabad Commissionerate,662
Telangana,2017,Yadadri Bhuvanagiri,697,36,Rachakonda Commissionerate,663
Telangana,2017,Peddapalli,682,36,Ramagundam Commissionerate,664
Telangana,2017,Siddipet,692,36,Siddipet Commissionerate,665
Telangana,2017,Warangal,522,36,Warangal Commissionerate,666
Telangana,2017,Adilabad,501,36,Adilabad,667
Telangana,2017,Bhadradri Kothagudem,690,36,Bhadradri Kothagudem,668
Telangana,2017,Jagitial,681,36,Jagityal,669
Telangana,2017,Jayashankar Bhupalapally,687,36,Jayashankar Bhupalpalli,670
Telangana,2017,Jogulamba Gadwal,695,36,Jogulamba Gadwal,671
Telangana,2017,Kamareddy,685,36,Kamareddy ,672
Telangana,2017,Kumuram Bheem Asifabad,699,36,Kumaram Bheem Asifabad,673
Telangana,2017,Mahabubabad,688,36,Mahabubabad,674
Telangana,2017,Mahabubnagar,512,36,Mahabubnagar,675
Telangana,2017,Medak,513,36,Medak,676
Telangana,2017,Nagarkurnool,694,36,Nagarkurnool,677
Telangana,2017,Nalgonda,514,36,Nalgonda,678
Telangana,2017,Nirmal,680,36,Nirmal,679
Telangana,2017,Rajanna Sircilla,683,36,Rajanna Siricilla,680
Telangana,2017,Sangareddy,691,36,Sangareddy,681
Telangana,2017,Suryapet,696,36,Suryapet,682
Telangana,2017,Vikarabad,698,36,Vikarabad,683
Telangana,2017,Wanaparthy,693,36,Wanaparthy,684
Telangana,2017,Hyderabad,507,36,Railway Police Secunderabad,685
Tripura,2017,Dhalai,269,16,Dhalai,686
Tripura,2017,Gomati,654,16,Gomati,687
Tripura,2017,West Tripura,272,16,Grp,688
Tripura,2017,Khowai,652,16,Kowai,689
Tripura,2017,North Tripura,270,16,North,690
Tripura,2017,Sepahijala,653,16,Sipahijala,691
Tripura,2017,South Tripura,271,16,South,692
Tripura,2017,Unakoti,655,16,Unakoti,693
Tripura,2017,West Tripura,272,16,West,694
Uttar Pradesh,2017,Agra,118,9,Agra,695
Uttar Pradesh,2017,Aligarh,119,9,Aligarh,696
Uttar Pradesh,2017,Prayagraj,120,9,Prayagraj,697
Uttar Pradesh,2017,Ambedkar Nagar,121,9,Ambedkar Nagar,698
Uttar Pradesh,2017,Amethi,640,9,Amethi,699
Uttar Pradesh,2017,Amroha,154,9,Amroha,700
Uttar Pradesh,2017,Auraiya,122,9,Auraiya,701
Uttar Pradesh,2017,Azamgarh,123,9,Azamgarh,702
Uttar Pradesh,2017,Budaun,133,9,Badaun,703
Uttar Pradesh,2017,Baghpat,124,9,Baghpat,704
Uttar Pradesh,2017,Bahraich,125,9,Bahraich,705
Uttar Pradesh,2017,Ballia,126,9,Ballia,706
Uttar Pradesh,2017,Balrampur,127,9,Balrampur,707
Uttar Pradesh,2017,Banda,128,9,Banda,708
Uttar Pradesh,2017,Barabanki,129,9,Barabanki,709
Uttar Pradesh,2017,Bareilly,130,9,Bareilly,710
Uttar Pradesh,2017,Basti,131,9,Basti,711
Uttar Pradesh,2017,Bijnor,132,9,Bijnor,712
Uttar Pradesh,2017,Bulandshahr,134,9,Bulandshahar,713
Uttar Pradesh,2017,Chandauli,135,9,Chandoli,714
Uttar Pradesh,2017,Chitrakoot,136,9,Chitrakoot,715
Uttar Pradesh,2017,Deoria,137,9,Deoria,716
Uttar Pradesh,2017,Etah,138,9,Etah,717
Uttar Pradesh,2017,Etawah,139,9,Etawah,718
Uttar Pradesh,2017,Ayodhya,140,9,Ayodhya,719
Uttar Pradesh,2017,Farrukhabad,141,9,Fatehgarh,720
Uttar Pradesh,2017,Fatehpur,142,9,Fatehpur,721
Uttar Pradesh,2017,Firozabad,143,9,Firozabad,722
Uttar Pradesh,2017,Gautam Buddha Nagar,144,9,Gautambudh Nagar,723
Uttar Pradesh,2017,Ghaziabad,145,9,Ghaziabad,724
Uttar Pradesh,2017,Ghazipur,146,9,Ghazipur,725
Uttar Pradesh,2017,Gonda,147,9,Gonda,726
Uttar Pradesh,2017,Gorakhpur,148,9,Gorakhpur,727
Uttar Pradesh,2017,Hamirpur,149,9,Hamirpur,728
Uttar Pradesh,2017,Hapur,661,9,Hapur,729
Uttar Pradesh,2017,Hardoi,150,9,Hardoi,730
Uttar Pradesh,2017,Hathras,163,9,Hathras,731
Uttar Pradesh,2017,Jalaun,151,9,Jalaun,732
Uttar Pradesh,2017,Jaunpur,152,9,Jaunpur,733
Uttar Pradesh,2017,Jhansi,153,9,Jhansi,734
Uttar Pradesh,2017,Kannauj,155,9,Kannauj,735
Uttar Pradesh,2017,Kanpur Dehat,156,9,Kanpur Dehat,736
Uttar Pradesh,2017,Kanpur Nagar,157,9,Kanpur Nagar,737
Uttar Pradesh,2017,Kasganj,633,9,Kasganj,738
Uttar Pradesh,2017,Kaushambi,158,9,Kaushambi,739
Uttar Pradesh,2017,Kheri,159,9,Khiri,740
Uttar Pradesh,2017,Kushi Nagar,160,9,Kushi Nagar,741
Uttar Pradesh,2017,Lalitpur,161,9,Lalitpur,742
Uttar Pradesh,2017,Lucknow,162,9,Lucknow,743
Uttar Pradesh,2017,Maharajganj,164,9,Maharajganj,744
Uttar Pradesh,2017,Mahoba,165,9,Mahoba,745
Uttar Pradesh,2017,Mainpuri,166,9,Mainpuri,746
Uttar Pradesh,2017,Mathura,167,9,Mathura,747
Uttar Pradesh,2017,Mau,168,9,Mau,748
Uttar Pradesh,2017,Meerut,169,9,Meerut,749
Uttar Pradesh,2017,Mirzapur,170,9,Mirzapur,750
Uttar Pradesh,2017,Moradabad,171,9,Moradabad,751
Uttar Pradesh,2017,Muzaffarnagar,172,9,Muzaffarnagar,752
Uttar Pradesh,2017,Pilibhit,173,9,Pilibhit,753
Uttar Pradesh,2017,Pratapgarh,174,9,Pratapgarh,754
Uttar Pradesh,2017,Rae Bareli,175,9,Raibareilly,755
Uttar Pradesh,2017,Rampur,176,9,Rampur,756
Uttar Pradesh,2017,Saharanpur,177,9,Saharanpur,757
Uttar Pradesh,2017,Sambhal,659,9,Sambhal,758
Uttar Pradesh,2017,Sant Kabeer Nagar,178,9,Sant Kabirnagar,759
Uttar Pradesh,2017,Shahjahanpur,180,9,Shahjahanpur,760
Uttar Pradesh,2017,Shamli,660,9,Shamli,761
Uttar Pradesh,2017,Shravasti,181,9,Shrawasti,762
Uttar Pradesh,2017,Siddharth Nagar,182,9,Sidharthnagar,763
Uttar Pradesh,2017,Sitapur,183,9,Sitapur,764
Uttar Pradesh,2017,Sonbhadra,184,9,Sonbhadra,765
Uttar Pradesh,2017,Bhadohi,179,9,Bhadohi,766
Uttar Pradesh,2017,Sultanpur,185,9,Sultanpur,767
Uttar Pradesh,2017,Unnao,186,9,Unnao,768
Uttar Pradesh,2017,Varanasi,187,9,Varanasi,769
Uttarakhand,2017,Almora,45,5,Almora,770
Uttarakhand,2017,Bageshwar,46,5,Bageshwar,771
Uttarakhand,2017,Chamoli,47,5,Chamoli,772
Uttarakhand,2017,Champawat,48,5,Champawat,773
Uttarakhand,2017,Dehradun,49,5,Dehradun,774
Uttarakhand,2017,Haridwar,50,5,Haridwar,775
Uttarakhand,2017,Nainital,51,5,Nainital,776
Uttarakhand,2017,Pauri Garhwal,52,5,Pauri Garhwal,777
Uttarakhand,2017,Pithoragarh,53,5,Pithoragarh,778
Uttarakhand,2017,Rudra Prayag,54,5,Rudra Prayag,779
Uttarakhand,2017,Tehri Garhwal,55,5,Tehri Garhwal,780
Uttarakhand,2017,Udam Singh Nagar,56,5,Udhamsingh Nagar,781
Uttarakhand,2017,Uttar Kashi,57,5,Uttarkashi,782
Uttarakhand,2017,Dehradun,49,5,Grp,783
West Bengal,2017,Alipurduar,664,19,Alipurduar,784
West Bengal,2017,Paschim Bardhaman,704,19,Asansol-Durgapur Pc,785
West Bengal,2017,Bankura,305,19,Bankura,786
West Bengal,2017,24 Paraganas North,303,19,Barrackpur Pc,787
West Bengal,2017,24 Paraganas North,303,19,Bidhannagar Pc,788
West Bengal,2017,Birbhum,307,19,Birbhum,789
West Bengal,2017,Coochbehar,308,19,Coochbehar,790
West Bengal,2017,Dinajpur Dakshin,310,19,Dakshin Dinajpur,791
West Bengal,2017,Darjeeling,309,19,Darjeeling,792
West Bengal,2017,Hooghly,312,19,Hooghly Rural Police,793
West Bengal,2017,Howrah,313,19,Howrah Grp,794
West Bengal,2017,Howrah,313,19,Howrah Pc,795
West Bengal,2017,Howrah,313,19,Howrah Rural,796
West Bengal,2017,Jalpaiguri,314,19,Jalpaiguri,797
West Bengal,2017,Jhargram,703,19,Jhargram,798
West Bengal,2017,Medinipur West,318,19,Kharagpur Grp,799
West Bengal,2017,Kolkata,315,19,Kolkata,800
West Bengal,2017,Maldah,316,19,Malda,801
West Bengal,2017,Murshidabad,319,19,Murshidabad,802
West Bengal,2017,Nadia,320,19,Nadia,803
West Bengal,2017,Medinipur West,318,19,Paschim Medinipur,804
West Bengal,2017,Medinipur East,317,19,Purab Medinipur,805
West Bengal,2017,Purulia,321,19,Purulia,806
West Bengal,2017,Kolkata,315,19,Sealdah Grp,807
West Bengal,2017,Darjeeling,309,19,Siliguri Grp,808
West Bengal,2017,Darjeeling,309,19,Siliguri Pc,809
West Bengal,2017,Dinajpur Uttar,311,19,Uttar Dinajpur,810
West Bengal,2017,24 Paraganas South,304,19,Baruipur Police,811
West Bengal,2017,Hooghly,312,19,Chandannagar Pc,812
West Bengal,2017,24 Paraganas South,304,19,Diamond Harbour Police,813
West Bengal,2017,Kalimpong,702,19,Kalimpong,814
West Bengal,2017,Purba Bardhaman,306,19,Purba Bardhaman,815
West Bengal,2017,24 Paraganas South,304,19,Sundarban Police,816
West Bengal,2017,24 Paraganas North,303,19,Barasat,817
West Bengal,2017,24 Paraganas North,303,19,Basirhat,818
Andaman And Nicobar Islands,2017,South Andamans,602,35,South Andaman,819
Andaman And Nicobar Islands,2017,North And Middle Andaman,632,35,North And Middle Andaman,820
Andaman And Nicobar Islands,2017,Nicobars,603,35,Nicobar,821
Chandigarh,2017,Chandigarh,44,4,Chandigarh,822
The Dadra And Nagar Haveli And Daman And Diu,2017,Dadra And Nagar Haveli,465,38,Dadra And Nagar Haveli,823
The Dadra And Nagar Haveli And Daman And Diu,2017,Daman,463,38,Daman,824
The Dadra And Nagar Haveli And Daman And Diu,2017,Diu,464,38,Diu,825
Delhi,2017,Central,77,7,Central,826
Delhi,2017,North West,82,7,Crime Branch,827
Delhi,2017,East,78,7,East,828
Delhi,2017,New Delhi,79,7,Eow,829
Delhi,2017,New Delhi,79,7,Igi Airport,830
Delhi,2017,North West,82,7,Metro,831
Delhi,2017,New Delhi,79,7,New Delhi,832
Delhi,2017,North,80,7,North,833
Delhi,2017,North East,81,7,North-East,834
Delhi,2017,North West,82,7,North-West,835
Delhi,2017,North West,82,7,Outer,836
Delhi,2017,New Delhi,79,7,Railway,837
Delhi,2017,South,83,7,South,838
Delhi,2017,South East,670,7,South-East,839
Delhi,2017,South West,84,7,South-West,840
Delhi,2017,North West,82,7,Spl Cell,841
Delhi,2017,New Delhi,79,7,Spuwac,842
Delhi,2017,New Delhi,79,7,Vigilance,843
Delhi,2017,West,85,7,West,844
Delhi,2017,North West,82,7,Rohini,845
Delhi,2017,Shahdara,671,7,Shahdara,846
Delhi,2017,South West,84,7,Dwarka,847
Lakshadweep,2017,Lakshadweep District,553,31,Lakshadweep,848
Puducherry,2017,Karaikal,598,34,Karaikal,849
Puducherry,2017,Pondicherry,600,34,Puducherry,850
Andhra Pradesh,2018,Anantapur,502,28,Anantapur,851
Andhra Pradesh,2018,Chittoor,503,28,Chittoor,852
Andhra Pradesh,2018,Y.S.R.,504,28,Cuddapah,853
Andhra Pradesh,2018,East Godavari,505,28,East Godavari,854
Andhra Pradesh,2018,Anantapur,502,28,Guntakal Railway,855
Andhra Pradesh,2018,Guntur,506,28,Guntur,856
Andhra Pradesh,2018,Guntur,506,28,Guntur Urban,857
Andhra Pradesh,2018,Krishna,510,28,Krishna,858
Andhra Pradesh,2018,Kurnool,511,28,Kurnool,859
Andhra Pradesh,2018,Spsr Nellore,515,28,Nellore,860
Andhra Pradesh,2018,Prakasam,517,28,Prakasham,861
Andhra Pradesh,2018,East Godavari,505,28,Rajahmundry,862
Andhra Pradesh,2018,Srikakulam,519,28,Srikakulam,863
Andhra Pradesh,2018,Tirupati,752,28,Tirupathi Urban,864
Andhra Pradesh,2018,Ntr,749,28,Vijayawada City,865
Andhra Pradesh,2018,Ntr,749,28,Vijayawada Railway,866
Andhra Pradesh,2018,Visakhapatanam,520,28,Visakha Rural,867
Andhra Pradesh,2018,Visakhapatanam,520,28,Visakhapatnam,868
Andhra Pradesh,2018,Vizianagaram,521,28,Vizianagaram,869
Andhra Pradesh,2018,West Godavari,523,28,West Godavari,870
Arunachal Pradesh,2018,Anjaw,628,12,Anjaw,871
Arunachal Pradesh,2018,Changlang,229,12,Changlang,872
Arunachal Pradesh,2018,Papum Pare,237,12,Crime Branch,873
Arunachal Pradesh,2018,Dibang Valley,230,12,Dibang Valley,874
Arunachal Pradesh,2018,East Kameng,231,12,Kameng East,875
Arunachal Pradesh,2018,West Kameng,242,12,Kameng West,876
Arunachal Pradesh,2018,Kurung Kumey,233,12,Kurung Kumey,877
Arunachal Pradesh,2018,Lohit,234,12,Lohit,878
Arunachal Pradesh,2018,Longding,666,12,Longding,879
Arunachal Pradesh,2018,Lower Dibang Valley,235,12,Lower Dibang Valley,880
Arunachal Pradesh,2018,Papum Pare,237,12,Papum Pare City,881
Arunachal Pradesh,2018,Papum Pare,237,12,Papum Pare Rural,882
Arunachal Pradesh,2018,East Siang,232,12,Siang East,883
Arunachal Pradesh,2018,Upper Siang,240,12,Siang Upper,884
Arunachal Pradesh,2018,West Siang,243,12,Siang West,885
Arunachal Pradesh,2018,Lower Subansiri,236,12,Subansiri Lower,886
Arunachal Pradesh,2018,Upper Subansiri,241,12,Subansiri Upper,887
Arunachal Pradesh,2018,Tawang,238,12,Tawang,888
Arunachal Pradesh,2018,Tirap,239,12,Tirap,889
Arunachal Pradesh,2018,Namsai,678,12,Namsai,890
Arunachal Pradesh,2018,Siang,679,12,Siang,891
Arunachal Pradesh,2018,Kamle,718,12,Kamle,892
Arunachal Pradesh,2018,Lower Siang,719,12,Lower Siang,893
Arunachal Pradesh,2018,Leparada,724,12,Leparada,894
Assam,2018,Kamrup Metro,618,18,Bieo,895
Assam,2018,Barpeta,280,18,Barpeta,896
Assam,2018,Baksa,616,18,Baksa,897
Assam,2018,Bongaigaon,281,18,Bongaigaon,898
Assam,2018,Kamrup Metro,618,18,Cid,899
Assam,2018,Cachar,282,18,Cachar,900
Assam,2018,Chirang,612,18,Chirang,901
Assam,2018,Darrang,283,18,Darrang,902
Assam,2018,Dhemaji,284,18,Dhemaji,903
Assam,2018,Dhubri,285,18,Dhubri,904
Assam,2018,Dibrugarh,286,18,Dibrugarh,905
Assam,2018,Kamrup Metro,618,18,Grp,906
Assam,2018,Goalpara,287,18,Goalpara,907
Assam,2018,Golaghat,288,18,Golaghat,908
Assam,2018,Kamrup Metro,618,18,Guwahati City,909
Assam,2018,Hailakandi,289,18,Hailakandi,910
Assam,2018,West Karbi Anglong,710,18,Hamren,911
Assam,2018,Jorhat,290,18,Jorhat,912
Assam,2018,Kamrup,291,18,Kamrup,913
Assam,2018,Karbi Anglong,292,18,Karbi Anglong,914
Assam,2018,Karimganj,293,18,Karimganj,915
Assam,2018,Kokrajhar,294,18,Kokrajhar,916
Assam,2018,Lakhimpur,295,18,Lakhimpur,917
Assam,2018,Marigaon,296,18,Morigaon,918
Assam,2018,Dima Hasao,299,18,Dima Hasao,919
Assam,2018,Nagaon,297,18,Nagaon,920
Assam,2018,Nalbari,298,18,Nalbari,921
Assam,2018,Kamrup Metro,618,18,Rpo,922
Assam,2018,Kamrup Metro,618,18,Sou,923
Assam,2018,Kamrup Metro,618,18,Stf,924
Assam,2018,Sivasagar,300,18,Sibsagar,925
Assam,2018,Sonitpur,301,18,Sonitpur,926
Assam,2018,Tinsukia,302,18,Tinsukia,927
Assam,2018,Udalguri,617,18,Udalguri,928
Assam,2018,Tinsukia,302,18,Sadia,929
Assam,2018,Majuli,706,18,Majuli,930
Assam,2018,Biswanath,705,18,Biswanath,931
Assam,2018,Hojai,709,18,Hojai,932
Assam,2018,South Salmara Mancachar,707,18,South Salmara,933
Assam,2018,Charaideo,708,18,Charaideo,934
Bihar,2018,Araria,188,10,Araria,935
Bihar,2018,Arwal,611,10,Arwal,936
Bihar,2018,Aurangabad,189,10,Aurangabad,937
Bihar,2018,Pashchim Champaran,211,10,Bagaha,938
Bihar,2018,Banka,190,10,Banka,939
Bihar,2018,Begusarai,191,10,Begusarai,940
Bihar,2018,Pashchim Champaran,211,10,Bettiah,941
Bihar,2018,Kaimur (Bhabua),200,10,Bhabhua,942
Bihar,2018,Bhagalpur,192,10,Bhagalpur,943
Bihar,2018,Bhojpur,193,10,Bhojpur,944
Bihar,2018,Buxar,194,10,Buxar,945
Bihar,2018,Darbhanga,195,10,Darbhanga,946
Bihar,2018,Gaya,196,10,Gaya,947
Bihar,2018,Gopalganj,197,10,Gopalganj,948
Bihar,2018,Munger,207,10,Jamalpur Railway,949
Bihar,2018,Jamui,198,10,Jamui,950
Bihar,2018,Jehanabad,199,10,Jehanabad,951
Bihar,2018,Katihar,201,10,Katihar,952
Bihar,2018,Katihar,201,10,Katihar Railway,953
Bihar,2018,Khagaria,202,10,Khagaria,954
Bihar,2018,Kishanganj,203,10,Kishanganj,955
Bihar,2018,Lakhisarai,204,10,Lakhisarai,956
Bihar,2018,Madhepura,205,10,Madhepura,957
Bihar,2018,Madhubani,206,10,Madhubani,958
Bihar,2018,Purbi Champaran,213,10,Motihari,959
Bihar,2018,Munger,207,10,Munger,960
Bihar,2018,Muzaffarpur,208,10,Muzaffarpur,961
Bihar,2018,Muzaffarpur,208,10,Muzaffarpur Railway,962
Bihar,2018,Nalanda,209,10,Nalanda,963
Bihar,2018,Bhagalpur,192,10,Naugachia,964
Bihar,2018,Nawada,210,10,Nawadah,965
Bihar,2018,Patna,212,10,Patna,966
Bihar,2018,Patna,212,10,Patna Railway,967
Bihar,2018,Purnia,214,10,Purnea,968
Bihar,2018,Rohtas,215,10,Rohtas,969
Bihar,2018,Saharsa,216,10,Saharsa,970
Bihar,2018,Samastipur,217,10,Samastipur,971
Bihar,2018,Saran,218,10,Saran,972
Bihar,2018,Sheikhpura,219,10,Sheikhpura,973
Bihar,2018,Sheohar,220,10,Sheohar,974
Bihar,2018,Sitamarhi,221,10,Sitamarhi,975
Bihar,2018,Siwan,222,10,Siwan,976
Bihar,2018,Supaul,223,10,Supaul,977
Bihar,2018,Vaishali,224,10,Vaishali,978
Bihar,2018,Patna,212,10,Economic Offences Unit,979
Bihar,2018,Patna,212,10,Anti Terrorist Squad,980
Chhattisgarh,2018,Balod,646,22,Balod,981
Chhattisgarh,2018,Baloda Bazar,644,22,Balodbazar,982
Chhattisgarh,2018,Balrampur,649,22,Balrampur,983
Chhattisgarh,2018,Bemetara,650,22,Bemetra,984
Chhattisgarh,2018,Bilaspur,375,22,Bilaspur,985
Chhattisgarh,2018,Bijapur,636,22,Bizapur,986
Chhattisgarh,2018,Dantewada,376,22,Dantewara,987
Chhattisgarh,2018,Dhamtari,377,22,Dhamtari,988
Chhattisgarh,2018,Durg,378,22,Durg,989
Chhattisgarh,2018,Gariyaband,645,22,Gariyaband,990
Chhattisgarh,2018,Raipur,387,22,Grp Raipur,991
Chhattisgarh,2018,Bastar,374,22,Jagdalpur,992
Chhattisgarh,2018,Janjgir-Champa,379,22,Janjgir,993
Chhattisgarh,2018,Jashpur,380,22,Jashpur,994
Chhattisgarh,2018,Kabirdham,382,22,Kabirdham,995
Chhattisgarh,2018,Kanker,381,22,Kanker,996
Chhattisgarh,2018,Kondagaon,643,22,Kondagaon,997
Chhattisgarh,2018,Korba,383,22,Korba,998
Chhattisgarh,2018,Korea,384,22,Koriya,999
Chhattisgarh,2018,Mahasamund,385,22,Mahasamund,1000
Chhattisgarh,2018,Mungeli,647,22,Mungali,1001
Chhattisgarh,2018,Narayanpur,637,22,Narayanpur,1002
Chhattisgarh,2018,Raigarh,386,22,Raigarh,1003
Chhattisgarh,2018,Raipur,387,22,Raipur,1004
Chhattisgarh,2018,Rajnandgaon,388,22,Rajnandgaon,1005
Chhattisgarh,2018,Surguja,389,22,Sarguja,1006
Chhattisgarh,2018,Sukma,642,22,Sukma,1007
Chhattisgarh,2018,Surajpur,648,22,Surajpur,1008
Goa,2018,North Goa,551,30,North Goa,1009
Goa,2018,South Goa,552,30,South Goa,1010
Goa,2018,North Goa,551,30,Cid,1011
Gujarat,2018,Ahmadabad,438,24,Ahmedabad City,1012
Gujarat,2018,Ahmadabad,438,24,Ahmedabad Rural,1013
Gujarat,2018,Amreli,439,24,Amreli,1014
Gujarat,2018,Anand,440,24,Anand,1015
Gujarat,2018,Arvalli,672,24,Arvalli,1016
Gujarat,2018,Banas Kantha,441,24,Banaskantha,1017
Gujarat,2018,Bharuch,442,24,Bharuch,1018
Gujarat,2018,Bhavnagar,443,24,Bhavnagar,1019
Gujarat,2018,Botad,676,24,Botad,1020
Gujarat,2018,Chhotaudepur,668,24,Chhotaudepur,1021
Gujarat,2018,Gandhinagar,446,24,Cid Crime,1022
Gujarat,2018,Dohad,445,24,Dahod,1023
Gujarat,2018,Dang,444,24,Dang,1024
Gujarat,2018,Devbhumi Dwarka,674,24,Devbhumi Dwarka,1025
Gujarat,2018,Gandhinagar,446,24,Gandhinagar,1026
Gujarat,2018,Gir Somnath,675,24,Gir Somnath,1027
Gujarat,2018,Jamnagar,447,24,Jamnagar,1028
Gujarat,2018,Junagadh,448,24,Junagadh,1029
Gujarat,2018,Kachchh,449,24,Kachchh East(G),1030
Gujarat,2018,Kachchh,449,24,Kachchh West(B),1031
Gujarat,2018,Kheda,450,24,Kheda,1032
Gujarat,2018,Mahisagar,669,24,Mahisagar,1033
Gujarat,2018,Mahesana,451,24,Mehsana,1034
Gujarat,2018,Morbi,673,24,Morbi,1035
Gujarat,2018,Narmada,452,24,Narmada,1036
Gujarat,2018,Navsari,453,24,Navsari,1037
Gujarat,2018,Panch Mahals,454,24,Panchmahal,1038
Gujarat,2018,Patan,455,24,Patan,1039
Gujarat,2018,Porbandar,456,24,Porbandar,1040
Gujarat,2018,Rajkot,457,24,Rajkot City,1041
Gujarat,2018,Rajkot,457,24,Rajkot Rural,1042
Gujarat,2018,Sabar Kantha,458,24,Sabarkantha,1043
Gujarat,2018,Surat,459,24,Surat City,1044
Gujarat,2018,Surat,459,24,Surat Rural,1045
Gujarat,2018,Surendranagar,460,24,Surendranagar,1046
Gujarat,2018,Tapi,641,24,Tapi,1047
Gujarat,2018,Vadodara,461,24,Vadodara City,1048
Gujarat,2018,Vadodara,461,24,Vadodara Rural,1049
Gujarat,2018,Valsad,462,24,Valsad,1050
Gujarat,2018,Ahmadabad,438,24,W.Rly Ahmedabad,1051
Gujarat,2018,Vadodara,461,24,W.Rly Vadodara,1052
Haryana,2018,Ambala,58,6,Ambala,1053
Haryana,2018,Bhiwani,59,6,Bhiwani,1054
Haryana,2018,Faridabad,60,6,Faridabad,1055
Haryana,2018,Fatehabad,61,6,Fatehabad,1056
Haryana,2018,Ambala,58,6,Grp,1057
Haryana,2018,Gurugram,62,6,Gurugram,1058
Haryana,2018,Hisar,63,6,Hissar,1059
Haryana,2018,Jhajjar,64,6,Jhajjar,1060
Haryana,2018,Jind,65,6,Jind,1061
Haryana,2018,Kaithal,66,6,Kaithal,1062
Haryana,2018,Karnal,67,6,Karnal,1063
Haryana,2018,Kurukshetra,68,6,Kurukshetra,1064
Haryana,2018,Mahendragarh,69,6,Mahendergarh,1065
Haryana,2018,Nuh,604,6,Mewat,1066
Haryana,2018,Palwal,619,6,Palwal,1067
Haryana,2018,Panchkula,70,6,Panchkula,1068
Haryana,2018,Panipat,71,6,Panipat,1069
Haryana,2018,Rewari,72,6,Rewari,1070
Haryana,2018,Rohtak,73,6,Rohtak,1071
Haryana,2018,Sirsa,74,6,Sirsa,1072
Haryana,2018,Sonipat,75,6,Sonipat,1073
Haryana,2018,Yamunanagar,76,6,Yamunanagar,1074
Haryana,2018,Gurugram,62,6,Irrigation And Power,1075
Haryana,2018,Charki Dadri,701,6,Charkhi Dadri,1076
Haryana,2018,Hisar,63,6,Hansi,1077
Himachal Pradesh,2018,Solan,25,2,Baddi,1078
Himachal Pradesh,2018,Bilaspur,15,2,Bilaspur,1079
Himachal Pradesh,2018,Chamba,16,2,Chamba,1080
Himachal Pradesh,2018,Shimla,23,2,Cid,1081
Himachal Pradesh,2018,Shimla,23,2,Grp,1082
Himachal Pradesh,2018,Hamirpur,17,2,Hamirpur,1083
Himachal Pradesh,2018,Kangra,18,2,Kangra,1084
Himachal Pradesh,2018,Kinnaur,19,2,Kinnaur,1085
Himachal Pradesh,2018,Kullu,20,2,Kullu,1086
Himachal Pradesh,2018,Lahul And Spiti,21,2,Lahaul And Spiti,1087
Himachal Pradesh,2018,Mandi,22,2,Mandi,1088
Himachal Pradesh,2018,Shimla,23,2,Shimla,1089
Himachal Pradesh,2018,Sirmaur,24,2,Sirmaur,1090
Himachal Pradesh,2018,Solan,25,2,Solan,1091
Himachal Pradesh,2018,Una,26,2,Una,1092
Himachal Pradesh,2018,Shimla,23,2,Cyber,1093
Jammu And Kashmir,2018,Anantnag,1,1,Anantnag,1094
Jammu And Kashmir,2018,Pulwama,11,1,Awantipora,1095
Jammu And Kashmir,2018,Bandipora,623,1,Bandipora,1096
Jammu And Kashmir,2018,Baramulla,3,1,Baramulla,1097
Jammu And Kashmir,2018,Budgam,2,1,Budgam,1098
Jammu And Kashmir,2018,Jammu,5,1,Crime Jammu,1099
Jammu And Kashmir,2018,Jammu,5,1,Crime Srinagar,1100
Jammu And Kashmir,2018,Doda,4,1,Doda,1101
Jammu And Kashmir,2018,Ganderbal,626,1,Ganderbal,1102
Jammu And Kashmir,2018,Kupwara,8,1,Handwara,1103
Jammu And Kashmir,2018,Jammu,5,1,Jammu,1104
Jammu And Kashmir,2018,Kargil,6,1,Kargil,1105
Jammu And Kashmir,2018,Kathua,7,1,Kathua,1106
Jammu And Kashmir,2018,Kishtwar,620,1,Kishtwar,1107
Jammu And Kashmir,2018,Kulgam,622,1,Kulgam,1108
Jammu And Kashmir,2018,Kupwara,8,1,Kupwara,1109
Jammu And Kashmir,2018,Leh Ladakh,9,1,Leh,1110
Jammu And Kashmir,2018,Poonch,10,1,Poonch,1111
Jammu And Kashmir,2018,Pulwama,11,1,Pulwama,1112
Jammu And Kashmir,2018,Jammu,5,1,Railways Jammu,1113
Jammu And Kashmir,2018,Jammu,5,1,Railways Kashmir,1114
Jammu And Kashmir,2018,Reasi,627,1,Railways Katra,1115
Jammu And Kashmir,2018,Rajouri,12,1,Rajouri,1116
Jammu And Kashmir,2018,Ramban,621,1,Ramban,1117
Jammu And Kashmir,2018,Reasi,627,1,Reasi,1118
Jammu And Kashmir,2018,Samba,624,1,Samba,1119
Jammu And Kashmir,2018,Shopian,625,1,Shopian,1120
Jammu And Kashmir,2018,Baramulla,3,1,Sopore,1121
Jammu And Kashmir,2018,Srinagar,13,1,Srinagar,1122
Jammu And Kashmir,2018,Udhampur,14,1,Udhampur,1123
Jharkhand,2018,Bokaro,322,20,Bokaro,1124
Jharkhand,2018,West Singhbhum,343,20,Chaibasa,1125
Jharkhand,2018,Chatra,323,20,Chatra,1126
Jharkhand,2018,Deoghar,324,20,Deoghar,1127
Jharkhand,2018,Dhanbad,325,20,Dhanbad,1128
Jharkhand,2018,Dhanbad,325,20,Dhanbad Railway,1129
Jharkhand,2018,Dumka,326,20,Dumka,1130
Jharkhand,2018,Garhwa,328,20,Garhwa,1131
Jharkhand,2018,Giridih,329,20,Giridih,1132
Jharkhand,2018,Godda,330,20,Godda,1133
Jharkhand,2018,Gumla,331,20,Gumla,1134
Jharkhand,2018,Hazaribagh,332,20,Hazaribagh,1135
Jharkhand,2018,East Singhbum,327,20,Jamshedpur,1136
Jharkhand,2018,East Singhbum,327,20,Jamshedpur Railway,1137
Jharkhand,2018,Jamtara,333,20,Jamtara,1138
Jharkhand,2018,Khunti,606,20,Khunti,1139
Jharkhand,2018,Koderma,334,20,Koderma,1140
Jharkhand,2018,Latehar,335,20,Latehar,1141
Jharkhand,2018,Lohardaga,336,20,Lohardagga,1142
Jharkhand,2018,Pakur,337,20,Pakur,1143
Jharkhand,2018,Palamu,338,20,Palamu,1144
Jharkhand,2018,Ramgarh,607,20,Ramgarh,1145
Jharkhand,2018,Ranchi,339,20,Ranchi,1146
Jharkhand,2018,Sahebganj,340,20,Sahebganj,1147
Jharkhand,2018,Saraikela Kharsawan,341,20,Saraikela,1148
Jharkhand,2018,Simdega,342,20,Simdega,1149
Karnataka,2018,Bagalkote,524,29,Bagalkot,1150
Karnataka,2018,Bengaluru Urban,525,29,Bengaluru City,1151
Karnataka,2018,Bengaluru Urban,525,29,Bengaluru District,1152
Karnataka,2018,Belagavi,527,29,Belagavi District,1153
Karnataka,2018,Ballari,528,29,Ballari,1154
Karnataka,2018,Bidar,529,29,Bidar,1155
Karnataka,2018,Vijayapura,530,29,Vijayapura,1156
Karnataka,2018,Chikkaballapura,630,29,Chikkaballapura,1157
Karnataka,2018,Chamarajanagara,531,29,Chamarajnagar,1158
Karnataka,2018,Chikkamagaluru,532,29,Chikkamagaluru,1159
Karnataka,2018,Chitradurga,533,29,Chitradurga,1160
Karnataka,2018,Dakshina Kannada,534,29,Dakshina Kannada,1161
Karnataka,2018,Davangere,535,29,Davanagere,1162
Karnataka,2018,Dharwad,536,29,Dharwad,1163
Karnataka,2018,Gadag,537,29,Gadag,1164
Karnataka,2018,Kalaburagi,538,29,Kalaburgi,1165
Karnataka,2018,Hassan,539,29,Hassan,1166
Karnataka,2018,Haveri,540,29,Haveri,1167
Karnataka,2018,Dharwad,536,29,Hubballi Dharwad City,1168
Karnataka,2018,Belagavi,527,29,K.G.F.,1169
Karnataka,2018,Kodagu,541,29,Kodagu,1170
Karnataka,2018,Kolar,542,29,Kolar,1171
Karnataka,2018,Koppal,543,29,Koppal,1172
Karnataka,2018,Mandya,544,29,Mandya,1173
Karnataka,2018,Dakshina Kannada,534,29,Mangaluru City,1174
Karnataka,2018,Mysuru,545,29,Mysuru City,1175
Karnataka,2018,Mysuru,545,29,Mysuru District,1176
Karnataka,2018,Raichur,546,29,Raichur,1177
Karnataka,2018,Bengaluru Urban,525,29,K.Railways,1178
Karnataka,2018,Ramanagara,631,29,Ramanagara,1179
Karnataka,2018,Shivamogga,547,29,Shimoga,1180
Karnataka,2018,Tumakuru,548,29,Tumakuru,1181
Karnataka,2018,Udupi,549,29,Udupi,1182
Karnataka,2018,Uttara Kannada,550,29,Uttara Kannada,1183
Karnataka,2018,Yadgir,635,29,Yadgiri,1184
Karnataka,2018,Belagavi,527,29,Belagavi City,1185
Kerala,2018,Alappuzha,554,32,Alapuzha,1186
Kerala,2018,Ernakulam,555,32,Ernakulam Commr.,1187
Kerala,2018,Ernakulam,555,32,Ernakulam Rural,1188
Kerala,2018,Idukki,556,32,Idukki,1189
Kerala,2018,Kannur,557,32,Kannur,1190
Kerala,2018,Kasaragod,558,32,Kasargod,1191
Kerala,2018,Kollam,559,32,Kollam Commr.,1192
Kerala,2018,Kollam,559,32,Kollam Rural,1193
Kerala,2018,Kottayam,560,32,Kottayam,1194
Kerala,2018,Kozhikode,561,32,Kozhikode Commr.,1195
Kerala,2018,Kozhikode,561,32,Kozhikode Rural,1196
Kerala,2018,Malappuram,562,32,Malappuram,1197
Kerala,2018,Palakkad,563,32,Palakkad,1198
Kerala,2018,Pathanamthitta,564,32,Pathanamthitta,1199
Kerala,2018,Thiruvananthapuram,565,32,Railways,1200
Kerala,2018,Thrissur,566,32,Thrissur Commr.,1201
Kerala,2018,Thrissur,566,32,Thrissur Rural,1202
Kerala,2018,Thiruvananthapuram,565,32,Trivandrum Commr.,1203
Kerala,2018,Thiruvananthapuram,565,32,Trivandrum Rural,1204
Kerala,2018,Wayanad,567,32,Wayanadu,1205
Kerala,2018,Thiruvananthapuram,565,32,Crime Branch,1206
Madhya Pradesh,2018,Agar Malwa,667,23,Agar,1207
Madhya Pradesh,2018,Alirajpur,639,23,Alirajpur,1208
Madhya Pradesh,2018,Anuppur,390,23,Anuppur,1209
Madhya Pradesh,2018,Ashoknagar,391,23,Ashok Nagar,1210
Madhya Pradesh,2018,Balaghat,392,23,Balaghat,1211
Madhya Pradesh,2018,Barwani,393,23,Barwani,1212
Madhya Pradesh,2018,Betul,394,23,Betul,1213
Madhya Pradesh,2018,Bhind,395,23,Bhind,1214
Madhya Pradesh,2018,Bhopal,396,23,Bhopal,1215
Madhya Pradesh,2018,Bhopal,396,23,Bhopal Railway,1216
Madhya Pradesh,2018,Burhanpur,397,23,Burhanpur,1217
Madhya Pradesh,2018,Chhatarpur,398,23,Chhatarpur,1218
Madhya Pradesh,2018,Chhindwara,399,23,Chhindwara,1219
Madhya Pradesh,2018,Damoh,400,23,Damoh,1220
Madhya Pradesh,2018,Datia,401,23,Datia,1221
Madhya Pradesh,2018,Dewas,402,23,Dewas,1222
Madhya Pradesh,2018,Dhar,403,23,Dhar,1223
Madhya Pradesh,2018,Dindori,404,23,Dindori,1224
Madhya Pradesh,2018,Guna,406,23,Guna,1225
Madhya Pradesh,2018,Gwalior,407,23,Gwalior,1226
Madhya Pradesh,2018,Harda,408,23,Harda,1227
Madhya Pradesh,2018,Narmadapuram,409,23,Hoshangabad,1228
Madhya Pradesh,2018,Indore,410,23,Indore,1229
Madhya Pradesh,2018,Indore,410,23,Indore Railway,1230
Madhya Pradesh,2018,Jabalpur,411,23,Jabalpur,1231
Madhya Pradesh,2018,Jabalpur,411,23,Jabalpur Railway,1232
Madhya Pradesh,2018,Jhabua,412,23,Jhabua,1233
Madhya Pradesh,2018,Katni,413,23,Katni,1234
Madhya Pradesh,2018,Indore,410,23,Khandwa,1235
Madhya Pradesh,2018,Khargone,414,23,Khargone,1236
Madhya Pradesh,2018,Mandla,415,23,Mandla,1237
Madhya Pradesh,2018,Mandsaur,416,23,Mandsaur,1238
Madhya Pradesh,2018,Morena,417,23,Morena,1239
Madhya Pradesh,2018,Narsinghpur,418,23,Narsinghpur,1240
Madhya Pradesh,2018,Neemuch,419,23,Neemuch,1241
Madhya Pradesh,2018,Panna,420,23,Panna,1242
Madhya Pradesh,2018,Raisen,421,23,Raisen,1243
Madhya Pradesh,2018,Rajgarh,422,23,Rajgarh,1244
Madhya Pradesh,2018,Ratlam,423,23,Ratlam,1245
Madhya Pradesh,2018,Rewa,424,23,Rewa,1246
Madhya Pradesh,2018,Sagar,425,23,Sagar,1247
Madhya Pradesh,2018,Satna,426,23,Satna,1248
Madhya Pradesh,2018,Seoni,428,23,Seoni,1249
Madhya Pradesh,2018,Shahdol,429,23,Shahdol,1250
Madhya Pradesh,2018,Shajapur,430,23,Shajapur,1251
Madhya Pradesh,2018,Sheopur,431,23,Sheopur,1252
Madhya Pradesh,2018,Shivpuri,432,23,Shivpuri,1253
Madhya Pradesh,2018,Sidhi,433,23,Sidhi,1254
Madhya Pradesh,2018,Sehore,427,23,Sehore,1255
Madhya Pradesh,2018,Singrauli,638,23,Singrauli,1256
Madhya Pradesh,2018,Tikamgarh,434,23,Tikamgarh,1257
Madhya Pradesh,2018,Ujjain,435,23,Ujjain,1258
Madhya Pradesh,2018,Umaria,436,23,Umaria,1259
Madhya Pradesh,2018,Vidisha,437,23,Vidisha,1260
Madhya Pradesh,2018,Cyber Crime Cell,9999,23,Cyber Crime Cell,1261
Maharashtra,2018,Cyber Crime Cell,466,27,Ahmednagar,1262
Maharashtra,2018,Cyber Crime Cell,467,27,Akola,1263
Maharashtra,2018,Cyber Border Range,468,27,Amravati Commr.,1264
Maharashtra,2018,Cyber Crime Cell,468,27,Amravati Rural,1265
Maharashtra,2018,Aurangabad,469,27,Aurangabad Commr.,1266
Maharashtra,2018,Aurangabad,469,27,Aurangabad Rural,1267
Maharashtra,2018,Beed,470,27,Beed,1268
Maharashtra,2018,Bhandara,471,27,Bhandara,1269
Maharashtra,2018,Buldhana,472,27,Buldhana,1270
Maharashtra,2018,Chandrapur,473,27,Chandrapur,1271
Maharashtra,2018,Dhule,474,27,Dhule,1272
Maharashtra,2018,Gadchiroli,475,27,Gadchiroli,1273
Maharashtra,2018,Gondia,476,27,Gondia,1274
Maharashtra,2018,Hingoli,477,27,Hingoli,1275
Maharashtra,2018,Jalgaon,478,27,Jalgaon,1276
Maharashtra,2018,Jalna,479,27,Jalna,1277
Maharashtra,2018,Kolhapur,480,27,Kolhapur,1278
Maharashtra,2018,Latur,481,27,Latur,1279
Maharashtra,2018,Mumbai,482,27,Mumbai Commr.,1280
Maharashtra,2018,Mumbai,482,27,Mumbai Railway,1281
Maharashtra,2018,Nagpur,484,27,Nagpur Commr.,1282
Maharashtra,2018,Nagpur,484,27,Nagpur Railway,1283
Maharashtra,2018,Nagpur,484,27,Nagpur Rural,1284
Maharashtra,2018,Nanded,485,27,Nanded,1285
Maharashtra,2018,Nandurbar,486,27,Nandurbar,1286
Maharashtra,2018,Nashik,487,27,Nasik Commr.,1287
Maharashtra,2018,Nashik,487,27,Nasik Rural,1288
Maharashtra,2018,Mumbai Suburban,483,27,Navi Mumbai,1289
Maharashtra,2018,Osmanabad,488,27,Osmanabad,1290
Maharashtra,2018,Palghar,665,27,Palghar,1291
Maharashtra,2018,Parbhani,489,27,Parbhani,1292
Maharashtra,2018,Pune,490,27,Pune Commr.,1293
Maharashtra,2018,Pune,490,27,Pune Railway,1294
Maharashtra,2018,Pune,490,27,Pune Rural,1295
Maharashtra,2018,Raigad,491,27,Raigad,1296
Maharashtra,2018,Ratnagiri,492,27,Ratnagiri,1297
Maharashtra,2018,Sangli,493,27,Sangli,1298
Maharashtra,2018,Satara,494,27,Satara,1299
Maharashtra,2018,Sindhudurg,495,27,Sindhudurg,1300
Maharashtra,2018,Solapur,496,27,Solapur Commr.,1301
Maharashtra,2018,Solapur,496,27,Solapur Rural,1302
Maharashtra,2018,Thane,497,27,Thane Commr.,1303
Maharashtra,2018,Thane,497,27,Thane Rural,1304
Maharashtra,2018,Wardha,498,27,Wardha,1305
Maharashtra,2018,Washim,499,27,Washim,1306
Maharashtra,2018,Yavatmal,500,27,Yavatmal,1307
Maharashtra,2018,Pune,490,27,Pimpri Chinchwad City,1308
Maharashtra,2018,Aurangabad,469,27,Aurangabad Railway,1309
Manipur,2018,Bishnupur,252,14,Bishnupur,1310
Manipur,2018,Chandel,253,14,Chandel,1311
Manipur,2018,Churachandpur,254,14,Churachandpur,1312
Manipur,2018,Imphal West,256,14,Cid,1313
Manipur,2018,Imphal East,255,14,Imphal East,1314
Manipur,2018,Imphal West,256,14,Imphal West,1315
Manipur,2018,Senapati,257,14,Senapati,1316
Manipur,2018,Tamenglong,258,14,Tamenglong,1317
Manipur,2018,Thoubal,259,14,Thoubal,1318
Manipur,2018,Ukhrul,260,14,Ukhrul,1319
Meghalaya,2018,East Garo Hills,273,17,Garo Hills East,1320
Meghalaya,2018,North Garo Hills,656,17,Garo Hills North,1321
Meghalaya,2018,South Garo Hills,277,17,Garo Hills South,1322
Meghalaya,2018,South West Garo Hills,663,17,Garo Hills South West,1323
Meghalaya,2018,West Garo Hills,278,17,Garo Hills West,1324
Meghalaya,2018,West Jaintia Hills,275,17,Jaintia Hills West,1325
Meghalaya,2018,East Jaintia Hills,657,17,Jaintia Hills East,1326
Meghalaya,2018,East Khasi Hills,274,17,Khasi Hills East,1327
Meghalaya,2018,South West Khasi Hills,658,17,Khasi Hills South West,1328
Meghalaya,2018,West Khasi Hills,279,17,Khasi Hills West,1329
Meghalaya,2018,Ri Bhoi,276,17,Ri-Bhoi,1330
Meghalaya,2018,East Khasi Hills,274,17,Cyber Cell,1331
Mizoram,2018,Aizawl,261,15,Aizawl,1332
Mizoram,2018,Champhai,262,15,Champhai,1333
Mizoram,2018,Kolasib,263,15,Kolasib,1334
Mizoram,2018,Lawngtlai,264,15,Lawngtlai,1335
Mizoram,2018,Lunglei,265,15,Lunglei,1336
Mizoram,2018,Mamit,266,15,Mamit,1337
Mizoram,2018,Saiha,267,15,Saiha,1338
Mizoram,2018,Serchhip,268,15,Serchhip,1339
Mizoram,2018,Aizawl,261,15,Spl Narcotic,1340
Nagaland,2018,Dimapur,244,13,Dimapur,1341
Nagaland,2018,Kiphire,614,13,Kiphire,1342
Nagaland,2018,Kohima,245,13,Kohima,1343
Nagaland,2018,Longleng,615,13,Longleng,1344
Nagaland,2018,Mokokchung,246,13,Mokokchung,1345
Nagaland,2018,Mon,247,13,Mon,1346
Nagaland,2018,Peren,613,13,Peren,1347
Nagaland,2018,Phek,248,13,Phek,1348
Nagaland,2018,Tuensang,249,13,Tuensang,1349
Nagaland,2018,Wokha,250,13,Wokha,1350
Nagaland,2018,Zunheboto,251,13,Zunheboto,1351
Odisha,2018,Anugul,344,21,Angul,1352
Odisha,2018,Baleshwar,346,21,Balasore,1353
Odisha,2018,Bargarh,347,21,Baragarh,1354
Odisha,2018,Baleshwar,346,21,Berhampur,1355
Odisha,2018,Bhadrak,348,21,Bhadrak,1356
Odisha,2018,Balangir,345,21,Bolangir,1357
Odisha,2018,Boudh,349,21,Boudh,1358
Odisha,2018,Cuttack,350,21,Cuttack,1359
Odisha,2018,Khordha,362,21,Dcp Bbsr,1360
Odisha,2018,Cuttack,350,21,Dcp Ctc,1361
Odisha,2018,Deogarh,351,21,Deogarh,1362
Odisha,2018,Dhenkanal,352,21,Dhenkanal,1363
Odisha,2018,Gajapati,353,21,Gajapati,1364
Odisha,2018,Ganjam,354,21,Ganjam,1365
Odisha,2018,Jagatsinghapur,355,21,Jagatsinghpur,1366
Odisha,2018,Jajapur,356,21,Jajpur,1367
Odisha,2018,Jharsuguda,357,21,Jharsuguda,1368
Odisha,2018,Kalahandi,358,21,Kalahandi,1369
Odisha,2018,Kandhamal,359,21,Kandhamal,1370
Odisha,2018,Kendrapara,360,21,Kendrapara,1371
Odisha,2018,Kendujhar,361,21,Keonjhar,1372
Odisha,2018,Khordha,362,21,Khurda,1373
Odisha,2018,Koraput,363,21,Koraput,1374
Odisha,2018,Malkangiri,364,21,Malkangiri,1375
Odisha,2018,Mayurbhanj,365,21,Mayurbhanj,1376
Odisha,2018,Nayagarh,367,21,Nayagarh,1377
Odisha,2018,Nabarangpur,366,21,Nabarangpur,1378
Odisha,2018,Nuapada,368,21,Nuapada,1379
Odisha,2018,Puri,369,21,Puri,1380
Odisha,2018,Rayagada,370,21,Rayagada,1381
Odisha,2018,Sundargarh,373,21,Rourkela,1382
Odisha,2018,Sambalpur,371,21,Sambalpur,1383
Odisha,2018,Sonepur,372,21,Sonepur,1384
Odisha,2018,Cuttack,350,21,Srp(Cuttack),1385
Odisha,2018,Sundargarh,373,21,Srp(Rourkela),1386
Odisha,2018,Sundargarh,373,21,Sundargarh,1387
Odisha,2018,Cuttack,350,21,Cid Cb,1388
Punjab,2018,Amritsar,27,3,Amritsar Rural,1389
Punjab,2018,Barnala,605,3,Barnala,1390
Punjab,2018,Gurdaspur,32,3,Batala,1391
Punjab,2018,Bathinda,28,3,Bathinda,1392
Punjab,2018,Amritsar,27,3,Cp Amritsar,1393
Punjab,2018,Jalandhar,34,3,Cp Jalandhar,1394
Punjab,2018,Ludhiana,36,3,Cp Ludhiana,1395
Punjab,2018,Faridkot,29,3,Faridkot,1396
Punjab,2018,Fatehgarh Sahib,30,3,Fatehgarh Sahib,1397
Punjab,2018,Fazilka,651,3,Fazilka,1398
Punjab,2018,Ferozepur,31,3,Ferozepur,1399
Punjab,2018,Patiala,41,3,Grp,1400
Punjab,2018,Gurdaspur,32,3,Gurdaspur,1401
Punjab,2018,Hoshiarpur,33,3,Hoshiarpur,1402
Punjab,2018,Jalandhar,34,3,Jalandhar Rural,1403
Punjab,2018,Kapurthala,35,3,Kapurthala,1404
Punjab,2018,Ludhiana,36,3,Khanna,1405
Punjab,2018,Ludhiana,36,3,Ludhiana Rural,1406
Punjab,2018,Mansa,37,3,Mansa,1407
Punjab,2018,Moga,38,3,Moga,1408
Punjab,2018,Sri Muktsar Sahib,39,3,Muktsar,1409
Punjab,2018,Pathankot,662,3,Pathankot,1410
Punjab,2018,Patiala,41,3,Patiala,1411
Punjab,2018,Rupnagar,42,3,Ropar,1412
Punjab,2018,Sangrur,43,3,Sangrur,1413
Punjab,2018,S.A.S Nagar,608,3,Sas Nagar,1414
Punjab,2018,Shahid Bhagat Singh Nagar,40,3,Sbs Nagar,1415
Punjab,2018,Tarn Taran,609,3,Tarn Taran,1416
Punjab,2018,S.A.S Nagar,608,3,Bureau Of Investigation,1417
Punjab,2018,S.A.S Nagar,608,3,Intelligence Wing,1418
Punjab,2018,S.A.S Nagar,608,3,Nri Wing,1419
Punjab,2018,Amritsar,27,3,Special Task Force,1420
Rajasthan,2018,Ajmer,86,8,Ajmer,1421
Rajasthan,2018,Alwar,87,8,Alwar,1422
Rajasthan,2018,Banswara,88,8,Banswara,1423
Rajasthan,2018,Baran,89,8,Baran,1424
Rajasthan,2018,Barmer,90,8,Barmer,1425
Rajasthan,2018,Bharatpur,91,8,Bharatpur,1426
Rajasthan,2018,Bhilwara,92,8,Bhilwara,1427
Rajasthan,2018,Bikaner,93,8,Bikaner,1428
Rajasthan,2018,Bundi,94,8,Bundi,1429
Rajasthan,2018,Chittorgarh,95,8,Chittorgarh,1430
Rajasthan,2018,Churu,96,8,Churu,1431
Rajasthan,2018,Dausa,97,8,Dausa,1432
Rajasthan,2018,Dholpur,98,8,Dholpur,1433
Rajasthan,2018,Dungarpur,99,8,Dungarpur,1434
Rajasthan,2018,Ajmer,86,8,Grp Ajmer,1435
Rajasthan,2018,Jodhpur,107,8,Grp Jodhpur,1436
Rajasthan,2018,Ganganagar,100,8,Ganganagar,1437
Rajasthan,2018,Hanumangarh,101,8,Hanumangarh,1438
Rajasthan,2018,Jaipur,102,8,Jaipur East,1439
Rajasthan,2018,Jaipur,102,8,Jaipur North,1440
Rajasthan,2018,Jaipur (Gramin),783,8,Jaipur Rural,1441
Rajasthan,2018,Jaipur,102,8,Jaipur South,1442
Rajasthan,2018,Jaipur,102,8,Jaipur West,1443
Rajasthan,2018,Jaisalmer,103,8,Jaisalmer,1444
Rajasthan,2018,Jalore,104,8,Jalore,1445
Rajasthan,2018,Jhalawar,105,8,Jhalawar,1446
Rajasthan,2018,Jhunjhunu,106,8,Jhunjhunu,1447
Rajasthan,2018,Jodhpur,107,8,Jodhpur East,1448
Rajasthan,2018,Jodhpur,107,8,Jodhpur West,1449
Rajasthan,2018,Jodhpur,107,8,Jodhpur Rural,1450
Rajasthan,2018,Karauli,108,8,Karauli,1451
Rajasthan,2018,Kota,109,8,Kota City,1452
Rajasthan,2018,Kota,109,8,Kota Rural,1453
Rajasthan,2018,Nagaur,110,8,Nagaur,1454
Rajasthan,2018,Pali,111,8,Pali,1455
Rajasthan,2018,Pratapgarh,629,8,Pratapgarh,1456
Rajasthan,2018,Rajsamand,112,8,Rajsamand,1457
Rajasthan,2018,Sawai Madhopur,113,8,Sawai Madhopur,1458
Rajasthan,2018,Sikar,114,8,Sikar,1459
Rajasthan,2018,Sirohi,115,8,Sirohi,1460
Rajasthan,2018,Tonk,116,8,Tonk,1461
Rajasthan,2018,Udaipur,117,8,Udaipur,1462
Rajasthan,2018,Jaipur,102,8,Jaipur Metro,1463
Rajasthan,2018,Jaipur,102,8,Scrb,1464
Rajasthan,2018,Jaipur,102,8,Sog,1465
Rajasthan,2018,Jaipur,102,8,Ssb,1466
Sikkim,2018,Gangtok,225,11,East,1467
Sikkim,2018,Mangan,226,11,North,1468
Sikkim,2018,Namchi,227,11,South,1469
Sikkim,2018,Gyalshing,228,11,West,1470
Tamil Nadu,2018,Ariyalur,610,33,Ariyalur,1471
Tamil Nadu,2018,Chennai,568,33,Chennai,1472
Tamil Nadu,2018,Coimbatore,569,33,Coimbatore,1473
Tamil Nadu,2018,Coimbatore,569,33,Coimbatore City,1474
Tamil Nadu,2018,Cuddalore,570,33,Cuddalore,1475
Tamil Nadu,2018,Dharmapuri,571,33,Dharmapuri,1476
Tamil Nadu,2018,Dindigul,572,33,Dindigul,1477
Tamil Nadu,2018,Erode,573,33,Erode,1478
Tamil Nadu,2018,Kanchipuram,574,33,Kanchipuram,1479
Tamil Nadu,2018,Kanniyakumari,575,33,Kanyakumari,1480
Tamil Nadu,2018,Karur,576,33,Karur,1481
Tamil Nadu,2018,Krishnagiri,577,33,Krishnagiri,1482
Tamil Nadu,2018,Madurai,578,33,Madurai,1483
Tamil Nadu,2018,Madurai,578,33,Madurai City,1484
Tamil Nadu,2018,Nagapattinam,579,33,Nagapattinam,1485
Tamil Nadu,2018,Namakkal,580,33,Namakkal,1486
Tamil Nadu,2018,The Nilgiris,587,33,Nilgiris,1487
Tamil Nadu,2018,Perambalur,581,33,Perambalur,1488
Tamil Nadu,2018,Pudukkottai,582,33,Pudukottai,1489
Tamil Nadu,2018,Ramanathapuram,583,33,Ramnathapuram,1490
Tamil Nadu,2018,Chennai,568,33,Railway Chennai,1491
Tamil Nadu,2018,Tiruchirappalli,591,33,Railway Trichy,1492
Tamil Nadu,2018,Salem,584,33,Salem,1493
Tamil Nadu,2018,Salem,584,33,Salem City,1494
Tamil Nadu,2018,Sivaganga,585,33,Sivagangai,1495
Tamil Nadu,2018,Thanjavur,586,33,Thanjavur,1496
Tamil Nadu,2018,Theni,588,33,Theni,1497
Tamil Nadu,2018,Tirunelveli,592,33,Thirunelveli,1498
Tamil Nadu,2018,Tirunelveli,592,33,Thirunelveli City,1499
Tamil Nadu,2018,Thiruvallur,589,33,Thiruvallur,1500
Tamil Nadu,2018,Tiruvannamalai,593,33,Thiruvannamalai,1501
Tamil Nadu,2018,Thiruvarur,590,33,Thiruvarur,1502
Tamil Nadu,2018,Tuticorin,594,33,Thoothukudi,1503
Tamil Nadu,2018,Tiruppur,634,33,Tiruppur,1504
Tamil Nadu,2018,Tiruppur,634,33,Tiruppur City,1505
Tamil Nadu,2018,Tiruchirappalli,591,33,Trichy,1506
Tamil Nadu,2018,Tiruchirappalli,591,33,Trichy City,1507
Tamil Nadu,2018,Vellore,595,33,Vellore,1508
Tamil Nadu,2018,Villupuram,596,33,Villupuram,1509
Tamil Nadu,2018,Virudhunagar,597,33,Virudhunagar,1510
Tamil Nadu,2018,Chennai,568,33,Cyber Cell,1511
Tamil Nadu,2018,Chennai,568,33,Other Units,1512
Telangana,2018,Ranga Reddy,518,36,Cyberabad Commissionerate,1513
Telangana,2018,Hyderabad,507,36,Hyderabad Commissionerate,1514
Telangana,2018,Karimnagar,508,36,Karimnagar Commissionerate,1515
Telangana,2018,Khammam,509,36,Khammam Commissionerate,1516
Telangana,2018,Nizamabad,516,36,Nizamabad Commissionerate,1517
Telangana,2018,Yadadri Bhuvanagiri,697,36,Rachakonda Commissionerate,1518
Telangana,2018,Peddapalli,682,36,Ramagundam Commissionerate,1519
Telangana,2018,Siddipet,692,36,Siddipet Commissionerate,1520
Telangana,2018,Warangal,522,36,Warangal Commissionerate,1521
Telangana,2018,Adilabad,501,36,Adilabad,1522
Telangana,2018,Bhadradri Kothagudem,690,36,Bhadradri Kothagudem,1523
Telangana,2018,Jagitial,681,36,Jagityal,1524
Telangana,2018,Jayashankar Bhupalapally,687,36,Jayashankar Bhupalpalli,1525
Telangana,2018,Jogulamba Gadwal,695,36,Jogulamba Gadwal,1526
Telangana,2018,Kamareddy,685,36,Kamareddy ,1527
Telangana,2018,Kumuram Bheem Asifabad,699,36,Kumaram Bheem Asifabad,1528
Telangana,2018,Mahabubabad,688,36,Mahabubabad,1529
Telangana,2018,Mahabubnagar,512,36,Mahabubnagar,1530
Telangana,2018,Medak,513,36,Medak,1531
Telangana,2018,Nagarkurnool,694,36,Nagarkurnool,1532
Telangana,2018,Nalgonda,514,36,Nalgonda,1533
Telangana,2018,Nirmal,680,36,Nirmal,1534
Telangana,2018,Rajanna Sircilla,683,36,Rajanna Siricilla,1535
Telangana,2018,Sangareddy,691,36,Sangareddy,1536
Telangana,2018,Suryapet,696,36,Suryapet,1537
Telangana,2018,Vikarabad,698,36,Vikarabad,1538
Telangana,2018,Wanaparthy,693,36,Wanaparthy,1539
Telangana,2018,Hyderabad,507,36,Railway Police Secunderabad,1540
Tripura,2018,Dhalai,269,16,Dhalai,1541
Tripura,2018,Gomati,654,16,Gomati,1542
Tripura,2018,West Tripura,272,16,Grp,1543
Tripura,2018,Khowai,652,16,Kowai,1544
Tripura,2018,North Tripura,270,16,North,1545
Tripura,2018,Sepahijala,653,16,Sipahijala,1546
Tripura,2018,South Tripura,271,16,South,1547
Tripura,2018,Unakoti,655,16,Unakoti,1548
Tripura,2018,West Tripura,272,16,West,1549
Uttar Pradesh,2018,Agra,118,9,Agra,1550
Uttar Pradesh,2018,Aligarh,119,9,Aligarh,1551
Uttar Pradesh,2018,Prayagraj,120,9,Prayagraj,1552
Uttar Pradesh,2018,Ambedkar Nagar,121,9,Ambedkar Nagar,1553
Uttar Pradesh,2018,Amethi,640,9,Amethi,1554
Uttar Pradesh,2018,Amroha,154,9,Amroha,1555
Uttar Pradesh,2018,Auraiya,122,9,Auraiya,1556
Uttar Pradesh,2018,Azamgarh,123,9,Azamgarh,1557
Uttar Pradesh,2018,Budaun,133,9,Badaun,1558
Uttar Pradesh,2018,Baghpat,124,9,Baghpat,1559
Uttar Pradesh,2018,Bahraich,125,9,Bahraich,1560
Uttar Pradesh,2018,Ballia,126,9,Ballia,1561
Uttar Pradesh,2018,Balrampur,127,9,Balrampur,1562
Uttar Pradesh,2018,Banda,128,9,Banda,1563
Uttar Pradesh,2018,Barabanki,129,9,Barabanki,1564
Uttar Pradesh,2018,Bareilly,130,9,Bareilly,1565
Uttar Pradesh,2018,Basti,131,9,Basti,1566
Uttar Pradesh,2018,Bijnor,132,9,Bijnor,1567
Uttar Pradesh,2018,Bulandshahr,134,9,Bulandshahar,1568
Uttar Pradesh,2018,Chandauli,135,9,Chandoli,1569
Uttar Pradesh,2018,Chitrakoot,136,9,Chitrakoot,1570
Uttar Pradesh,2018,Deoria,137,9,Deoria,1571
Uttar Pradesh,2018,Etah,138,9,Etah,1572
Uttar Pradesh,2018,Etawah,139,9,Etawah,1573
Uttar Pradesh,2018,Ayodhya,140,9,Ayodhya,1574
Uttar Pradesh,2018,Farrukhabad,141,9,Fatehgarh,1575
Uttar Pradesh,2018,Fatehpur,142,9,Fatehpur,1576
Uttar Pradesh,2018,Firozabad,143,9,Firozabad,1577
Uttar Pradesh,2018,Lucknow,162,9,Grp,1578
Uttar Pradesh,2018,Gautam Buddha Nagar,144,9,Gautambudh Nagar,1579
Uttar Pradesh,2018,Ghaziabad,145,9,Ghaziabad,1580
Uttar Pradesh,2018,Ghazipur,146,9,Ghazipur,1581
Uttar Pradesh,2018,Gonda,147,9,Gonda,1582
Uttar Pradesh,2018,Gorakhpur,148,9,Gorakhpur,1583
Uttar Pradesh,2018,Hamirpur,149,9,Hamirpur,1584
Uttar Pradesh,2018,Hapur,661,9,Hapur,1585
Uttar Pradesh,2018,Hardoi,150,9,Hardoi,1586
Uttar Pradesh,2018,Hathras,163,9,Hathras,1587
Uttar Pradesh,2018,Jalaun,151,9,Jalaun,1588
Uttar Pradesh,2018,Jaunpur,152,9,Jaunpur,1589
Uttar Pradesh,2018,Jhansi,153,9,Jhansi,1590
Uttar Pradesh,2018,Kannauj,155,9,Kannauj,1591
Uttar Pradesh,2018,Kanpur Dehat,156,9,Kanpur Dehat,1592
Uttar Pradesh,2018,Kanpur Nagar,157,9,Kanpur Nagar,1593
Uttar Pradesh,2018,Kasganj,633,9,Kasganj,1594
Uttar Pradesh,2018,Kaushambi,158,9,Kaushambi,1595
Uttar Pradesh,2018,Kheri,159,9,Khiri,1596
Uttar Pradesh,2018,Kushi Nagar,160,9,Kushi Nagar,1597
Uttar Pradesh,2018,Lalitpur,161,9,Lalitpur,1598
Uttar Pradesh,2018,Lucknow,162,9,Lucknow,1599
Uttar Pradesh,2018,Maharajganj,164,9,Maharajganj,1600
Uttar Pradesh,2018,Mahoba,165,9,Mahoba,1601
Uttar Pradesh,2018,Mainpuri,166,9,Mainpuri,1602
Uttar Pradesh,2018,Mathura,167,9,Mathura,1603
Uttar Pradesh,2018,Mau,168,9,Mau,1604
Uttar Pradesh,2018,Meerut,169,9,Meerut,1605
Uttar Pradesh,2018,Mirzapur,170,9,Mirzapur,1606
Uttar Pradesh,2018,Moradabad,171,9,Moradabad,1607
Uttar Pradesh,2018,Muzaffarnagar,172,9,Muzaffarnagar,1608
Uttar Pradesh,2018,Pilibhit,173,9,Pilibhit,1609
Uttar Pradesh,2018,Pratapgarh,174,9,Pratapgarh,1610
Uttar Pradesh,2018,Rae Bareli,175,9,Raibareilly,1611
Uttar Pradesh,2018,Rampur,176,9,Rampur,1612
Uttar Pradesh,2018,Saharanpur,177,9,Saharanpur,1613
Uttar Pradesh,2018,Sambhal,659,9,Sambhal,1614
Uttar Pradesh,2018,Sant Kabeer Nagar,178,9,Sant Kabirnagar,1615
Uttar Pradesh,2018,Shahjahanpur,180,9,Shahjahanpur,1616
Uttar Pradesh,2018,Shamli,660,9,Shamli,1617
Uttar Pradesh,2018,Shravasti,181,9,Shrawasti,1618
Uttar Pradesh,2018,Siddharth Nagar,182,9,Sidharthnagar,1619
Uttar Pradesh,2018,Sitapur,183,9,Sitapur,1620
Uttar Pradesh,2018,Sonbhadra,184,9,Sonbhadra,1621
Uttar Pradesh,2018,Bhadohi,179,9,Bhadohi,1622
Uttar Pradesh,2018,Sultanpur,185,9,Sultanpur,1623
Uttar Pradesh,2018,Unnao,186,9,Unnao,1624
Uttar Pradesh,2018,Varanasi,187,9,Varanasi,1625
Uttarakhand,2018,Almora,45,5,Almora,1626
Uttarakhand,2018,Bageshwar,46,5,Bageshwar,1627
Uttarakhand,2018,Chamoli,47,5,Chamoli,1628
Uttarakhand,2018,Champawat,48,5,Champawat,1629
Uttarakhand,2018,Dehradun,49,5,Dehradun,1630
Uttarakhand,2018,Haridwar,50,5,Haridwar,1631
Uttarakhand,2018,Nainital,51,5,Nainital,1632
Uttarakhand,2018,Pauri Garhwal,52,5,Pauri Garhwal,1633
Uttarakhand,2018,Pithoragarh,53,5,Pithoragarh,1634
Uttarakhand,2018,Rudra Prayag,54,5,Rudra Prayag,1635
Uttarakhand,2018,Tehri Garhwal,55,5,Tehri Garhwal,1636
Uttarakhand,2018,Udam Singh Nagar,56,5,Udhamsingh Nagar,1637
Uttarakhand,2018,Uttar Kashi,57,5,Uttarkashi,1638
Uttarakhand,2018,Dehradun,49,5,Grp,1639
West Bengal,2018,Alipurduar,664,19,Alipurduar,1640
West Bengal,2018,Paschim Bardhaman,704,19,Asansol-Durgapur Pc,1641
West Bengal,2018,Bankura,305,19,Bankura,1642
West Bengal,2018,24 Paraganas North,303,19,Barrackpur Pc,1643
West Bengal,2018,24 Paraganas North,303,19,Bidhannagar Pc,1644
West Bengal,2018,Birbhum,307,19,Birbhum,1645
West Bengal,2018,Coochbehar,308,19,Coochbehar,1646
West Bengal,2018,Dinajpur Dakshin,310,19,Dakshin Dinajpur,1647
West Bengal,2018,Darjeeling,309,19,Darjeeling,1648
West Bengal,2018,Hooghly,312,19,Hooghly Rural Police,1649
West Bengal,2018,Howrah,313,19,Howrah Grp,1650
West Bengal,2018,Howrah,313,19,Howrah Pc,1651
West Bengal,2018,Howrah,313,19,Howrah Rural,1652
West Bengal,2018,Jalpaiguri,314,19,Jalpaiguri,1653
West Bengal,2018,Jhargram,703,19,Jhargram,1654
West Bengal,2018,Medinipur West,318,19,Kharagpur Grp,1655
West Bengal,2018,Kolkata,315,19,Kolkata,1656
West Bengal,2018,Maldah,316,19,Malda,1657
West Bengal,2018,Murshidabad,319,19,Murshidabad,1658
West Bengal,2018,Nadia,320,19,Nadia,1659
West Bengal,2018,Medinipur West,318,19,Paschim Medinipur,1660
West Bengal,2018,Medinipur East,317,19,Purab Medinipur,1661
West Bengal,2018,Purulia,321,19,Purulia,1662
West Bengal,2018,Kolkata,315,19,Sealdah Grp,1663
West Bengal,2018,Darjeeling,309,19,Siliguri Grp,1664
West Bengal,2018,Darjeeling,309,19,Siliguri Pc,1665
West Bengal,2018,Dinajpur Uttar,311,19,Uttar Dinajpur,1666
West Bengal,2018,24 Paraganas South,304,19,Baruipur Police,1667
West Bengal,2018,Hooghly,312,19,Chandannagar Pc,1668
West Bengal,2018,24 Paraganas South,304,19,Diamond Harbour Police,1669
West Bengal,2018,Kalimpong,702,19,Kalimpong,1670
West Bengal,2018,Purba Bardhaman,306,19,Purba Bardhaman,1671
West Bengal,2018,24 Paraganas South,304,19,Sundarban Police,1672
West Bengal,2018,24 Paraganas North,303,19,Barasat,1673
West Bengal,2018,24 Paraganas North,303,19,Basirhat,1674
Andaman And Nicobar Islands,2018,South Andamans,602,35,South Andaman,1675
Andaman And Nicobar Islands,2018,North And Middle Andaman,632,35,North And Middle Andaman,1676
Andaman And Nicobar Islands,2018,Nicobars,603,35,Nicobar,1677
Chandigarh,2018,Chandigarh,44,4,Chandigarh,1678
The Dadra And Nagar Haveli And Daman And Diu,2018,Dadra And Nagar Haveli,465,38,Dadra And Nagar Haveli,1679
The Dadra And Nagar Haveli And Daman And Diu,2018,Daman,463,38,Daman,1680
The Dadra And Nagar Haveli And Daman And Diu,2018,Diu,464,38,Diu,1681
Delhi,2018,Central,77,7,Central,1682
Delhi,2018,North West,82,7,Crime Branch,1683
Delhi,2018,East,78,7,East,1684
Delhi,2018,New Delhi,79,7,Eow,1685
Delhi,2018,New Delhi,79,7,Igi Airport,1686
Delhi,2018,North West,82,7,Metro,1687
Delhi,2018,New Delhi,79,7,New Delhi,1688
Delhi,2018,North,80,7,North,1689
Delhi,2018,North East,81,7,North-East,1690
Delhi,2018,North West,82,7,North-West,1691
Delhi,2018,North West,82,7,Outer,1692
Delhi,2018,New Delhi,79,7,Railway,1693
Delhi,2018,South,83,7,South,1694
Delhi,2018,South East,670,7,South-East,1695
Delhi,2018,South West,84,7,South-West,1696
Delhi,2018,North West,82,7,Spl Cell,1697
Delhi,2018,New Delhi,79,7,Spuwac,1698
Delhi,2018,New Delhi,79,7,Vigilance,1699
Delhi,2018,West,85,7,West,1700
Delhi,2018,North West,82,7,Rohini,1701
Delhi,2018,Shahdara,671,7,Shahdara,1702
Delhi,2018,South West,84,7,Dwarka,1703
Lakshadweep,2018,Lakshadweep District,553,31,Lakshadweep,1704
Puducherry,2018,Karaikal,598,34,Karaikal,1705
Puducherry,2018,Pondicherry,600,34,Puducherry,1706
Andhra Pradesh,2019,Anantapur,502,28,Anantapur,1707
Andhra Pradesh,2019,Chittoor,503,28,Chittoor,1708
Andhra Pradesh,2019,Y.S.R.,504,28,Cuddapah,1709
Andhra Pradesh,2019,East Godavari,505,28,East Godavari,1710
Andhra Pradesh,2019,Anantapur,502,28,Guntakal Railway,1711
Andhra Pradesh,2019,Guntur,506,28,Guntur,1712
Andhra Pradesh,2019,Guntur,506,28,Guntur Urban,1713
Andhra Pradesh,2019,Krishna,510,28,Krishna,1714
Andhra Pradesh,2019,Kurnool,511,28,Kurnool,1715
Andhra Pradesh,2019,Spsr Nellore,515,28,Nellore,1716
Andhra Pradesh,2019,Prakasam,517,28,Prakasham,1717
Andhra Pradesh,2019,East Godavari,505,28,Rajahmundry,1718
Andhra Pradesh,2019,Srikakulam,519,28,Srikakulam,1719
Andhra Pradesh,2019,Tirupati,752,28,Tirupathi Urban,1720
Andhra Pradesh,2019,Ntr,749,28,Vijayawada City,1721
Andhra Pradesh,2019,Ntr,749,28,Vijayawada Railway,1722
Andhra Pradesh,2019,Visakhapatanam,520,28,Visakha Rural,1723
Andhra Pradesh,2019,Visakhapatanam,520,28,Visakhapatnam,1724
Andhra Pradesh,2019,Vizianagaram,521,28,Vizianagaram,1725
Andhra Pradesh,2019,West Godavari,523,28,West Godavari,1726
Arunachal Pradesh,2019,Anjaw,628,12,Anjaw,1727
Arunachal Pradesh,2019,Changlang,229,12,Changlang,1728
Arunachal Pradesh,2019,Papum Pare,237,12,Crime Branch,1729
Arunachal Pradesh,2019,Dibang Valley,230,12,Dibang Valley,1730
Arunachal Pradesh,2019,East Kameng,231,12,Kameng East,1731
Arunachal Pradesh,2019,West Kameng,242,12,Kameng West,1732
Arunachal Pradesh,2019,Kurung Kumey,233,12,Kurung Kumey,1733
Arunachal Pradesh,2019,Lohit,234,12,Lohit,1734
Arunachal Pradesh,2019,Longding,666,12,Longding,1735
Arunachal Pradesh,2019,Lower Dibang Valley,235,12,Lower Dibang Valley,1736
Arunachal Pradesh,2019,Papum Pare,237,12,Papum Pare Rural,1737
Arunachal Pradesh,2019,East Siang,232,12,Siang East,1738
Arunachal Pradesh,2019,Upper Siang,240,12,Siang Upper,1739
Arunachal Pradesh,2019,West Siang,243,12,Siang West,1740
Arunachal Pradesh,2019,Lower Subansiri,236,12,Subansiri Lower,1741
Arunachal Pradesh,2019,Upper Subansiri,241,12,Subansiri Upper,1742
Arunachal Pradesh,2019,Tawang,238,12,Tawang,1743
Arunachal Pradesh,2019,Tirap,239,12,Tirap,1744
Arunachal Pradesh,2019,Namsai,678,12,Namsai,1745
Arunachal Pradesh,2019,Siang,679,12,Siang,1746
Arunachal Pradesh,2019,Kamle,718,12,Kamle,1747
Arunachal Pradesh,2019,Kra Daadi,677,12,Kra Dadi,1748
Arunachal Pradesh,2019,Lower Siang,719,12,Lower Siang,1749
Arunachal Pradesh,2019,Leparada,724,12,Leparada,1750
Arunachal Pradesh,2019,Shi Yomi,725,12,Shiyomi,1751
Arunachal Pradesh,2019,Pakke Kessang,723,12,Pakkessang,1752
Assam,2019,Kamrup Metro,618,18,Bieo,1753
Assam,2019,Barpeta,280,18,Barpeta,1754
Assam,2019,Baksa,616,18,Baksa,1755
Assam,2019,Bongaigaon,281,18,Bongaigaon,1756
Assam,2019,Kamrup Metro,618,18,Cid,1757
Assam,2019,Cachar,282,18,Cachar,1758
Assam,2019,Chirang,612,18,Chirang,1759
Assam,2019,Darrang,283,18,Darrang,1760
Assam,2019,Dhemaji,284,18,Dhemaji,1761
Assam,2019,Dhubri,285,18,Dhubri,1762
Assam,2019,Dibrugarh,286,18,Dibrugarh,1763
Assam,2019,Kamrup Metro,618,18,Grp,1764
Assam,2019,Goalpara,287,18,Goalpara,1765
Assam,2019,Golaghat,288,18,Golaghat,1766
Assam,2019,Kamrup Metro,618,18,Guwahati City,1767
Assam,2019,Hailakandi,289,18,Hailakandi,1768
Assam,2019,West Karbi Anglong,710,18,Hamren,1769
Assam,2019,Jorhat,290,18,Jorhat,1770
Assam,2019,Kamrup,291,18,Kamrup,1771
Assam,2019,Karbi Anglong,292,18,Karbi Anglong,1772
Assam,2019,Karimganj,293,18,Karimganj,1773
Assam,2019,Kokrajhar,294,18,Kokrajhar,1774
Assam,2019,Lakhimpur,295,18,Lakhimpur,1775
Assam,2019,Marigaon,296,18,Morigaon,1776
Assam,2019,Dima Hasao,299,18,Dima Hasao,1777
Assam,2019,Nagaon,297,18,Nagaon,1778
Assam,2019,Nalbari,298,18,Nalbari,1779
Assam,2019,Kamrup Metro,618,18,Rpo,1780
Assam,2019,Kamrup Metro,618,18,Sou,1781
Assam,2019,Kamrup Metro,618,18,Stf,1782
Assam,2019,Sivasagar,300,18,Sibsagar,1783
Assam,2019,Sonitpur,301,18,Sonitpur,1784
Assam,2019,Tinsukia,302,18,Tinsukia,1785
Assam,2019,Udalguri,617,18,Udalguri,1786
Assam,2019,Tinsukia,302,18,Sadia,1787
Assam,2019,Majuli,706,18,Majuli,1788
Assam,2019,Biswanath,705,18,Biswanath,1789
Assam,2019,Hojai,709,18,Hojai,1790
Assam,2019,South Salmara Mancachar,707,18,South Salmara,1791
Assam,2019,Charaideo,708,18,Charaideo,1792
Bihar,2019,Araria,188,10,Araria,1793
Bihar,2019,Arwal,611,10,Arwal,1794
Bihar,2019,Aurangabad,189,10,Aurangabad,1795
Bihar,2019,Pashchim Champaran,211,10,Bagaha,1796
Bihar,2019,Banka,190,10,Banka,1797
Bihar,2019,Begusarai,191,10,Begusarai,1798
Bihar,2019,Pashchim Champaran,211,10,Bettiah,1799
Bihar,2019,Kaimur (Bhabua),200,10,Bhabhua,1800
Bihar,2019,Bhagalpur,192,10,Bhagalpur,1801
Bihar,2019,Bhojpur,193,10,Bhojpur,1802
Bihar,2019,Buxar,194,10,Buxar,1803
Bihar,2019,Darbhanga,195,10,Darbhanga,1804
Bihar,2019,Gaya,196,10,Gaya,1805
Bihar,2019,Gopalganj,197,10,Gopalganj,1806
Bihar,2019,Munger,207,10,Jamalpur Railway,1807
Bihar,2019,Jamui,198,10,Jamui,1808
Bihar,2019,Jehanabad,199,10,Jehanabad,1809
Bihar,2019,Katihar,201,10,Katihar,1810
Bihar,2019,Katihar,201,10,Katihar Railway,1811
Bihar,2019,Khagaria,202,10,Khagaria,1812
Bihar,2019,Kishanganj,203,10,Kishanganj,1813
Bihar,2019,Lakhisarai,204,10,Lakhisarai,1814
Bihar,2019,Madhepura,205,10,Madhepura,1815
Bihar,2019,Madhubani,206,10,Madhubani,1816
Bihar,2019,Purbi Champaran,213,10,Motihari,1817
Bihar,2019,Munger,207,10,Munger,1818
Bihar,2019,Muzaffarpur,208,10,Muzaffarpur,1819
Bihar,2019,Muzaffarpur,208,10,Muzaffarpur Railway,1820
Bihar,2019,Nalanda,209,10,Nalanda,1821
Bihar,2019,Bhagalpur,192,10,Naugachia,1822
Bihar,2019,Nawada,210,10,Nawadah,1823
Bihar,2019,Patna,212,10,Patna,1824
Bihar,2019,Patna,212,10,Patna Railway,1825
Bihar,2019,Purnia,214,10,Purnea,1826
Bihar,2019,Rohtas,215,10,Rohtas,1827
Bihar,2019,Saharsa,216,10,Saharsa,1828
Bihar,2019,Samastipur,217,10,Samastipur,1829
Bihar,2019,Saran,218,10,Saran,1830
Bihar,2019,Sheikhpura,219,10,Sheikhpura,1831
Bihar,2019,Sheohar,220,10,Sheohar,1832
Bihar,2019,Sitamarhi,221,10,Sitamarhi,1833
Bihar,2019,Siwan,222,10,Siwan,1834
Bihar,2019,Supaul,223,10,Supaul,1835
Bihar,2019,Vaishali,224,10,Vaishali,1836
Bihar,2019,Patna,212,10,Economic Offences Unit,1837
Bihar,2019,Patna,212,10,Anti Terrorist Squad,1838
Chhattisgarh,2019,Balod,646,22,Balod,1839
Chhattisgarh,2019,Baloda Bazar,644,22,Balodbazar,1840
Chhattisgarh,2019,Balrampur,649,22,Balrampur,1841
Chhattisgarh,2019,Bemetara,650,22,Bemetra,1842
Chhattisgarh,2019,Bilaspur,375,22,Bilaspur,1843
Chhattisgarh,2019,Bijapur,636,22,Bizapur,1844
Chhattisgarh,2019,Dantewada,376,22,Dantewara,1845
Chhattisgarh,2019,Dhamtari,377,22,Dhamtari,1846
Chhattisgarh,2019,Durg,378,22,Durg,1847
Chhattisgarh,2019,Gariyaband,645,22,Gariyaband,1848
Chhattisgarh,2019,Raipur,387,22,Grp Raipur,1849
Chhattisgarh,2019,Bastar,374,22,Jagdalpur,1850
Chhattisgarh,2019,Janjgir-Champa,379,22,Janjgir,1851
Chhattisgarh,2019,Jashpur,380,22,Jashpur,1852
Chhattisgarh,2019,Kabirdham,382,22,Kabirdham,1853
Chhattisgarh,2019,Kanker,381,22,Kanker,1854
Chhattisgarh,2019,Kondagaon,643,22,Kondagaon,1855
Chhattisgarh,2019,Korba,383,22,Korba,1856
Chhattisgarh,2019,Korea,384,22,Koriya,1857
Chhattisgarh,2019,Mahasamund,385,22,Mahasamund,1858
Chhattisgarh,2019,Mungeli,647,22,Mungali,1859
Chhattisgarh,2019,Narayanpur,637,22,Narayanpur,1860
Chhattisgarh,2019,Raigarh,386,22,Raigarh,1861
Chhattisgarh,2019,Raipur,387,22,Raipur,1862
Chhattisgarh,2019,Rajnandgaon,388,22,Rajnandgaon,1863
Chhattisgarh,2019,Surguja,389,22,Sarguja,1864
Chhattisgarh,2019,Sukma,642,22,Sukma,1865
Chhattisgarh,2019,Surajpur,648,22,Surajpur,1866
Goa,2019,North Goa,551,30,North Goa,1867
Goa,2019,South Goa,552,30,South Goa,1868
Goa,2019,North Goa,551,30,Cid,1869
Gujarat,2019,Ahmadabad,438,24,Ahmedabad City,1870
Gujarat,2019,Ahmadabad,438,24,Ahmedabad Rural,1871
Gujarat,2019,Amreli,439,24,Amreli,1872
Gujarat,2019,Anand,440,24,Anand,1873
Gujarat,2019,Arvalli,672,24,Arvalli,1874
Gujarat,2019,Banas Kantha,441,24,Banaskantha,1875
Gujarat,2019,Bharuch,442,24,Bharuch,1876
Gujarat,2019,Bhavnagar,443,24,Bhavnagar,1877
Gujarat,2019,Botad,676,24,Botad,1878
Gujarat,2019,Chhotaudepur,668,24,Chhotaudepur,1879
Gujarat,2019,Gandhinagar,446,24,Cid Crime,1880
Gujarat,2019,Dohad,445,24,Dahod,1881
Gujarat,2019,Dang,444,24,Dang,1882
Gujarat,2019,Devbhumi Dwarka,674,24,Devbhumi Dwarka,1883
Gujarat,2019,Gandhinagar,446,24,Gandhinagar,1884
Gujarat,2019,Gir Somnath,675,24,Gir Somnath,1885
Gujarat,2019,Jamnagar,447,24,Jamnagar,1886
Gujarat,2019,Junagadh,448,24,Junagadh,1887
Gujarat,2019,Kachchh,449,24,Kachchh East(G),1888
Gujarat,2019,Kachchh,449,24,Kachchh West(B),1889
Gujarat,2019,Kheda,450,24,Kheda,1890
Gujarat,2019,Mahisagar,669,24,Mahisagar,1891
Gujarat,2019,Mahesana,451,24,Mehsana,1892
Gujarat,2019,Morbi,673,24,Morbi,1893
Gujarat,2019,Narmada,452,24,Narmada,1894
Gujarat,2019,Navsari,453,24,Navsari,1895
Gujarat,2019,Panch Mahals,454,24,Panchmahal,1896
Gujarat,2019,Patan,455,24,Patan,1897
Gujarat,2019,Porbandar,456,24,Porbandar,1898
Gujarat,2019,Rajkot,457,24,Rajkot City,1899
Gujarat,2019,Rajkot,457,24,Rajkot Rural,1900
Gujarat,2019,Sabar Kantha,458,24,Sabarkantha,1901
Gujarat,2019,Surat,459,24,Surat City,1902
Gujarat,2019,Surat,459,24,Surat Rural,1903
Gujarat,2019,Surendranagar,460,24,Surendranagar,1904
Gujarat,2019,Tapi,641,24,Tapi,1905
Gujarat,2019,Vadodara,461,24,Vadodara City,1906
Gujarat,2019,Vadodara,461,24,Vadodara Rural,1907
Gujarat,2019,Valsad,462,24,Valsad,1908
Gujarat,2019,Ahmadabad,438,24,W.Rly Ahmedabad,1909
Gujarat,2019,Vadodara,461,24,W.Rly Vadodara,1910
Haryana,2019,Ambala,58,6,Ambala,1911
Haryana,2019,Bhiwani,59,6,Bhiwani,1912
Haryana,2019,Faridabad,60,6,Faridabad,1913
Haryana,2019,Fatehabad,61,6,Fatehabad,1914
Haryana,2019,Ambala,58,6,Grp,1915
Haryana,2019,Gurugram,62,6,Gurugram,1916
Haryana,2019,Hisar,63,6,Hissar,1917
Haryana,2019,Jhajjar,64,6,Jhajjar,1918
Haryana,2019,Jind,65,6,Jind,1919
Haryana,2019,Kaithal,66,6,Kaithal,1920
Haryana,2019,Karnal,67,6,Karnal,1921
Haryana,2019,Kurukshetra,68,6,Kurukshetra,1922
Haryana,2019,Mahendragarh,69,6,Mahendergarh,1923
Haryana,2019,Nuh,604,6,Nuh,1924
Haryana,2019,Palwal,619,6,Palwal,1925
Haryana,2019,Panchkula,70,6,Panchkula,1926
Haryana,2019,Panipat,71,6,Panipat,1927
Haryana,2019,Rewari,72,6,Rewari,1928
Haryana,2019,Rohtak,73,6,Rohtak,1929
Haryana,2019,Sirsa,74,6,Sirsa,1930
Haryana,2019,Sonipat,75,6,Sonipat,1931
Haryana,2019,Yamunanagar,76,6,Yamunanagar,1932
Haryana,2019,Gurugram,62,6,Irrigation And Power,1933
Haryana,2019,Charki Dadri,701,6,Charkhi Dadri,1934
Haryana,2019,Hisar,63,6,Hansi,1935
Himachal Pradesh,2019,Solan,25,2,Baddi,1936
Himachal Pradesh,2019,Bilaspur,15,2,Bilaspur,1937
Himachal Pradesh,2019,Chamba,16,2,Chamba,1938
Himachal Pradesh,2019,Shimla,23,2,Cid,1939
Himachal Pradesh,2019,Shimla,23,2,Grp,1940
Himachal Pradesh,2019,Hamirpur,17,2,Hamirpur,1941
Himachal Pradesh,2019,Kangra,18,2,Kangra,1942
Himachal Pradesh,2019,Kinnaur,19,2,Kinnaur,1943
Himachal Pradesh,2019,Kullu,20,2,Kullu,1944
Himachal Pradesh,2019,Lahul And Spiti,21,2,Lahaul And Spiti,1945
Himachal Pradesh,2019,Mandi,22,2,Mandi,1946
Himachal Pradesh,2019,Shimla,23,2,Shimla,1947
Himachal Pradesh,2019,Sirmaur,24,2,Sirmaur,1948
Himachal Pradesh,2019,Solan,25,2,Solan,1949
Himachal Pradesh,2019,Una,26,2,Una,1950
Himachal Pradesh,2019,Shimla,23,2,Cyber,1951
Jammu And Kashmir,2019,Anantnag,1,1,Anantnag,1952
Jammu And Kashmir,2019,Pulwama,11,1,Awantipora,1953
Jammu And Kashmir,2019,Bandipora,623,1,Bandipora,1954
Jammu And Kashmir,2019,Baramulla,3,1,Baramulla,1955
Jammu And Kashmir,2019,Budgam,2,1,Budgam,1956
Jammu And Kashmir,2019,Jammu,5,1,Crime Jammu,1957
Jammu And Kashmir,2019,Jammu,5,1,Crime Srinagar,1958
Jammu And Kashmir,2019,Doda,4,1,Doda,1959
Jammu And Kashmir,2019,Ganderbal,626,1,Ganderbal,1960
Jammu And Kashmir,2019,Kupwara,8,1,Handwara,1961
Jammu And Kashmir,2019,Jammu,5,1,Jammu,1962
Jammu And Kashmir,2019,Kargil,6,1,Kargil,1963
Jammu And Kashmir,2019,Kathua,7,1,Kathua,1964
Jammu And Kashmir,2019,Kishtwar,620,1,Kishtwar,1965
Jammu And Kashmir,2019,Kulgam,622,1,Kulgam,1966
Jammu And Kashmir,2019,Kupwara,8,1,Kupwara,1967
Jammu And Kashmir,2019,Leh Ladakh,9,1,Leh,1968
Jammu And Kashmir,2019,Poonch,10,1,Poonch,1969
Jammu And Kashmir,2019,Pulwama,11,1,Pulwama,1970
Jammu And Kashmir,2019,Jammu,5,1,Railways Jammu,1971
Jammu And Kashmir,2019,Jammu,5,1,Railways Kashmir,1972
Jammu And Kashmir,2019,Reasi,627,1,Railways Katra,1973
Jammu And Kashmir,2019,Rajouri,12,1,Rajouri,1974
Jammu And Kashmir,2019,Ramban,621,1,Ramban,1975
Jammu And Kashmir,2019,Reasi,627,1,Reasi,1976
Jammu And Kashmir,2019,Samba,624,1,Samba,1977
Jammu And Kashmir,2019,Shopian,625,1,Shopian,1978
Jammu And Kashmir,2019,Baramulla,3,1,Sopore,1979
Jammu And Kashmir,2019,Srinagar,13,1,Srinagar,1980
Jammu And Kashmir,2019,Udhampur,14,1,Udhampur,1981
Jharkhand,2019,Bokaro,322,20,Bokaro,1982
Jharkhand,2019,West Singhbhum,343,20,Chaibasa,1983
Jharkhand,2019,Chatra,323,20,Chatra,1984
Jharkhand,2019,Deoghar,324,20,Deoghar,1985
Jharkhand,2019,Dhanbad,325,20,Dhanbad,1986
Jharkhand,2019,Dhanbad,325,20,Dhanbad Railway,1987
Jharkhand,2019,Dumka,326,20,Dumka,1988
Jharkhand,2019,Garhwa,328,20,Garhwa,1989
Jharkhand,2019,Giridih,329,20,Giridih,1990
Jharkhand,2019,Godda,330,20,Godda,1991
Jharkhand,2019,Gumla,331,20,Gumla,1992
Jharkhand,2019,Hazaribagh,332,20,Hazaribagh,1993
Jharkhand,2019,East Singhbum,327,20,Jamshedpur,1994
Jharkhand,2019,East Singhbum,327,20,Jamshedpur Railway,1995
Jharkhand,2019,Jamtara,333,20,Jamtara,1996
Jharkhand,2019,Khunti,606,20,Khunti,1997
Jharkhand,2019,Koderma,334,20,Koderma,1998
Jharkhand,2019,Latehar,335,20,Latehar,1999
Jharkhand,2019,Lohardaga,336,20,Lohardagga,2000
Jharkhand,2019,Pakur,337,20,Pakur,2001
Jharkhand,2019,Palamu,338,20,Palamu,2002
Jharkhand,2019,Ramgarh,607,20,Ramgarh,2003
Jharkhand,2019,Ranchi,339,20,Ranchi,2004
Jharkhand,2019,Sahebganj,340,20,Sahebganj,2005
Jharkhand,2019,Saraikela Kharsawan,341,20,Saraikela,2006
Jharkhand,2019,Simdega,342,20,Simdega,2007
Karnataka,2019,Bagalkote,524,29,Bagalkot,2008
Karnataka,2019,Bengaluru Urban,525,29,Bengaluru City,2009
Karnataka,2019,Bengaluru Urban,525,29,Bengaluru District,2010
Karnataka,2019,Belagavi,527,29,Belagavi District,2011
Karnataka,2019,Ballari,528,29,Ballari,2012
Karnataka,2019,Bidar,529,29,Bidar,2013
Karnataka,2019,Vijayapura,530,29,Vijayapura,2014
Karnataka,2019,Chikkaballapura,630,29,Chikkaballapura,2015
Karnataka,2019,Chamarajanagara,531,29,Chamarajnagar,2016
Karnataka,2019,Chikkamagaluru,532,29,Chikkamagaluru,2017
Karnataka,2019,Chitradurga,533,29,Chitradurga,2018
Karnataka,2019,Dakshina Kannada,534,29,Dakshina Kannada,2019
Karnataka,2019,Davangere,535,29,Davanagere,2020
Karnataka,2019,Dharwad,536,29,Dharwad,2021
Karnataka,2019,Gadag,537,29,Gadag,2022
Karnataka,2019,Kalaburagi,538,29,Kalaburgi,2023
Karnataka,2019,Hassan,539,29,Hassan,2024
Karnataka,2019,Haveri,540,29,Haveri,2025
Karnataka,2019,Dharwad,536,29,Hubballi Dharwad City,2026
Karnataka,2019,Belagavi,527,29,K.G.F.,2027
Karnataka,2019,Kodagu,541,29,Kodagu,2028
Karnataka,2019,Kolar,542,29,Kolar,2029
Karnataka,2019,Koppal,543,29,Koppal,2030
Karnataka,2019,Mandya,544,29,Mandya,2031
Karnataka,2019,Dakshina Kannada,534,29,Mangaluru City,2032
Karnataka,2019,Mysuru,545,29,Mysuru City,2033
Karnataka,2019,Mysuru,545,29,Mysuru District,2034
Karnataka,2019,Raichur,546,29,Raichur,2035
Karnataka,2019,Bengaluru Urban,525,29,K.Railways,2036
Karnataka,2019,Ramanagara,631,29,Ramanagara,2037
Karnataka,2019,Shivamogga,547,29,Shimoga,2038
Karnataka,2019,Tumakuru,548,29,Tumakuru,2039
Karnataka,2019,Udupi,549,29,Udupi,2040
Karnataka,2019,Uttara Kannada,550,29,Uttara Kannada,2041
Karnataka,2019,Yadgir,635,29,Yadgiri,2042
Karnataka,2019,Belagavi,527,29,Belagavi City,2043
Karnataka,2019,Kalaburagi,538,29,Kalaburgi City,2044
Kerala,2019,Alappuzha,554,32,Alapuzha,2045
Kerala,2019,Ernakulam,555,32,Ernakulam Commr.,2046
Kerala,2019,Ernakulam,555,32,Ernakulam Rural,2047
Kerala,2019,Idukki,556,32,Idukki,2048
Kerala,2019,Kannur,557,32,Kannur,2049
Kerala,2019,Kasaragod,558,32,Kasargod,2050
Kerala,2019,Kollam,559,32,Kollam Commr.,2051
Kerala,2019,Kollam,559,32,Kollam Rural,2052
Kerala,2019,Kottayam,560,32,Kottayam,2053
Kerala,2019,Kozhikode,561,32,Kozhikode Commr.,2054
Kerala,2019,Kozhikode,561,32,Kozhikode Rural,2055
Kerala,2019,Malappuram,562,32,Malappuram,2056
Kerala,2019,Palakkad,563,32,Palakkad,2057
Kerala,2019,Pathanamthitta,564,32,Pathanamthitta,2058
Kerala,2019,Thiruvananthapuram,565,32,Railways,2059
Kerala,2019,Thrissur,566,32,Thrissur Commr.,2060
Kerala,2019,Thrissur,566,32,Thrissur Rural,2061
Kerala,2019,Thiruvananthapuram,565,32,Trivandrum Commr.,2062
Kerala,2019,Thiruvananthapuram,565,32,Trivandrum Rural,2063
Kerala,2019,Wayanad,567,32,Wayanadu,2064
Kerala,2019,Thiruvananthapuram,565,32,Crime Branch,2065
Madhya Pradesh,2019,Agar Malwa,667,23,Agar,2066
Madhya Pradesh,2019,Alirajpur,639,23,Alirajpur,2067
Madhya Pradesh,2019,Anuppur,390,23,Anuppur,2068
Madhya Pradesh,2019,Ashoknagar,391,23,Ashok Nagar,2069
Madhya Pradesh,2019,Balaghat,392,23,Balaghat,2070
Madhya Pradesh,2019,Barwani,393,23,Barwani,2071
Madhya Pradesh,2019,Betul,394,23,Betul,2072
Madhya Pradesh,2019,Bhind,395,23,Bhind,2073
Madhya Pradesh,2019,Bhopal,396,23,Bhopal,2074
Madhya Pradesh,2019,Bhopal,396,23,Bhopal Railway,2075
Madhya Pradesh,2019,Burhanpur,397,23,Burhanpur,2076
Madhya Pradesh,2019,Chhatarpur,398,23,Chhatarpur,2077
Madhya Pradesh,2019,Chhindwara,399,23,Chhindwara,2078
Madhya Pradesh,2019,Damoh,400,23,Damoh,2079
Madhya Pradesh,2019,Datia,401,23,Datia,2080
Madhya Pradesh,2019,Dewas,402,23,Dewas,2081
Madhya Pradesh,2019,Dhar,403,23,Dhar,2082
Madhya Pradesh,2019,Dindori,404,23,Dindori,2083
Madhya Pradesh,2019,Guna,406,23,Guna,2084
Madhya Pradesh,2019,Gwalior,407,23,Gwalior,2085
Madhya Pradesh,2019,Harda,408,23,Harda,2086
Madhya Pradesh,2019,Narmadapuram,409,23,Hoshangabad,2087
Madhya Pradesh,2019,Indore,410,23,Indore,2088
Madhya Pradesh,2019,Indore,410,23,Indore Railway,2089
Madhya Pradesh,2019,Jabalpur,411,23,Jabalpur,2090
Madhya Pradesh,2019,Jabalpur,411,23,Jabalpur Railway,2091
Madhya Pradesh,2019,Jhabua,412,23,Jhabua,2092
Madhya Pradesh,2019,Katni,413,23,Katni,2093
Madhya Pradesh,2019,Indore,410,23,Khandwa,2094
Madhya Pradesh,2019,Khargone,414,23,Khargone,2095
Madhya Pradesh,2019,Mandla,415,23,Mandla,2096
Madhya Pradesh,2019,Mandsaur,416,23,Mandsaur,2097
Madhya Pradesh,2019,Morena,417,23,Morena,2098
Madhya Pradesh,2019,Narsinghpur,418,23,Narsinghpur,2099
Madhya Pradesh,2019,Neemuch,419,23,Neemuch,2100
Madhya Pradesh,2019,Panna,420,23,Panna,2101
Madhya Pradesh,2019,Raisen,421,23,Raisen,2102
Madhya Pradesh,2019,Rajgarh,422,23,Rajgarh,2103
Madhya Pradesh,2019,Ratlam,423,23,Ratlam,2104
Madhya Pradesh,2019,Rewa,424,23,Rewa,2105
Madhya Pradesh,2019,Sagar,425,23,Sagar,2106
Madhya Pradesh,2019,Satna,426,23,Satna,2107
Madhya Pradesh,2019,Seoni,428,23,Seoni,2108
Madhya Pradesh,2019,Shahdol,429,23,Shahdol,2109
Madhya Pradesh,2019,Shajapur,430,23,Shajapur,2110
Madhya Pradesh,2019,Sheopur,431,23,Sheopur,2111
Madhya Pradesh,2019,Shivpuri,432,23,Shivpuri,2112
Madhya Pradesh,2019,Sidhi,433,23,Sidhi,2113
Madhya Pradesh,2019,Sehore,427,23,Sehore,2114
Madhya Pradesh,2019,Singrauli,638,23,Singrauli,2115
Madhya Pradesh,2019,Tikamgarh,434,23,Tikamgarh,2116
Madhya Pradesh,2019,Ujjain,435,23,Ujjain,2117
Madhya Pradesh,2019,Umaria,436,23,Umaria,2118
Madhya Pradesh,2019,Vidisha,437,23,Vidisha,2119
Madhya Pradesh,2019,Cyber Crime Cell,9999,23,Cyber Crime Cell,2120
Madhya Pradesh,2019,Cyber Crime Cell,722,23,Niwari,2121
Maharashtra,2019,Cyber Crime Cell,466,27,Ahmednagar,2122
Maharashtra,2019,Cyber Border Range,467,27,Akola,2123
Maharashtra,2019,Cyber Crime Cell,468,27,Amravati Commr.,2124
Maharashtra,2019,Amravati,468,27,Amravati Rural,2125
Maharashtra,2019,Aurangabad,469,27,Aurangabad Commr.,2126
Maharashtra,2019,Aurangabad,469,27,Aurangabad Rural,2127
Maharashtra,2019,Beed,470,27,Beed,2128
Maharashtra,2019,Bhandara,471,27,Bhandara,2129
Maharashtra,2019,Buldhana,472,27,Buldhana,2130
Maharashtra,2019,Chandrapur,473,27,Chandrapur,2131
Maharashtra,2019,Dhule,474,27,Dhule,2132
Maharashtra,2019,Gadchiroli,475,27,Gadchiroli,2133
Maharashtra,2019,Gondia,476,27,Gondia,2134
Maharashtra,2019,Hingoli,477,27,Hingoli,2135
Maharashtra,2019,Jalgaon,478,27,Jalgaon,2136
Maharashtra,2019,Jalna,479,27,Jalna,2137
Maharashtra,2019,Kolhapur,480,27,Kolhapur,2138
Maharashtra,2019,Latur,481,27,Latur,2139
Maharashtra,2019,Mumbai,482,27,Mumbai Commr.,2140
Maharashtra,2019,Mumbai,482,27,Mumbai Railway,2141
Maharashtra,2019,Nagpur,484,27,Nagpur Commr.,2142
Maharashtra,2019,Nagpur,484,27,Nagpur Railway,2143
Maharashtra,2019,Nagpur,484,27,Nagpur Rural,2144
Maharashtra,2019,Nanded,485,27,Nanded,2145
Maharashtra,2019,Nandurbar,486,27,Nandurbar,2146
Maharashtra,2019,Nashik,487,27,Nasik Commr.,2147
Maharashtra,2019,Nashik,487,27,Nasik Rural,2148
Maharashtra,2019,Mumbai Suburban,483,27,Navi Mumbai,2149
Maharashtra,2019,Osmanabad,488,27,Osmanabad,2150
Maharashtra,2019,Palghar,665,27,Palghar,2151
Maharashtra,2019,Parbhani,489,27,Parbhani,2152
Maharashtra,2019,Pune,490,27,Pune Commr.,2153
Maharashtra,2019,Pune,490,27,Pune Railway,2154
Maharashtra,2019,Pune,490,27,Pune Rural,2155
Maharashtra,2019,Raigad,491,27,Raigad,2156
Maharashtra,2019,Ratnagiri,492,27,Ratnagiri,2157
Maharashtra,2019,Sangli,493,27,Sangli,2158
Maharashtra,2019,Satara,494,27,Satara,2159
Maharashtra,2019,Sindhudurg,495,27,Sindhudurg,2160
Maharashtra,2019,Solapur,496,27,Solapur Commr.,2161
Maharashtra,2019,Solapur,496,27,Solapur Rural,2162
Maharashtra,2019,Thane,497,27,Thane Commr.,2163
Maharashtra,2019,Thane,497,27,Thane Rural,2164
Maharashtra,2019,Wardha,498,27,Wardha,2165
Maharashtra,2019,Washim,499,27,Washim,2166
Maharashtra,2019,Yavatmal,500,27,Yavatmal,2167
Maharashtra,2019,Pune,490,27,Pimpri Chinchwad City,2168
Maharashtra,2019,Aurangabad,469,27,Aurangabad Railway,2169
Manipur,2019,Bishnupur,252,14,Bishnupur,2170
Manipur,2019,Chandel,253,14,Chandel,2171
Manipur,2019,Churachandpur,254,14,Churachandpur,2172
Manipur,2019,Imphal West,256,14,Cid,2173
Manipur,2019,Imphal East,255,14,Imphal East,2174
Manipur,2019,Imphal West,256,14,Imphal West,2175
Manipur,2019,Senapati,257,14,Senapati,2176
Manipur,2019,Tamenglong,258,14,Tamenglong,2177
Manipur,2019,Thoubal,259,14,Thoubal,2178
Manipur,2019,Ukhrul,260,14,Ukhrul,2179
Manipur,2019,Kakching,711,14,Kakching,2180
Manipur,2019,Kamjong,717,14,Kamjong,2181
Manipur,2019,Kangpokpi,712,14,Kangpokpi,2182
Manipur,2019,Jiribam,713,14,Jiribam,2183
Manipur,2019,Noney,714,14,Noney,2184
Manipur,2019,Pherzawl,715,14,Pherzawl,2185
Manipur,2019,Tengnoupal,716,14,Tengnoupal,2186
Manipur,2019,Imphal West,256,14,Narcotic,2187
Meghalaya,2019,East Garo Hills,273,17,Garo Hills East,2188
Meghalaya,2019,North Garo Hills,656,17,Garo Hills North,2189
Meghalaya,2019,South Garo Hills,277,17,Garo Hills South,2190
Meghalaya,2019,South West Garo Hills,663,17,Garo Hills South West,2191
Meghalaya,2019,West Garo Hills,278,17,Garo Hills West,2192
Meghalaya,2019,West Jaintia Hills,275,17,Jaintia Hills West,2193
Meghalaya,2019,East Jaintia Hills,657,17,Jaintia Hills East,2194
Meghalaya,2019,East Khasi Hills,274,17,Khasi Hills East,2195
Meghalaya,2019,South West Khasi Hills,658,17,Khasi Hills South West,2196
Meghalaya,2019,West Khasi Hills,279,17,Khasi Hills West,2197
Meghalaya,2019,Ri Bhoi,276,17,Ri-Bhoi,2198
Meghalaya,2019,East Khasi Hills,274,17,Cyber Cell,2199
Mizoram,2019,Aizawl,261,15,Aizawl,2200
Mizoram,2019,Champhai,262,15,Champhai,2201
Mizoram,2019,Kolasib,263,15,Kolasib,2202
Mizoram,2019,Lawngtlai,264,15,Lawngtlai,2203
Mizoram,2019,Lunglei,265,15,Lunglei,2204
Mizoram,2019,Mamit,266,15,Mamit,2205
Mizoram,2019,Saiha,267,15,Saiha,2206
Mizoram,2019,Serchhip,268,15,Serchhip,2207
Mizoram,2019,Aizawl,261,15,Spl Narcotic,2208
Nagaland,2019,Dimapur,244,13,Dimapur,2209
Nagaland,2019,Kiphire,614,13,Kiphire,2210
Nagaland,2019,Kohima,245,13,Kohima,2211
Nagaland,2019,Longleng,615,13,Longleng,2212
Nagaland,2019,Mokokchung,246,13,Mokokchung,2213
Nagaland,2019,Mon,247,13,Mon,2214
Nagaland,2019,Peren,613,13,Peren,2215
Nagaland,2019,Phek,248,13,Phek,2216
Nagaland,2019,Tuensang,249,13,Tuensang,2217
Nagaland,2019,Wokha,250,13,Wokha,2218
Nagaland,2019,Zunheboto,251,13,Zunheboto,2219
Odisha,2019,Anugul,344,21,Angul,2220
Odisha,2019,Baleshwar,346,21,Balasore,2221
Odisha,2019,Bargarh,347,21,Baragarh,2222
Odisha,2019,Baleshwar,346,21,Berhampur,2223
Odisha,2019,Bhadrak,348,21,Bhadrak,2224
Odisha,2019,Balangir,345,21,Bolangir,2225
Odisha,2019,Boudh,349,21,Boudh,2226
Odisha,2019,Cuttack,350,21,Cuttack,2227
Odisha,2019,Khordha,362,21,Dcp Bbsr,2228
Odisha,2019,Cuttack,350,21,Dcp Ctc,2229
Odisha,2019,Deogarh,351,21,Deogarh,2230
Odisha,2019,Dhenkanal,352,21,Dhenkanal,2231
Odisha,2019,Gajapati,353,21,Gajapati,2232
Odisha,2019,Ganjam,354,21,Ganjam,2233
Odisha,2019,Jagatsinghapur,355,21,Jagatsinghpur,2234
Odisha,2019,Jajapur,356,21,Jajpur,2235
Odisha,2019,Jharsuguda,357,21,Jharsuguda,2236
Odisha,2019,Kalahandi,358,21,Kalahandi,2237
Odisha,2019,Kandhamal,359,21,Kandhamal,2238
Odisha,2019,Kendrapara,360,21,Kendrapara,2239
Odisha,2019,Kendujhar,361,21,Keonjhar,2240
Odisha,2019,Khordha,362,21,Khurda,2241
Odisha,2019,Koraput,363,21,Koraput,2242
Odisha,2019,Malkangiri,364,21,Malkangiri,2243
Odisha,2019,Mayurbhanj,365,21,Mayurbhanj,2244
Odisha,2019,Nayagarh,367,21,Nayagarh,2245
Odisha,2019,Nabarangpur,366,21,Nabarangpur,2246
Odisha,2019,Nuapada,368,21,Nuapada,2247
Odisha,2019,Puri,369,21,Puri,2248
Odisha,2019,Rayagada,370,21,Rayagada,2249
Odisha,2019,Sundargarh,373,21,Rourkela,2250
Odisha,2019,Sambalpur,371,21,Sambalpur,2251
Odisha,2019,Sonepur,372,21,Sonepur,2252
Odisha,2019,Cuttack,350,21,Srp(Cuttack),2253
Odisha,2019,Sundargarh,373,21,Srp(Rourkela),2254
Odisha,2019,Sundargarh,373,21,Sundargarh,2255
Odisha,2019,Cuttack,350,21,Cid Cb,2256
Punjab,2019,Amritsar,27,3,Amritsar Rural,2257
Punjab,2019,Barnala,605,3,Barnala,2258
Punjab,2019,Gurdaspur,32,3,Batala,2259
Punjab,2019,Bathinda,28,3,Bathinda,2260
Punjab,2019,Amritsar,27,3,Cp Amritsar,2261
Punjab,2019,Jalandhar,34,3,Cp Jalandhar,2262
Punjab,2019,Ludhiana,36,3,Cp Ludhiana,2263
Punjab,2019,Faridkot,29,3,Faridkot,2264
Punjab,2019,Fatehgarh Sahib,30,3,Fatehgarh Sahib,2265
Punjab,2019,Fazilka,651,3,Fazilka,2266
Punjab,2019,Ferozepur,31,3,Ferozepur,2267
Punjab,2019,Patiala,41,3,Grp,2268
Punjab,2019,Gurdaspur,32,3,Gurdaspur,2269
Punjab,2019,Hoshiarpur,33,3,Hoshiarpur,2270
Punjab,2019,Jalandhar,34,3,Jalandhar Rural,2271
Punjab,2019,Kapurthala,35,3,Kapurthala,2272
Punjab,2019,Ludhiana,36,3,Khanna,2273
Punjab,2019,Ludhiana,36,3,Ludhiana Rural,2274
Punjab,2019,Mansa,37,3,Mansa,2275
Punjab,2019,Moga,38,3,Moga,2276
Punjab,2019,Sri Muktsar Sahib,39,3,Muktsar,2277
Punjab,2019,Pathankot,662,3,Pathankot,2278
Punjab,2019,Patiala,41,3,Patiala,2279
Punjab,2019,Rupnagar,42,3,Ropar,2280
Punjab,2019,Sangrur,43,3,Sangrur,2281
Punjab,2019,S.A.S Nagar,608,3,Sas Nagar,2282
Punjab,2019,Shahid Bhagat Singh Nagar,40,3,Sbs Nagar,2283
Punjab,2019,Tarn Taran,609,3,Tarn Taran,2284
Punjab,2019,S.A.S Nagar,608,3,Bureau Of Investigation,2285
Punjab,2019,S.A.S Nagar,608,3,Intelligence Wing,2286
Punjab,2019,S.A.S Nagar,608,3,Nri Wing,2287
Punjab,2019,Amritsar,27,3,Special Task Force,2288
Rajasthan,2019,Ajmer,86,8,Ajmer,2289
Rajasthan,2019,Alwar,87,8,Alwar,2290
Rajasthan,2019,Banswara,88,8,Banswara,2291
Rajasthan,2019,Baran,89,8,Baran,2292
Rajasthan,2019,Barmer,90,8,Barmer,2293
Rajasthan,2019,Bharatpur,91,8,Bharatpur,2294
Rajasthan,2019,Bhilwara,92,8,Bhilwara,2295
Rajasthan,2019,Bikaner,93,8,Bikaner,2296
Rajasthan,2019,Bundi,94,8,Bundi,2297
Rajasthan,2019,Chittorgarh,95,8,Chittorgarh,2298
Rajasthan,2019,Churu,96,8,Churu,2299
Rajasthan,2019,Dausa,97,8,Dausa,2300
Rajasthan,2019,Dholpur,98,8,Dholpur,2301
Rajasthan,2019,Dungarpur,99,8,Dungarpur,2302
Rajasthan,2019,Ajmer,86,8,Grp Ajmer,2303
Rajasthan,2019,Jodhpur,107,8,Grp Jodhpur,2304
Rajasthan,2019,Ganganagar,100,8,Ganganagar,2305
Rajasthan,2019,Hanumangarh,101,8,Hanumangarh,2306
Rajasthan,2019,Jaipur,102,8,Jaipur East,2307
Rajasthan,2019,Jaipur,102,8,Jaipur North,2308
Rajasthan,2019,Jaipur (Gramin),783,8,Jaipur Rural,2309
Rajasthan,2019,Jaipur,102,8,Jaipur South,2310
Rajasthan,2019,Jaipur,102,8,Jaipur West,2311
Rajasthan,2019,Jaisalmer,103,8,Jaisalmer,2312
Rajasthan,2019,Jalore,104,8,Jalore,2313
Rajasthan,2019,Jhalawar,105,8,Jhalawar,2314
Rajasthan,2019,Jhunjhunu,106,8,Jhunjhunu,2315
Rajasthan,2019,Jodhpur,107,8,Jodhpur East,2316
Rajasthan,2019,Jodhpur,107,8,Jodhpur West,2317
Rajasthan,2019,Jodhpur,107,8,Jodhpur Rural,2318
Rajasthan,2019,Karauli,108,8,Karauli,2319
Rajasthan,2019,Kota,109,8,Kota City,2320
Rajasthan,2019,Kota,109,8,Kota Rural,2321
Rajasthan,2019,Nagaur,110,8,Nagaur,2322
Rajasthan,2019,Pali,111,8,Pali,2323
Rajasthan,2019,Pratapgarh,629,8,Pratapgarh,2324
Rajasthan,2019,Rajsamand,112,8,Rajsamand,2325
Rajasthan,2019,Sawai Madhopur,113,8,Sawai Madhopur,2326
Rajasthan,2019,Sikar,114,8,Sikar,2327
Rajasthan,2019,Sirohi,115,8,Sirohi,2328
Rajasthan,2019,Tonk,116,8,Tonk,2329
Rajasthan,2019,Udaipur,117,8,Udaipur,2330
Rajasthan,2019,Jaipur,102,8,Jaipur Metro,2331
Rajasthan,2019,Jaipur,102,8,Scrb,2332
Rajasthan,2019,Jaipur,102,8,Sog,2333
Rajasthan,2019,Jaipur,102,8,Ssb,2334
Rajasthan,2019,Jaipur,102,8,Jaipur Crime,2335
Rajasthan,2019,Khairthal-Tijara,770,8,Bhiwadi,2336
Sikkim,2019,Gangtok,225,11,East,2337
Sikkim,2019,Mangan,226,11,North,2338
Sikkim,2019,Namchi,227,11,South,2339
Sikkim,2019,Gyalshing,228,11,West,2340
Tamil Nadu,2019,Ariyalur,610,33,Ariyalur,2341
Tamil Nadu,2019,Chennai,568,33,Chennai,2342
Tamil Nadu,2019,Coimbatore,569,33,Coimbatore,2343
Tamil Nadu,2019,Coimbatore,569,33,Coimbatore City,2344
Tamil Nadu,2019,Cuddalore,570,33,Cuddalore,2345
Tamil Nadu,2019,Dharmapuri,571,33,Dharmapuri,2346
Tamil Nadu,2019,Dindigul,572,33,Dindigul,2347
Tamil Nadu,2019,Erode,573,33,Erode,2348
Tamil Nadu,2019,Kanchipuram,574,33,Kanchipuram,2349
Tamil Nadu,2019,Kanniyakumari,575,33,Kanyakumari,2350
Tamil Nadu,2019,Karur,576,33,Karur,2351
Tamil Nadu,2019,Krishnagiri,577,33,Krishnagiri,2352
Tamil Nadu,2019,Madurai,578,33,Madurai,2353
Tamil Nadu,2019,Madurai,578,33,Madurai City,2354
Tamil Nadu,2019,Nagapattinam,579,33,Nagapattinam,2355
Tamil Nadu,2019,Namakkal,580,33,Namakkal,2356
Tamil Nadu,2019,The Nilgiris,587,33,Nilgiris,2357
Tamil Nadu,2019,Perambalur,581,33,Perambalur,2358
Tamil Nadu,2019,Pudukkottai,582,33,Pudukottai,2359
Tamil Nadu,2019,Ramanathapuram,583,33,Ramnathapuram,2360
Tamil Nadu,2019,Chennai,568,33,Railway Chennai,2361
Tamil Nadu,2019,Tiruchirappalli,591,33,Railway Trichy,2362
Tamil Nadu,2019,Salem,584,33,Salem,2363
Tamil Nadu,2019,Salem,584,33,Salem City,2364
Tamil Nadu,2019,Sivaganga,585,33,Sivagangai,2365
Tamil Nadu,2019,Thanjavur,586,33,Thanjavur,2366
Tamil Nadu,2019,Theni,588,33,Theni,2367
Tamil Nadu,2019,Tirunelveli,592,33,Thirunelveli,2368
Tamil Nadu,2019,Tirunelveli,592,33,Thirunelveli City,2369
Tamil Nadu,2019,Thiruvallur,589,33,Thiruvallur,2370
Tamil Nadu,2019,Tiruvannamalai,593,33,Thiruvannamalai,2371
Tamil Nadu,2019,Thiruvarur,590,33,Thiruvarur,2372
Tamil Nadu,2019,Tuticorin,594,33,Thoothukudi,2373
Tamil Nadu,2019,Tiruppur,634,33,Tiruppur,2374
Tamil Nadu,2019,Tiruppur,634,33,Tiruppur City,2375
Tamil Nadu,2019,Tiruchirappalli,591,33,Trichy,2376
Tamil Nadu,2019,Tiruchirappalli,591,33,Trichy City,2377
Tamil Nadu,2019,Vellore,595,33,Vellore,2378
Tamil Nadu,2019,Villupuram,596,33,Villupuram,2379
Tamil Nadu,2019,Virudhunagar,597,33,Virudhunagar,2380
Tamil Nadu,2019,Chennai,568,33,Cyber Cell,2381
Tamil Nadu,2019,Chennai,568,33,Other Units,2382
Telangana,2019,Ranga Reddy,518,36,Cyberabad Commissionerate,2383
Telangana,2019,Hyderabad,507,36,Hyderabad Commissionerate,2384
Telangana,2019,Karimnagar,508,36,Karimnagar Commissionerate,2385
Telangana,2019,Khammam,509,36,Khammam Commissionerate,2386
Telangana,2019,Nizamabad,516,36,Nizamabad Commissionerate,2387
Telangana,2019,Yadadri Bhuvanagiri,697,36,Rachakonda Commissionerate,2388
Telangana,2019,Peddapalli,682,36,Ramagundam Commissionerate,2389
Telangana,2019,Siddipet,692,36,Siddipet Commissionerate,2390
Telangana,2019,Warangal,522,36,Warangal Commissionerate,2391
Telangana,2019,Adilabad,501,36,Adilabad,2392
Telangana,2019,Bhadradri Kothagudem,690,36,Bhadradri Kothagudem,2393
Telangana,2019,Jagitial,681,36,Jagityal,2394
Telangana,2019,Jayashankar Bhupalapally,687,36,Jayashankar Bhupalpalli,2395
Telangana,2019,Jogulamba Gadwal,695,36,Jogulamba Gadwal,2396
Telangana,2019,Kamareddy,685,36,Kamareddy,2397
Telangana,2019,Kumuram Bheem Asifabad,699,36,Kumaram Bheem Asifabad,2398
Telangana,2019,Mahabubabad,688,36,Mahabubabad,2399
Telangana,2019,Mahabubnagar,512,36,Mahabubnagar,2400
Telangana,2019,Medak,513,36,Medak,2401
Telangana,2019,Nagarkurnool,694,36,Nagarkurnool,2402
Telangana,2019,Nalgonda,514,36,Nalgonda,2403
Telangana,2019,Nirmal,680,36,Nirmal,2404
Telangana,2019,Rajanna Sircilla,683,36,Rajanna Siricilla,2405
Telangana,2019,Sangareddy,691,36,Sangareddy,2406
Telangana,2019,Suryapet,696,36,Suryapet,2407
Telangana,2019,Vikarabad,698,36,Vikarabad,2408
Telangana,2019,Wanaparthy,693,36,Wanaparthy,2409
Telangana,2019,Hyderabad,507,36,Railway Police Secunderabad,2410
Telangana,2019,Mulugu,720,36,Mulug,2411
Telangana,2019,Narayanpet,721,36,Narayanpet,2412
Tripura,2019,Dhalai,269,16,Dhalai,2413
Tripura,2019,Gomati,654,16,Gomati,2414
Tripura,2019,West Tripura,272,16,Grp,2415
Tripura,2019,Khowai,652,16,Kowai,2416
Tripura,2019,North Tripura,270,16,North,2417
Tripura,2019,Sepahijala,653,16,Sipahijala,2418
Tripura,2019,South Tripura,271,16,South,2419
Tripura,2019,Unakoti,655,16,Unakoti,2420
Tripura,2019,West Tripura,272,16,West,2421
Uttar Pradesh,2019,Agra,118,9,Agra,2422
Uttar Pradesh,2019,Aligarh,119,9,Aligarh,2423
Uttar Pradesh,2019,Prayagraj,120,9,Prayagraj,2424
Uttar Pradesh,2019,Ambedkar Nagar,121,9,Ambedkar Nagar,2425
Uttar Pradesh,2019,Amethi,640,9,Amethi,2426
Uttar Pradesh,2019,Amroha,154,9,Amroha,2427
Uttar Pradesh,2019,Auraiya,122,9,Auraiya,2428
Uttar Pradesh,2019,Azamgarh,123,9,Azamgarh,2429
Uttar Pradesh,2019,Budaun,133,9,Badaun,2430
Uttar Pradesh,2019,Baghpat,124,9,Baghpat,2431
Uttar Pradesh,2019,Bahraich,125,9,Bahraich,2432
Uttar Pradesh,2019,Ballia,126,9,Ballia,2433
Uttar Pradesh,2019,Balrampur,127,9,Balrampur,2434
Uttar Pradesh,2019,Banda,128,9,Banda,2435
Uttar Pradesh,2019,Barabanki,129,9,Barabanki,2436
Uttar Pradesh,2019,Bareilly,130,9,Bareilly,2437
Uttar Pradesh,2019,Basti,131,9,Basti,2438
Uttar Pradesh,2019,Bijnor,132,9,Bijnor,2439
Uttar Pradesh,2019,Bulandshahr,134,9,Bulandshahar,2440
Uttar Pradesh,2019,Chandauli,135,9,Chandoli,2441
Uttar Pradesh,2019,Chitrakoot,136,9,Chitrakoot,2442
Uttar Pradesh,2019,Deoria,137,9,Deoria,2443
Uttar Pradesh,2019,Etah,138,9,Etah,2444
Uttar Pradesh,2019,Etawah,139,9,Etawah,2445
Uttar Pradesh,2019,Ayodhya,140,9,Ayodhya,2446
Uttar Pradesh,2019,Farrukhabad,141,9,Fatehgarh,2447
Uttar Pradesh,2019,Fatehpur,142,9,Fatehpur,2448
Uttar Pradesh,2019,Firozabad,143,9,Firozabad,2449
Uttar Pradesh,2019,Lucknow,162,9,Grp,2450
Uttar Pradesh,2019,Gautam Buddha Nagar,144,9,Gautambudh Nagar,2451
Uttar Pradesh,2019,Ghaziabad,145,9,Ghaziabad,2452
Uttar Pradesh,2019,Ghazipur,146,9,Ghazipur,2453
Uttar Pradesh,2019,Gonda,147,9,Gonda,2454
Uttar Pradesh,2019,Gorakhpur,148,9,Gorakhpur,2455
Uttar Pradesh,2019,Hamirpur,149,9,Hamirpur,2456
Uttar Pradesh,2019,Hapur,661,9,Hapur,2457
Uttar Pradesh,2019,Hardoi,150,9,Hardoi,2458
Uttar Pradesh,2019,Hathras,163,9,Hathras,2459
Uttar Pradesh,2019,Jalaun,151,9,Jalaun,2460
Uttar Pradesh,2019,Jaunpur,152,9,Jaunpur,2461
Uttar Pradesh,2019,Jhansi,153,9,Jhansi,2462
Uttar Pradesh,2019,Kannauj,155,9,Kannauj,2463
Uttar Pradesh,2019,Kanpur Dehat,156,9,Kanpur Dehat,2464
Uttar Pradesh,2019,Kanpur Nagar,157,9,Kanpur Nagar,2465
Uttar Pradesh,2019,Kasganj,633,9,Kasganj,2466
Uttar Pradesh,2019,Kaushambi,158,9,Kaushambi,2467
Uttar Pradesh,2019,Kheri,159,9,Khiri,2468
Uttar Pradesh,2019,Kushi Nagar,160,9,Kushi Nagar,2469
Uttar Pradesh,2019,Lalitpur,161,9,Lalitpur,2470
Uttar Pradesh,2019,Lucknow,162,9,Lucknow,2471
Uttar Pradesh,2019,Maharajganj,164,9,Maharajganj,2472
Uttar Pradesh,2019,Mahoba,165,9,Mahoba,2473
Uttar Pradesh,2019,Mainpuri,166,9,Mainpuri,2474
Uttar Pradesh,2019,Mathura,167,9,Mathura,2475
Uttar Pradesh,2019,Mau,168,9,Mau,2476
Uttar Pradesh,2019,Meerut,169,9,Meerut,2477
Uttar Pradesh,2019,Mirzapur,170,9,Mirzapur,2478
Uttar Pradesh,2019,Moradabad,171,9,Moradabad,2479
Uttar Pradesh,2019,Muzaffarnagar,172,9,Muzaffarnagar,2480
Uttar Pradesh,2019,Pilibhit,173,9,Pilibhit,2481
Uttar Pradesh,2019,Pratapgarh,174,9,Pratapgarh,2482
Uttar Pradesh,2019,Rae Bareli,175,9,Raibareilly,2483
Uttar Pradesh,2019,Rampur,176,9,Rampur,2484
Uttar Pradesh,2019,Saharanpur,177,9,Saharanpur,2485
Uttar Pradesh,2019,Sambhal,659,9,Sambhal,2486
Uttar Pradesh,2019,Sant Kabeer Nagar,178,9,Sant Kabirnagar,2487
Uttar Pradesh,2019,Shahjahanpur,180,9,Shahjahanpur,2488
Uttar Pradesh,2019,Shamli,660,9,Shamli,2489
Uttar Pradesh,2019,Shravasti,181,9,Shrawasti,2490
Uttar Pradesh,2019,Siddharth Nagar,182,9,Sidharthnagar,2491
Uttar Pradesh,2019,Sitapur,183,9,Sitapur,2492
Uttar Pradesh,2019,Sonbhadra,184,9,Sonbhadra,2493
Uttar Pradesh,2019,Bhadohi,179,9,Bhadohi,2494
Uttar Pradesh,2019,Sultanpur,185,9,Sultanpur,2495
Uttar Pradesh,2019,Unnao,186,9,Unnao,2496
Uttar Pradesh,2019,Varanasi,187,9,Varanasi,2497
Uttarakhand,2019,Almora,45,5,Almora,2498
Uttarakhand,2019,Bageshwar,46,5,Bageshwar,2499
Uttarakhand,2019,Chamoli,47,5,Chamoli,2500
Uttarakhand,2019,Champawat,48,5,Champawat,2501
Uttarakhand,2019,Dehradun,49,5,Dehradun,2502
Uttarakhand,2019,Haridwar,50,5,Haridwar,2503
Uttarakhand,2019,Nainital,51,5,Nainital,2504
Uttarakhand,2019,Pauri Garhwal,52,5,Pauri Garhwal,2505
Uttarakhand,2019,Pithoragarh,53,5,Pithoragarh,2506
Uttarakhand,2019,Rudra Prayag,54,5,Rudra Prayag,2507
Uttarakhand,2019,Tehri Garhwal,55,5,Tehri Garhwal,2508
Uttarakhand,2019,Udam Singh Nagar,56,5,Udhamsingh Nagar,2509
Uttarakhand,2019,Uttar Kashi,57,5,Uttarkashi,2510
Uttarakhand,2019,Dehradun,49,5,Grp,2511
West Bengal,2019,Alipurduar,664,19,Alipurduar,2512
West Bengal,2019,Paschim Bardhaman,704,19,Asansol-Durgapur Pc,2513
West Bengal,2019,Bankura,305,19,Bankura,2514
West Bengal,2019,24 Paraganas North,303,19,Barrackpur Pc,2515
West Bengal,2019,24 Paraganas North,303,19,Bidhannagar Pc,2516
West Bengal,2019,Birbhum,307,19,Birbhum,2517
West Bengal,2019,Coochbehar,308,19,Coochbehar,2518
West Bengal,2019,Dinajpur Dakshin,310,19,Dakshin Dinajpur,2519
West Bengal,2019,Darjeeling,309,19,Darjeeling,2520
West Bengal,2019,Hooghly,312,19,Hooghly Rural Police,2521
West Bengal,2019,Howrah,313,19,Howrah Grp,2522
West Bengal,2019,Howrah,313,19,Howrah Pc,2523
West Bengal,2019,Howrah,313,19,Howrah Rural,2524
West Bengal,2019,Jalpaiguri,314,19,Jalpaiguri,2525
West Bengal,2019,Jhargram,703,19,Jhargram,2526
West Bengal,2019,Medinipur West,318,19,Kharagpur Grp,2527
West Bengal,2019,Kolkata,315,19,Kolkata,2528
West Bengal,2019,Maldah,316,19,Malda,2529
West Bengal,2019,Murshidabad,319,19,Murshidabad,2530
West Bengal,2019,Nadia,320,19,Nadia,2531
West Bengal,2019,Medinipur West,318,19,Paschim Medinipur,2532
West Bengal,2019,Medinipur East,317,19,Purab Medinipur,2533
West Bengal,2019,Purulia,321,19,Purulia,2534
West Bengal,2019,Kolkata,315,19,Sealdah Grp,2535
West Bengal,2019,Darjeeling,309,19,Siliguri Grp,2536
West Bengal,2019,Darjeeling,309,19,Siliguri Pc,2537
West Bengal,2019,Dinajpur Uttar,311,19,Uttar Dinajpur,2538
West Bengal,2019,24 Paraganas South,304,19,Baruipur Police,2539
West Bengal,2019,Hooghly,312,19,Chandannagar Pc,2540
West Bengal,2019,24 Paraganas South,304,19,Diamond Harbour Police,2541
West Bengal,2019,Kalimpong,702,19,Kalimpong,2542
West Bengal,2019,Purba Bardhaman,306,19,Purba Bardhaman,2543
West Bengal,2019,24 Paraganas South,304,19,Sundarban Police,2544
West Bengal,2019,24 Paraganas North,303,19,Barasat,2545
West Bengal,2019,24 Paraganas North,303,19,Basirhat,2546
Andaman And Nicobar Islands,2019,South Andamans,602,35,South Andaman,2547
Andaman And Nicobar Islands,2019,North And Middle Andaman,632,35,North And Middle Andaman,2548
Andaman And Nicobar Islands,2019,Nicobars,603,35,Nicobar,2549
Chandigarh,2019,Chandigarh,44,4,Chandigarh,2550
The Dadra And Nagar Haveli And Daman And Diu,2019,Dadra And Nagar Haveli,465,38,Dadra And Nagar Haveli,2551
The Dadra And Nagar Haveli And Daman And Diu,2019,Daman,463,38,Daman,2552
The Dadra And Nagar Haveli And Daman And Diu,2019,Diu,464,38,Diu,2553
Delhi,2019,Central,77,7,Central,2554
Delhi,2019,North West,82,7,Crime Branch,2555
Delhi,2019,East,78,7,East,2556
Delhi,2019,New Delhi,79,7,Eow,2557
Delhi,2019,New Delhi,79,7,Igi Airport,2558
Delhi,2019,North West,82,7,Metro,2559
Delhi,2019,New Delhi,79,7,New Delhi,2560
Delhi,2019,North,80,7,North,2561
Delhi,2019,North East,81,7,North-East,2562
Delhi,2019,North West,82,7,North-West,2563
Delhi,2019,North West,82,7,Outer,2564
Delhi,2019,New Delhi,79,7,Railway,2565
Delhi,2019,South,83,7,South,2566
Delhi,2019,South East,670,7,South-East,2567
Delhi,2019,South West,84,7,South-West,2568
Delhi,2019,North West,82,7,Spl Cell,2569
Delhi,2019,New Delhi,79,7,Spuwac,2570
Delhi,2019,New Delhi,79,7,Vigilance,2571
Delhi,2019,West,85,7,West,2572
Delhi,2019,North West,82,7,Rohini,2573
Delhi,2019,Shahdara,671,7,Shahdara,2574
Delhi,2019,South West,84,7,Dwarka,2575
Delhi,2019,New Delhi,79,7,Outer North,2576
Lakshadweep,2019,Lakshadweep District,553,31,Lakshadweep,2577
Puducherry,2019,Karaikal,598,34,Karaikal,2578
Puducherry,2019,Pondicherry,600,34,Puducherry,2579
Andhra Pradesh,2020,Anantapur,502,28,Anantapur,2580
Andhra Pradesh,2020,Chittoor,503,28,Chittoor,2581
Andhra Pradesh,2020,Y.S.R.,504,28,Cuddapah,2582
Andhra Pradesh,2020,East Godavari,505,28,East Godavari,2583
Andhra Pradesh,2020,Anantapur,502,28,Guntakal Railway,2584
Andhra Pradesh,2020,Guntur,506,28,Guntur,2585
Andhra Pradesh,2020,Guntur,506,28,Guntur Urban,2586
Andhra Pradesh,2020,Krishna,510,28,Krishna,2587
Andhra Pradesh,2020,Kurnool,511,28,Kurnool,2588
Andhra Pradesh,2020,Spsr Nellore,515,28,Nellore,2589
Andhra Pradesh,2020,Prakasam,517,28,Prakasham,2590
Andhra Pradesh,2020,East Godavari,505,28,Rajahmundry,2591
Andhra Pradesh,2020,Srikakulam,519,28,Srikakulam,2592
Andhra Pradesh,2020,Tirupati,752,28,Tirupathi Urban,2593
Andhra Pradesh,2020,Ntr,749,28,Vijayawada City,2594
Andhra Pradesh,2020,Ntr,749,28,Vijayawada Railway,2595
Andhra Pradesh,2020,Visakhapatanam,520,28,Visakha Rural,2596
Andhra Pradesh,2020,Visakhapatanam,520,28,Visakhapatnam,2597
Andhra Pradesh,2020,Vizianagaram,521,28,Vizianagaram,2598
Andhra Pradesh,2020,West Godavari,523,28,West Godavari,2599
Arunachal Pradesh,2020,Anjaw,628,12,Anjaw,2600
Arunachal Pradesh,2020,Changlang,229,12,Changlang,2601
Arunachal Pradesh,2020,Papum Pare,237,12,Crime Branch,2602
Arunachal Pradesh,2020,Dibang Valley,230,12,Dibang Valley,2603
Arunachal Pradesh,2020,East Kameng,231,12,Kameng East,2604
Arunachal Pradesh,2020,West Kameng,242,12,Kameng West,2605
Arunachal Pradesh,2020,Kurung Kumey,233,12,Kurung Kumey,2606
Arunachal Pradesh,2020,Lohit,234,12,Lohit,2607
Arunachal Pradesh,2020,Longding,666,12,Longding,2608
Arunachal Pradesh,2020,Lower Dibang Valley,235,12,Lower Dibang Valley,2609
Arunachal Pradesh,2020,Papum Pare,237,12,Papum Pare City,2610
Arunachal Pradesh,2020,Papum Pare,237,12,Papum Pare Rural,2611
Arunachal Pradesh,2020,East Siang,232,12,Siang East,2612
Arunachal Pradesh,2020,Upper Siang,240,12,Siang Upper,2613
Arunachal Pradesh,2020,West Siang,243,12,Siang West,2614
Arunachal Pradesh,2020,Lower Subansiri,236,12,Subansiri Lower,2615
Arunachal Pradesh,2020,Upper Subansiri,241,12,Subansiri Upper,2616
Arunachal Pradesh,2020,Tawang,238,12,Tawang,2617
Arunachal Pradesh,2020,Tirap,239,12,Tirap,2618
Arunachal Pradesh,2020,Namsai,678,12,Namsai,2619
Arunachal Pradesh,2020,Siang,679,12,Siang,2620
Arunachal Pradesh,2020,Kamle,718,12,Kamle,2621
Arunachal Pradesh,2020,Kra Daadi,677,12,Kra Dadi,2622
Arunachal Pradesh,2020,Lower Siang,719,12,Lower Siang,2623
Arunachal Pradesh,2020,Leparada,724,12,Leparada,2624
Arunachal Pradesh,2020,Shi Yomi,725,12,Shiyomi,2625
Arunachal Pradesh,2020,Pakke Kessang,723,12,Pakkessang,2626
Assam,2020,Kamrup Metro,618,18,Bieo,2627
Assam,2020,Barpeta,280,18,Barpeta,2628
Assam,2020,Baksa,616,18,Baksa,2629
Assam,2020,Bongaigaon,281,18,Bongaigaon,2630
Assam,2020,Kamrup Metro,618,18,Cid,2631
Assam,2020,Cachar,282,18,Cachar,2632
Assam,2020,Chirang,612,18,Chirang,2633
Assam,2020,Darrang,283,18,Darrang,2634
Assam,2020,Dhemaji,284,18,Dhemaji,2635
Assam,2020,Dhubri,285,18,Dhubri,2636
Assam,2020,Dibrugarh,286,18,Dibrugarh,2637
Assam,2020,Kamrup Metro,618,18,Grp,2638
Assam,2020,Goalpara,287,18,Goalpara,2639
Assam,2020,Golaghat,288,18,Golaghat,2640
Assam,2020,Kamrup Metro,618,18,Guwahati City,2641
Assam,2020,Hailakandi,289,18,Hailakandi,2642
Assam,2020,West Karbi Anglong,710,18,Hamren,2643
Assam,2020,Jorhat,290,18,Jorhat,2644
Assam,2020,Kamrup,291,18,Kamrup,2645
Assam,2020,Karbi Anglong,292,18,Karbi Anglong,2646
Assam,2020,Karimganj,293,18,Karimganj,2647
Assam,2020,Kokrajhar,294,18,Kokrajhar,2648
Assam,2020,Lakhimpur,295,18,Lakhimpur,2649
Assam,2020,Marigaon,296,18,Morigaon,2650
Assam,2020,Dima Hasao,299,18,Dima Hasao,2651
Assam,2020,Nagaon,297,18,Nagaon,2652
Assam,2020,Nalbari,298,18,Nalbari,2653
Assam,2020,Kamrup Metro,618,18,Rpo,2654
Assam,2020,Kamrup Metro,618,18,Sou,2655
Assam,2020,Kamrup Metro,618,18,Stf,2656
Assam,2020,Sivasagar,300,18,Sibsagar,2657
Assam,2020,Sonitpur,301,18,Sonitpur,2658
Assam,2020,Tinsukia,302,18,Tinsukia,2659
Assam,2020,Udalguri,617,18,Udalguri,2660
Assam,2020,Tinsukia,302,18,Sadia,2661
Assam,2020,Majuli,706,18,Majuli,2662
Assam,2020,Biswanath,705,18,Biswanath,2663
Assam,2020,Hojai,709,18,Hojai,2664
Assam,2020,South Salmara Mancachar,707,18,South Salmara,2665
Assam,2020,Charaideo,708,18,Charaideo,2666
Bihar,2020,Araria,188,10,Araria,2667
Bihar,2020,Arwal,611,10,Arwal,2668
Bihar,2020,Aurangabad,189,10,Aurangabad,2669
Bihar,2020,Pashchim Champaran,211,10,Bagaha,2670
Bihar,2020,Banka,190,10,Banka,2671
Bihar,2020,Begusarai,191,10,Begusarai,2672
Bihar,2020,Pashchim Champaran,211,10,Bettiah,2673
Bihar,2020,Kaimur (Bhabua),200,10,Bhabhua,2674
Bihar,2020,Bhagalpur,192,10,Bhagalpur,2675
Bihar,2020,Bhojpur,193,10,Bhojpur,2676
Bihar,2020,Buxar,194,10,Buxar,2677
Bihar,2020,Darbhanga,195,10,Darbhanga,2678
Bihar,2020,Gaya,196,10,Gaya,2679
Bihar,2020,Gopalganj,197,10,Gopalganj,2680
Bihar,2020,Munger,207,10,Jamalpur Railway,2681
Bihar,2020,Jamui,198,10,Jamui,2682
Bihar,2020,Jehanabad,199,10,Jehanabad,2683
Bihar,2020,Katihar,201,10,Katihar,2684
Bihar,2020,Katihar,201,10,Katihar Railway,2685
Bihar,2020,Khagaria,202,10,Khagaria,2686
Bihar,2020,Kishanganj,203,10,Kishanganj,2687
Bihar,2020,Lakhisarai,204,10,Lakhisarai,2688
Bihar,2020,Madhepura,205,10,Madhepura,2689
Bihar,2020,Madhubani,206,10,Madhubani,2690
Bihar,2020,Purbi Champaran,213,10,Motihari,2691
Bihar,2020,Munger,207,10,Munger,2692
Bihar,2020,Muzaffarpur,208,10,Muzaffarpur,2693
Bihar,2020,Muzaffarpur,208,10,Muzaffarpur Railway,2694
Bihar,2020,Nalanda,209,10,Nalanda,2695
Bihar,2020,Bhagalpur,192,10,Naugachia,2696
Bihar,2020,Nawada,210,10,Nawadah,2697
Bihar,2020,Patna,212,10,Patna,2698
Bihar,2020,Patna,212,10,Patna Railway,2699
Bihar,2020,Purnia,214,10,Purnea,2700
Bihar,2020,Rohtas,215,10,Rohtas,2701
Bihar,2020,Saharsa,216,10,Saharsa,2702
Bihar,2020,Samastipur,217,10,Samastipur,2703
Bihar,2020,Saran,218,10,Saran,2704
Bihar,2020,Sheikhpura,219,10,Sheikhpura,2705
Bihar,2020,Sheohar,220,10,Sheohar,2706
Bihar,2020,Sitamarhi,221,10,Sitamarhi,2707
Bihar,2020,Siwan,222,10,Siwan,2708
Bihar,2020,Supaul,223,10,Supaul,2709
Bihar,2020,Vaishali,224,10,Vaishali,2710
Bihar,2020,Patna,212,10,Economic Offences Unit,2711
Bihar,2020,Patna,212,10,Anti Terrorist Squad,2712
Chhattisgarh,2020,Balod,646,22,Balod,2713
Chhattisgarh,2020,Baloda Bazar,644,22,Balodbazar,2714
Chhattisgarh,2020,Balrampur,649,22,Balrampur,2715
Chhattisgarh,2020,Bemetara,650,22,Bemetra,2716
Chhattisgarh,2020,Bilaspur,375,22,Bilaspur,2717
Chhattisgarh,2020,Bijapur,636,22,Bizapur,2718
Chhattisgarh,2020,Dantewada,376,22,Dantewara,2719
Chhattisgarh,2020,Dhamtari,377,22,Dhamtari,2720
Chhattisgarh,2020,Durg,378,22,Durg,2721
Chhattisgarh,2020,Gariyaband,645,22,Gariyaband,2722
Chhattisgarh,2020,Raipur,387,22,Grp Raipur,2723
Chhattisgarh,2020,Bastar,374,22,Jagdalpur,2724
Chhattisgarh,2020,Janjgir-Champa,379,22,Janjgir,2725
Chhattisgarh,2020,Jashpur,380,22,Jashpur,2726
Chhattisgarh,2020,Kabirdham,382,22,Kabirdham,2727
Chhattisgarh,2020,Kanker,381,22,Kanker,2728
Chhattisgarh,2020,Kondagaon,643,22,Kondagaon,2729
Chhattisgarh,2020,Korba,383,22,Korba,2730
Chhattisgarh,2020,Korea,384,22,Koriya,2731
Chhattisgarh,2020,Mahasamund,385,22,Mahasamund,2732
Chhattisgarh,2020,Mungeli,647,22,Mungali,2733
Chhattisgarh,2020,Narayanpur,637,22,Narayanpur,2734
Chhattisgarh,2020,Raigarh,386,22,Raigarh,2735
Chhattisgarh,2020,Raipur,387,22,Raipur,2736
Chhattisgarh,2020,Rajnandgaon,388,22,Rajnandgaon,2737
Chhattisgarh,2020,Surguja,389,22,Sarguja,2738
Chhattisgarh,2020,Sukma,642,22,Sukma,2739
Chhattisgarh,2020,Surajpur,648,22,Surajpur,2740
Chhattisgarh,2020,Gaurella Pendra Marwahi,734,22,Gaurela-Pendra-Marwari,2741
Goa,2020,North Goa,551,30,North Goa,2742
Goa,2020,South Goa,552,30,South Goa,2743
Goa,2020,North Goa,551,30,Cid,2744
Gujarat,2020,Ahmadabad,438,24,Ahmedabad City,2745
Gujarat,2020,Ahmadabad,438,24,Ahmedabad Rural,2746
Gujarat,2020,Amreli,439,24,Amreli,2747
Gujarat,2020,Anand,440,24,Anand,2748
Gujarat,2020,Arvalli,672,24,Arvalli,2749
Gujarat,2020,Banas Kantha,441,24,Banaskantha,2750
Gujarat,2020,Bharuch,442,24,Bharuch,2751
Gujarat,2020,Bhavnagar,443,24,Bhavnagar,2752
Gujarat,2020,Botad,676,24,Botad,2753
Gujarat,2020,Chhotaudepur,668,24,Chhotaudepur,2754
Gujarat,2020,Gandhinagar,446,24,Cid Crime,2755
Gujarat,2020,Dohad,445,24,Dahod,2756
Gujarat,2020,Dang,444,24,Dang,2757
Gujarat,2020,Devbhumi Dwarka,674,24,Devbhumi Dwarka,2758
Gujarat,2020,Gandhinagar,446,24,Gandhinagar,2759
Gujarat,2020,Gir Somnath,675,24,Gir Somnath,2760
Gujarat,2020,Jamnagar,447,24,Jamnagar,2761
Gujarat,2020,Junagadh,448,24,Junagadh,2762
Gujarat,2020,Kachchh,449,24,Kachchh East(G),2763
Gujarat,2020,Kachchh,449,24,Kachchh West(B),2764
Gujarat,2020,Kheda,450,24,Kheda,2765
Gujarat,2020,Mahisagar,669,24,Mahisagar,2766
Gujarat,2020,Mahesana,451,24,Mehsana,2767
Gujarat,2020,Morbi,673,24,Morbi,2768
Gujarat,2020,Narmada,452,24,Narmada,2769
Gujarat,2020,Navsari,453,24,Navsari,2770
Gujarat,2020,Panch Mahals,454,24,Panchmahal,2771
Gujarat,2020,Patan,455,24,Patan,2772
Gujarat,2020,Porbandar,456,24,Porbandar,2773
Gujarat,2020,Rajkot,457,24,Rajkot City,2774
Gujarat,2020,Rajkot,457,24,Rajkot Rural,2775
Gujarat,2020,Sabar Kantha,458,24,Sabarkantha,2776
Gujarat,2020,Surat,459,24,Surat City,2777
Gujarat,2020,Surat,459,24,Surat Rural,2778
Gujarat,2020,Surendranagar,460,24,Surendranagar,2779
Gujarat,2020,Tapi,641,24,Tapi,2780
Gujarat,2020,Vadodara,461,24,Vadodara City,2781
Gujarat,2020,Vadodara,461,24,Vadodara Rural,2782
Gujarat,2020,Valsad,462,24,Valsad,2783
Gujarat,2020,Ahmadabad,438,24,W.Rly Ahmedabad,2784
Gujarat,2020,Vadodara,461,24,W.Rly Vadodara,2785
Gujarat,2020,Ahmadabad,438,24,Cyber Ahmedabad Range,2786
Gujarat,2020,Bhavnagar,443,24,Cyber Bhavnagar Range,2787
Gujarat,2020,Cyber Border Range,9999,24,Cyber Border Range,2788
Gujarat,2020,Gandhinagar,446,24,Cyber Gandhinagar Range,2789
Gujarat,2020,Junagadh,448,24,Cyber Junagadh Range,2790
Gujarat,2020,Panch Mahals,454,24,Cyber Panchmahal Range,2791
Gujarat,2020,Rajkot,457,24,Cyber Rajkot Range,2792
Gujarat,2020,Surat,459,24,Cyber Surat Range,2793
Gujarat,2020,Vadodara,461,24,Cyber Vadodara Range,2794
Haryana,2020,Ambala,58,6,Ambala,2795
Haryana,2020,Bhiwani,59,6,Bhiwani,2796
Haryana,2020,Faridabad,60,6,Faridabad,2797
Haryana,2020,Fatehabad,61,6,Fatehabad,2798
Haryana,2020,Ambala,58,6,Grp,2799
Haryana,2020,Gurugram,62,6,Gurugram,2800
Haryana,2020,Hisar,63,6,Hissar,2801
Haryana,2020,Jhajjar,64,6,Jhajjar,2802
Haryana,2020,Jind,65,6,Jind,2803
Haryana,2020,Kaithal,66,6,Kaithal,2804
Haryana,2020,Karnal,67,6,Karnal,2805
Haryana,2020,Kurukshetra,68,6,Kurukshetra,2806
Haryana,2020,Mahendragarh,69,6,Mahendergarh,2807
Haryana,2020,Nuh,604,6,Nuh,2808
Haryana,2020,Palwal,619,6,Palwal,2809
Haryana,2020,Panchkula,70,6,Panchkula,2810
Haryana,2020,Panipat,71,6,Panipat,2811
Haryana,2020,Rewari,72,6,Rewari,2812
Haryana,2020,Rohtak,73,6,Rohtak,2813
Haryana,2020,Sirsa,74,6,Sirsa,2814
Haryana,2020,Sonipat,75,6,Sonipat,2815
Haryana,2020,Yamunanagar,76,6,Yamunanagar,2816
Haryana,2020,Gurugram,62,6,Irrigation And Power,2817
Haryana,2020,Charki Dadri,701,6,Charkhi Dadri,2818
Haryana,2020,Hisar,63,6,Hansi,2819
Himachal Pradesh,2020,Solan,25,2,Baddi,2820
Himachal Pradesh,2020,Bilaspur,15,2,Bilaspur,2821
Himachal Pradesh,2020,Chamba,16,2,Chamba,2822
Himachal Pradesh,2020,Shimla,23,2,Cid,2823
Himachal Pradesh,2020,Shimla,23,2,Grp,2824
Himachal Pradesh,2020,Hamirpur,17,2,Hamirpur,2825
Himachal Pradesh,2020,Kangra,18,2,Kangra,2826
Himachal Pradesh,2020,Kinnaur,19,2,Kinnaur,2827
Himachal Pradesh,2020,Kullu,20,2,Kullu,2828
Himachal Pradesh,2020,Lahul And Spiti,21,2,Lahaul And Spiti,2829
Himachal Pradesh,2020,Mandi,22,2,Mandi,2830
Himachal Pradesh,2020,Shimla,23,2,Shimla,2831
Himachal Pradesh,2020,Sirmaur,24,2,Sirmaur,2832
Himachal Pradesh,2020,Solan,25,2,Solan,2833
Himachal Pradesh,2020,Una,26,2,Una,2834
Himachal Pradesh,2020,Shimla,23,2,Cyber,2835
Jammu And Kashmir,2020,Anantnag,1,1,Anantnag,2836
Jammu And Kashmir,2020,Pulwama,11,1,Awantipora,2837
Jammu And Kashmir,2020,Bandipora,623,1,Bandipora,2838
Jammu And Kashmir,2020,Baramulla,3,1,Baramulla,2839
Jammu And Kashmir,2020,Budgam,2,1,Budgam,2840
Jammu And Kashmir,2020,Jammu,5,1,Crime Jammu,2841
Jammu And Kashmir,2020,Jammu,5,1,Crime Srinagar,2842
Jammu And Kashmir,2020,Doda,4,1,Doda,2843
Jammu And Kashmir,2020,Ganderbal,626,1,Ganderbal,2844
Jammu And Kashmir,2020,Kupwara,8,1,Handwara,2845
Jammu And Kashmir,2020,Jammu,5,1,Jammu,2846
Jammu And Kashmir,2020,Kathua,7,1,Kathua,2847
Jammu And Kashmir,2020,Kishtwar,620,1,Kishtwar,2848
Jammu And Kashmir,2020,Kulgam,622,1,Kulgam,2849
Jammu And Kashmir,2020,Kupwara,8,1,Kupwara,2850
Jammu And Kashmir,2020,Poonch,10,1,Poonch,2851
Jammu And Kashmir,2020,Pulwama,11,1,Pulwama,2852
Jammu And Kashmir,2020,Jammu,5,1,Railways Jammu,2853
Jammu And Kashmir,2020,Jammu,5,1,Railways Kashmir,2854
Jammu And Kashmir,2020,Reasi,627,1,Railways Katra,2855
Jammu And Kashmir,2020,Rajouri,12,1,Rajouri,2856
Jammu And Kashmir,2020,Ramban,621,1,Ramban,2857
Jammu And Kashmir,2020,Reasi,627,1,Reasi,2858
Jammu And Kashmir,2020,Samba,624,1,Samba,2859
Jammu And Kashmir,2020,Shopian,625,1,Shopian,2860
Jammu And Kashmir,2020,Baramulla,3,1,Sopore,2861
Jammu And Kashmir,2020,Srinagar,13,1,Srinagar,2862
Jammu And Kashmir,2020,Udhampur,14,1,Udhampur,2863
Jharkhand,2020,Bokaro,322,20,Bokaro,2864
Jharkhand,2020,West Singhbhum,343,20,Chaibasa,2865
Jharkhand,2020,Chatra,323,20,Chatra,2866
Jharkhand,2020,Deoghar,324,20,Deoghar,2867
Jharkhand,2020,Dhanbad,325,20,Dhanbad,2868
Jharkhand,2020,Dhanbad,325,20,Dhanbad Railway,2869
Jharkhand,2020,Dumka,326,20,Dumka,2870
Jharkhand,2020,Garhwa,328,20,Garhwa,2871
Jharkhand,2020,Giridih,329,20,Giridih,2872
Jharkhand,2020,Godda,330,20,Godda,2873
Jharkhand,2020,Gumla,331,20,Gumla,2874
Jharkhand,2020,Hazaribagh,332,20,Hazaribagh,2875
Jharkhand,2020,East Singhbum,327,20,Jamshedpur,2876
Jharkhand,2020,East Singhbum,327,20,Jamshedpur Railway,2877
Jharkhand,2020,Jamtara,333,20,Jamtara,2878
Jharkhand,2020,Khunti,606,20,Khunti,2879
Jharkhand,2020,Koderma,334,20,Koderma,2880
Jharkhand,2020,Latehar,335,20,Latehar,2881
Jharkhand,2020,Lohardaga,336,20,Lohardagga,2882
Jharkhand,2020,Pakur,337,20,Pakur,2883
Jharkhand,2020,Palamu,338,20,Palamu,2884
Jharkhand,2020,Ramgarh,607,20,Ramgarh,2885
Jharkhand,2020,Ranchi,339,20,Ranchi,2886
Jharkhand,2020,Sahebganj,340,20,Sahebganj,2887
Jharkhand,2020,Saraikela Kharsawan,341,20,Saraikela,2888
Jharkhand,2020,Simdega,342,20,Simdega,2889
Karnataka,2020,Bagalkote,524,29,Bagalkot,2890
Karnataka,2020,Bengaluru Urban,525,29,Bengaluru City,2891
Karnataka,2020,Bengaluru Urban,525,29,Bengaluru District,2892
Karnataka,2020,Belagavi,527,29,Belagavi District,2893
Karnataka,2020,Ballari,528,29,Ballari,2894
Karnataka,2020,Bidar,529,29,Bidar,2895
Karnataka,2020,Vijayapura,530,29,Vijayapura,2896
Karnataka,2020,Chikkaballapura,630,29,Chikkaballapura,2897
Karnataka,2020,Chamarajanagara,531,29,Chamarajnagar,2898
Karnataka,2020,Chikkamagaluru,532,29,Chikkamagaluru,2899
Karnataka,2020,Chitradurga,533,29,Chitradurga,2900
Karnataka,2020,Dakshina Kannada,534,29,Dakshina Kannada,2901
Karnataka,2020,Davangere,535,29,Davanagere,2902
Karnataka,2020,Dharwad,536,29,Dharwad,2903
Karnataka,2020,Gadag,537,29,Gadag,2904
Karnataka,2020,Kalaburagi,538,29,Kalaburgi,2905
Karnataka,2020,Hassan,539,29,Hassan,2906
Karnataka,2020,Haveri,540,29,Haveri,2907
Karnataka,2020,Dharwad,536,29,Hubballi Dharwad City,2908
Karnataka,2020,Belagavi,527,29,K.G.F.,2909
Karnataka,2020,Kodagu,541,29,Kodagu,2910
Karnataka,2020,Kolar,542,29,Kolar,2911
Karnataka,2020,Koppal,543,29,Koppal,2912
Karnataka,2020,Mandya,544,29,Mandya,2913
Karnataka,2020,Dakshina Kannada,534,29,Mangaluru City,2914
Karnataka,2020,Mysuru,545,29,Mysuru City,2915
Karnataka,2020,Mysuru,545,29,Mysuru District,2916
Karnataka,2020,Raichur,546,29,Raichur,2917
Karnataka,2020,Bengaluru Urban,525,29,K.Railways,2918
Karnataka,2020,Ramanagara,631,29,Ramanagara,2919
Karnataka,2020,Shivamogga,547,29,Shimoga,2920
Karnataka,2020,Tumakuru,548,29,Tumakuru,2921
Karnataka,2020,Udupi,549,29,Udupi,2922
Karnataka,2020,Uttara Kannada,550,29,Uttara Kannada,2923
Karnataka,2020,Yadgir,635,29,Yadgiri,2924
Karnataka,2020,Belagavi,527,29,Belagavi City,2925
Karnataka,2020,Kalaburagi,538,29,Kalaburgi City,2926
Kerala,2020,Alappuzha,554,32,Alapuzha,2927
Kerala,2020,Ernakulam,555,32,Ernakulam Commr.,2928
Kerala,2020,Ernakulam,555,32,Ernakulam Rural,2929
Kerala,2020,Idukki,556,32,Idukki,2930
Kerala,2020,Kannur,557,32,Kannur,2931
Kerala,2020,Kasaragod,558,32,Kasargod,2932
Kerala,2020,Kollam,559,32,Kollam Commr.,2933
Kerala,2020,Kollam,559,32,Kollam Rural,2934
Kerala,2020,Kottayam,560,32,Kottayam,2935
Kerala,2020,Kozhikode,561,32,Kozhikode Commr.,2936
Kerala,2020,Kozhikode,561,32,Kozhikode Rural,2937
Kerala,2020,Malappuram,562,32,Malappuram,2938
Kerala,2020,Palakkad,563,32,Palakkad,2939
Kerala,2020,Pathanamthitta,564,32,Pathanamthitta,2940
Kerala,2020,Thiruvananthapuram,565,32,Railways,2941
Kerala,2020,Thrissur,566,32,Thrissur Commr.,2942
Kerala,2020,Thrissur,566,32,Thrissur Rural,2943
Kerala,2020,Thiruvananthapuram,565,32,Trivandrum Commr.,2944
Kerala,2020,Thiruvananthapuram,565,32,Trivandrum Rural,2945
Kerala,2020,Wayanad,567,32,Wayanadu,2946
Kerala,2020,Thiruvananthapuram,565,32,Crime Branch,2947
Madhya Pradesh,2020,Agar Malwa,667,23,Agar,2948
Madhya Pradesh,2020,Alirajpur,639,23,Alirajpur,2949
Madhya Pradesh,2020,Anuppur,390,23,Anuppur,2950
Madhya Pradesh,2020,Ashoknagar,391,23,Ashok Nagar,2951
Madhya Pradesh,2020,Balaghat,392,23,Balaghat,2952
Madhya Pradesh,2020,Barwani,393,23,Barwani,2953
Madhya Pradesh,2020,Betul,394,23,Betul,2954
Madhya Pradesh,2020,Bhind,395,23,Bhind,2955
Madhya Pradesh,2020,Bhopal,396,23,Bhopal,2956
Madhya Pradesh,2020,Bhopal,396,23,Bhopal Railway,2957
Madhya Pradesh,2020,Burhanpur,397,23,Burhanpur,2958
Madhya Pradesh,2020,Chhatarpur,398,23,Chhatarpur,2959
Madhya Pradesh,2020,Chhindwara,399,23,Chhindwara,2960
Madhya Pradesh,2020,Damoh,400,23,Damoh,2961
Madhya Pradesh,2020,Datia,401,23,Datia,2962
Madhya Pradesh,2020,Dewas,402,23,Dewas,2963
Madhya Pradesh,2020,Dhar,403,23,Dhar,2964
Madhya Pradesh,2020,Dindori,404,23,Dindori,2965
Madhya Pradesh,2020,Guna,406,23,Guna,2966
Madhya Pradesh,2020,Gwalior,407,23,Gwalior,2967
Madhya Pradesh,2020,Harda,408,23,Harda,2968
Madhya Pradesh,2020,Narmadapuram,409,23,Hoshangabad,2969
Madhya Pradesh,2020,Indore,410,23,Indore,2970
Madhya Pradesh,2020,Indore,410,23,Indore Railway,2971
Madhya Pradesh,2020,Jabalpur,411,23,Jabalpur,2972
Madhya Pradesh,2020,Jabalpur,411,23,Jabalpur Railway,2973
Madhya Pradesh,2020,Jhabua,412,23,Jhabua,2974
Madhya Pradesh,2020,Katni,413,23,Katni,2975
Madhya Pradesh,2020,Indore,410,23,Khandwa,2976
Madhya Pradesh,2020,Khargone,414,23,Khargone,2977
Madhya Pradesh,2020,Mandla,415,23,Mandla,2978
Madhya Pradesh,2020,Mandsaur,416,23,Mandsaur,2979
Madhya Pradesh,2020,Morena,417,23,Morena,2980
Madhya Pradesh,2020,Narsinghpur,418,23,Narsinghpur,2981
Madhya Pradesh,2020,Neemuch,419,23,Neemuch,2982
Madhya Pradesh,2020,Panna,420,23,Panna,2983
Madhya Pradesh,2020,Raisen,421,23,Raisen,2984
Madhya Pradesh,2020,Rajgarh,422,23,Rajgarh,2985
Madhya Pradesh,2020,Ratlam,423,23,Ratlam,2986
Madhya Pradesh,2020,Rewa,424,23,Rewa,2987
Madhya Pradesh,2020,Sagar,425,23,Sagar,2988
Madhya Pradesh,2020,Satna,426,23,Satna,2989
Madhya Pradesh,2020,Seoni,428,23,Seoni,2990
Madhya Pradesh,2020,Shahdol,429,23,Shahdol,2991
Madhya Pradesh,2020,Shajapur,430,23,Shajapur,2992
Madhya Pradesh,2020,Sheopur,431,23,Sheopur,2993
Madhya Pradesh,2020,Shivpuri,432,23,Shivpuri,2994
Madhya Pradesh,2020,Sidhi,433,23,Sidhi,2995
Madhya Pradesh,2020,Sehore,427,23,Sehore,2996
Madhya Pradesh,2020,Singrauli,638,23,Singrauli,2997
Madhya Pradesh,2020,Tikamgarh,434,23,Tikamgarh,2998
Madhya Pradesh,2020,Ujjain,435,23,Ujjain,2999
Madhya Pradesh,2020,Umaria,436,23,Umaria,3000
Madhya Pradesh,2020,Vidisha,437,23,Vidisha,3001
Madhya Pradesh,2020,Cyber Crime Cell,9999,23,Cyber Crime Cell,3002
Madhya Pradesh,2020,Niwari,722,23,Niwari,3003
Maharashtra,2020,Ahmednagar,466,27,Ahmednagar,3004
Maharashtra,2020,Akola,467,27,Akola,3005
Maharashtra,2020,Amravati,468,27,Amravati Commr.,3006
Maharashtra,2020,Amravati,468,27,Amravati Rural,3007
Maharashtra,2020,Aurangabad,469,27,Aurangabad Commr.,3008
Maharashtra,2020,Aurangabad,469,27,Aurangabad Rural,3009
Maharashtra,2020,Beed,470,27,Beed,3010
Maharashtra,2020,Bhandara,471,27,Bhandara,3011
Maharashtra,2020,Buldhana,472,27,Buldhana,3012
Maharashtra,2020,Chandrapur,473,27,Chandrapur,3013
Maharashtra,2020,Dhule,474,27,Dhule,3014
Maharashtra,2020,Gadchiroli,475,27,Gadchiroli,3015
Maharashtra,2020,Gondia,476,27,Gondia,3016
Maharashtra,2020,Hingoli,477,27,Hingoli,3017
Maharashtra,2020,Jalgaon,478,27,Jalgaon,3018
Maharashtra,2020,Jalna,479,27,Jalna,3019
Maharashtra,2020,Kolhapur,480,27,Kolhapur,3020
Maharashtra,2020,Latur,481,27,Latur,3021
Maharashtra,2020,Mumbai,482,27,Mumbai Commr.,3022
Maharashtra,2020,Mumbai,482,27,Mumbai Railway,3023
Maharashtra,2020,Nagpur,484,27,Nagpur Commr.,3024
Maharashtra,2020,Nagpur,484,27,Nagpur Railway,3025
Maharashtra,2020,Nagpur,484,27,Nagpur Rural,3026
Maharashtra,2020,Nanded,485,27,Nanded,3027
Maharashtra,2020,Nandurbar,486,27,Nandurbar,3028
Maharashtra,2020,Nashik,487,27,Nasik Commr.,3029
Maharashtra,2020,Nashik,487,27,Nasik Rural,3030
Maharashtra,2020,Mumbai Suburban,483,27,Navi Mumbai,3031
Maharashtra,2020,Osmanabad,488,27,Osmanabad,3032
Maharashtra,2020,Palghar,665,27,Palghar,3033
Maharashtra,2020,Parbhani,489,27,Parbhani,3034
Maharashtra,2020,Pune,490,27,Pune Commr.,3035
Maharashtra,2020,Pune,490,27,Pune Railway,3036
Maharashtra,2020,Pune,490,27,Pune Rural,3037
Maharashtra,2020,Raigad,491,27,Raigad,3038
Maharashtra,2020,Ratnagiri,492,27,Ratnagiri,3039
Maharashtra,2020,Sangli,493,27,Sangli,3040
Maharashtra,2020,Satara,494,27,Satara,3041
Maharashtra,2020,Sindhudurg,495,27,Sindhudurg,3042
Maharashtra,2020,Solapur,496,27,Solapur Commr.,3043
Maharashtra,2020,Solapur,496,27,Solapur Rural,3044
Maharashtra,2020,Thane,497,27,Thane Commr.,3045
Maharashtra,2020,Thane,497,27,Thane Rural,3046
Maharashtra,2020,Wardha,498,27,Wardha,3047
Maharashtra,2020,Washim,499,27,Washim,3048
Maharashtra,2020,Yavatmal,500,27,Yavatmal,3049
Maharashtra,2020,Pune,490,27,Pimpri Chinchwad City,3050
Maharashtra,2020,Aurangabad,469,27,Aurangabad Railway,3051
Maharashtra,2020,Thane,497,27,Mira Bhayandar Vasai Virar Commr.,3052
Manipur,2020,Bishnupur,252,14,Bishnupur,3053
Manipur,2020,Chandel,253,14,Chandel,3054
Manipur,2020,Churachandpur,254,14,Churachandpur,3055
Manipur,2020,Imphal West,256,14,Cid,3056
Manipur,2020,Imphal East,255,14,Imphal East,3057
Manipur,2020,Imphal West,256,14,Imphal West,3058
Manipur,2020,Senapati,257,14,Senapati,3059
Manipur,2020,Tamenglong,258,14,Tamenglong,3060
Manipur,2020,Thoubal,259,14,Thoubal,3061
Manipur,2020,Ukhrul,260,14,Ukhrul,3062
Manipur,2020,Kakching,711,14,Kakching,3063
Manipur,2020,Kamjong,717,14,Kamjong,3064
Manipur,2020,Kangpokpi,712,14,Kangpokpi,3065
Manipur,2020,Jiribam,713,14,Jiribam,3066
Manipur,2020,Noney,714,14,Noney,3067
Manipur,2020,Pherzawl,715,14,Pherzawl,3068
Manipur,2020,Tengnoupal,716,14,Tengnoupal,3069
Manipur,2020,Imphal West,256,14,Narcotic,3070
Meghalaya,2020,East Garo Hills,273,17,Garo Hills East,3071
Meghalaya,2020,North Garo Hills,656,17,Garo Hills North,3072
Meghalaya,2020,South Garo Hills,277,17,Garo Hills South,3073
Meghalaya,2020,South West Garo Hills,663,17,Garo Hills South West,3074
Meghalaya,2020,West Garo Hills,278,17,Garo Hills West,3075
Meghalaya,2020,West Jaintia Hills,275,17,Jaintia Hills West,3076
Meghalaya,2020,East Jaintia Hills,657,17,Jaintia Hills East,3077
Meghalaya,2020,East Khasi Hills,274,17,Khasi Hills East,3078
Meghalaya,2020,South West Khasi Hills,658,17,Khasi Hills South West,3079
Meghalaya,2020,West Khasi Hills,279,17,Khasi Hills West,3080
Meghalaya,2020,Ri Bhoi,276,17,Ri-Bhoi,3081
Meghalaya,2020,East Khasi Hills,274,17,Cyber Cell,3082
Mizoram,2020,Aizawl,261,15,Aizawl,3083
Mizoram,2020,Champhai,262,15,Champhai,3084
Mizoram,2020,Kolasib,263,15,Kolasib,3085
Mizoram,2020,Lawngtlai,264,15,Lawngtlai,3086
Mizoram,2020,Lunglei,265,15,Lunglei,3087
Mizoram,2020,Mamit,266,15,Mamit,3088
Mizoram,2020,Saiha,267,15,Saiha,3089
Mizoram,2020,Serchhip,268,15,Serchhip,3090
Mizoram,2020,Aizawl,261,15,Spl Narcotic,3091
Mizoram,2020,Saitual,727,15,Saitual,3092
Mizoram,2020,Khawzawl,728,15,Khawzawl,3093
Mizoram,2020,Hnahthial,726,15,Hnahthial,3094
Mizoram,2020,Aizawl,261,15,Cyber,3095
Nagaland,2020,Dimapur,244,13,Dimapur,3096
Nagaland,2020,Kiphire,614,13,Kiphire,3097
Nagaland,2020,Kohima,245,13,Kohima,3098
Nagaland,2020,Longleng,615,13,Longleng,3099
Nagaland,2020,Mokokchung,246,13,Mokokchung,3100
Nagaland,2020,Mon,247,13,Mon,3101
Nagaland,2020,Peren,613,13,Peren,3102
Nagaland,2020,Phek,248,13,Phek,3103
Nagaland,2020,Tuensang,249,13,Tuensang,3104
Nagaland,2020,Wokha,250,13,Wokha,3105
Nagaland,2020,Zunheboto,251,13,Zunheboto,3106
Odisha,2020,Anugul,344,21,Angul,3107
Odisha,2020,Baleshwar,346,21,Balasore,3108
Odisha,2020,Bargarh,347,21,Baragarh,3109
Odisha,2020,Baleshwar,346,21,Berhampur,3110
Odisha,2020,Bhadrak,348,21,Bhadrak,3111
Odisha,2020,Balangir,345,21,Bolangir,3112
Odisha,2020,Boudh,349,21,Boudh,3113
Odisha,2020,Cuttack,350,21,Cuttack,3114
Odisha,2020,Khordha,362,21,Dcp Bbsr,3115
Odisha,2020,Cuttack,350,21,Dcp Ctc,3116
Odisha,2020,Deogarh,351,21,Deogarh,3117
Odisha,2020,Dhenkanal,352,21,Dhenkanal,3118
Odisha,2020,Gajapati,353,21,Gajapati,3119
Odisha,2020,Ganjam,354,21,Ganjam,3120
Odisha,2020,Jagatsinghapur,355,21,Jagatsinghpur,3121
Odisha,2020,Jajapur,356,21,Jajpur,3122
Odisha,2020,Jharsuguda,357,21,Jharsuguda,3123
Odisha,2020,Kalahandi,358,21,Kalahandi,3124
Odisha,2020,Kandhamal,359,21,Kandhamal,3125
Odisha,2020,Kendrapara,360,21,Kendrapara,3126
Odisha,2020,Kendujhar,361,21,Keonjhar,3127
Odisha,2020,Khordha,362,21,Khurda,3128
Odisha,2020,Koraput,363,21,Koraput,3129
Odisha,2020,Malkangiri,364,21,Malkangiri,3130
Odisha,2020,Mayurbhanj,365,21,Mayurbhanj,3131
Odisha,2020,Nayagarh,367,21,Nayagarh,3132
Odisha,2020,Nabarangpur,366,21,Nabarangpur,3133
Odisha,2020,Nuapada,368,21,Nuapada,3134
Odisha,2020,Puri,369,21,Puri,3135
Odisha,2020,Rayagada,370,21,Rayagada,3136
Odisha,2020,Sundargarh,373,21,Rourkela,3137
Odisha,2020,Sambalpur,371,21,Sambalpur,3138
Odisha,2020,Sonepur,372,21,Sonepur,3139
Odisha,2020,Cuttack,350,21,Srp(Cuttack),3140
Odisha,2020,Sundargarh,373,21,Srp(Rourkela),3141
Odisha,2020,Sundargarh,373,21,Sundargarh,3142
Odisha,2020,Cuttack,350,21,Cid Cb,3143
Punjab,2020,Amritsar,27,3,Amritsar Rural,3144
Punjab,2020,Barnala,605,3,Barnala,3145
Punjab,2020,Gurdaspur,32,3,Batala,3146
Punjab,2020,Bathinda,28,3,Bathinda,3147
Punjab,2020,Amritsar,27,3,Cp Amritsar,3148
Punjab,2020,Jalandhar,34,3,Cp Jalandhar,3149
Punjab,2020,Ludhiana,36,3,Cp Ludhiana,3150
Punjab,2020,Faridkot,29,3,Faridkot,3151
Punjab,2020,Fatehgarh Sahib,30,3,Fatehgarh Sahib,3152
Punjab,2020,Fazilka,651,3,Fazilka,3153
Punjab,2020,Ferozepur,31,3,Ferozepur,3154
Punjab,2020,Patiala,41,3,Grp,3155
Punjab,2020,Gurdaspur,32,3,Gurdaspur,3156
Punjab,2020,Hoshiarpur,33,3,Hoshiarpur,3157
Punjab,2020,Jalandhar,34,3,Jalandhar Rural,3158
Punjab,2020,Kapurthala,35,3,Kapurthala,3159
Punjab,2020,Ludhiana,36,3,Khanna,3160
Punjab,2020,Ludhiana,36,3,Ludhiana Rural,3161
Punjab,2020,Mansa,37,3,Mansa,3162
Punjab,2020,Moga,38,3,Moga,3163
Punjab,2020,Sri Muktsar Sahib,39,3,Muktsar,3164
Punjab,2020,Pathankot,662,3,Pathankot,3165
Punjab,2020,Patiala,41,3,Patiala,3166
Punjab,2020,Rupnagar,42,3,Ropar,3167
Punjab,2020,Sangrur,43,3,Sangrur,3168
Punjab,2020,S.A.S Nagar,608,3,Sas Nagar,3169
Punjab,2020,Shahid Bhagat Singh Nagar,40,3,Sbs Nagar,3170
Punjab,2020,Tarn Taran,609,3,Tarn Taran,3171
Punjab,2020,S.A.S Nagar,608,3,Bureau Of Investigation,3172
Punjab,2020,S.A.S Nagar,608,3,Intelligence Wing,3173
Punjab,2020,S.A.S Nagar,608,3,Nri Wing,3174
Punjab,2020,Amritsar,27,3,Special Task Force,3175
Rajasthan,2020,Ajmer,86,8,Ajmer,3176
Rajasthan,2020,Alwar,87,8,Alwar,3177
Rajasthan,2020,Banswara,88,8,Banswara,3178
Rajasthan,2020,Baran,89,8,Baran,3179
Rajasthan,2020,Barmer,90,8,Barmer,3180
Rajasthan,2020,Bharatpur,91,8,Bharatpur,3181
Rajasthan,2020,Bhilwara,92,8,Bhilwara,3182
Rajasthan,2020,Bikaner,93,8,Bikaner,3183
Rajasthan,2020,Bundi,94,8,Bundi,3184
Rajasthan,2020,Chittorgarh,95,8,Chittorgarh,3185
Rajasthan,2020,Churu,96,8,Churu,3186
Rajasthan,2020,Dausa,97,8,Dausa,3187
Rajasthan,2020,Dholpur,98,8,Dholpur,3188
Rajasthan,2020,Dungarpur,99,8,Dungarpur,3189
Rajasthan,2020,Ajmer,86,8,Grp Ajmer,3190
Rajasthan,2020,Jodhpur,107,8,Grp Jodhpur,3191
Rajasthan,2020,Ganganagar,100,8,Ganganagar,3192
Rajasthan,2020,Hanumangarh,101,8,Hanumangarh,3193
Rajasthan,2020,Jaipur,102,8,Jaipur East,3194
Rajasthan,2020,Jaipur,102,8,Jaipur North,3195
Rajasthan,2020,Jaipur (Gramin),783,8,Jaipur Rural,3196
Rajasthan,2020,Jaipur,102,8,Jaipur South,3197
Rajasthan,2020,Jaipur,102,8,Jaipur West,3198
Rajasthan,2020,Jaisalmer,103,8,Jaisalmer,3199
Rajasthan,2020,Jalore,104,8,Jalore,3200
Rajasthan,2020,Jhalawar,105,8,Jhalawar,3201
Rajasthan,2020,Jhunjhunu,106,8,Jhunjhunu,3202
Rajasthan,2020,Jodhpur,107,8,Jodhpur East,3203
Rajasthan,2020,Jodhpur,107,8,Jodhpur West,3204
Rajasthan,2020,Jodhpur,107,8,Jodhpur Rural,3205
Rajasthan,2020,Karauli,108,8,Karauli,3206
Rajasthan,2020,Kota,109,8,Kota City,3207
Rajasthan,2020,Kota,109,8,Kota Rural,3208
Rajasthan,2020,Nagaur,110,8,Nagaur,3209
Rajasthan,2020,Pali,111,8,Pali,3210
Rajasthan,2020,Pratapgarh,629,8,Pratapgarh,3211
Rajasthan,2020,Rajsamand,112,8,Rajsamand,3212
Rajasthan,2020,Sawai Madhopur,113,8,Sawai Madhopur,3213
Rajasthan,2020,Sikar,114,8,Sikar,3214
Rajasthan,2020,Sirohi,115,8,Sirohi,3215
Rajasthan,2020,Tonk,116,8,Tonk,3216
Rajasthan,2020,Udaipur,117,8,Udaipur,3217
Rajasthan,2020,Jaipur,102,8,Jaipur Metro,3218
Rajasthan,2020,Jaipur,102,8,Scrb,3219
Rajasthan,2020,Jaipur,102,8,Sog,3220
Rajasthan,2020,Jaipur,102,8,Ssb,3221
Rajasthan,2020,Jaipur,102,8,Jaipur Crime,3222
Rajasthan,2020,Khairthal-Tijara,770,8,Bhiwadi,3223
Sikkim,2020,Gangtok,225,11,East,3224
Sikkim,2020,Mangan,226,11,North,3225
Sikkim,2020,Namchi,227,11,South,3226
Sikkim,2020,Gyalshing,228,11,West,3227
Tamil Nadu,2020,Ariyalur,610,33,Ariyalur,3228
Tamil Nadu,2020,Chennai,568,33,Chennai,3229
Tamil Nadu,2020,Coimbatore,569,33,Coimbatore,3230
Tamil Nadu,2020,Coimbatore,569,33,Coimbatore City,3231
Tamil Nadu,2020,Cuddalore,570,33,Cuddalore,3232
Tamil Nadu,2020,Dharmapuri,571,33,Dharmapuri,3233
Tamil Nadu,2020,Dindigul,572,33,Dindigul,3234
Tamil Nadu,2020,Erode,573,33,Erode,3235
Tamil Nadu,2020,Kanchipuram,574,33,Kanchipuram,3236
Tamil Nadu,2020,Kanniyakumari,575,33,Kanyakumari,3237
Tamil Nadu,2020,Karur,576,33,Karur,3238
Tamil Nadu,2020,Krishnagiri,577,33,Krishnagiri,3239
Tamil Nadu,2020,Madurai,578,33,Madurai,3240
Tamil Nadu,2020,Madurai,578,33,Madurai City,3241
Tamil Nadu,2020,Nagapattinam,579,33,Nagapattinam,3242
Tamil Nadu,2020,Namakkal,580,33,Namakkal,3243
Tamil Nadu,2020,The Nilgiris,587,33,Nilgiris,3244
Tamil Nadu,2020,Perambalur,581,33,Perambalur,3245
Tamil Nadu,2020,Pudukkottai,582,33,Pudukottai,3246
Tamil Nadu,2020,Ramanathapuram,583,33,Ramnathapuram,3247
Tamil Nadu,2020,Chennai,568,33,Railway Chennai,3248
Tamil Nadu,2020,Tiruchirappalli,591,33,Railway Trichy,3249
Tamil Nadu,2020,Salem,584,33,Salem,3250
Tamil Nadu,2020,Salem,584,33,Salem City,3251
Tamil Nadu,2020,Sivaganga,585,33,Sivagangai,3252
Tamil Nadu,2020,Thanjavur,586,33,Thanjavur,3253
Tamil Nadu,2020,Theni,588,33,Theni,3254
Tamil Nadu,2020,Tirunelveli,592,33,Thirunelveli,3255
Tamil Nadu,2020,Tirunelveli,592,33,Thirunelveli City,3256
Tamil Nadu,2020,Thiruvallur,589,33,Thiruvallur,3257
Tamil Nadu,2020,Tiruvannamalai,593,33,Thiruvannamalai,3258
Tamil Nadu,2020,Thiruvarur,590,33,Thiruvarur,3259
Tamil Nadu,2020,Tuticorin,594,33,Thoothukudi,3260
Tamil Nadu,2020,Tiruppur,634,33,Tiruppur,3261
Tamil Nadu,2020,Tiruppur,634,33,Tiruppur City,3262
Tamil Nadu,2020,Tiruchirappalli,591,33,Trichy,3263
Tamil Nadu,2020,Tiruchirappalli,591,33,Trichy City,3264
Tamil Nadu,2020,Vellore,595,33,Vellore,3265
Tamil Nadu,2020,Villupuram,596,33,Villupuram,3266
Tamil Nadu,2020,Virudhunagar,597,33,Virudhunagar,3267
Tamil Nadu,2020,Chennai,568,33,Cyber Cell,3268
Tamil Nadu,2020,Chennai,568,33,Other Units,3269
Tamil Nadu,2020,Chengalpattu,730,33,Chengalpattu,3270
Tamil Nadu,2020,Kallakurichi,729,33,Kallakurichi,3271
Tamil Nadu,2020,Ranipet,731,33,Ranipet,3272
Tamil Nadu,2020,Tirupathur,732,33,Tiruppattur,3273
Tamil Nadu,2020,Tenkasi,733,33,Tenkasi,3274
Telangana,2020,Ranga Reddy,518,36,Cyberabad Commissionerate,3275
Telangana,2020,Hyderabad,507,36,Hyderabad Commissionerate,3276
Telangana,2020,Karimnagar,508,36,Karimnagar Commissionerate,3277
Telangana,2020,Khammam,509,36,Khammam Commissionerate,3278
Telangana,2020,Nizamabad,516,36,Nizamabad Commissionerate,3279
Telangana,2020,Yadadri Bhuvanagiri,697,36,Rachakonda Commissionerate,3280
Telangana,2020,Peddapalli,682,36,Ramagundam Commissionerate,3281
Telangana,2020,Siddipet,692,36,Siddipet Commissionerate,3282
Telangana,2020,Warangal,522,36,Warangal Commissionerate,3283
Telangana,2020,Adilabad,501,36,Adilabad,3284
Telangana,2020,Bhadradri Kothagudem,690,36,Bhadradri Kothagudem,3285
Telangana,2020,Jagitial,681,36,Jagityal,3286
Telangana,2020,Jayashankar Bhupalapally,687,36,Jayashankar Bhupalpalli,3287
Telangana,2020,Jogulamba Gadwal,695,36,Jogulamba Gadwal,3288
Telangana,2020,Kamareddy,685,36,Kamareddy ,3289
Telangana,2020,Kumuram Bheem Asifabad,699,36,Kumaram Bheem Asifabad,3290
Telangana,2020,Mahabubabad,688,36,Mahabubabad,3291
Telangana,2020,Mahabubnagar,512,36,Mahabubnagar,3292
Telangana,2020,Medak,513,36,Medak,3293
Telangana,2020,Nagarkurnool,694,36,Nagarkurnool,3294
Telangana,2020,Nalgonda,514,36,Nalgonda,3295
Telangana,2020,Nirmal,680,36,Nirmal,3296
Telangana,2020,Rajanna Sircilla,683,36,Rajanna Siricilla,3297
Telangana,2020,Sangareddy,691,36,Sangareddy,3298
Telangana,2020,Suryapet,696,36,Suryapet,3299
Telangana,2020,Vikarabad,698,36,Vikarabad,3300
Telangana,2020,Wanaparthy,693,36,Wanaparthy,3301
Telangana,2020,Hyderabad,507,36,Railway Police Secunderabad,3302
Telangana,2020,Mulugu,720,36,Mulug,3303
Telangana,2020,Narayanpet,721,36,Narayanpet,3304
Tripura,2020,Dhalai,269,16,Dhalai,3305
Tripura,2020,Gomati,654,16,Gomati,3306
Tripura,2020,West Tripura,272,16,Grp,3307
Tripura,2020,Khowai,652,16,Kowai,3308
Tripura,2020,North Tripura,270,16,North,3309
Tripura,2020,Sepahijala,653,16,Sipahijala,3310
Tripura,2020,South Tripura,271,16,South,3311
Tripura,2020,Unakoti,655,16,Unakoti,3312
Tripura,2020,West Tripura,272,16,West,3313
Uttar Pradesh,2020,Agra,118,9,Agra,3314
Uttar Pradesh,2020,Aligarh,119,9,Aligarh,3315
Uttar Pradesh,2020,Prayagraj,120,9,Prayagraj,3316
Uttar Pradesh,2020,Ambedkar Nagar,121,9,Ambedkar Nagar,3317
Uttar Pradesh,2020,Amethi,640,9,Amethi,3318
Uttar Pradesh,2020,Amroha,154,9,Amroha,3319
Uttar Pradesh,2020,Auraiya,122,9,Auraiya,3320
Uttar Pradesh,2020,Azamgarh,123,9,Azamgarh,3321
Uttar Pradesh,2020,Budaun,133,9,Badaun,3322
Uttar Pradesh,2020,Baghpat,124,9,Baghpat,3323
Uttar Pradesh,2020,Bahraich,125,9,Bahraich,3324
Uttar Pradesh,2020,Ballia,126,9,Ballia,3325
Uttar Pradesh,2020,Balrampur,127,9,Balrampur,3326
Uttar Pradesh,2020,Banda,128,9,Banda,3327
Uttar Pradesh,2020,Barabanki,129,9,Barabanki,3328
Uttar Pradesh,2020,Bareilly,130,9,Bareilly,3329
Uttar Pradesh,2020,Basti,131,9,Basti,3330
Uttar Pradesh,2020,Bijnor,132,9,Bijnor,3331
Uttar Pradesh,2020,Bulandshahr,134,9,Bulandshahar,3332
Uttar Pradesh,2020,Chandauli,135,9,Chandoli,3333
Uttar Pradesh,2020,Chitrakoot,136,9,Chitrakoot,3334
Uttar Pradesh,2020,Deoria,137,9,Deoria,3335
Uttar Pradesh,2020,Etah,138,9,Etah,3336
Uttar Pradesh,2020,Etawah,139,9,Etawah,3337
Uttar Pradesh,2020,Ayodhya,140,9,Ayodhya,3338
Uttar Pradesh,2020,Farrukhabad,141,9,Fatehgarh,3339
Uttar Pradesh,2020,Fatehpur,142,9,Fatehpur,3340
Uttar Pradesh,2020,Firozabad,143,9,Firozabad,3341
Uttar Pradesh,2020,Lucknow,162,9,Grp,3342
Uttar Pradesh,2020,Gautam Buddha Nagar,144,9,Gautambudh Nagar,3343
Uttar Pradesh,2020,Ghaziabad,145,9,Ghaziabad,3344
Uttar Pradesh,2020,Ghazipur,146,9,Ghazipur,3345
Uttar Pradesh,2020,Gonda,147,9,Gonda,3346
Uttar Pradesh,2020,Gorakhpur,148,9,Gorakhpur,3347
Uttar Pradesh,2020,Hamirpur,149,9,Hamirpur,3348
Uttar Pradesh,2020,Hapur,661,9,Hapur,3349
Uttar Pradesh,2020,Hardoi,150,9,Hardoi,3350
Uttar Pradesh,2020,Hathras,163,9,Hathras,3351
Uttar Pradesh,2020,Jalaun,151,9,Jalaun,3352
Uttar Pradesh,2020,Jaunpur,152,9,Jaunpur,3353
Uttar Pradesh,2020,Jhansi,153,9,Jhansi,3354
Uttar Pradesh,2020,Kannauj,155,9,Kannauj,3355
Uttar Pradesh,2020,Kanpur Dehat,156,9,Kanpur Dehat,3356
Uttar Pradesh,2020,Kanpur Nagar,157,9,Kanpur Nagar,3357
Uttar Pradesh,2020,Kasganj,633,9,Kasganj,3358
Uttar Pradesh,2020,Kaushambi,158,9,Kaushambi,3359
Uttar Pradesh,2020,Kheri,159,9,Khiri,3360
Uttar Pradesh,2020,Kushi Nagar,160,9,Kushi Nagar,3361
Uttar Pradesh,2020,Lalitpur,161,9,Lalitpur,3362
Uttar Pradesh,2020,Lucknow,162,9,Lucknow Commissionarate,3363
Uttar Pradesh,2020,Maharajganj,164,9,Maharajganj,3364
Uttar Pradesh,2020,Mahoba,165,9,Mahoba,3365
Uttar Pradesh,2020,Mainpuri,166,9,Mainpuri,3366
Uttar Pradesh,2020,Mathura,167,9,Mathura,3367
Uttar Pradesh,2020,Mau,168,9,Mau,3368
Uttar Pradesh,2020,Meerut,169,9,Meerut,3369
Uttar Pradesh,2020,Mirzapur,170,9,Mirzapur,3370
Uttar Pradesh,2020,Moradabad,171,9,Moradabad,3371
Uttar Pradesh,2020,Muzaffarnagar,172,9,Muzaffarnagar,3372
Uttar Pradesh,2020,Pilibhit,173,9,Pilibhit,3373
Uttar Pradesh,2020,Pratapgarh,174,9,Pratapgarh,3374
Uttar Pradesh,2020,Rae Bareli,175,9,Raibareilly,3375
Uttar Pradesh,2020,Rampur,176,9,Rampur,3376
Uttar Pradesh,2020,Saharanpur,177,9,Saharanpur,3377
Uttar Pradesh,2020,Sambhal,659,9,Sambhal,3378
Uttar Pradesh,2020,Sant Kabeer Nagar,178,9,Sant Kabirnagar,3379
Uttar Pradesh,2020,Shahjahanpur,180,9,Shahjahanpur,3380
Uttar Pradesh,2020,Shamli,660,9,Shamli,3381
Uttar Pradesh,2020,Shravasti,181,9,Shrawasti,3382
Uttar Pradesh,2020,Siddharth Nagar,182,9,Sidharthnagar,3383
Uttar Pradesh,2020,Sitapur,183,9,Sitapur,3384
Uttar Pradesh,2020,Sonbhadra,184,9,Sonbhadra,3385
Uttar Pradesh,2020,Bhadohi,179,9,Bhadohi,3386
Uttar Pradesh,2020,Sultanpur,185,9,Sultanpur,3387
Uttar Pradesh,2020,Unnao,186,9,Unnao,3388
Uttar Pradesh,2020,Varanasi,187,9,Varanasi,3389
Uttar Pradesh,2020,Lucknow,162,9,Lucknow Grameen,3390
Uttarakhand,2020,Almora,45,5,Almora,3391
Uttarakhand,2020,Bageshwar,46,5,Bageshwar,3392
Uttarakhand,2020,Chamoli,47,5,Chamoli,3393
Uttarakhand,2020,Champawat,48,5,Champawat,3394
Uttarakhand,2020,Dehradun,49,5,Dehradun,3395
Uttarakhand,2020,Haridwar,50,5,Haridwar,3396
Uttarakhand,2020,Nainital,51,5,Nainital,3397
Uttarakhand,2020,Pauri Garhwal,52,5,Pauri Garhwal,3398
Uttarakhand,2020,Pithoragarh,53,5,Pithoragarh,3399
Uttarakhand,2020,Rudra Prayag,54,5,Rudra Prayag,3400
Uttarakhand,2020,Tehri Garhwal,55,5,Tehri Garhwal,3401
Uttarakhand,2020,Udam Singh Nagar,56,5,Udhamsingh Nagar,3402
Uttarakhand,2020,Uttar Kashi,57,5,Uttarkashi,3403
Uttarakhand,2020,Dehradun,49,5,Grp,3404
West Bengal,2020,Alipurduar,664,19,Alipurduar,3405
West Bengal,2020,Paschim Bardhaman,704,19,Asansol-Durgapur Pc,3406
West Bengal,2020,Bankura,305,19,Bankura,3407
West Bengal,2020,24 Paraganas North,303,19,Barrackpur Pc,3408
West Bengal,2020,24 Paraganas North,303,19,Bidhannagar Pc,3409
West Bengal,2020,Birbhum,307,19,Birbhum,3410
West Bengal,2020,Coochbehar,308,19,Coochbehar,3411
West Bengal,2020,Dinajpur Dakshin,310,19,Dakshin Dinajpur,3412
West Bengal,2020,Darjeeling,309,19,Darjeeling,3413
West Bengal,2020,Hooghly,312,19,Hooghly Rural Police,3414
West Bengal,2020,Howrah,313,19,Howrah Grp,3415
West Bengal,2020,Howrah,313,19,Howrah Pc,3416
West Bengal,2020,Howrah,313,19,Howrah Rural,3417
West Bengal,2020,Jalpaiguri,314,19,Jalpaiguri,3418
West Bengal,2020,Jhargram,703,19,Jhargram,3419
West Bengal,2020,Medinipur West,318,19,Kharagpur Grp,3420
West Bengal,2020,Kolkata,315,19,Kolkata,3421
West Bengal,2020,Maldah,316,19,Malda,3422
West Bengal,2020,Murshidabad,319,19,Murshidabad Police District,3423
West Bengal,2020,Medinipur West,318,19,Paschim Medinipur,3424
West Bengal,2020,Medinipur East,317,19,Purab Medinipur,3425
West Bengal,2020,Purulia,321,19,Purulia,3426
West Bengal,2020,Kolkata,315,19,Sealdah Grp,3427
West Bengal,2020,Darjeeling,309,19,Siliguri Grp,3428
West Bengal,2020,Darjeeling,309,19,Siliguri Pc,3429
West Bengal,2020,24 Paraganas South,304,19,Baruipur Police,3430
West Bengal,2020,Hooghly,312,19,Chandannagar Pc,3431
West Bengal,2020,24 Paraganas South,304,19,Diamond Harbour Police,3432
West Bengal,2020,Kalimpong,702,19,Kalimpong,3433
West Bengal,2020,Purba Bardhaman,306,19,Purba Bardhaman,3434
West Bengal,2020,24 Paraganas South,304,19,Sundarban Police,3435
West Bengal,2020,24 Paraganas North,303,19,Barasat,3436
West Bengal,2020,24 Paraganas North,303,19,Basirhat,3437
West Bengal,2020,24 Paraganas North,303,19,Bangaon,3438
West Bengal,2020,Dinajpur Uttar,311,19,Islampur,3439
West Bengal,2020,Murshidabad,319,19,Jangipur Police District,3440
West Bengal,2020,Nadia,320,19,Krishnagar,3441
West Bengal,2020,Dinajpur Uttar,311,19,Raiganj,3442
West Bengal,2020,Nadia,320,19,Ranaghat,3443
Andaman And Nicobar Islands,2020,South Andamans,602,35,South Andaman,3444
Andaman And Nicobar Islands,2020,North And Middle Andaman,632,35,North And Middle Andaman,3445
Andaman And Nicobar Islands,2020,Nicobars,603,35,Nicobar,3446
Chandigarh,2020,Chandigarh,44,4,Chandigarh,3447
The Dadra And Nagar Haveli And Daman And Diu,2020,Dadra And Nagar Haveli,465,38,Dadra And Nagar Haveli,3448
The Dadra And Nagar Haveli And Daman And Diu,2020,Daman,463,38,Daman,3449
The Dadra And Nagar Haveli And Daman And Diu,2020,Diu,464,38,Diu,3450
Delhi,2020,Central,77,7,Central,3451
Delhi,2020,North West,82,7,Crime Branch,3452
Delhi,2020,East,78,7,East,3453
Delhi,2020,New Delhi,79,7,Eow,3454
Delhi,2020,New Delhi,79,7,Igi Airport,3455
Delhi,2020,North West,82,7,Metro,3456
Delhi,2020,New Delhi,79,7,New Delhi,3457
Delhi,2020,North,80,7,North,3458
Delhi,2020,North East,81,7,North-East,3459
Delhi,2020,North West,82,7,North-West,3460
Delhi,2020,North West,82,7,Outer,3461
Delhi,2020,New Delhi,79,7,Railway,3462
Delhi,2020,South,83,7,South,3463
Delhi,2020,South East,670,7,South-East,3464
Delhi,2020,South West,84,7,South-West,3465
Delhi,2020,North West,82,7,Spl Cell,3466
Delhi,2020,New Delhi,79,7,Spuwac,3467
Delhi,2020,New Delhi,79,7,Vigilance,3468
Delhi,2020,West,85,7,West,3469
Delhi,2020,North West,82,7,Rohini,3470
Delhi,2020,Shahdara,671,7,Shahdara,3471
Delhi,2020,South West,84,7,Dwarka,3472
Delhi,2020,New Delhi,79,7,Outer North,3473
Ladakh,2020,Kargil,6,37,Kargil,3474
Ladakh,2020,Leh Ladakh,9,37,Leh,3475
Lakshadweep,2020,Lakshadweep District,553,31,Lakshadweep,3476
Puducherry,2020,Karaikal,598,34,Karaikal,3477
Andhra Pradesh,2021,Anantapur,502,28,Anantapur,0
Andhra Pradesh,2021,Chittoor,503,28,Chittoor,1
Andhra Pradesh,2021,Y.S.R.,504,28,Cuddapah,2
Andhra Pradesh,2021,East Godavari,505,28,East Godavari,3
Andhra Pradesh,2021,Anantapur,502,28,Guntakal Railway,4
Andhra Pradesh,2021,Guntur,506,28,Guntur,5
Andhra Pradesh,2021,Guntur,506,28,Guntur Urban,6
Andhra Pradesh,2021,Krishna,510,28,Krishna,7
Andhra Pradesh,2021,Kurnool,511,28,Kurnool,8
Andhra Pradesh,2021,Spsr Nellore,515,28,Nellore,9
Andhra Pradesh,2021,Prakasam,517,28,Prakasham,10
Andhra Pradesh,2021,East Godavari,505,28,Rajahmundry,11
Andhra Pradesh,2021,Srikakulam,519,28,Srikakulam,12
Andhra Pradesh,2021,Tirupati,752,28,Tirupathi Urban,13
Andhra Pradesh,2021,Ntr,749,28,Vijayawada City,14
Andhra Pradesh,2021,Ntr,749,28,Vijayawada Railway,15
Andhra Pradesh,2021,Visakhapatanam,520,28,Visakha Rural,16
Andhra Pradesh,2021,Visakhapatanam,520,28,Visakhapatnam,17
Andhra Pradesh,2021,Vizianagaram,521,28,Vizianagaram,18
Andhra Pradesh,2021,West Godavari,523,28,West Godavari,19
Arunachal Pradesh,2021,Anjaw,628,12,Anjaw,20
Arunachal Pradesh,2021,Changlang,229,12,Changlang,21
Arunachal Pradesh,2021,Papum Pare,237,12,Crime Branch,22
Arunachal Pradesh,2021,Dibang Valley,230,12,Dibang Valley,23
Arunachal Pradesh,2021,East Kameng,231,12,Kameng East,24
Arunachal Pradesh,2021,West Kameng,242,12,Kameng West,25
Arunachal Pradesh,2021,Kurung Kumey,233,12,Kurung Kumey,26
Arunachal Pradesh,2021,Lohit,234,12,Lohit,27
Arunachal Pradesh,2021,Longding,666,12,Longding,28
Arunachal Pradesh,2021,Lower Dibang Valley,235,12,Lower Dibang Valley,29
Arunachal Pradesh,2021,Papum Pare,237,12,Papum Pare City,30
Arunachal Pradesh,2021,Papum Pare,237,12,Papum Pare Rural,31
Arunachal Pradesh,2021,East Siang,232,12,Siang East,32
Arunachal Pradesh,2021,Upper Siang,240,12,Siang Upper,33
Arunachal Pradesh,2021,West Siang,243,12,Siang West,34
Arunachal Pradesh,2021,Lower Subansiri,236,12,Subansiri Lower,35
Arunachal Pradesh,2021,Upper Subansiri,241,12,Subansiri Upper,36
Arunachal Pradesh,2021,Tawang,238,12,Tawang,37
Arunachal Pradesh,2021,Tirap,239,12,Tirap,38
Arunachal Pradesh,2021,Namsai,678,12,Namsai,39
Arunachal Pradesh,2021,Siang,679,12,Siang,40
Arunachal Pradesh,2021,Kamle,718,12,Kamle,41
Arunachal Pradesh,2021,Kra Daadi,677,12,Kra Dadi,42
Arunachal Pradesh,2021,Lower Siang,719,12,Lower Siang,43
Arunachal Pradesh,2021,Leparada,724,12,Leparada,44
Arunachal Pradesh,2021,Shi Yomi,725,12,Shiyomi,45
Arunachal Pradesh,2021,Pakke Kessang,723,12,Pakkessang,46
Assam,2021,Kamrup Metro,618,18,Bieo,47
Assam,2021,Barpeta,280,18,Barpeta,48
Assam,2021,Baksa,616,18,Baksa,49
Assam,2021,Bongaigaon,281,18,Bongaigaon,50
Assam,2021,Kamrup Metro,618,18,Cid,51
Assam,2021,Cachar,282,18,Cachar,52
Assam,2021,Chirang,612,18,Chirang,53
Assam,2021,Darrang,283,18,Darrang,54
Assam,2021,Dhemaji,284,18,Dhemaji,55
Assam,2021,Dhubri,285,18,Dhubri,56
Assam,2021,Dibrugarh,286,18,Dibrugarh,57
Assam,2021,Kamrup Metro,618,18,Grp,58
Assam,2021,Goalpara,287,18,Goalpara,59
Assam,2021,Golaghat,288,18,Golaghat,60
Assam,2021,Kamrup Metro,618,18,Guwahati City,61
Assam,2021,Hailakandi,289,18,Hailakandi,62
Assam,2021,West Karbi Anglong,710,18,Hamren,63
Assam,2021,Jorhat,290,18,Jorhat,64
Assam,2021,Kamrup,291,18,Kamrup,65
Assam,2021,Karbi Anglong,292,18,Karbi Anglong,66
Assam,2021,Karimganj,293,18,Karimganj,67
Assam,2021,Kokrajhar,294,18,Kokrajhar,68
Assam,2021,Lakhimpur,295,18,Lakhimpur,69
Assam,2021,Marigaon,296,18,Morigaon,70
Assam,2021,Dima Hasao,299,18,Dima Hasao,71
Assam,2021,Nagaon,297,18,Nagaon,72
Assam,2021,Nalbari,298,18,Nalbari,73
Assam,2021,Kamrup Metro,618,18,Rpo,74
Assam,2021,Kamrup Metro,618,18,Sou,75
Assam,2021,Kamrup Metro,618,18,Stf,76
Assam,2021,Sivasagar,300,18,Sibsagar,77
Assam,2021,Sonitpur,301,18,Sonitpur,78
Assam,2021,Tinsukia,302,18,Tinsukia,79
Assam,2021,Udalguri,617,18,Udalguri,80
Assam,2021,Tinsukia,302,18,Sadia,81
Assam,2021,Majuli,706,18,Majuli,82
Assam,2021,Biswanath,705,18,Biswanath,83
Assam,2021,Hojai,709,18,Hojai,84
Assam,2021,South Salmara Mancachar,707,18,South Salmara,85
Assam,2021,Charaideo,708,18,Charaideo,86
Bihar,2021,Araria,188,10,Araria,87
Bihar,2021,Arwal,611,10,Arwal,88
Bihar,2021,Aurangabad,189,10,Aurangabad,89
Bihar,2021,Pashchim Champaran,211,10,Bagaha,90
Bihar,2021,Banka,190,10,Banka,91
Bihar,2021,Begusarai,191,10,Begusarai,92
Bihar,2021,Pashchim Champaran,211,10,Bettiah,93
Bihar,2021,Kaimur (Bhabua),200,10,Kaimur(Bhabhua),94
Bihar,2021,Bhagalpur,192,10,Bhagalpur,95
Bihar,2021,Bhojpur,193,10,Bhojpur,96
Bihar,2021,Buxar,194,10,Buxar,97
Bihar,2021,Darbhanga,195,10,Darbhanga,98
Bihar,2021,Gaya,196,10,Gaya,99
Bihar,2021,Gopalganj,197,10,Gopalganj,100
Bihar,2021,Munger,207,10,Jamalpur Railway,101
Bihar,2021,Jamui,198,10,Jamui,102
Bihar,2021,Jehanabad,199,10,Jehanabad,103
Bihar,2021,Katihar,201,10,Katihar,104
Bihar,2021,Katihar,201,10,Katihar Railway,105
Bihar,2021,Khagaria,202,10,Khagaria,106
Bihar,2021,Kishanganj,203,10,Kishanganj,107
Bihar,2021,Lakhisarai,204,10,Lakhisarai,108
Bihar,2021,Madhepura,205,10,Madhepura,109
Bihar,2021,Madhubani,206,10,Madhubani,110
Bihar,2021,Purbi Champaran,213,10,Motihari,111
Bihar,2021,Munger,207,10,Munger,112
Bihar,2021,Muzaffarpur,208,10,Muzaffarpur,113
Bihar,2021,Muzaffarpur,208,10,Muzaffarpur Railway,114
Bihar,2021,Nalanda,209,10,Nalanda,115
Bihar,2021,Bhagalpur,192,10,Naugachia,116
Bihar,2021,Nawada,210,10,Nawadah,117
Bihar,2021,Patna,212,10,Patna,118
Bihar,2021,Patna,212,10,Patna Railway,119
Bihar,2021,Purnia,214,10,Purnea,120
Bihar,2021,Rohtas,215,10,Rohtas,121
Bihar,2021,Saharsa,216,10,Saharsa,122
Bihar,2021,Samastipur,217,10,Samastipur,123
Bihar,2021,Saran,218,10,Saran,124
Bihar,2021,Sheikhpura,219,10,Sheikhpura,125
Bihar,2021,Sheohar,220,10,Sheohar,126
Bihar,2021,Sitamarhi,221,10,Sitamarhi,127
Bihar,2021,Siwan,222,10,Siwan,128
Bihar,2021,Supaul,223,10,Supaul,129
Bihar,2021,Vaishali,224,10,Vaishali,130
Bihar,2021,Patna,212,10,Economic Offences Unit,131
Bihar,2021,Patna,212,10,Anti Terrorist Squad,132
Chhattisgarh,2021,Balod,646,22,Balod,133
Chhattisgarh,2021,Baloda Bazar,644,22,Balodbazar,134
Chhattisgarh,2021,Balrampur,649,22,Balrampur,135
Chhattisgarh,2021,Bemetara,650,22,Bemetra,136
Chhattisgarh,2021,Bilaspur,375,22,Bilaspur,137
Chhattisgarh,2021,Bijapur,636,22,Bizapur,138
Chhattisgarh,2021,Dantewada,376,22,Dantewara,139
Chhattisgarh,2021,Dhamtari,377,22,Dhamtari,140
Chhattisgarh,2021,Durg,378,22,Durg,141
Chhattisgarh,2021,Gariyaband,645,22,Gariyaband,142
Chhattisgarh,2021,Raipur,387,22,Grp Raipur,143
Chhattisgarh,2021,Bastar,374,22,Jagdalpur,144
Chhattisgarh,2021,Janjgir-Champa,379,22,Janjgir,145
Chhattisgarh,2021,Jashpur,380,22,Jashpur,146
Chhattisgarh,2021,Kabirdham,382,22,Kabirdham,147
Chhattisgarh,2021,Kanker,381,22,Kanker,148
Chhattisgarh,2021,Kondagaon,643,22,Kondagaon,149
Chhattisgarh,2021,Korba,383,22,Korba,150
Chhattisgarh,2021,Korea,384,22,Koriya,151
Chhattisgarh,2021,Mahasamund,385,22,Mahasamund,152
Chhattisgarh,2021,Mungeli,647,22,Mungali,153
Chhattisgarh,2021,Narayanpur,637,22,Narayanpur,154
Chhattisgarh,2021,Raigarh,386,22,Raigarh,155
Chhattisgarh,2021,Raipur,387,22,Raipur,156
Chhattisgarh,2021,Rajnandgaon,388,22,Rajnandgaon,157
Chhattisgarh,2021,Surguja,389,22,Sarguja,158
Chhattisgarh,2021,Sukma,642,22,Sukma,159
Chhattisgarh,2021,Surajpur,648,22,Surajpur,160
Chhattisgarh,2021,Gaurella Pendra Marwahi,734,22,Gaurela-Pendra-Marwari,161
Goa,2021,North Goa,551,30,North Goa,162
Goa,2021,South Goa,552,30,South Goa,163
Goa,2021,North Goa,551,30,Cid,164
Gujarat,2021,Ahmadabad,438,24,Ahmedabad City,165
Gujarat,2021,Ahmadabad,438,24,Ahmedabad Rural,166
Gujarat,2021,Amreli,439,24,Amreli,167
Gujarat,2021,Anand,440,24,Anand,168
Gujarat,2021,Arvalli,672,24,Arvalli,169
Gujarat,2021,Banas Kantha,441,24,Banaskantha,170
Gujarat,2021,Bharuch,442,24,Bharuch,171
Gujarat,2021,Bhavnagar,443,24,Bhavnagar,172
Gujarat,2021,Botad,676,24,Botad,173
Gujarat,2021,Chhotaudepur,668,24,Chhotaudepur,174
Gujarat,2021,Gandhinagar,446,24,Cid Crime,175
Gujarat,2021,Dohad,445,24,Dahod,176
Gujarat,2021,Dang,444,24,Dang,177
Gujarat,2021,Devbhumi Dwarka,674,24,Devbhumi Dwarka,178
Gujarat,2021,Gandhinagar,446,24,Gandhinagar,179
Gujarat,2021,Gir Somnath,675,24,Gir Somnath,180
Gujarat,2021,Jamnagar,447,24,Jamnagar,181
Gujarat,2021,Junagadh,448,24,Junagadh,182
Gujarat,2021,Kachchh,449,24,Kachchh East(G),183
Gujarat,2021,Kachchh,449,24,Kachchh West(B),184
Gujarat,2021,Kheda,450,24,Kheda,185
Gujarat,2021,Mahisagar,669,24,Mahisagar,186
Gujarat,2021,Mahesana,451,24,Mehsana,187
Gujarat,2021,Morbi,673,24,Morbi,188
Gujarat,2021,Narmada,452,24,Narmada,189
Gujarat,2021,Navsari,453,24,Navsari,190
Gujarat,2021,Panch Mahals,454,24,Panchmahal,191
Gujarat,2021,Patan,455,24,Patan,192
Gujarat,2021,Porbandar,456,24,Porbandar,193
Gujarat,2021,Rajkot,457,24,Rajkot City,194
Gujarat,2021,Rajkot,457,24,Rajkot Rural,195
Gujarat,2021,Sabar Kantha,458,24,Sabarkantha,196
Gujarat,2021,Surat,459,24,Surat City,197
Gujarat,2021,Surat,459,24,Surat Rural,198
Gujarat,2021,Surendranagar,460,24,Surendranagar,199
Gujarat,2021,Tapi,641,24,Tapi,200
Gujarat,2021,Vadodara,461,24,Vadodara City,201
Gujarat,2021,Vadodara,461,24,Vadodara Rural,202
Gujarat,2021,Valsad,462,24,Valsad,203
Gujarat,2021,Ahmadabad,438,24,W.Rly Ahmedabad,204
Gujarat,2021,Vadodara,461,24,W.Rly Vadodara,205
Gujarat,2021,Ahmadabad,438,24,Cyber Ahmedabad Range,206
Gujarat,2021,Bhavnagar,443,24,Cyber Bhavnagar Range,207
Gujarat,2021,Cyber Border Range,9999,24,Cyber Border Range,208
Gujarat,2021,Gandhinagar,446,24,Cyber Gandhinagar Range,209
Gujarat,2021,Junagadh,448,24,Cyber Junagadh Range,210
Gujarat,2021,Panch Mahals,454,24,Cyber Panchmahal Range,211
Gujarat,2021,Rajkot,457,24,Cyber Rajkot Range,212
Gujarat,2021,Surat,459,24,Cyber Surat Range,213
Gujarat,2021,Vadodara,461,24,Cyber Vadodara Range,214
Haryana,2021,Ambala,58,6,Ambala,215
Haryana,2021,Bhiwani,59,6,Bhiwani,216
Haryana,2021,Faridabad,60,6,Faridabad,217
Haryana,2021,Fatehabad,61,6,Fatehabad,218
Haryana,2021,Ambala,58,6,Grp,219
Haryana,2021,Gurugram,62,6,Gurugram,220
Haryana,2021,Hisar,63,6,Hissar,221
Haryana,2021,Jhajjar,64,6,Jhajjar,222
Haryana,2021,Jind,65,6,Jind,223
Haryana,2021,Kaithal,66,6,Kaithal,224
Haryana,2021,Karnal,67,6,Karnal,225
Haryana,2021,Kurukshetra,68,6,Kurukshetra,226
Haryana,2021,Mahendragarh,69,6,Mahendergarh,227
Haryana,2021,Nuh,604,6,Nuh,228
Haryana,2021,Palwal,619,6,Palwal,229
Haryana,2021,Panchkula,70,6,Panchkula,230
Haryana,2021,Panipat,71,6,Panipat,231
Haryana,2021,Rewari,72,6,Rewari,232
Haryana,2021,Rohtak,73,6,Rohtak,233
Haryana,2021,Sirsa,74,6,Sirsa,234
Haryana,2021,Sonipat,75,6,Sonipat,235
Haryana,2021,Yamunanagar,76,6,Yamunanagar,236
Haryana,2021,Gurugram,62,6,Irrigation & Power,237
Haryana,2021,Charki Dadri,701,6,Charkhi Dadri,238
Haryana,2021,Hisar,63,6,Hansi,239
Himachal Pradesh,2021,Solan,25,2,Baddi,240
Himachal Pradesh,2021,Bilaspur,15,2,Bilaspur,241
Himachal Pradesh,2021,Chamba,16,2,Chamba,242
Himachal Pradesh,2021,Shimla,23,2,Cid,243
Himachal Pradesh,2021,Shimla,23,2,Grp,244
Himachal Pradesh,2021,Hamirpur,17,2,Hamirpur,245
Himachal Pradesh,2021,Kangra,18,2,Kangra,246
Himachal Pradesh,2021,Kinnaur,19,2,Kinnaur,247
Himachal Pradesh,2021,Kullu,20,2,Kullu,248
Himachal Pradesh,2021,Lahul And Spiti,21,2,Lahaul & Spiti,249
Himachal Pradesh,2021,Mandi,22,2,Mandi,250
Himachal Pradesh,2021,Shimla,23,2,Shimla,251
Himachal Pradesh,2021,Sirmaur,24,2,Sirmaur,252
Himachal Pradesh,2021,Solan,25,2,Solan,253
Himachal Pradesh,2021,Una,26,2,Una,254
Himachal Pradesh,2021,Shimla,23,2,Cyber,255
Jammu And Kashmir,2021,Anantnag,1,1,Anantnag,256
Jammu And Kashmir,2021,Pulwama,11,1,Awantipora,257
Jammu And Kashmir,2021,Bandipora,623,1,Bandipora,258
Jammu And Kashmir,2021,Baramulla,3,1,Baramulla,259
Jammu And Kashmir,2021,Budgam,2,1,Budgam,260
Jammu And Kashmir,2021,Jammu,5,1,Crime Jammu,261
Jammu And Kashmir,2021,Jammu,5,1,Crime Srinagar,262
Jammu And Kashmir,2021,Doda,4,1,Doda,263
Jammu And Kashmir,2021,Ganderbal,626,1,Ganderbal,264
Jammu And Kashmir,2021,Kupwara,8,1,Handwara,265
Jammu And Kashmir,2021,Jammu,5,1,Jammu,266
Jammu And Kashmir,2021,Kathua,7,1,Kathua,267
Jammu And Kashmir,2021,Kishtwar,620,1,Kishtwar,268
Jammu And Kashmir,2021,Kulgam,622,1,Kulgam,269
Jammu And Kashmir,2021,Kupwara,8,1,Kupwara,270
Jammu And Kashmir,2021,Poonch,10,1,Poonch,271
Jammu And Kashmir,2021,Pulwama,11,1,Pulwama,272
Jammu And Kashmir,2021,Jammu,5,1,Railways Jammu,273
Jammu And Kashmir,2021,Jammu,5,1,Railways Kashmir,274
Jammu And Kashmir,2021,Reasi,627,1,Railways Katra,275
Jammu And Kashmir,2021,Rajouri,12,1,Rajouri,276
Jammu And Kashmir,2021,Ramban,621,1,Ramban,277
Jammu And Kashmir,2021,Reasi,627,1,Reasi,278
Jammu And Kashmir,2021,Samba,624,1,Samba,279
Jammu And Kashmir,2021,Shopian,625,1,Shopian,280
Jammu And Kashmir,2021,Baramulla,3,1,Sopore,281
Jammu And Kashmir,2021,Srinagar,13,1,Srinagar,282
Jammu And Kashmir,2021,Udhampur,14,1,Udhampur,283
Jammu And Kashmir,2021,Jammu,5,1,Cyber Crime Jammu,284
Jammu And Kashmir,2021,Jammu,5,1,Cyber Crime Kashmir,285
Jammu And Kashmir,2021,Jammu,5,1,Anti Narcotic Task Force Jammu,286
Jharkhand,2021,Bokaro,322,20,Bokaro,287
Jharkhand,2021,West Singhbhum,343,20,Chaibasa,288
Jharkhand,2021,Chatra,323,20,Chatra,289
Jharkhand,2021,Deoghar,324,20,Deoghar,290
Jharkhand,2021,Dhanbad,325,20,Dhanbad,291
Jharkhand,2021,Dhanbad,325,20,Dhanbad Railway,292
Jharkhand,2021,Dumka,326,20,Dumka,293
Jharkhand,2021,Garhwa,328,20,Garhwa,294
Jharkhand,2021,Giridih,329,20,Giridih,295
Jharkhand,2021,Godda,330,20,Godda,296
Jharkhand,2021,Gumla,331,20,Gumla,297
Jharkhand,2021,Hazaribagh,332,20,Hazaribagh,298
Jharkhand,2021,East Singhbum,327,20,Jamshedpur,299
Jharkhand,2021,East Singhbum,327,20,Jamshedpur Railway,300
Jharkhand,2021,Jamtara,333,20,Jamtara,301
Jharkhand,2021,Khunti,606,20,Khunti,302
Jharkhand,2021,Koderma,334,20,Koderma,303
Jharkhand,2021,Latehar,335,20,Latehar,304
Jharkhand,2021,Lohardaga,336,20,Lohardagga,305
Jharkhand,2021,Pakur,337,20,Pakur,306
Jharkhand,2021,Palamu,338,20,Palamu,307
Jharkhand,2021,Ramgarh,607,20,Ramgarh,308
Jharkhand,2021,Ranchi,339,20,Ranchi,309
Jharkhand,2021,Sahebganj,340,20,Sahebganj,310
Jharkhand,2021,Saraikela Kharsawan,341,20,Saraikela,311
Jharkhand,2021,Simdega,342,20,Simdega,312
Karnataka,2021,Bagalkote,524,29,Bagalkot,313
Karnataka,2021,Bengaluru Urban,525,29,Bengaluru City,314
Karnataka,2021,Bengaluru Urban,525,29,Bengaluru District,315
Karnataka,2021,Belagavi,527,29,Belagavi District,316
Karnataka,2021,Ballari,528,29,Ballari,317
Karnataka,2021,Bidar,529,29,Bidar,318
Karnataka,2021,Vijayapura,530,29,Vijayapura,319
Karnataka,2021,Chikkaballapura,630,29,Chikkaballapura,320
Karnataka,2021,Chamarajanagara,531,29,Chamarajnagar,321
Karnataka,2021,Chikkamagaluru,532,29,Chikkamagaluru,322
Karnataka,2021,Chitradurga,533,29,Chitradurga,323
Karnataka,2021,Dakshina Kannada,534,29,Dakshina Kannada,324
Karnataka,2021,Davangere,535,29,Davanagere,325
Karnataka,2021,Dharwad,536,29,Dharwad,326
Karnataka,2021,Gadag,537,29,Gadag,327
Karnataka,2021,Kalaburagi,538,29,Kalaburgi,328
Karnataka,2021,Hassan,539,29,Hassan,329
Karnataka,2021,Haveri,540,29,Haveri,330
Karnataka,2021,Dharwad,536,29,Hubballi Dharwad City,331
Karnataka,2021,Belagavi,527,29,K.G.F.,332
Karnataka,2021,Kodagu,541,29,Kodagu,333
Karnataka,2021,Kolar,542,29,Kolar,334
Karnataka,2021,Koppal,543,29,Koppal,335
Karnataka,2021,Mandya,544,29,Mandya,336
Karnataka,2021,Dakshina Kannada,534,29,Mangaluru City,337
Karnataka,2021,Mysuru,545,29,Mysuru City,338
Karnataka,2021,Mysuru,545,29,Mysuru District,339
Karnataka,2021,Raichur,546,29,Raichur,340
Karnataka,2021,Bengaluru Urban,525,29,K.Railways,341
Karnataka,2021,Ramanagara,631,29,Ramanagara,342
Karnataka,2021,Shivamogga,547,29,Shimoga,343
Karnataka,2021,Tumakuru,548,29,Tumakuru,344
Karnataka,2021,Udupi,549,29,Udupi,345
Karnataka,2021,Uttara Kannada,550,29,Uttara Kannada,346
Karnataka,2021,Yadgir,635,29,Yadgiri,347
Karnataka,2021,Belagavi,527,29,Belagavi City,348
Karnataka,2021,Kalaburagi,538,29,Kalaburgi City,349
Kerala,2021,Alappuzha,554,32,Alapuzha,350
Kerala,2021,Ernakulam,555,32,Ernakulam Commr.,351
Kerala,2021,Ernakulam,555,32,Ernakulam Rural,352
Kerala,2021,Idukki,556,32,Idukki,353
Kerala,2021,Kannur,557,32,Kannur City,354
Kerala,2021,Kasaragod,558,32,Kasargod,355
Kerala,2021,Kollam,559,32,Kollam Commr.,356
Kerala,2021,Kollam,559,32,Kollam Rural,357
Kerala,2021,Kottayam,560,32,Kottayam,358
Kerala,2021,Kozhikode,561,32,Kozhikode Commr.,359
Kerala,2021,Kozhikode,561,32,Kozhikode Rural,360
Kerala,2021,Malappuram,562,32,Malappuram,361
Kerala,2021,Palakkad,563,32,Palakkad,362
Kerala,2021,Pathanamthitta,564,32,Pathanamthitta,363
Kerala,2021,Thiruvananthapuram,565,32,Railways,364
Kerala,2021,Thrissur,566,32,Thrissur Commr.,365
Kerala,2021,Thrissur,566,32,Thrissur Rural,366
Kerala,2021,Thiruvananthapuram,565,32,Trivandrum Commr.,367
Kerala,2021,Thiruvananthapuram,565,32,Trivandrum Rural,368
Kerala,2021,Wayanad,567,32,Wayanadu,369
Kerala,2021,Thiruvananthapuram,565,32,Crime Branch,370
Kerala,2021,Kannur,557,32,Kannur Rural,371
Madhya Pradesh,2021,Agar Malwa,667,23,Agar,372
Madhya Pradesh,2021,Alirajpur,639,23,Alirajpur,373
Madhya Pradesh,2021,Anuppur,390,23,Anuppur,374
Madhya Pradesh,2021,Ashoknagar,391,23,Ashok Nagar,375
Madhya Pradesh,2021,Balaghat,392,23,Balaghat,376
Madhya Pradesh,2021,Barwani,393,23,Barwani,377
Madhya Pradesh,2021,Betul,394,23,Betul,378
Madhya Pradesh,2021,Bhind,395,23,Bhind,379
Madhya Pradesh,2021,Bhopal,396,23,Bhopal,380
Madhya Pradesh,2021,Bhopal,396,23,Bhopal Railway,381
Madhya Pradesh,2021,Burhanpur,397,23,Burhanpur,382
Madhya Pradesh,2021,Chhatarpur,398,23,Chhatarpur,383
Madhya Pradesh,2021,Chhindwara,399,23,Chhindwara,384
Madhya Pradesh,2021,Damoh,400,23,Damoh,385
Madhya Pradesh,2021,Datia,401,23,Datia,386
Madhya Pradesh,2021,Dewas,402,23,Dewas,387
Madhya Pradesh,2021,Dhar,403,23,Dhar,388
Madhya Pradesh,2021,Dindori,404,23,Dindori,389
Madhya Pradesh,2021,Guna,406,23,Guna,390
Madhya Pradesh,2021,Gwalior,407,23,Gwalior,391
Madhya Pradesh,2021,Harda,408,23,Harda,392
Madhya Pradesh,2021,Narmadapuram,409,23,Hoshangabad,393
Madhya Pradesh,2021,Indore,410,23,Indore,394
Madhya Pradesh,2021,Indore,410,23,Indore Railway,395
Madhya Pradesh,2021,Jabalpur,411,23,Jabalpur,396
Madhya Pradesh,2021,Jabalpur,411,23,Jabalpur Railway,397
Madhya Pradesh,2021,Jhabua,412,23,Jhabua,398
Madhya Pradesh,2021,Katni,413,23,Katni,399
Madhya Pradesh,2021,Indore,410,23,Khandwa,400
Madhya Pradesh,2021,Khargone,414,23,Khargone,401
Madhya Pradesh,2021,Mandla,415,23,Mandla,402
Madhya Pradesh,2021,Mandsaur,416,23,Mandsaur,403
Madhya Pradesh,2021,Morena,417,23,Morena,404
Madhya Pradesh,2021,Narsinghpur,418,23,Narsinghpur,405
Madhya Pradesh,2021,Neemuch,419,23,Neemuch,406
Madhya Pradesh,2021,Panna,420,23,Panna,407
Madhya Pradesh,2021,Raisen,421,23,Raisen,408
Madhya Pradesh,2021,Rajgarh,422,23,Rajgarh,409
Madhya Pradesh,2021,Ratlam,423,23,Ratlam,410
Madhya Pradesh,2021,Rewa,424,23,Rewa,411
Madhya Pradesh,2021,Sagar,425,23,Sagar,412
Madhya Pradesh,2021,Satna,426,23,Satna,413
Madhya Pradesh,2021,Seoni,428,23,Seoni,414
Madhya Pradesh,2021,Shahdol,429,23,Shahdol,415
Madhya Pradesh,2021,Shajapur,430,23,Shajapur,416
Madhya Pradesh,2021,Sheopur,431,23,Sheopur,417
Madhya Pradesh,2021,Shivpuri,432,23,Shivpuri,418
Madhya Pradesh,2021,Sidhi,433,23,Sidhi,419
Madhya Pradesh,2021,Sehore,427,23,Sehore,420
Madhya Pradesh,2021,Singrauli,638,23,Singrauli,421
Madhya Pradesh,2021,Tikamgarh,434,23,Tikamgarh,422
Madhya Pradesh,2021,Ujjain,435,23,Ujjain,423
Madhya Pradesh,2021,Umaria,436,23,Umaria,424
Madhya Pradesh,2021,Vidisha,437,23,Vidisha,425
Madhya Pradesh,2021,Bhopal,396,23,Cyber Crime Cell,426
Madhya Pradesh,2021,Niwari,722,23,Niwari,427
Maharashtra,2021,Ahmednagar,466,27,Ahmednagar,428
Maharashtra,2021,Akola,467,27,Akola,429
Maharashtra,2021,Amravati,468,27,Amravati Commr.,430
Maharashtra,2021,Amravati,468,27,Amravati Rural,431
Maharashtra,2021,Aurangabad,469,27,Aurangabad Commr.,432
Maharashtra,2021,Aurangabad,469,27,Aurangabad Rural,433
Maharashtra,2021,Beed,470,27,Beed,434
Maharashtra,2021,Bhandara,471,27,Bhandara,435
Maharashtra,2021,Buldhana,472,27,Buldhana,436
Maharashtra,2021,Chandrapur,473,27,Chandrapur,437
Maharashtra,2021,Dhule,474,27,Dhule,438
Maharashtra,2021,Gadchiroli,475,27,Gadchiroli,439
Maharashtra,2021,Gondia,476,27,Gondia,440
Maharashtra,2021,Hingoli,477,27,Hingoli,441
Maharashtra,2021,Jalgaon,478,27,Jalgaon,442
Maharashtra,2021,Jalna,479,27,Jalna,443
Maharashtra,2021,Kolhapur,480,27,Kolhapur,444
Maharashtra,2021,Latur,481,27,Latur,445
Maharashtra,2021,Mumbai,482,27,Mumbai Commr.,446
Maharashtra,2021,Mumbai,482,27,Mumbai Railway,447
Maharashtra,2021,Nagpur,484,27,Nagpur Commr.,448
Maharashtra,2021,Nagpur,484,27,Nagpur Railway,449
Maharashtra,2021,Nagpur,484,27,Nagpur Rural,450
Maharashtra,2021,Nanded,485,27,Nanded,451
Maharashtra,2021,Nandurbar,486,27,Nandurbar,452
Maharashtra,2021,Nashik,487,27,Nasik Commr.,453
Maharashtra,2021,Nashik,487,27,Nasik Rural,454
Maharashtra,2021,Mumbai Suburban,483,27,Navi Mumbai,455
Maharashtra,2021,Osmanabad,488,27,Osmanabad,456
Maharashtra,2021,Palghar,665,27,Palghar,457
Maharashtra,2021,Parbhani,489,27,Parbhani,458
Maharashtra,2021,Pune,490,27,Pune Commr.,459
Maharashtra,2021,Pune,490,27,Pune Railway,460
Maharashtra,2021,Pune,490,27,Pune Rural,461
Maharashtra,2021,Raigad,491,27,Raigad,462
Maharashtra,2021,Ratnagiri,492,27,Ratnagiri,463
Maharashtra,2021,Sangli,493,27,Sangli,464
Maharashtra,2021,Satara,494,27,Satara,465
Maharashtra,2021,Sindhudurg,495,27,Sindhudurg,466
Maharashtra,2021,Solapur,496,27,Solapur Commr.,467
Maharashtra,2021,Solapur,496,27,Solapur Rural,468
Maharashtra,2021,Thane,497,27,Thane Commr.,469
Maharashtra,2021,Thane,497,27,Thane Rural,470
Maharashtra,2021,Wardha,498,27,Wardha,471
Maharashtra,2021,Washim,499,27,Washim,472
Maharashtra,2021,Yavatmal,500,27,Yavatmal,473
Maharashtra,2021,Pune,490,27,Pimpri Chinchwad City,474
Maharashtra,2021,Aurangabad,469,27,Aurangabad Railway,475
Maharashtra,2021,Thane,497,27,Mira Bhayandar Vasai Virar Commr.,476
Manipur,2021,Bishnupur,252,14,Bishnupur,477
Manipur,2021,Chandel,253,14,Chandel,478
Manipur,2021,Churachandpur,254,14,Churachandpur,479
Manipur,2021,Imphal West,256,14,Cid,480
Manipur,2021,Imphal East,255,14,Imphal East,481
Manipur,2021,Imphal West,256,14,Imphal West,482
Manipur,2021,Senapati,257,14,Senapati,483
Manipur,2021,Tamenglong,258,14,Tamenglong,484
Manipur,2021,Thoubal,259,14,Thoubal,485
Manipur,2021,Ukhrul,260,14,Ukhrul,486
Manipur,2021,Kakching,711,14,Kakching,487
Manipur,2021,Kamjong,717,14,Kamjong,488
Manipur,2021,Kangpokpi,712,14,Kangpokpi,489
Manipur,2021,Jiribam,713,14,Jiribam,490
Manipur,2021,Noney,714,14,Noney,491
Manipur,2021,Pherzawl,715,14,Pherzawl,492
Manipur,2021,Tengnoupal,716,14,Tengnoupal,493
Manipur,2021,Imphal West,256,14,Narcotic,494
Meghalaya,2021,East Garo Hills,273,17,Garo Hills East,495
Meghalaya,2021,North Garo Hills,656,17,Garo Hills North,496
Meghalaya,2021,South Garo Hills,277,17,Garo Hills South,497
Meghalaya,2021,South West Garo Hills,663,17,Garo Hills South West,498
Meghalaya,2021,West Garo Hills,278,17,Garo Hills West,499
Meghalaya,2021,West Jaintia Hills,275,17,Jaintia Hills West,500
Meghalaya,2021,East Jaintia Hills,657,17,Jaintia Hills East,501
Meghalaya,2021,East Khasi Hills,274,17,Khasi Hills East,502
Meghalaya,2021,South West Khasi Hills,658,17,Khasi Hills South West,503
Meghalaya,2021,West Khasi Hills,279,17,Khasi Hills West,504
Meghalaya,2021,Ri Bhoi,276,17,Ri-Bhoi,505
Meghalaya,2021,East Khasi Hills,274,17,Cyber Cell,506
Mizoram,2021,Aizawl,261,15,Aizawl,507
Mizoram,2021,Champhai,262,15,Champhai,508
Mizoram,2021,Kolasib,263,15,Kolasib,509
Mizoram,2021,Lawngtlai,264,15,Lawngtlai,510
Mizoram,2021,Lunglei,265,15,Lunglei,511
Mizoram,2021,Mamit,266,15,Mamit,512
Mizoram,2021,Saiha,267,15,Saiha,513
Mizoram,2021,Serchhip,268,15,Serchhip,514
Mizoram,2021,Aizawl,261,15,Spl Narcotic,515
Mizoram,2021,Saitual,727,15,Saitual,516
Mizoram,2021,Khawzawl,728,15,Khawzawl,517
Mizoram,2021,Hnahthial,726,15,Hnahthial,518
Mizoram,2021,Aizawl,261,15,Cyber,519
Nagaland,2021,Dimapur,244,13,Dimapur,520
Nagaland,2021,Kiphire,614,13,Kiphire,521
Nagaland,2021,Kohima,245,13,Kohima,522
Nagaland,2021,Longleng,615,13,Longleng,523
Nagaland,2021,Mokokchung,246,13,Mokokchung,524
Nagaland,2021,Mon,247,13,Mon,525
Nagaland,2021,Peren,613,13,Peren,526
Nagaland,2021,Phek,248,13,Phek,527
Nagaland,2021,Tuensang,249,13,Tuensang,528
Nagaland,2021,Wokha,250,13,Wokha,529
Nagaland,2021,Zunheboto,251,13,Zunheboto,530
Odisha,2021,Anugul,344,21,Angul,531
Odisha,2021,Baleshwar,346,21,Balasore,532
Odisha,2021,Bargarh,347,21,Baragarh,533
Odisha,2021,Baleshwar,346,21,Berhampur,534
Odisha,2021,Bhadrak,348,21,Bhadrak,535
Odisha,2021,Balangir,345,21,Bolangir,536
Odisha,2021,Boudh,349,21,Boudh,537
Odisha,2021,Cuttack,350,21,Cuttack,538
Odisha,2021,Khordha,362,21,Dcp Bbsr,539
Odisha,2021,Cuttack,350,21,Dcp Ctc,540
Odisha,2021,Deogarh,351,21,Deogarh,541
Odisha,2021,Dhenkanal,352,21,Dhenkanal,542
Odisha,2021,Gajapati,353,21,Gajapati,543
Odisha,2021,Ganjam,354,21,Ganjam,544
Odisha,2021,Jagatsinghapur,355,21,Jagatsinghpur,545
Odisha,2021,Jajapur,356,21,Jajpur,546
Odisha,2021,Jharsuguda,357,21,Jharsuguda,547
Odisha,2021,Kalahandi,358,21,Kalahandi,548
Odisha,2021,Kandhamal,359,21,Kandhamal,549
Odisha,2021,Kendrapara,360,21,Kendrapara,550
Odisha,2021,Kendujhar,361,21,Keonjhar,551
Odisha,2021,Khordha,362,21,Khurda,552
Odisha,2021,Koraput,363,21,Koraput,553
Odisha,2021,Malkangiri,364,21,Malkangiri,554
Odisha,2021,Mayurbhanj,365,21,Mayurbhanj,555
Odisha,2021,Nayagarh,367,21,Nayagarh,556
Odisha,2021,Nabarangpur,366,21,Nabarangpur,557
Odisha,2021,Nuapada,368,21,Nuapada,558
Odisha,2021,Puri,369,21,Puri,559
Odisha,2021,Rayagada,370,21,Rayagada,560
Odisha,2021,Sundargarh,373,21,Rourkela,561
Odisha,2021,Sambalpur,371,21,Sambalpur,562
Odisha,2021,Sonepur,372,21,Sonepur,563
Odisha,2021,Cuttack,350,21,Srp(Cuttack),564
Odisha,2021,Sundargarh,373,21,Srp(Rourkela),565
Odisha,2021,Sundargarh,373,21,Sundargarh,566
Odisha,2021,Cuttack,350,21,Cid Cb,567
Punjab,2021,Amritsar,27,3,Amritsar Rural,568
Punjab,2021,Barnala,605,3,Barnala,569
Punjab,2021,Gurdaspur,32,3,Batala,570
Punjab,2021,Bathinda,28,3,Bathinda,571
Punjab,2021,Amritsar,27,3,Cp Amritsar,572
Punjab,2021,Jalandhar,34,3,Cp Jalandhar,573
Punjab,2021,Ludhiana,36,3,Cp Ludhiana,574
Punjab,2021,Faridkot,29,3,Faridkot,575
Punjab,2021,Fatehgarh Sahib,30,3,Fatehgarh Sahib,576
Punjab,2021,Fazilka,651,3,Fazilka,577
Punjab,2021,Ferozepur,31,3,Ferozepur,578
Punjab,2021,Patiala,41,3,Grp,579
Punjab,2021,Gurdaspur,32,3,Gurdaspur,580
Punjab,2021,Hoshiarpur,33,3,Hoshiarpur,581
Punjab,2021,Jalandhar,34,3,Jalandhar Rural,582
Punjab,2021,Kapurthala,35,3,Kapurthala,583
Punjab,2021,Ludhiana,36,3,Khanna,584
Punjab,2021,Ludhiana,36,3,Ludhiana Rural,585
Punjab,2021,Mansa,37,3,Mansa,586
Punjab,2021,Moga,38,3,Moga,587
Punjab,2021,Sri Muktsar Sahib,39,3,Muktsar,588
Punjab,2021,Pathankot,662,3,Pathankot,589
Punjab,2021,Patiala,41,3,Patiala,590
Punjab,2021,Rupnagar,42,3,Ropar,591
Punjab,2021,Sangrur,43,3,Sangrur,592
Punjab,2021,S.A.S Nagar,608,3,Sas Nagar,593
Punjab,2021,Shahid Bhagat Singh Nagar,40,3,Sbs Nagar,594
Punjab,2021,Tarn Taran,609,3,Tarn Taran,595
Punjab,2021,S.A.S Nagar,608,3,Bureau Of Investigation,596
Punjab,2021,S.A.S Nagar,608,3,Intelligence Wing,597
Punjab,2021,S.A.S Nagar,608,3,Nri Wing,598
Punjab,2021,Amritsar,27,3,Special Task Force,599
Punjab,2021,Malerkotla,737,3,Malerkotla,600
Rajasthan,2021,Ajmer,86,8,Ajmer,601
Rajasthan,2021,Alwar,87,8,Alwar,602
Rajasthan,2021,Banswara,88,8,Banswara,603
Rajasthan,2021,Baran,89,8,Baran,604
Rajasthan,2021,Barmer,90,8,Barmer,605
Rajasthan,2021,Bharatpur,91,8,Bharatpur,606
Rajasthan,2021,Bhilwara,92,8,Bhilwara,607
Rajasthan,2021,Bikaner,93,8,Bikaner,608
Rajasthan,2021,Bundi,94,8,Bundi,609
Rajasthan,2021,Chittorgarh,95,8,Chittorgarh,610
Rajasthan,2021,Churu,96,8,Churu,611
Rajasthan,2021,Dausa,97,8,Dausa,612
Rajasthan,2021,Dholpur,98,8,Dholpur,613
Rajasthan,2021,Dungarpur,99,8,Dungarpur,614
Rajasthan,2021,Ajmer,86,8,Grp Ajmer,615
Rajasthan,2021,Jodhpur,107,8,Grp Jodhpur,616
Rajasthan,2021,Ganganagar,100,8,Ganganagar,617
Rajasthan,2021,Hanumangarh,101,8,Hanumangarh,618
Rajasthan,2021,Jaipur,102,8,Jaipur East,619
Rajasthan,2021,Jaipur,102,8,Jaipur North,620
Rajasthan,2021,Jaipur (Gramin),783,8,Jaipur Rural,621
Rajasthan,2021,Jaipur,102,8,Jaipur South,622
Rajasthan,2021,Jaipur,102,8,Jaipur West,623
Rajasthan,2021,Jaisalmer,103,8,Jaisalmer,624
Rajasthan,2021,Jalore,104,8,Jalore,625
Rajasthan,2021,Jhalawar,105,8,Jhalawar,626
Rajasthan,2021,Jhunjhunu,106,8,Jhunjhunu,627
Rajasthan,2021,Jodhpur,107,8,Jodhpur East,628
Rajasthan,2021,Jodhpur,107,8,Jodhpur West,629
Rajasthan,2021,Jodhpur,107,8,Jodhpur Rural,630
Rajasthan,2021,Karauli,108,8,Karauli,631
Rajasthan,2021,Kota,109,8,Kota City,632
Rajasthan,2021,Kota,109,8,Kota Rural,633
Rajasthan,2021,Nagaur,110,8,Nagaur,634
Rajasthan,2021,Pali,111,8,Pali,635
Rajasthan,2021,Pratapgarh,629,8,Pratapgarh,636
Rajasthan,2021,Rajsamand,112,8,Rajsamand,637
Rajasthan,2021,Sawai Madhopur,113,8,Sawai Madhopur,638
Rajasthan,2021,Sikar,114,8,Sikar,639
Rajasthan,2021,Sirohi,115,8,Sirohi,640
Rajasthan,2021,Tonk,116,8,Tonk,641
Rajasthan,2021,Udaipur,117,8,Udaipur,642
Rajasthan,2021,Jaipur,102,8,Jaipur Metro,643
Rajasthan,2021,Jaipur,102,8,Scrb,644
Rajasthan,2021,Jaipur,102,8,Sog,645
Rajasthan,2021,Jaipur,102,8,Ssb,646
Rajasthan,2021,Jaipur,102,8,Jaipur Crime,647
Rajasthan,2021,Khairthal-Tijara,770,8,Bhiwadi,648
Sikkim,2021,Gangtok,225,11,East,649
Sikkim,2021,Mangan,226,11,North,650
Sikkim,2021,Namchi,227,11,South,651
Sikkim,2021,Gyalshing,228,11,West,652
Sikkim,2021,Gangtok,225,11,Cid,653
Tamil Nadu,2021,Ariyalur,610,33,Ariyalur,654
Tamil Nadu,2021,Chennai,568,33,Chennai,655
Tamil Nadu,2021,Coimbatore,569,33,Coimbatore,656
Tamil Nadu,2021,Coimbatore,569,33,Coimbatore City,657
Tamil Nadu,2021,Cuddalore,570,33,Cuddalore,658
Tamil Nadu,2021,Dharmapuri,571,33,Dharmapuri,659
Tamil Nadu,2021,Dindigul,572,33,Dindigul,660
Tamil Nadu,2021,Erode,573,33,Erode,661
Tamil Nadu,2021,Kanchipuram,574,33,Kanchipuram,662
Tamil Nadu,2021,Kanniyakumari,575,33,Kanyakumari,663
Tamil Nadu,2021,Karur,576,33,Karur,664
Tamil Nadu,2021,Krishnagiri,577,33,Krishnagiri,665
Tamil Nadu,2021,Madurai,578,33,Madurai,666
Tamil Nadu,2021,Madurai,578,33,Madurai City,667
Tamil Nadu,2021,Nagapattinam,579,33,Nagapattinam,668
Tamil Nadu,2021,Namakkal,580,33,Namakkal,669
Tamil Nadu,2021,The Nilgiris,587,33,Nilgiris,670
Tamil Nadu,2021,Perambalur,581,33,Perambalur,671
Tamil Nadu,2021,Pudukkottai,582,33,Pudukottai,672
Tamil Nadu,2021,Ramanathapuram,583,33,Ramnathapuram,673
Tamil Nadu,2021,Chennai,568,33,Railway Chennai,674
Tamil Nadu,2021,Tiruchirappalli,591,33,Railway Trichy,675
Tamil Nadu,2021,Salem,584,33,Salem,676
Tamil Nadu,2021,Salem,584,33,Salem City,677
Tamil Nadu,2021,Sivaganga,585,33,Sivagangai,678
Tamil Nadu,2021,Thanjavur,586,33,Thanjavur,679
Tamil Nadu,2021,Theni,588,33,Theni,680
Tamil Nadu,2021,Tirunelveli,592,33,Thirunelveli,681
Tamil Nadu,2021,Tirunelveli,592,33,Thirunelveli City,682
Tamil Nadu,2021,Thiruvallur,589,33,Thiruvallur,683
Tamil Nadu,2021,Tiruvannamalai,593,33,Thiruvannamalai,684
Tamil Nadu,2021,Thiruvarur,590,33,Thiruvarur,685
Tamil Nadu,2021,Tuticorin,594,33,Thoothukudi,686
Tamil Nadu,2021,Tiruppur,634,33,Tiruppur,687
Tamil Nadu,2021,Tiruppur,634,33,Tiruppur City,688
Tamil Nadu,2021,Tiruchirappalli,591,33,Trichy,689
Tamil Nadu,2021,Tiruchirappalli,591,33,Trichy City,690
Tamil Nadu,2021,Vellore,595,33,Vellore,691
Tamil Nadu,2021,Villupuram,596,33,Villupuram,692
Tamil Nadu,2021,Virudhunagar,597,33,Virudhunagar,693
Tamil Nadu,2021,Chennai,568,33,Cyber Cell,694
Tamil Nadu,2021,Chennai,568,33,Other Units,695
Tamil Nadu,2021,Chengalpattu,730,33,Chengalpattu,696
Tamil Nadu,2021,Kallakurichi,729,33,Kallakurichi,697
Tamil Nadu,2021,Ranipet,731,33,Ranipet,698
Tamil Nadu,2021,Tirupathur,732,33,Tiruppattur,699
Tamil Nadu,2021,Tenkasi,733,33,Tenkasi,700
Telangana,2021,Hyderabad,507,36,Cyberabad Commissionerate,701
Telangana,2021,Hyderabad,507,36,Hyderabad Commissionerate,702
Telangana,2021,Karimnagar,508,36,Karimnagar Commissionerate,703
Telangana,2021,Khammam,509,36,Khammam Commissionerate,704
Telangana,2021,Nizamabad,516,36,Nizamabad Commissionerate,705
Telangana,2021,Yadadri Bhuvanagiri,697,36,Rachakonda Commissionerate,706
Telangana,2021,Peddapalli,682,36,Ramagundam Commissionerate,707
Telangana,2021,Siddipet,692,36,Siddipet Commissionerate,708
Telangana,2021,Warangal,522,36,Warangal Commissionerate,709
Telangana,2021,Adilabad,501,36,Adilabad,710
Telangana,2021,Bhadradri Kothagudem,690,36,Bhadradri Kothagudem,711
Telangana,2021,Jagitial,681,36,Jagityal,712
Telangana,2021,Jayashankar Bhupalapally,687,36,Jayashankar Bhupalpalli,713
Telangana,2021,Jogulamba Gadwal,695,36,Jogulamba Gadwal,714
Telangana,2021,Kamareddy,685,36,Kamareddy ,715
Telangana,2021,Kumuram Bheem Asifabad,699,36,Kumaram Bheem Asifabad,716
Telangana,2021,Mahabubabad,688,36,Mahabubabad,717
Telangana,2021,Mahabubnagar,512,36,Mahabubnagar,718
Telangana,2021,Medak,513,36,Medak,719
Telangana,2021,Nagarkurnool,694,36,Nagarkurnool,720
Telangana,2021,Nalgonda,514,36,Nalgonda,721
Telangana,2021,Nirmal,680,36,Nirmal,722
Telangana,2021,Rajanna Sircilla,683,36,Rajanna Siricilla,723
Telangana,2021,Sangareddy,691,36,Sangareddy,724
Telangana,2021,Suryapet,696,36,Suryapet,725
Telangana,2021,Vikarabad,698,36,Vikarabad,726
Telangana,2021,Wanaparthy,693,36,Wanaparthy,727
Telangana,2021,Hyderabad,507,36,Railway Police Secunderabad,728
Telangana,2021,Mulugu,720,36,Mulug,729
Telangana,2021,Narayanpet,721,36,Narayanpet,730
Tripura,2021,Dhalai,269,16,Dhalai,731
Tripura,2021,Gomati,654,16,Gomati,732
Tripura,2021,West Tripura,272,16,Grp,733
Tripura,2021,Khowai,652,16,Kowai,734
Tripura,2021,North Tripura,270,16,North,735
Tripura,2021,Sepahijala,653,16,Sipahijala,736
Tripura,2021,South Tripura,271,16,South,737
Tripura,2021,Unakoti,655,16,Unakoti,738
Tripura,2021,West Tripura,272,16,West,739
Uttar Pradesh,2021,Agra,118,9,Agra,740
Uttar Pradesh,2021,Aligarh,119,9,Aligarh,741
Uttar Pradesh,2021,Prayagraj,120,9,Prayagraj,742
Uttar Pradesh,2021,Ambedkar Nagar,121,9,Ambedkar Nagar,743
Uttar Pradesh,2021,Amethi,640,9,Amethi,744
Uttar Pradesh,2021,Amroha,154,9,Amroha,745
Uttar Pradesh,2021,Auraiya,122,9,Auraiya,746
Uttar Pradesh,2021,Azamgarh,123,9,Azamgarh,747
Uttar Pradesh,2021,Budaun,133,9,Badaun,748
Uttar Pradesh,2021,Baghpat,124,9,Baghpat,749
Uttar Pradesh,2021,Bahraich,125,9,Bahraich,750
Uttar Pradesh,2021,Ballia,126,9,Ballia,751
Uttar Pradesh,2021,Balrampur,127,9,Balrampur,752
Uttar Pradesh,2021,Banda,128,9,Banda,753
Uttar Pradesh,2021,Barabanki,129,9,Barabanki,754
Uttar Pradesh,2021,Bareilly,130,9,Bareilly,755
Uttar Pradesh,2021,Basti,131,9,Basti,756
Uttar Pradesh,2021,Bijnor,132,9,Bijnor,757
Uttar Pradesh,2021,Bulandshahr,134,9,Bulandshahar,758
Uttar Pradesh,2021,Chandauli,135,9,Chandoli,759
Uttar Pradesh,2021,Chitrakoot,136,9,Chitrakoot,760
Uttar Pradesh,2021,Deoria,137,9,Deoria,761
Uttar Pradesh,2021,Etah,138,9,Etah,762
Uttar Pradesh,2021,Etawah,139,9,Etawah,763
Uttar Pradesh,2021,Ayodhya,140,9,Ayodhya,764
Uttar Pradesh,2021,Farrukhabad,141,9,Fatehgarh,765
Uttar Pradesh,2021,Fatehpur,142,9,Fatehpur,766
Uttar Pradesh,2021,Firozabad,143,9,Firozabad,767
Uttar Pradesh,2021,Lucknow,162,9,Grp,768
Uttar Pradesh,2021,Gautam Buddha Nagar,144,9,Gautambudh Nagar,769
Uttar Pradesh,2021,Ghaziabad,145,9,Ghaziabad,770
Uttar Pradesh,2021,Ghazipur,146,9,Ghazipur,771
Uttar Pradesh,2021,Gonda,147,9,Gonda,772
Uttar Pradesh,2021,Gorakhpur,148,9,Gorakhpur,773
Uttar Pradesh,2021,Hamirpur,149,9,Hamirpur,774
Uttar Pradesh,2021,Hapur,661,9,Hapur,775
Uttar Pradesh,2021,Hardoi,150,9,Hardoi,776
Uttar Pradesh,2021,Hathras,163,9,Hathras,777
Uttar Pradesh,2021,Jalaun,151,9,Jalaun,778
Uttar Pradesh,2021,Jaunpur,152,9,Jaunpur,779
Uttar Pradesh,2021,Jhansi,153,9,Jhansi,780
Uttar Pradesh,2021,Kannauj,155,9,Kannauj,781
Uttar Pradesh,2021,Kanpur Dehat,156,9,Kanpur Dehat,782
Uttar Pradesh,2021,Kanpur Nagar,157,9,Kanpur Commissionarate,783
Uttar Pradesh,2021,Kasganj,633,9,Kasganj,784
Uttar Pradesh,2021,Kaushambi,158,9,Kaushambi,785
Uttar Pradesh,2021,Kheri,159,9,Khiri,786
Uttar Pradesh,2021,Kushi Nagar,160,9,Kushi Nagar,787
Uttar Pradesh,2021,Lalitpur,161,9,Lalitpur,788
Uttar Pradesh,2021,Lucknow,162,9,Lucknow Commissionarate,789
Uttar Pradesh,2021,Maharajganj,164,9,Maharajganj,790
Uttar Pradesh,2021,Mahoba,165,9,Mahoba,791
Uttar Pradesh,2021,Mainpuri,166,9,Mainpuri,792
Uttar Pradesh,2021,Mathura,167,9,Mathura,793
Uttar Pradesh,2021,Mau,168,9,Mau,794
Uttar Pradesh,2021,Meerut,169,9,Meerut,795
Uttar Pradesh,2021,Mirzapur,170,9,Mirzapur,796
Uttar Pradesh,2021,Moradabad,171,9,Moradabad,797
Uttar Pradesh,2021,Muzaffarnagar,172,9,Muzaffarnagar,798
Uttar Pradesh,2021,Pilibhit,173,9,Pilibhit,799
Uttar Pradesh,2021,Pratapgarh,174,9,Pratapgarh,800
Uttar Pradesh,2021,Rae Bareli,175,9,Raibareilly,801
Uttar Pradesh,2021,Rampur,176,9,Rampur,802
Uttar Pradesh,2021,Saharanpur,177,9,Saharanpur,803
Uttar Pradesh,2021,Sambhal,659,9,Sambhal,804
Uttar Pradesh,2021,Sant Kabeer Nagar,178,9,Sant Kabirnagar,805
Uttar Pradesh,2021,Shahjahanpur,180,9,Shahjahanpur,806
Uttar Pradesh,2021,Shamli,660,9,Shamli,807
Uttar Pradesh,2021,Shravasti,181,9,Shrawasti,808
Uttar Pradesh,2021,Siddharth Nagar,182,9,Sidharthnagar,809
Uttar Pradesh,2021,Sitapur,183,9,Sitapur,810
Uttar Pradesh,2021,Sonbhadra,184,9,Sonbhadra,811
Uttar Pradesh,2021,Bhadohi,179,9,Bhadohi,812
Uttar Pradesh,2021,Sultanpur,185,9,Sultanpur,813
Uttar Pradesh,2021,Unnao,186,9,Unnao,814
Uttar Pradesh,2021,Varanasi,187,9,Varanasi Commissionarate,815
Uttar Pradesh,2021,Lucknow,162,9,Lucknow Grameen,816
Uttar Pradesh,2021,Kanpur Dehat,156,9,Kanpur Outer,817
Uttar Pradesh,2021,Varanasi,187,9,Vasanasi Dehat,818
Uttarakhand,2021,Almora,45,5,Almora,819
Uttarakhand,2021,Bageshwar,46,5,Bageshwar,820
Uttarakhand,2021,Chamoli,47,5,Chamoli,821
Uttarakhand,2021,Champawat,48,5,Champawat,822
Uttarakhand,2021,Dehradun,49,5,Dehradun,823
Uttarakhand,2021,Haridwar,50,5,Haridwar,824
Uttarakhand,2021,Nainital,51,5,Nainital,825
Uttarakhand,2021,Pauri Garhwal,52,5,Pauri Garhwal,826
Uttarakhand,2021,Pithoragarh,53,5,Pithoragarh,827
Uttarakhand,2021,Rudra Prayag,54,5,Rudra Prayag,828
Uttarakhand,2021,Tehri Garhwal,55,5,Tehri Garhwal,829
Uttarakhand,2021,Udam Singh Nagar,56,5,Udhamsingh Nagar,830
Uttarakhand,2021,Uttar Kashi,57,5,Uttarkashi,831
Uttarakhand,2021,Dehradun,49,5,Grp,832
Uttarakhand,2021,Cyber Cell,9999,5,Cyber Cell,833
West Bengal,2021,Alipurduar,664,19,Alipurduar,834
West Bengal,2021,Paschim Bardhaman,704,19,Asansol-Durgapur Pc,835
West Bengal,2021,Bankura,305,19,Bankura,836
West Bengal,2021,24 Paraganas North,303,19,Barrackpur Pc,837
West Bengal,2021,24 Paraganas North,303,19,Bidhannagar Pc,838
West Bengal,2021,Birbhum,307,19,Birbhum,839
West Bengal,2021,Coochbehar,308,19,Coochbehar,840
West Bengal,2021,Dinajpur Dakshin,310,19,Dakshin Dinajpur,841
West Bengal,2021,Darjeeling,309,19,Darjeeling,842
West Bengal,2021,Hooghly,312,19,Hooghly Rural Police,843
West Bengal,2021,Howrah,313,19,Howrah Grp,844
West Bengal,2021,Howrah,313,19,Howrah Pc,845
West Bengal,2021,Howrah,313,19,Howrah Rural,846
West Bengal,2021,Jalpaiguri,314,19,Jalpaiguri,847
West Bengal,2021,Jhargram,703,19,Jhargram,848
West Bengal,2021,Medinipur West,318,19,Kharagpur Grp,849
West Bengal,2021,Kolkata,315,19,Kolkata,850
West Bengal,2021,Maldah,316,19,Malda,851
West Bengal,2021,Murshidabad,319,19,Murshidabad Police District,852
West Bengal,2021,Medinipur West,318,19,Paschim Medinipur,853
West Bengal,2021,Medinipur East,317,19,Purab Medinipur,854
West Bengal,2021,Purulia,321,19,Purulia,855
West Bengal,2021,Kolkata,315,19,Sealdah Grp,856
West Bengal,2021,Darjeeling,309,19,Siliguri Grp,857
West Bengal,2021,Darjeeling,309,19,Siliguri Pc,858
West Bengal,2021,24 Paraganas South,304,19,Baruipur Police,859
West Bengal,2021,Hooghly,312,19,Chandannagar Pc,860
West Bengal,2021,24 Paraganas South,304,19,Diamond Harbour Police,861
West Bengal,2021,Kalimpong,702,19,Kalimpong,862
West Bengal,2021,Purba Bardhaman,306,19,Purba Bardhaman,863
West Bengal,2021,24 Paraganas South,304,19,Sundarban Police,864
West Bengal,2021,24 Paraganas North,303,19,Barasat,865
West Bengal,2021,24 Paraganas North,303,19,Basirhat,866
West Bengal,2021,24 Paraganas North,303,19,Bangaon,867
West Bengal,2021,Dinajpur Uttar,311,19,Islampur,868
West Bengal,2021,Murshidabad,319,19,Jangipur Police District,869
West Bengal,2021,Nadia,320,19,Krishnagar,870
West Bengal,2021,Dinajpur Uttar,311,19,Raiganj,871
West Bengal,2021,Nadia,320,19,Ranaghat,872
Andaman And Nicobar Islands                   ,2021,South Andamans,602,35,South Andaman,873
Andaman And Nicobar Islands                   ,2021,North And Middle Andaman,632,35,North And Middle Andaman,874
Andaman And Nicobar Islands                   ,2021,Nicobars,603,35,Nicobar,875
Chandigarh,2021,Chandigarh,44,4,Chandigarh,876
The Dadra And Nagar Haveli And Daman And Diu,2021,Dadra And Nagar Haveli,465,38,Dadra And Nagar Haveli,877
The Dadra And Nagar Haveli And Daman And Diu,2021,Daman,463,38,Daman,878
The Dadra And Nagar Haveli And Daman And Diu,2021,Diu,464,38,Diu,879
Delhi,2021,Central,77,7,Central,880
Delhi,2021,North West,82,7,Crime Branch,881
Delhi,2021,East,78,7,East,882
Delhi,2021,New Delhi,79,7,Eow,883
Delhi,2021,New Delhi,79,7,Igi Airport,884
Delhi,2021,North West,82,7,Metro,885
Delhi,2021,New Delhi,79,7,New Delhi,886
Delhi,2021,North,80,7,North,887
Delhi,2021,North East,81,7,North-East,888
Delhi,2021,North West,82,7,North-West,889
Delhi,2021,North West,82,7,Outer,890
Delhi,2021,New Delhi,79,7,Railway,891
Delhi,2021,South,83,7,South,892
Delhi,2021,South East,670,7,South-East,893
Delhi,2021,South West,84,7,South-West,894
Delhi,2021,North West,82,7,Spl Cell,895
Delhi,2021,New Delhi,79,7,Spuwac,896
Delhi,2021,New Delhi,79,7,Vigilance,897
Delhi,2021,West,85,7,West,898
Delhi,2021,North West,82,7,Rohini,899
Delhi,2021,Shahdara,671,7,Shahdara,900
Delhi,2021,South West,84,7,Dwarka,901
Delhi,2021,New Delhi,79,7,Outer North,902
Ladakh,2021,Kargil,6,37,Kargil,903
Ladakh,2021,Leh Ladakh,9,37,Leh,904
Lakshadweep,2021,Lakshadweep District,553,31,Lakshadweep,905
Puducherry,2021,Karaikal,598,34,Karaikal,906
Puducherry,2021,Pondicherry,600,34,Puducherry,907
Andhra Pradesh,2022,Alluri Sitharama Raju,745,28,Alluri Sitharama Raju,908
Andhra Pradesh,2022,Anakapalli,744,28,Anakapalli,909
Andhra Pradesh,2022,Anantapur,502,28,Anantapuramu,910
Andhra Pradesh,2022,Annamayya,753,28,Annamayya,911
Andhra Pradesh,2022,Bapatla,750,28,Bapatla,912
Andhra Pradesh,2022,Chittoor,503,28,Chittoor,913
Andhra Pradesh,2022,Konaseema,747,28,Dr Br Ambedkar Konaseema,914
Andhra Pradesh,2022,East Godavari,505,28,East Godavari,915
Andhra Pradesh,2022,Eluru,748,28,Eluru,916
Andhra Pradesh,2022,Anantapur,502,28,Guntakal Railway,917
Andhra Pradesh,2022,Guntur,506,28,Guntur,918
Andhra Pradesh,2022,Kakinada,746,28,Kakinada,919
Andhra Pradesh,2022,Krishna,510,28,Krishna,920
Andhra Pradesh,2022,Kurnool,511,28,Kurnool,921
Andhra Pradesh,2022,Nandyal,755,28,Nandyal,922
Andhra Pradesh,2022,Ntr,749,28,Ntr,923
Andhra Pradesh,2022,Palnadu,751,28,Palnadu,924
Andhra Pradesh,2022,Parvathipuram Manyam,743,28,Parvathipuram Manyam,925
Andhra Pradesh,2022,Prakasam,517,28,Prakasam,926
Andhra Pradesh,2022,Spsr Nellore,515,28,Sri Potti Sriramulu Nellore,927
Andhra Pradesh,2022,Sri Sathya Sai,754,28,Sri Sathya Sai,928
Andhra Pradesh,2022,Srikakulam,519,28,Srikakulam,929
Andhra Pradesh,2022,Tirupati,752,28,Tirupati,930
Andhra Pradesh,2022,Ntr,749,28,Viiayawada Railway,931
Andhra Pradesh,2022,Visakhapatanam,520,28,Visakhapatnam,932
Andhra Pradesh,2022,Vizianagaram,521,28,Vizianagaram,933
Andhra Pradesh,2022,West Godavari,523,28,West Godavari,934
Andhra Pradesh,2022,Y.S.R.,504,28,Ysr,935
Arunachal Pradesh,2022,Anjaw,628,12,Anjaw,936
Arunachal Pradesh,2022,Changlang,229,12,Changlang,937
Arunachal Pradesh,2022,Papum Pare,237,12,Crime Branch,938
Arunachal Pradesh,2022,Dibang Valley,230,12,Dibang Valley,939
Arunachal Pradesh,2022,East Kameng,231,12,Kameng East,940
Arunachal Pradesh,2022,West Kameng,242,12,Kameng West,941
Arunachal Pradesh,2022,Kurung Kumey,233,12,Kurung Kumey,942
Arunachal Pradesh,2022,Lohit,234,12,Lohit,943
Arunachal Pradesh,2022,Longding,666,12,Longding,944
Arunachal Pradesh,2022,Lower Dibang Valley,235,12,Lower Dibang Valley,945
Arunachal Pradesh,2022,Papum Pare,237,12,Papum Pare City,946
Arunachal Pradesh,2022,Papum Pare,237,12,Papum Pare Rural,947
Arunachal Pradesh,2022,East Siang,232,12,Siang East,948
Arunachal Pradesh,2022,Upper Siang,240,12,Siang Upper,949
Arunachal Pradesh,2022,West Siang,243,12,Siang West,950
Arunachal Pradesh,2022,Lower Subansiri,236,12,Subansiri Lower,951
Arunachal Pradesh,2022,Upper Subansiri,241,12,Subansiri Upper,952
Arunachal Pradesh,2022,Tawang,238,12,Tawang,953
Arunachal Pradesh,2022,Tirap,239,12,Tirap,954
Arunachal Pradesh,2022,Namsai,678,12,Namsai,955
Arunachal Pradesh,2022,Siang,679,12,Siang,956
Arunachal Pradesh,2022,Kamle,718,12,Kamle,957
Arunachal Pradesh,2022,Kra Daadi,677,12,Kra Dadi,958
Arunachal Pradesh,2022,Lower Siang,719,12,Lower Siang,959
Arunachal Pradesh,2022,Leparada,724,12,Leparada,960
Arunachal Pradesh,2022,Shi Yomi,725,12,Shiyomi,961
Arunachal Pradesh,2022,Pakke Kessang,723,12,Pakkessang,962
Assam,2022,Kamrup Metro,618,18,Bieo,963
Assam,2022,Barpeta,280,18,Barpeta,964
Assam,2022,Baksa,616,18,Baksa,965
Assam,2022,Bongaigaon,281,18,Bongaigaon,966
Assam,2022,Kamrup Metro,618,18,Cid,967
Assam,2022,Cachar,282,18,Cachar,968
Assam,2022,Chirang,612,18,Chirang,969
Assam,2022,Darrang,283,18,Darrang,970
Assam,2022,Dhemaji,284,18,Dhemaji,971
Assam,2022,Dhubri,285,18,Dhubri,972
Assam,2022,Dibrugarh,286,18,Dibrugarh,973
Assam,2022,Kamrup Metro,618,18,Grp,974
Assam,2022,Goalpara,287,18,Goalpara,975
Assam,2022,Golaghat,288,18,Golaghat,976
Assam,2022,Kamrup Metro,618,18,Guwahati City,977
Assam,2022,Hailakandi,289,18,Hailakandi,978
Assam,2022,West Karbi Anglong,710,18,Hamren,979
Assam,2022,Jorhat,290,18,Jorhat,980
Assam,2022,Kamrup,291,18,Kamrup,981
Assam,2022,Karbi Anglong,292,18,Karbi Anglong,982
Assam,2022,Karimganj,293,18,Karimganj,983
Assam,2022,Kokrajhar,294,18,Kokrajhar,984
Assam,2022,Lakhimpur,295,18,Lakhimpur,985
Assam,2022,Marigaon,296,18,Morigaon,986
Assam,2022,Dima Hasao,299,18,Dima Hasao,987
Assam,2022,Nagaon,297,18,Nagaon,988
Assam,2022,Nalbari,298,18,Nalbari,989
Assam,2022,Kamrup Metro,618,18,Rpo,990
Assam,2022,Kamrup Metro,618,18,Sou,991
Assam,2022,Kamrup Metro,618,18,Stf,992
Assam,2022,Sivasagar,300,18,Sibsagar,993
Assam,2022,Sonitpur,301,18,Sonitpur,994
Assam,2022,Tinsukia,302,18,Tinsukia,995
Assam,2022,Udalguri,617,18,Udalguri,996
Assam,2022,Tinsukia,302,18,Sadia,997
Assam,2022,Majuli,706,18,Majuli,998
Assam,2022,Biswanath,705,18,Biswanath,999
Assam,2022,Hojai,709,18,Hojai,1000
Assam,2022,South Salmara Mancachar,707,18,South Salmara,1001
Assam,2022,Charaideo,708,18,Charaideo,1002
Assam,2022,Bajali,739,18,Bajali,1003
Assam,2022,Tamulpur,756,18,Tamulpur,1004
Bihar,2022,Araria,188,10,Araria,1005
Bihar,2022,Arwal,611,10,Arwal,1006
Bihar,2022,Aurangabad,189,10,Aurangabad,1007
Bihar,2022,Pashchim Champaran,211,10,Bagaha,1008
Bihar,2022,Banka,190,10,Banka,1009
Bihar,2022,Begusarai,191,10,Begusarai,1010
Bihar,2022,Pashchim Champaran,211,10,Bettiah,1011
Bihar,2022,Kaimur (Bhabua),200,10,Kaimur(Bhabhua),1012
Bihar,2022,Bhagalpur,192,10,Bhagalpur,1013
Bihar,2022,Bhojpur,193,10,Bhojpur,1014
Bihar,2022,Buxar,194,10,Buxar,1015
Bihar,2022,Darbhanga,195,10,Darbhanga,1016
Bihar,2022,Gaya,196,10,Gaya,1017
Bihar,2022,Gopalganj,197,10,Gopalganj,1018
Bihar,2022,Munger,207,10,Jamalpur Railway,1019
Bihar,2022,Jamui,198,10,Jamui,1020
Bihar,2022,Jehanabad,199,10,Jehanabad,1021
Bihar,2022,Katihar,201,10,Katihar,1022
Bihar,2022,Katihar,201,10,Katihar Railway,1023
Bihar,2022,Khagaria,202,10,Khagaria,1024
Bihar,2022,Kishanganj,203,10,Kishanganj,1025
Bihar,2022,Lakhisarai,204,10,Lakhisarai,1026
Bihar,2022,Madhepura,205,10,Madhepura,1027
Bihar,2022,Madhubani,206,10,Madhubani,1028
Bihar,2022,Purbi Champaran,213,10,Motihari,1029
Bihar,2022,Munger,207,10,Munger,1030
Bihar,2022,Muzaffarpur,208,10,Muzaffarpur,1031
Bihar,2022,Muzaffarpur,208,10,Muzaffarpur Railway,1032
Bihar,2022,Nalanda,209,10,Nalanda,1033
Bihar,2022,Bhagalpur,192,10,Naugachia,1034
Bihar,2022,Nawada,210,10,Nawadah,1035
Bihar,2022,Patna,212,10,Patna,1036
Bihar,2022,Patna,212,10,Patna Railway,1037
Bihar,2022,Purnia,214,10,Purnea,1038
Bihar,2022,Rohtas,215,10,Rohtas,1039
Bihar,2022,Saharsa,216,10,Saharsa,1040
Bihar,2022,Samastipur,217,10,Samastipur,1041
Bihar,2022,Saran,218,10,Saran,1042
Bihar,2022,Sheikhpura,219,10,Sheikhpura,1043
Bihar,2022,Sheohar,220,10,Sheohar,1044
Bihar,2022,Sitamarhi,221,10,Sitamarhi,1045
Bihar,2022,Siwan,222,10,Siwan,1046
Bihar,2022,Supaul,223,10,Supaul,1047
Bihar,2022,Vaishali,224,10,Vaishali,1048
Bihar,2022,Patna,212,10,Economic Offences Unit,1049
Bihar,2022,Patna,212,10,Anti Terrorist Squad,1050
Chhattisgarh,2022,Balod,646,22,Balod,1051
Chhattisgarh,2022,Baloda Bazar,644,22,Balodbazar,1052
Chhattisgarh,2022,Balrampur,649,22,Balrampur,1053
Chhattisgarh,2022,Bemetara,650,22,Bemetra,1054
Chhattisgarh,2022,Bilaspur,375,22,Bilaspur,1055
Chhattisgarh,2022,Bijapur,636,22,Bizapur,1056
Chhattisgarh,2022,Dantewada,376,22,Dantewara,1057
Chhattisgarh,2022,Dhamtari,377,22,Dhamtari,1058
Chhattisgarh,2022,Durg,378,22,Durg,1059
Chhattisgarh,2022,Gariyaband,645,22,Gariyaband,1060
Chhattisgarh,2022,Raipur,387,22,Grp Raipur,1061
Chhattisgarh,2022,Bastar,374,22,Jagdalpur,1062
Chhattisgarh,2022,Janjgir-Champa,379,22,Janjgir,1063
Chhattisgarh,2022,Jashpur,380,22,Jashpur,1064
Chhattisgarh,2022,Kabirdham,382,22,Kabirdham,1065
Chhattisgarh,2022,Kanker,381,22,Kanker,1066
Chhattisgarh,2022,Kondagaon,643,22,Kondagaon,1067
Chhattisgarh,2022,Korba,383,22,Korba,1068
Chhattisgarh,2022,Korea,384,22,Koriya,1069
Chhattisgarh,2022,Mahasamund,385,22,Mahasamund,1070
Chhattisgarh,2022,Mungeli,647,22,Mungali,1071
Chhattisgarh,2022,Narayanpur,637,22,Narayanpur,1072
Chhattisgarh,2022,Raigarh,386,22,Raigarh,1073
Chhattisgarh,2022,Raipur,387,22,Raipur,1074
Chhattisgarh,2022,Rajnandgaon,388,22,Rajnandgaon,1075
Chhattisgarh,2022,Surguja,389,22,Sarguja,1076
Chhattisgarh,2022,Sukma,642,22,Sukma,1077
Chhattisgarh,2022,Surajpur,648,22,Surajpur,1078
Chhattisgarh,2022,Gaurella Pendra Marwahi,734,22,Gaurela-Pendra-Marwari,1079
Chhattisgarh,2022,Khairgarh Chhuikhadan Gandai,759,22,Khairagarh - Chhuikhadan-Gandai,1080
Chhattisgarh,2022,Manendragarh Chirimiri Bharatpur,760,22,Manendragarh-Chirmiri-Bharatpur,1081
Chhattisgarh,2022,Mohla Manpur Ambagarh Chouki,761,22,Mohla-Manpur-Ambagarh Chouki,1082
Chhattisgarh,2022,Sakti,762,22,Sakti,1083
Chhattisgarh,2022,Sarangarh Bilaigarh,763,22,Sarangarh-Bilaigarh,1084
Goa,2022,North Goa,551,30,North Goa,1085
Goa,2022,South Goa,552,30,South Goa,1086
Goa,2022,North Goa,551,30,Cid,1087
Gujarat,2022,Ahmadabad,438,24,Ahmedabad City,1088
Gujarat,2022,Ahmadabad,438,24,Ahmedabad Rural,1089
Gujarat,2022,Amreli,439,24,Amreli,1090
Gujarat,2022,Anand,440,24,Anand,1091
Gujarat,2022,Arvalli,672,24,Arvalli,1092
Gujarat,2022,Banas Kantha,441,24,Banaskantha,1093
Gujarat,2022,Bharuch,442,24,Bharuch,1094
Gujarat,2022,Bhavnagar,443,24,Bhavnagar,1095
Gujarat,2022,Botad,676,24,Botad,1096
Gujarat,2022,Chhotaudepur,668,24,Chhotaudepur,1097
Gujarat,2022,Gandhinagar,446,24,Cid Crime,1098
Gujarat,2022,Dohad,445,24,Dahod,1099
Gujarat,2022,Dang,444,24,Dang,1100
Gujarat,2022,Devbhumi Dwarka,674,24,Devbhumi Dwarka,1101
Gujarat,2022,Gandhinagar,446,24,Gandhinagar,1102
Gujarat,2022,Gir Somnath,675,24,Gir Somnath,1103
Gujarat,2022,Jamnagar,447,24,Jamnagar,1104
Gujarat,2022,Junagadh,448,24,Junagadh,1105
Gujarat,2022,Kachchh,449,24,Kachchh East(G),1106
Gujarat,2022,Kachchh,449,24,Kachchh West(B),1107
Gujarat,2022,Kheda,450,24,Kheda,1108
Gujarat,2022,Mahisagar,669,24,Mahisagar,1109
Gujarat,2022,Mahesana,451,24,Mehsana,1110
Gujarat,2022,Morbi,673,24,Morbi,1111
Gujarat,2022,Narmada,452,24,Narmada,1112
Gujarat,2022,Navsari,453,24,Navsari,1113
Gujarat,2022,Panch Mahals,454,24,Panchmahal,1114
Gujarat,2022,Patan,455,24,Patan,1115
Gujarat,2022,Porbandar,456,24,Porbandar,1116
Gujarat,2022,Rajkot,457,24,Rajkot City,1117
Gujarat,2022,Rajkot,457,24,Rajkot Rural,1118
Gujarat,2022,Sabar Kantha,458,24,Sabarkantha,1119
Gujarat,2022,Surat,459,24,Surat City,1120
Gujarat,2022,Surat,459,24,Surat Rural,1121
Gujarat,2022,Surendranagar,460,24,Surendranagar,1122
Gujarat,2022,Tapi,641,24,Tapi,1123
Gujarat,2022,Vadodara,461,24,Vadodara City,1124
Gujarat,2022,Vadodara,461,24,Vadodara Rural,1125
Gujarat,2022,Valsad,462,24,Valsad,1126
Gujarat,2022,Ahmadabad,438,24,W.Rly Ahmedabad,1127
Gujarat,2022,Vadodara,461,24,W.Rly Vadodara,1128
Gujarat,2022,Ahmadabad,438,24,Cyber Ahmedabad Range,1129
Gujarat,2022,Bhavnagar,443,24,Cyber Bhavnagar Range,1130
Gujarat,2022,Cyber Border Range,9999,24,Cyber Border Range,1131
Gujarat,2022,Gandhinagar,446,24,Cyber Gandhinagar Range,1132
Gujarat,2022,Junagadh,448,24,Cyber Junagadh Range,1133
Gujarat,2022,Panch Mahals,454,24,Cyber Panchmahal Range,1134
Gujarat,2022,Rajkot,457,24,Cyber Rajkot Range,1135
Gujarat,2022,Surat,459,24,Cyber Surat Range,1136
Gujarat,2022,Vadodara,461,24,Cyber Vadodara Range,1137
Haryana,2022,Ambala,58,6,Ambala,1138
Haryana,2022,Bhiwani,59,6,Bhiwani,1139
Haryana,2022,Faridabad,60,6,Faridabad,1140
Haryana,2022,Fatehabad,61,6,Fatehabad,1141
Haryana,2022,Ambala,58,6,Grp,1142
Haryana,2022,Gurugram,62,6,Gurugram,1143
Haryana,2022,Hisar,63,6,Hissar,1144
Haryana,2022,Jhajjar,64,6,Jhajjar,1145
Haryana,2022,Jind,65,6,Jind,1146
Haryana,2022,Kaithal,66,6,Kaithal,1147
Haryana,2022,Karnal,67,6,Karnal,1148
Haryana,2022,Kurukshetra,68,6,Kurukshetra,1149
Haryana,2022,Mahendragarh,69,6,Mahendergarh,1150
Haryana,2022,Nuh,604,6,Nuh,1151
Haryana,2022,Palwal,619,6,Palwal,1152
Haryana,2022,Panchkula,70,6,Panchkula,1153
Haryana,2022,Panipat,71,6,Panipat,1154
Haryana,2022,Rewari,72,6,Rewari,1155
Haryana,2022,Rohtak,73,6,Rohtak,1156
Haryana,2022,Sirsa,74,6,Sirsa,1157
Haryana,2022,Sonipat,75,6,Sonipat,1158
Haryana,2022,Yamunanagar,76,6,Yamunanagar,1159
Haryana,2022,Gurugram,62,6,Irrigation & Power,1160
Haryana,2022,Charki Dadri,701,6,Charkhi Dadri,1161
Haryana,2022,Hisar,63,6,Hansi,1162
Himachal Pradesh,2022,Solan,25,2,Baddi,1163
Himachal Pradesh,2022,Bilaspur,15,2,Bilaspur,1164
Himachal Pradesh,2022,Chamba,16,2,Chamba,1165
Himachal Pradesh,2022,Shimla,23,2,Cid,1166
Himachal Pradesh,2022,Shimla,23,2,Grp,1167
Himachal Pradesh,2022,Hamirpur,17,2,Hamirpur,1168
Himachal Pradesh,2022,Kangra,18,2,Kangra,1169
Himachal Pradesh,2022,Kinnaur,19,2,Kinnaur,1170
Himachal Pradesh,2022,Kullu,20,2,Kullu,1171
Himachal Pradesh,2022,Lahul And Spiti,21,2,Lahaul & Spiti,1172
Himachal Pradesh,2022,Mandi,22,2,Mandi,1173
Himachal Pradesh,2022,Shimla,23,2,Shimla,1174
Himachal Pradesh,2022,Sirmaur,24,2,Sirmaur,1175
Himachal Pradesh,2022,Solan,25,2,Solan,1176
Himachal Pradesh,2022,Una,26,2,Una,1177
Himachal Pradesh,2022,Shimla,23,2,Cyber,1178
Jharkhand,2022,Bokaro,322,20,Bokaro,1179
Jharkhand,2022,West Singhbhum,343,20,Chaibasa,1180
Jharkhand,2022,Chatra,323,20,Chatra,1181
Jharkhand,2022,Deoghar,324,20,Deoghar,1182
Jharkhand,2022,Dhanbad,325,20,Dhanbad,1183
Jharkhand,2022,Dhanbad,325,20,Dhanbad Railway,1184
Jharkhand,2022,Dumka,326,20,Dumka,1185
Jharkhand,2022,Garhwa,328,20,Garhwa,1186
Jharkhand,2022,Giridih,329,20,Giridih,1187
Jharkhand,2022,Godda,330,20,Godda,1188
Jharkhand,2022,Gumla,331,20,Gumla,1189
Jharkhand,2022,Hazaribagh,332,20,Hazaribagh,1190
Jharkhand,2022,East Singhbum,327,20,Jamshedpur,1191
Jharkhand,2022,East Singhbum,327,20,Jamshedpur Railway,1192
Jharkhand,2022,Jamtara,333,20,Jamtara,1193
Jharkhand,2022,Khunti,606,20,Khunti,1194
Jharkhand,2022,Koderma,334,20,Koderma,1195
Jharkhand,2022,Latehar,335,20,Latehar,1196
Jharkhand,2022,Lohardaga,336,20,Lohardagga,1197
Jharkhand,2022,Pakur,337,20,Pakur,1198
Jharkhand,2022,Palamu,338,20,Palamu,1199
Jharkhand,2022,Ramgarh,607,20,Ramgarh,1200
Jharkhand,2022,Ranchi,339,20,Ranchi,1201
Jharkhand,2022,Sahebganj,340,20,Sahebganj,1202
Jharkhand,2022,Saraikela Kharsawan,341,20,Saraikela,1203
Jharkhand,2022,Simdega,342,20,Simdega,1204
Karnataka,2022,Bagalkote,524,29,Bagalkot,1205
Karnataka,2022,Bengaluru Urban,525,29,Bengaluru City,1206
Karnataka,2022,Bengaluru Urban,525,29,Bengaluru District,1207
Karnataka,2022,Belagavi,527,29,Belagavi District,1208
Karnataka,2022,Ballari,528,29,Ballari,1209
Karnataka,2022,Bidar,529,29,Bidar,1210
Karnataka,2022,Vijayapura,530,29,Vijayapura,1211
Karnataka,2022,Chikkaballapura,630,29,Chikkaballapura,1212
Karnataka,2022,Chamarajanagara,531,29,Chamarajnagar,1213
Karnataka,2022,Chikkamagaluru,532,29,Chikkamagaluru,1214
Karnataka,2022,Chitradurga,533,29,Chitradurga,1215
Karnataka,2022,Dakshina Kannada,534,29,Dakshina Kannada,1216
Karnataka,2022,Davangere,535,29,Davanagere,1217
Karnataka,2022,Dharwad,536,29,Dharwad,1218
Karnataka,2022,Gadag,537,29,Gadag,1219
Karnataka,2022,Kalaburagi,538,29,Kalaburgi,1220
Karnataka,2022,Hassan,539,29,Hassan,1221
Karnataka,2022,Haveri,540,29,Haveri,1222
Karnataka,2022,Dharwad,536,29,Hubballi Dharwad City,1223
Karnataka,2022,Belagavi,527,29,K.G.F.,1224
Karnataka,2022,Kodagu,541,29,Kodagu,1225
Karnataka,2022,Kolar,542,29,Kolar,1226
Karnataka,2022,Koppal,543,29,Koppal,1227
Karnataka,2022,Mandya,544,29,Mandya,1228
Karnataka,2022,Dakshina Kannada,534,29,Mangaluru City,1229
Karnataka,2022,Mysuru,545,29,Mysuru City,1230
Karnataka,2022,Mysuru,545,29,Mysuru District,1231
Karnataka,2022,Raichur,546,29,Raichur,1232
Karnataka,2022,Bengaluru Urban,525,29,K.Railways,1233
Karnataka,2022,Ramanagara,631,29,Ramanagara,1234
Karnataka,2022,Shivamogga,547,29,Shimoga,1235
Karnataka,2022,Tumakuru,548,29,Tumakuru,1236
Karnataka,2022,Udupi,549,29,Udupi,1237
Karnataka,2022,Uttara Kannada,550,29,Uttara Kannada,1238
Karnataka,2022,Yadgir,635,29,Yadgiri,1239
Karnataka,2022,Belagavi,527,29,Belagavi City,1240
Karnataka,2022,Kalaburagi,538,29,Kalaburgi City,1241
Karnataka,2022,Vijayanagar,738,29,Vijayanagara,1242
Kerala,2022,Alappuzha,554,32,Alapuzha,1243
Kerala,2022,Ernakulam,555,32,Ernakulam Commr.,1244
Kerala,2022,Ernakulam,555,32,Ernakulam Rural,1245
Kerala,2022,Idukki,556,32,Idukki,1246
Kerala,2022,Kannur,557,32,Kannur City,1247
Kerala,2022,Kasaragod,558,32,Kasargod,1248
Kerala,2022,Kollam,559,32,Kollam Commr.,1249
Kerala,2022,Kollam,559,32,Kollam Rural,1250
Kerala,2022,Kottayam,560,32,Kottayam,1251
Kerala,2022,Kozhikode,561,32,Kozhikode Commr.,1252
Kerala,2022,Kozhikode,561,32,Kozhikode Rural,1253
Kerala,2022,Malappuram,562,32,Malappuram,1254
Kerala,2022,Palakkad,563,32,Palakkad,1255
Kerala,2022,Pathanamthitta,564,32,Pathanamthitta,1256
Kerala,2022,Thiruvananthapuram,565,32,Railways,1257
Kerala,2022,Thrissur,566,32,Thrissur Rural,1258
Kerala,2022,Thiruvananthapuram,565,32,Trivandrum Commr.,1259
Kerala,2022,Thiruvananthapuram,565,32,Trivandrum Rural,1260
Kerala,2022,Wayanad,567,32,Wayanadu,1261
Kerala,2022,Thiruvananthapuram,565,32,Crime Branch,1262
Kerala,2022,Kannur,557,32,Kannur Rural,1263
Madhya Pradesh,2022,Agar Malwa,667,23,Agar,1264
Madhya Pradesh,2022,Alirajpur,639,23,Alirajpur,1265
Madhya Pradesh,2022,Anuppur,390,23,Anuppur,1266
Madhya Pradesh,2022,Ashoknagar,391,23,Ashok Nagar,1267
Madhya Pradesh,2022,Balaghat,392,23,Balaghat,1268
Madhya Pradesh,2022,Barwani,393,23,Barwani,1269
Madhya Pradesh,2022,Betul,394,23,Betul,1270
Madhya Pradesh,2022,Bhind,395,23,Bhind,1271
Madhya Pradesh,2022,Bhopal,396,23,Bhopal Commissionarate,1272
Madhya Pradesh,2022,Bhopal,396,23,Bhopal Railway,1273
Madhya Pradesh,2022,Burhanpur,397,23,Burhanpur,1274
Madhya Pradesh,2022,Chhatarpur,398,23,Chhatarpur,1275
Madhya Pradesh,2022,Chhindwara,399,23,Chhindwara,1276
Madhya Pradesh,2022,Damoh,400,23,Damoh,1277
Madhya Pradesh,2022,Datia,401,23,Datia,1278
Madhya Pradesh,2022,Dewas,402,23,Dewas,1279
Madhya Pradesh,2022,Dhar,403,23,Dhar,1280
Madhya Pradesh,2022,Dindori,404,23,Dindori,1281
Madhya Pradesh,2022,Guna,406,23,Guna,1282
Madhya Pradesh,2022,Gwalior,407,23,Gwalior,1283
Madhya Pradesh,2022,Harda,408,23,Harda,1284
Madhya Pradesh,2022,Narmadapuram,409,23,Narmadapuram,1285
Madhya Pradesh,2022,Indore,410,23,Indore Commissionarate,1286
Madhya Pradesh,2022,Indore,410,23,Indore Railway,1287
Madhya Pradesh,2022,Jabalpur,411,23,Jabalpur,1288
Madhya Pradesh,2022,Jabalpur,411,23,Jabalpur Railway,1289
Madhya Pradesh,2022,Jhabua,412,23,Jhabua,1290
Madhya Pradesh,2022,Katni,413,23,Katni,1291
Madhya Pradesh,2022,Indore,410,23,Khandwa,1292
Madhya Pradesh,2022,Khargone,414,23,Khargone,1293
Madhya Pradesh,2022,Mandla,415,23,Mandla,1294
Madhya Pradesh,2022,Mandsaur,416,23,Mandsaur,1295
Madhya Pradesh,2022,Morena,417,23,Morena,1296
Madhya Pradesh,2022,Narsinghpur,418,23,Narsinghpur,1297
Madhya Pradesh,2022,Neemuch,419,23,Neemuch,1298
Madhya Pradesh,2022,Panna,420,23,Panna,1299
Madhya Pradesh,2022,Raisen,421,23,Raisen,1300
Madhya Pradesh,2022,Rajgarh,422,23,Rajgarh,1301
Madhya Pradesh,2022,Ratlam,423,23,Ratlam,1302
Madhya Pradesh,2022,Rewa,424,23,Rewa,1303
Madhya Pradesh,2022,Sagar,425,23,Sagar,1304
Madhya Pradesh,2022,Satna,426,23,Satna,1305
Madhya Pradesh,2022,Seoni,428,23,Seoni,1306
Madhya Pradesh,2022,Shahdol,429,23,Shahdol,1307
Madhya Pradesh,2022,Shajapur,430,23,Shajapur,1308
Madhya Pradesh,2022,Sheopur,431,23,Sheopur,1309
Madhya Pradesh,2022,Shivpuri,432,23,Shivpuri,1310
Madhya Pradesh,2022,Sidhi,433,23,Sidhi,1311
Madhya Pradesh,2022,Sehore,427,23,Sehore,1312
Madhya Pradesh,2022,Singrauli,638,23,Singrauli,1313
Madhya Pradesh,2022,Tikamgarh,434,23,Tikamgarh,1314
Madhya Pradesh,2022,Ujjain,435,23,Ujjain,1315
Madhya Pradesh,2022,Umaria,436,23,Umaria,1316
Madhya Pradesh,2022,Vidisha,437,23,Vidisha,1317
Madhya Pradesh,2022,Bhopal,396,23,Cyber Crime Cell,1318
Madhya Pradesh,2022,Niwari,722,23,Niwari,1319
Madhya Pradesh,2022,Bhopal,396,23,Bhopal Rural,1320
Madhya Pradesh,2022,Indore,410,23,Indore Rural,1321
Maharashtra,2022,Ahmednagar,466,27,Ahmednagar,1322
Maharashtra,2022,Akola,467,27,Akola,1323
Maharashtra,2022,Amravati,468,27,Amravati Commr.,1324
Maharashtra,2022,Amravati,468,27,Amravati Rural,1325
Maharashtra,2022,Aurangabad,469,27,Aurangabad Commr.,1326
Maharashtra,2022,Aurangabad,469,27,Aurangabad Rural,1327
Maharashtra,2022,Beed,470,27,Beed,1328
Maharashtra,2022,Bhandara,471,27,Bhandara,1329
Maharashtra,2022,Buldhana,472,27,Buldhana,1330
Maharashtra,2022,Chandrapur,473,27,Chandrapur,1331
Maharashtra,2022,Dhule,474,27,Dhule,1332
Maharashtra,2022,Gadchiroli,475,27,Gadchiroli,1333
Maharashtra,2022,Gondia,476,27,Gondia,1334
Maharashtra,2022,Hingoli,477,27,Hingoli,1335
Maharashtra,2022,Jalgaon,478,27,Jalgaon,1336
Maharashtra,2022,Jalna,479,27,Jalna,1337
Maharashtra,2022,Kolhapur,480,27,Kolhapur,1338
Maharashtra,2022,Latur,481,27,Latur,1339
Maharashtra,2022,Mumbai,482,27,Mumbai Commr.,1340
Maharashtra,2022,Mumbai,482,27,Mumbai Railway,1341
Maharashtra,2022,Nagpur,484,27,Nagpur Commr.,1342
Maharashtra,2022,Nagpur,484,27,Nagpur Railway,1343
Maharashtra,2022,Nagpur,484,27,Nagpur Rural,1344
Maharashtra,2022,Nanded,485,27,Nanded,1345
Maharashtra,2022,Nandurbar,486,27,Nandurbar,1346
Maharashtra,2022,Nashik,487,27,Nasik Commr.,1347
Maharashtra,2022,Nashik,487,27,Nasik Rural,1348
Maharashtra,2022,Mumbai Suburban,483,27,Navi Mumbai,1349
Maharashtra,2022,Osmanabad,488,27,Osmanabad,1350
Maharashtra,2022,Palghar,665,27,Palghar,1351
Maharashtra,2022,Parbhani,489,27,Parbhani,1352
Maharashtra,2022,Pune,490,27,Pune Commr.,1353
Maharashtra,2022,Pune,490,27,Pune Railway,1354
Maharashtra,2022,Pune,490,27,Pune Rural,1355
Maharashtra,2022,Raigad,491,27,Raigad,1356
Maharashtra,2022,Ratnagiri,492,27,Ratnagiri,1357
Maharashtra,2022,Sangli,493,27,Sangli,1358
Maharashtra,2022,Satara,494,27,Satara,1359
Maharashtra,2022,Sindhudurg,495,27,Sindhudurg,1360
Maharashtra,2022,Solapur,496,27,Solapur Commr.,1361
Maharashtra,2022,Solapur,496,27,Solapur Rural,1362
Maharashtra,2022,Thane,497,27,Thane Commr.,1363
Maharashtra,2022,Thane,497,27,Thane Rural,1364
Maharashtra,2022,Wardha,498,27,Wardha,1365
Maharashtra,2022,Washim,499,27,Washim,1366
Maharashtra,2022,Yavatmal,500,27,Yavatmal,1367
Maharashtra,2022,Pune,490,27,Pimpri Chinchwad City,1368
Maharashtra,2022,Aurangabad,469,27,Aurangabad Railway,1369
Maharashtra,2022,Thane,497,27,Mira Bhayandar Vasai Virar Commr.,1370
Manipur,2022,Bishnupur,252,14,Bishnupur,1371
Manipur,2022,Chandel,253,14,Chandel,1372
Manipur,2022,Churachandpur,254,14,Churachandpur,1373
Manipur,2022,Imphal West,256,14,Cid,1374
Manipur,2022,Imphal East,255,14,Imphal East,1375
Manipur,2022,Imphal West,256,14,Imphal West,1376
Manipur,2022,Senapati,257,14,Senapati,1377
Manipur,2022,Tamenglong,258,14,Tamenglong,1378
Manipur,2022,Thoubal,259,14,Thoubal,1379
Manipur,2022,Ukhrul,260,14,Ukhrul,1380
Manipur,2022,Kakching,711,14,Kakching,1381
Manipur,2022,Kamjong,717,14,Kamjong,1382
Manipur,2022,Kangpokpi,712,14,Kangpokpi,1383
Manipur,2022,Jiribam,713,14,Jiribam,1384
Manipur,2022,Noney,714,14,Noney,1385
Manipur,2022,Pherzawl,715,14,Pherzawl,1386
Manipur,2022,Tengnoupal,716,14,Tengnoupal,1387
Manipur,2022,Imphal West,256,14,Narcotic,1388
Meghalaya,2022,East Garo Hills,273,17,Garo Hills East,1389
Meghalaya,2022,North Garo Hills,656,17,Garo Hills North,1390
Meghalaya,2022,South Garo Hills,277,17,Garo Hills South,1391
Meghalaya,2022,South West Garo Hills,663,17,Garo Hills South West,1392
Meghalaya,2022,West Garo Hills,278,17,Garo Hills West,1393
Meghalaya,2022,West Jaintia Hills,275,17,Jaintia Hills West,1394
Meghalaya,2022,East Jaintia Hills,657,17,Jaintia Hills East,1395
Meghalaya,2022,East Khasi Hills,274,17,Khasi Hills East,1396
Meghalaya,2022,South West Khasi Hills,658,17,Khasi Hills South West,1397
Meghalaya,2022,West Khasi Hills,279,17,Khasi Hills West,1398
Meghalaya,2022,Ri Bhoi,276,17,Ri-Bhoi,1399
Meghalaya,2022,East Khasi Hills,274,17,Cyber Cell,1400
Meghalaya,2022,Eastern West Khasi Hills,740,17,Khasi Hills Eastern West,1401
Mizoram,2022,Aizawl,261,15,Aizawl,1402
Mizoram,2022,Champhai,262,15,Champhai,1403
Mizoram,2022,Kolasib,263,15,Kolasib,1404
Mizoram,2022,Lawngtlai,264,15,Lawngtlai,1405
Mizoram,2022,Lunglei,265,15,Lunglei,1406
Mizoram,2022,Mamit,266,15,Mamit,1407
Mizoram,2022,Saiha,267,15,Saiha,1408
Mizoram,2022,Serchhip,268,15,Serchhip,1409
Mizoram,2022,Aizawl,261,15,Spl Narcotic,1410
Mizoram,2022,Saitual,727,15,Saitual,1411
Mizoram,2022,Khawzawl,728,15,Khawzawl,1412
Mizoram,2022,Hnahthial,726,15,Hnahthial,1413
Mizoram,2022,Aizawl,261,15,Cyber,1414
Nagaland,2022,Dimapur,244,13,Dimapur,1415
Nagaland,2022,Kiphire,614,13,Kiphire,1416
Nagaland,2022,Kohima,245,13,Kohima,1417
Nagaland,2022,Longleng,615,13,Longleng,1418
Nagaland,2022,Mokokchung,246,13,Mokokchung,1419
Nagaland,2022,Mon,247,13,Mon,1420
Nagaland,2022,Peren,613,13,Peren,1421
Nagaland,2022,Phek,248,13,Phek,1422
Nagaland,2022,Tuensang,249,13,Tuensang,1423
Nagaland,2022,Wokha,250,13,Wokha,1424
Nagaland,2022,Zunheboto,251,13,Zunheboto,1425
Odisha,2022,Anugul,344,21,Angul,1426
Odisha,2022,Baleshwar,346,21,Balasore,1427
Odisha,2022,Bargarh,347,21,Baragarh,1428
Odisha,2022,Baleshwar,346,21,Berhampur,1429
Odisha,2022,Bhadrak,348,21,Bhadrak,1430
Odisha,2022,Balangir,345,21,Bolangir,1431
Odisha,2022,Boudh,349,21,Boudh,1432
Odisha,2022,Cuttack,350,21,Cuttack,1433
Odisha,2022,Khordha,362,21,Dcp Bbsr,1434
Odisha,2022,Cuttack,350,21,Dcp Ctc,1435
Odisha,2022,Deogarh,351,21,Deogarh,1436
Odisha,2022,Dhenkanal,352,21,Dhenkanal,1437
Odisha,2022,Gajapati,353,21,Gajapati,1438
Odisha,2022,Ganjam,354,21,Ganjam,1439
Odisha,2022,Jagatsinghapur,355,21,Jagatsinghpur,1440
Odisha,2022,Jajapur,356,21,Jajpur,1441
Odisha,2022,Jharsuguda,357,21,Jharsuguda,1442
Odisha,2022,Kalahandi,358,21,Kalahandi,1443
Odisha,2022,Kandhamal,359,21,Kandhamal,1444
Odisha,2022,Kendrapara,360,21,Kendrapara,1445
Odisha,2022,Kendujhar,361,21,Keonjhar,1446
Odisha,2022,Khordha,362,21,Khurda,1447
Odisha,2022,Koraput,363,21,Koraput,1448
Odisha,2022,Malkangiri,364,21,Malkangiri,1449
Odisha,2022,Mayurbhanj,365,21,Mayurbhanj,1450
Odisha,2022,Nayagarh,367,21,Nayagarh,1451
Odisha,2022,Nabarangpur,366,21,Nabarangpur,1452
Odisha,2022,Nuapada,368,21,Nuapada,1453
Odisha,2022,Puri,369,21,Puri,1454
Odisha,2022,Rayagada,370,21,Rayagada,1455
Odisha,2022,Sundargarh,373,21,Rourkela,1456
Odisha,2022,Sambalpur,371,21,Sambalpur,1457
Odisha,2022,Sonepur,372,21,Sonepur,1458
Odisha,2022,Cuttack,350,21,Srp(Cuttack),1459
Odisha,2022,Sundargarh,373,21,Srp(Rourkela),1460
Odisha,2022,Sundargarh,373,21,Sundargarh,1461
Odisha,2022,Cuttack,350,21,Cid Cb,1462
Punjab,2022,Amritsar,27,3,Amritsar Rural,1463
Punjab,2022,Barnala,605,3,Barnala,1464
Punjab,2022,Gurdaspur,32,3,Batala,1465
Punjab,2022,Bathinda,28,3,Bathinda,1466
Punjab,2022,Amritsar,27,3,Cp Amritsar,1467
Punjab,2022,Jalandhar,34,3,Cp Jalandhar,1468
Punjab,2022,Ludhiana,36,3,Cp Ludhiana,1469
Punjab,2022,Faridkot,29,3,Faridkot,1470
Punjab,2022,Fatehgarh Sahib,30,3,Fatehgarh Sahib,1471
Punjab,2022,Fazilka,651,3,Fazilka,1472
Punjab,2022,Ferozepur,31,3,Ferozepur,1473
Punjab,2022,Patiala,41,3,Grp,1474
Punjab,2022,Gurdaspur,32,3,Gurdaspur,1475
Punjab,2022,Hoshiarpur,33,3,Hoshiarpur,1476
Punjab,2022,Jalandhar,34,3,Jalandhar Rural,1477
Punjab,2022,Kapurthala,35,3,Kapurthala,1478
Punjab,2022,Ludhiana,36,3,Khanna,1479
Punjab,2022,Ludhiana,36,3,Ludhiana Rural,1480
Punjab,2022,Mansa,37,3,Mansa,1481
Punjab,2022,Moga,38,3,Moga,1482
Punjab,2022,Sri Muktsar Sahib,39,3,Muktsar,1483
Punjab,2022,Pathankot,662,3,Pathankot,1484
Punjab,2022,Patiala,41,3,Patiala,1485
Punjab,2022,Rupnagar,42,3,Ropar,1486
Punjab,2022,Sangrur,43,3,Sangrur,1487
Punjab,2022,S.A.S Nagar,608,3,Sas Nagar,1488
Punjab,2022,Shahid Bhagat Singh Nagar,40,3,Sbs Nagar,1489
Punjab,2022,Tarn Taran,609,3,Tarn Taran,1490
Punjab,2022,S.A.S Nagar,608,3,Bureau Of Investigation,1491
Punjab,2022,S.A.S Nagar,608,3,Intelligence Wing,1492
Punjab,2022,S.A.S Nagar,608,3,Nri Wing,1493
Punjab,2022,Amritsar,27,3,Special Task Force,1494
Punjab,2022,Malerkotla,737,3,Malerkotla,1495
Rajasthan,2022,Ajmer,86,8,Ajmer,1496
Rajasthan,2022,Alwar,87,8,Alwar,1497
Rajasthan,2022,Banswara,88,8,Banswara,1498
Rajasthan,2022,Baran,89,8,Baran,1499
Rajasthan,2022,Barmer,90,8,Barmer,1500
Rajasthan,2022,Bharatpur,91,8,Bharatpur,1501
Rajasthan,2022,Bhilwara,92,8,Bhilwara,1502
Rajasthan,2022,Bikaner,93,8,Bikaner,1503
Rajasthan,2022,Bundi,94,8,Bundi,1504
Rajasthan,2022,Chittorgarh,95,8,Chittorgarh,1505
Rajasthan,2022,Churu,96,8,Churu,1506
Rajasthan,2022,Dausa,97,8,Dausa,1507
Rajasthan,2022,Dholpur,98,8,Dholpur,1508
Rajasthan,2022,Dungarpur,99,8,Dungarpur,1509
Rajasthan,2022,Ajmer,86,8,Grp Ajmer,1510
Rajasthan,2022,Jodhpur,107,8,Grp Jodhpur,1511
Rajasthan,2022,Ganganagar,100,8,Ganganagar,1512
Rajasthan,2022,Hanumangarh,101,8,Hanumangarh,1513
Rajasthan,2022,Jaipur,102,8,Jaipur East,1514
Rajasthan,2022,Jaipur,102,8,Jaipur North,1515
Rajasthan,2022,Jaipur (Gramin),783,8,Jaipur Rural,1516
Rajasthan,2022,Jaipur,102,8,Jaipur South,1517
Rajasthan,2022,Jaipur,102,8,Jaipur West,1518
Rajasthan,2022,Jaisalmer,103,8,Jaisalmer,1519
Rajasthan,2022,Jalore,104,8,Jalore,1520
Rajasthan,2022,Jhalawar,105,8,Jhalawar,1521
Rajasthan,2022,Jhunjhunu,106,8,Jhunjhunu,1522
Rajasthan,2022,Jodhpur,107,8,Jodhpur East,1523
Rajasthan,2022,Jodhpur,107,8,Jodhpur West,1524
Rajasthan,2022,Jodhpur,107,8,Jodhpur Rural,1525
Rajasthan,2022,Karauli,108,8,Karauli,1526
Rajasthan,2022,Kota,109,8,Kota City,1527
Rajasthan,2022,Kota,109,8,Kota Rural,1528
Rajasthan,2022,Nagaur,110,8,Nagaur,1529
Rajasthan,2022,Pali,111,8,Pali,1530
Rajasthan,2022,Pratapgarh,629,8,Pratapgarh,1531
Rajasthan,2022,Rajsamand,112,8,Rajsamand,1532
Rajasthan,2022,Sawai Madhopur,113,8,Sawai Madhopur,1533
Rajasthan,2022,Sikar,114,8,Sikar,1534
Rajasthan,2022,Sirohi,115,8,Sirohi,1535
Rajasthan,2022,Tonk,116,8,Tonk,1536
Rajasthan,2022,Udaipur,117,8,Udaipur,1537
Rajasthan,2022,Jaipur,102,8,Jaipur Metro,1538
Rajasthan,2022,Jaipur,102,8,Scrb,1539
Rajasthan,2022,Jaipur,102,8,Sog,1540
Rajasthan,2022,Jaipur,102,8,Ssb,1541
Rajasthan,2022,Jaipur,102,8,Jaipur Crime,1542
Rajasthan,2022,Khairthal-Tijara,770,8,Bhiwadi,1543
Sikkim,2022,Gangtok,225,11,Gangtok (East),1544
Sikkim,2022,Mangan,226,11,Mangan (North),1545
Sikkim,2022,Namchi,227,11,Namchi (South),1546
Sikkim,2022,Soreng,742,11,Soreng (West),1547
Sikkim,2022,Pakyong,741,11,Pakyong (East),1548
Sikkim,2022,Gyalshing,228,11,Gyalshing (West),1549
Tamil Nadu,2022,Ariyalur,610,33,Ariyalur,1550
Tamil Nadu,2022,Chennai,568,33,Chennai,1551
Tamil Nadu,2022,Coimbatore,569,33,Coimbatore,1552
Tamil Nadu,2022,Coimbatore,569,33,Coimbatore City,1553
Tamil Nadu,2022,Cuddalore,570,33,Cuddalore,1554
Tamil Nadu,2022,Dharmapuri,571,33,Dharmapuri,1555
Tamil Nadu,2022,Dindigul,572,33,Dindigul,1556
Tamil Nadu,2022,Erode,573,33,Erode,1557
Tamil Nadu,2022,Kanchipuram,574,33,Kanchipuram,1558
Tamil Nadu,2022,Kanniyakumari,575,33,Kanyakumari,1559
Tamil Nadu,2022,Karur,576,33,Karur,1560
Tamil Nadu,2022,Krishnagiri,577,33,Krishnagiri,1561
Tamil Nadu,2022,Madurai,578,33,Madurai,1562
Tamil Nadu,2022,Madurai,578,33,Madurai City,1563
Tamil Nadu,2022,Nagapattinam,579,33,Nagapattinam,1564
Tamil Nadu,2022,Namakkal,580,33,Namakkal,1565
Tamil Nadu,2022,The Nilgiris,587,33,Nilgiris,1566
Tamil Nadu,2022,Perambalur,581,33,Perambalur,1567
Tamil Nadu,2022,Pudukkottai,582,33,Pudukottai,1568
Tamil Nadu,2022,Ramanathapuram,583,33,Ramnathapuram,1569
Tamil Nadu,2022,Chennai,568,33,Railway Chennai,1570
Tamil Nadu,2022,Tiruchirappalli,591,33,Railway Trichy,1571
Tamil Nadu,2022,Salem,584,33,Salem,1572
Tamil Nadu,2022,Salem,584,33,Salem City,1573
Tamil Nadu,2022,Sivaganga,585,33,Sivagangai,1574
Tamil Nadu,2022,Thanjavur,586,33,Thanjavur,1575
Tamil Nadu,2022,Theni,588,33,Theni,1576
Tamil Nadu,2022,Tirunelveli,592,33,Thirunelveli,1577
Tamil Nadu,2022,Tirunelveli,592,33,Thirunelveli City,1578
Tamil Nadu,2022,Thiruvallur,589,33,Thiruvallur,1579
Tamil Nadu,2022,Tiruvannamalai,593,33,Thiruvannamalai,1580
Tamil Nadu,2022,Thiruvarur,590,33,Thiruvarur,1581
Tamil Nadu,2022,Tuticorin,594,33,Thoothukudi,1582
Tamil Nadu,2022,Tiruppur,634,33,Tiruppur,1583
Tamil Nadu,2022,Tiruppur,634,33,Tiruppur City,1584
Tamil Nadu,2022,Tiruchirappalli,591,33,Trichy,1585
Tamil Nadu,2022,Tiruchirappalli,591,33,Trichy City,1586
Tamil Nadu,2022,Vellore,595,33,Vellore,1587
Tamil Nadu,2022,Villupuram,596,33,Villupuram,1588
Tamil Nadu,2022,Virudhunagar,597,33,Virudhunagar,1589
Tamil Nadu,2022,Chennai,568,33,Cyber Cell,1590
Tamil Nadu,2022,Chennai,568,33,Other Units,1591
Tamil Nadu,2022,Chengalpattu,730,33,Chengalpattu,1592
Tamil Nadu,2022,Kallakurichi,729,33,Kallakurichi,1593
Tamil Nadu,2022,Ranipet,731,33,Ranipet,1594
Tamil Nadu,2022,Tirupathur,732,33,Tiruppattur,1595
Tamil Nadu,2022,Tenkasi,733,33,Tenkasi,1596
Tamil Nadu,2022,Thiruvallur,589,33,Avadi,1597
Tamil Nadu,2022,Chengalpattu,730,33,Tambaram,1598
Telangana,2022,Hyderabad,507,36,Cyberabad Commissionerate,1599
Telangana,2022,Hyderabad,507,36,Hyderabad Commissionerate,1600
Telangana,2022,Karimnagar,508,36,Karimnagar Commissionerate,1601
Telangana,2022,Khammam,509,36,Khammam Commissionerate,1602
Telangana,2022,Nizamabad,516,36,Nizamabad Commissionerate,1603
Telangana,2022,Yadadri Bhuvanagiri,697,36,Rachakonda Commissionerate,1604
Telangana,2022,Peddapalli,682,36,Ramagundam Commissionerate,1605
Telangana,2022,Siddipet,692,36,Siddipet Commissionerate,1606
Telangana,2022,Warangal,522,36,Warangal Commissionerate,1607
Telangana,2022,Adilabad,501,36,Adilabad,1608
Telangana,2022,Bhadradri Kothagudem,690,36,Bhadradri Kothagudem,1609
Telangana,2022,Jagitial,681,36,Jagityal,1610
Telangana,2022,Jayashankar Bhupalapally,687,36,Jayashankar Bhupalpalli,1611
Telangana,2022,Jogulamba Gadwal,695,36,Jogulamba Gadwal,1612
Telangana,2022,Kamareddy,685,36,Kamareddy ,1613
Telangana,2022,Kumuram Bheem Asifabad,699,36,Kumaram Bheem Asifabad,1614
Telangana,2022,Mahabubabad,688,36,Mahabubabad,1615
Telangana,2022,Mahabubnagar,512,36,Mahabubnagar,1616
Telangana,2022,Medak,513,36,Medak,1617
Telangana,2022,Nagarkurnool,694,36,Nagarkurnool,1618
Telangana,2022,Nalgonda,514,36,Nalgonda,1619
Telangana,2022,Nirmal,680,36,Nirmal,1620
Telangana,2022,Rajanna Sircilla,683,36,Rajanna Siricilla,1621
Telangana,2022,Sangareddy,691,36,Sangareddy,1622
Telangana,2022,Suryapet,696,36,Suryapet,1623
Telangana,2022,Vikarabad,698,36,Vikarabad,1624
Telangana,2022,Wanaparthy,693,36,Wanaparthy,1625
Telangana,2022,Hyderabad,507,36,Railway Police Secunderabad,1626
Telangana,2022,Mulugu,720,36,Mulug,1627
Telangana,2022,Narayanpet,721,36,Narayanpet,1628
Tripura,2022,Dhalai,269,16,Dhalai,1629
Tripura,2022,Gomati,654,16,Gomati,1630
Tripura,2022,West Tripura,272,16,Grp,1631
Tripura,2022,Khowai,652,16,Kowai,1632
Tripura,2022,North Tripura,270,16,North,1633
Tripura,2022,Sepahijala,653,16,Sipahijala,1634
Tripura,2022,South Tripura,271,16,South,1635
Tripura,2022,Unakoti,655,16,Unakoti,1636
Tripura,2022,West Tripura,272,16,West,1637
Uttar Pradesh,2022,Agra,118,9,Agra,1638
Uttar Pradesh,2022,Aligarh,119,9,Aligarh,1639
Uttar Pradesh,2022,Prayagraj,120,9,Prayagraj,1640
Uttar Pradesh,2022,Ambedkar Nagar,121,9,Ambedkar Nagar,1641
Uttar Pradesh,2022,Amethi,640,9,Amethi,1642
Uttar Pradesh,2022,Auraiya,122,9,Auraiya,1643
Uttar Pradesh,2022,Azamgarh,123,9,Azamgarh,1644
Uttar Pradesh,2022,Budaun,133,9,Badaun,1645
Uttar Pradesh,2022,Baghpat,124,9,Baghpat,1646
Uttar Pradesh,2022,Bahraich,125,9,Bahraich,1647
Uttar Pradesh,2022,Ballia,126,9,Ballia,1648
Uttar Pradesh,2022,Balrampur,127,9,Balrampur,1649
Uttar Pradesh,2022,Banda,128,9,Banda,1650
Uttar Pradesh,2022,Barabanki,129,9,Barabanki,1651
Uttar Pradesh,2022,Bareilly,130,9,Bareilly,1652
Uttar Pradesh,2022,Basti,131,9,Basti,1653
Uttar Pradesh,2022,Bijnor,132,9,Bijnor,1654
Uttar Pradesh,2022,Bulandshahr,134,9,Bulandshahar,1655
Uttar Pradesh,2022,Chandauli,135,9,Chandoli,1656
Uttar Pradesh,2022,Chitrakoot,136,9,Chitrakoot,1657
Uttar Pradesh,2022,Deoria,137,9,Deoria,1658
Uttar Pradesh,2022,Etah,138,9,Etah,1659
Uttar Pradesh,2022,Etawah,139,9,Etawah,1660
Uttar Pradesh,2022,Ayodhya,140,9,Ayodhya,1661
Uttar Pradesh,2022,Farrukhabad,141,9,Fatehgarh,1662
Uttar Pradesh,2022,Fatehpur,142,9,Fatehpur,1663
Uttar Pradesh,2022,Firozabad,143,9,Firozabad,1664
Uttar Pradesh,2022,Lucknow,162,9,Grp,1665
Uttar Pradesh,2022,Gautam Buddha Nagar,144,9,Gautambudh Nagar,1666
Uttar Pradesh,2022,Ghaziabad,145,9,Ghaziabad,1667
Uttar Pradesh,2022,Ghazipur,146,9,Ghazipur,1668
Uttar Pradesh,2022,Gonda,147,9,Gonda,1669
Uttar Pradesh,2022,Gorakhpur,148,9,Gorakhpur,1670
Uttar Pradesh,2022,Hamirpur,149,9,Hamirpur,1671
Uttar Pradesh,2022,Hapur,661,9,Hapur,1672
Uttar Pradesh,2022,Hardoi,150,9,Hardoi,1673
Uttar Pradesh,2022,Hathras,163,9,Hathras,1674
Uttar Pradesh,2022,Jalaun,151,9,Jalaun,1675
Uttar Pradesh,2022,Jaunpur,152,9,Jaunpur,1676
Uttar Pradesh,2022,Jhansi,153,9,Jhansi,1677
Uttar Pradesh,2022,Kannauj,155,9,Kannauj,1678
Uttar Pradesh,2022,Kanpur Dehat,156,9,Kanpur Dehat,1679
Uttar Pradesh,2022,Kanpur Nagar,157,9,Kanpur Commissionarate,1680
Uttar Pradesh,2022,Kasganj,633,9,Kasganj,1681
Uttar Pradesh,2022,Kaushambi,158,9,Kaushambi,1682
Uttar Pradesh,2022,Kheri,159,9,Khiri,1683
Uttar Pradesh,2022,Kushi Nagar,160,9,Kushi Nagar,1684
Uttar Pradesh,2022,Lalitpur,161,9,Lalitpur,1685
Uttar Pradesh,2022,Lucknow,162,9,Lucknow Commissionarate,1686
Uttar Pradesh,2022,Maharajganj,164,9,Maharajganj,1687
Uttar Pradesh,2022,Mahoba,165,9,Mahoba,1688
Uttar Pradesh,2022,Mainpuri,166,9,Mainpuri,1689
Uttar Pradesh,2022,Mathura,167,9,Mathura,1690
Uttar Pradesh,2022,Mau,168,9,Mau,1691
Uttar Pradesh,2022,Meerut,169,9,Meerut,1692
Uttar Pradesh,2022,Mirzapur,170,9,Mirzapur,1693
Uttar Pradesh,2022,Moradabad,171,9,Moradabad,1694
Uttar Pradesh,2022,Muzaffarnagar,172,9,Muzaffarnagar,1695
Uttar Pradesh,2022,Pilibhit,173,9,Pilibhit,1696
Uttar Pradesh,2022,Pratapgarh,174,9,Pratapgarh,1697
Uttar Pradesh,2022,Rae Bareli,175,9,Raibareilly,1698
Uttar Pradesh,2022,Rampur,176,9,Rampur,1699
Uttar Pradesh,2022,Saharanpur,177,9,Saharanpur,1700
Uttar Pradesh,2022,Sambhal,659,9,Sambhal,1701
Uttar Pradesh,2022,Sant Kabeer Nagar,178,9,Sant Kabirnagar,1702
Uttar Pradesh,2022,Shahjahanpur,180,9,Shahjahanpur,1703
Uttar Pradesh,2022,Shamli,660,9,Shamli,1704
Uttar Pradesh,2022,Shravasti,181,9,Shrawasti,1705
Uttar Pradesh,2022,Siddharth Nagar,182,9,Sidharthnagar,1706
Uttar Pradesh,2022,Sitapur,183,9,Sitapur,1707
Uttar Pradesh,2022,Sonbhadra,184,9,Sonbhadra,1708
Uttar Pradesh,2022,Bhadohi,179,9,Bhadohi,1709
Uttar Pradesh,2022,Sultanpur,185,9,Sultanpur,1710
Uttar Pradesh,2022,Unnao,186,9,Unnao,1711
Uttar Pradesh,2022,Varanasi,187,9,Varanasi Commissionarate,1712
Uttar Pradesh,2022,Lucknow,162,9,Lucknow Grameen,1713
Uttar Pradesh,2022,Kanpur Dehat,156,9,Kanpur Outer,1714
Uttar Pradesh,2022,Varanasi,187,9,Vasanasi Dehat,1715
Uttarakhand,2022,Almora,45,5,Almora,1716
Uttarakhand,2022,Bageshwar,46,5,Bageshwar,1717
Uttarakhand,2022,Chamoli,47,5,Chamoli,1718
Uttarakhand,2022,Champawat,48,5,Champawat,1719
Uttarakhand,2022,Dehradun,49,5,Dehradun,1720
Uttarakhand,2022,Haridwar,50,5,Haridwar,1721
Uttarakhand,2022,Nainital,51,5,Nainital,1722
Uttarakhand,2022,Pauri Garhwal,52,5,Pauri Garhwal,1723
Uttarakhand,2022,Pithoragarh,53,5,Pithoragarh,1724
Uttarakhand,2022,Rudra Prayag,54,5,Rudra Prayag,1725
Uttarakhand,2022,Tehri Garhwal,55,5,Tehri Garhwal,1726
Uttarakhand,2022,Udam Singh Nagar,56,5,Udhamsingh Nagar,1727
Uttarakhand,2022,Uttar Kashi,57,5,Uttarkashi,1728
Uttarakhand,2022,Dehradun,49,5,Grp,1729
Uttarakhand,2022,Cyber Cell,9999,5,Cyber Cell,1730
West Bengal,2022,Alipurduar,664,19,Alipurduar,1731
West Bengal,2022,Paschim Bardhaman,704,19,Asansol-Durgapur Pc,1732
West Bengal,2022,Bankura,305,19,Bankura,1733
West Bengal,2022,24 Paraganas North,303,19,Barrackpur Pc,1734
West Bengal,2022,24 Paraganas North,303,19,Bidhannagar Pc,1735
West Bengal,2022,Birbhum,307,19,Birbhum,1736
West Bengal,2022,Coochbehar,308,19,Coochbehar,1737
West Bengal,2022,Dinajpur Dakshin,310,19,Dakshin Dinajpur,1738
West Bengal,2022,Darjeeling,309,19,Darjeeling,1739
West Bengal,2022,Hooghly,312,19,Hooghly Rural Police,1740
West Bengal,2022,Howrah,313,19,Howrah Grp,1741
West Bengal,2022,Howrah,313,19,Howrah Pc,1742
West Bengal,2022,Howrah,313,19,Howrah Rural,1743
West Bengal,2022,Jalpaiguri,314,19,Jalpaiguri,1744
West Bengal,2022,Jhargram,703,19,Jhargram,1745
West Bengal,2022,Medinipur West,318,19,Kharagpur Grp,1746
West Bengal,2022,Kolkata,315,19,Kolkata,1747
West Bengal,2022,Maldah,316,19,Malda,1748
West Bengal,2022,Murshidabad,319,19,Murshidabad Police District,1749
West Bengal,2022,Medinipur West,318,19,Paschim Medinipur,1750
West Bengal,2022,Medinipur East,317,19,Purab Medinipur,1751
West Bengal,2022,Purulia,321,19,Purulia,1752
West Bengal,2022,Kolkata,315,19,Sealdah Grp,1753
West Bengal,2022,Darjeeling,309,19,Siliguri Grp,1754
West Bengal,2022,Darjeeling,309,19,Siliguri Pc,1755
West Bengal,2022,24 Paraganas South,304,19,Baruipur Police,1756
West Bengal,2022,Hooghly,312,19,Chandannagar Pc,1757
West Bengal,2022,24 Paraganas South,304,19,Diamond Harbour Police,1758
West Bengal,2022,Kalimpong,702,19,Kalimpong,1759
West Bengal,2022,Purba Bardhaman,306,19,Purba Bardhaman,1760
West Bengal,2022,24 Paraganas South,304,19,Sundarban Police,1761
West Bengal,2022,24 Paraganas North,303,19,Barasat,1762
West Bengal,2022,24 Paraganas North,303,19,Basirhat,1763
West Bengal,2022,24 Paraganas North,303,19,Bangaon,1764
West Bengal,2022,Dinajpur Uttar,311,19,Islampur,1765
West Bengal,2022,Murshidabad,319,19,Jangipur Police District,1766
West Bengal,2022,Nadia,320,19,Krishnagar,1767
West Bengal,2022,Dinajpur Uttar,311,19,Raiganj,1768
West Bengal,2022,Nadia,320,19,Ranaghat,1769
Andaman And Nicobar Islands                   ,2022,South Andamans,602,35,South Andaman,1770
Andaman And Nicobar Islands                   ,2022,North And Middle Andaman,632,35,North And Middle Andaman,1771
Andaman And Nicobar Islands                   ,2022,Nicobars,603,35,Nicobar,1772
Chandigarh,2022,Chandigarh,44,4,Chandigarh,1773
The Dadra And Nagar Haveli And Daman And Diu,2022,Dadra And Nagar Haveli,465,38,Dadra And Nagar Haveli,1774
The Dadra And Nagar Haveli And Daman And Diu,2022,Daman,463,38,Daman,1775
The Dadra And Nagar Haveli And Daman And Diu,2022,Diu,464,38,Diu,1776
Delhi,2022,Central,77,7,Central,1777
Delhi,2022,North West,82,7,Crime Branch,1778
Delhi,2022,East,78,7,East,1779
Delhi,2022,New Delhi,79,7,Eow,1780
Delhi,2022,New Delhi,79,7,Igi Airport,1781
Delhi,2022,North West,82,7,Metro,1782
Delhi,2022,New Delhi,79,7,New Delhi,1783
Delhi,2022,North,80,7,North,1784
Delhi,2022,North East,81,7,North-East,1785
Delhi,2022,North West,82,7,North-West,1786
Delhi,2022,North West,82,7,Outer,1787
Delhi,2022,New Delhi,79,7,Railway,1788
Delhi,2022,South,83,7,South,1789
Delhi,2022,South East,670,7,South-East,1790
Delhi,2022,South West,84,7,South-West,1791
Delhi,2022,North West,82,7,Spl Cell,1792
Delhi,2022,New Delhi,79,7,Spuwac,1793
Delhi,2022,New Delhi,79,7,Vigilance,1794
Delhi,2022,West,85,7,West,1795
Delhi,2022,North West,82,7,Rohini,1796
Delhi,2022,Shahdara,671,7,Shahdara,1797
Delhi,2022,South West,84,7,Dwarka,1798
Delhi,2022,New Delhi,79,7,Outer North,1799
Jammu And Kashmir,2022,Anantnag,1,1,Anantnag,1800
Jammu And Kashmir,2022,Pulwama,11,1,Awantipora,1801
Jammu And Kashmir,2022,Bandipora,623,1,Bandipora,1802
Jammu And Kashmir,2022,Baramulla,3,1,Baramulla,1803
Jammu And Kashmir,2022,Budgam,2,1,Budgam,1804
Jammu And Kashmir,2022,Jammu,5,1,Special Crime Wing Jammu,1805
Jammu And Kashmir,2022,Jammu,5,1,Special Crime Wing Kashmir,1806
Jammu And Kashmir,2022,Doda,4,1,Doda,1807
Jammu And Kashmir,2022,Ganderbal,626,1,Ganderbal,1808
Jammu And Kashmir,2022,Kupwara,8,1,Handwara,1809
Jammu And Kashmir,2022,Jammu,5,1,Jammu,1810
Jammu And Kashmir,2022,Kathua,7,1,Kathua,1811
Jammu And Kashmir,2022,Kishtwar,620,1,Kishtwar,1812
Jammu And Kashmir,2022,Kulgam,622,1,Kulgam,1813
Jammu And Kashmir,2022,Kupwara,8,1,Kupwara,1814
Jammu And Kashmir,2022,Poonch,10,1,Poonch,1815
Jammu And Kashmir,2022,Pulwama,11,1,Pulwama,1816
Jammu And Kashmir,2022,Jammu,5,1,Railways Jammu,1817
Jammu And Kashmir,2022,Jammu,5,1,Railways Kashmir,1818
Jammu And Kashmir,2022,Reasi,627,1,Railways Katra,1819
Jammu And Kashmir,2022,Rajouri,12,1,Rajouri,1820
Jammu And Kashmir,2022,Ramban,621,1,Ramban,1821
Jammu And Kashmir,2022,Reasi,627,1,Reasi,1822
Jammu And Kashmir,2022,Samba,624,1,Samba,1823
Jammu And Kashmir,2022,Shopian,625,1,Shopian,1824
Jammu And Kashmir,2022,Baramulla,3,1,Sopore,1825
Jammu And Kashmir,2022,Srinagar,13,1,Srinagar,1826
Jammu And Kashmir,2022,Udhampur,14,1,Udhampur,1827
Jammu And Kashmir,2022,Jammu,5,1,Cyber Crime Jammu,1828
Jammu And Kashmir,2022,Jammu,5,1,Cyber Crime Kashmir,1829
Jammu And Kashmir,2022,Jammu,5,1,Anti Narcotic Task Force Jammu,1830
Jammu And Kashmir,2022,Srinagar,13,1,Anti Narcotic Task Force Kashmir,1831
Jammu And Kashmir,2022,Jammu,5,1,Eow Jammu,1832
Jammu And Kashmir,2022,Srinagar,13,1,Eow Kashmir,1833
Jammu And Kashmir,2022,Jammu,5,1,Cice Jammu,1834
Jammu And Kashmir,2022,Jammu,5,1,Cice Kashmir,1835
Ladakh,2022,Kargil,6,37,Kargil,1836
Ladakh,2022,Leh Ladakh,9,37,Leh,1837
Lakshadweep,2022,Lakshadweep District,553,31,Lakshadweep,1838
Puducherry,2022,Karaikal,598,34,Karaikal,1839
Puducherry,2022,Pondicherry,600,34,Puducherry,1840
