"id","year","state_name","state_code","district_name","district_code","registration_circles","male_below_12_years","male_12_years_to_16_years","male_16_years_to_18_years","male_children","male_18_years_and_above","female_below_12_years","female_12_years_to_16_years","female_16_years_to_18_years","female_children","female_18_years_and_above","transgender_below_12_years","transgender_12_years_to_16_years","transgender_16_years_to_18_years","transgender_children","transgender_18_years_and_above"
0,"2021","Andhra Pradesh","28","Anantapur","502","Anantapur",3.0,21.0,19.0,43.0,248.0,4.0,111.0,331.0,446.0,778.0,0.0,0.0,0.0,0.0,0.0
1,"2021","Andhra Pradesh","28","Chittoor","503","Chittoor",28.0,7.0,10.0,45.0,122.0,18.0,67.0,180.0,265.0,462.0,0.0,0.0,0.0,0.0,0.0
2,"2021","Andhra Pradesh","28","Y.S.R.","504","Cuddapah",22.0,10.0,19.0,51.0,158.0,23.0,64.0,117.0,204.0,369.0,5.0,0.0,0.0,5.0,5.0
3,"2021","Andhra Pradesh","28","East Godavari","505","East Godavari",11.0,11.0,7.0,29.0,324.0,18.0,32.0,141.0,191.0,502.0,0.0,0.0,0.0,0.0,0.0
4,"2021","Andhra Pradesh","28","Anantapur","502","Guntakal Railway",1.0,0.0,0.0,1.0,2.0,0.0,0.0,0.0,0.0,3.0,0.0,0.0,0.0,0.0,0.0
5,"2021","Andhra Pradesh","28","Guntur","506","Guntur",44.0,20.0,18.0,82.0,198.0,42.0,48.0,116.0,206.0,461.0,0.0,0.0,0.0,0.0,0.0
6,"2021","Andhra Pradesh","28","Guntur","506","Guntur Urban",3.0,7.0,7.0,17.0,186.0,1.0,69.0,68.0,138.0,302.0,0.0,0.0,0.0,0.0,0.0
7,"2021","Andhra Pradesh","28","Krishna","510","Krishna",30.0,1.0,0.0,31.0,173.0,28.0,2.0,2.0,32.0,314.0,0.0,0.0,0.0,0.0,0.0
8,"2021","Andhra Pradesh","28","Kurnool","511","Kurnool",54.0,23.0,16.0,93.0,206.0,38.0,62.0,161.0,261.0,604.0,0.0,0.0,0.0,0.0,0.0
9,"2021","Andhra Pradesh","28","Spsr Nellore","515","Nellore",26.0,8.0,16.0,50.0,137.0,21.0,52.0,104.0,177.0,352.0,0.0,0.0,0.0,0.0,0.0
10,"2021","Andhra Pradesh","28","Prakasam","517","Prakasham",32.0,14.0,7.0,53.0,138.0,37.0,77.0,84.0,198.0,377.0,0.0,0.0,0.0,0.0,0.0
11,"2021","Andhra Pradesh","28","East Godavari","505","Rajahmundry",14.0,4.0,5.0,23.0,134.0,14.0,30.0,28.0,72.0,199.0,0.0,0.0,0.0,0.0,0.0
12,"2021","Andhra Pradesh","28","Srikakulam","519","Srikakulam",4.0,5.0,7.0,16.0,65.0,13.0,5.0,67.0,85.0,203.0,0.0,0.0,0.0,0.0,0.0
13,"2021","Andhra Pradesh","28","Tirupati","752","Tirupathi Urban",17.0,10.0,2.0,29.0,79.0,13.0,33.0,101.0,147.0,211.0,0.0,0.0,0.0,0.0,0.0
14,"2021","Andhra Pradesh","28","Ntr","749","Vijayawada City",19.0,4.0,12.0,35.0,257.0,19.0,28.0,81.0,128.0,399.0,0.0,0.0,0.0,0.0,0.0
15,"2021","Andhra Pradesh","28","Ntr","749","Vijayawada Railway",0.0,0.0,0.0,0.0,9.0,0.0,0.0,0.0,0.0,9.0,0.0,0.0,0.0,0.0,0.0
16,"2021","Andhra Pradesh","28","Visakhapatanam","520","Visakha Rural",7.0,4.0,7.0,18.0,106.0,7.0,9.0,35.0,51.0,165.0,0.0,0.0,0.0,0.0,0.0
17,"2021","Andhra Pradesh","28","Visakhapatanam","520","Visakhapatnam",20.0,29.0,21.0,70.0,384.0,17.0,44.0,94.0,155.0,636.0,0.0,0.0,0.0,0.0,0.0
18,"2021","Andhra Pradesh","28","Vizianagaram","521","Vizianagaram",4.0,13.0,5.0,22.0,118.0,8.0,7.0,23.0,38.0,215.0,0.0,0.0,0.0,0.0,0.0
19,"2021","Andhra Pradesh","28","West Godavari","523","West Godavari",1.0,16.0,9.0,26.0,287.0,5.0,80.0,102.0,187.0,543.0,0.0,0.0,0.0,0.0,0.0
20,"2021","Arunachal Pradesh","12","Anjaw","628","Anjaw",0.0,0.0,0.0,0.0,0.0,0.0,0.0,0.0,0.0,0.0,0.0,0.0,0.0,0.0,0.0
21,"2021","Arunachal Pradesh","12","Changlang","229","Changlang",0.0,0.0,0.0,0.0,0.0,0.0,0.0,0.0,0.0,0.0,0.0,0.0,0.0,0.0,0.0
22,"2021","Arunachal Pradesh","12","Papum Pare","237","Crime Branch",0.0,0.0,0.0,0.0,0.0,0.0,0.0,0.0,0.0,0.0,0.0,0.0,0.0,0.0,0.0
23,"2021","Arunachal Pradesh","12","Dibang Valley","230","Dibang Valley",0.0,0.0,0.0,0.0,0.0,0.0,0.0,0.0,0.0,0.0,0.0,0.0,0.0,0.0,0.0
24,"2021","Arunachal Pradesh","12","East Kameng","231","Kameng East",0.0,0.0,0.0,0.0,0.0,0.0,0.0,0.0,0.0,0.0,0.0,0.0,0.0,0.0,0.0
25,"2021","Arunachal Pradesh","12","West Kameng","242","Kameng West",0.0,1.0,0.0,1.0,0.0,0.0,1.0,0.0,1.0,1.0,0.0,0.0,0.0,0.0,0.0
26,"2021","Arunachal Pradesh","12","Kurung Kumey","233","Kurung Kumey",0.0,1.0,0.0,1.0,0.0,0.0,0.0,0.0,0.0,0.0,0.0,0.0,0.0,0.0,0.0
27,"2021","Arunachal Pradesh","12","Lohit","234","Lohit",0.0,0.0,0.0,0.0,0.0,0.0,0.0,0.0,0.0,0.0,0.0,0.0,0.0,0.0,0.0
28,"2021","Arunachal Pradesh","12","Longding","666","Longding",0.0,0.0,0.0,0.0,0.0,0.0,0.0,0.0,0.0,0.0,0.0,0.0,0.0,0.0,0.0
29,"2021","Arunachal Pradesh","12","Lower Dibang Valley","235","Lower Dibang Valley",0.0,0.0,0.0,0.0,0.0,0.0,0.0,0.0,0.0,0.0,0.0,0.0,0.0,0.0,0.0
30,"2021","Arunachal Pradesh","12","Papum Pare","237","Papum Pare City",0.0,0.0,0.0,0.0,0.0,0.0,0.0,0.0,0.0,0.0,0.0,0.0,0.0,0.0,0.0
31,"2021","Arunachal Pradesh","12","Papum Pare","237","Papum Pare Rural",0.0,0.0,0.0,0.0,0.0,0.0,0.0,0.0,0.0,0.0,0.0,0.0,0.0,0.0,0.0
32,"2021","Arunachal Pradesh","12","East Siang","232","Siang East",0.0,0.0,0.0,0.0,0.0,0.0,0.0,0.0,0.0,0.0,0.0,0.0,0.0,0.0,0.0
33,"2021","Arunachal Pradesh","12","Upper Siang","240","Siang Upper",0.0,0.0,0.0,0.0,0.0,0.0,0.0,0.0,0.0,0.0,0.0,0.0,0.0,0.0,0.0
34,"2021","Arunachal Pradesh","12","West Siang","243","Siang West",0.0,0.0,0.0,0.0,0.0,0.0,0.0,0.0,0.0,0.0,0.0,0.0,0.0,0.0,0.0
35,"2021","Arunachal Pradesh","12","Lower Subansiri","236","Subansiri Lower",0.0,7.0,4.0,11.0,7.0,0.0,0.0,0.0,0.0,0.0,0.0,0.0,0.0,0.0,0.0
36,"2021","Arunachal Pradesh","12","Upper Subansiri","241","Subansiri Upper",0.0,0.0,30.0,30.0,0.0,0.0,0.0,0.0,0.0,0.0,0.0,0.0,0.0,0.0,0.0
37,"2021","Arunachal Pradesh","12","Tawang","238","Tawang",0.0,0.0,0.0,0.0,0.0,0.0,0.0,0.0,0.0,0.0,0.0,0.0,0.0,0.0,0.0
38,"2021","Arunachal Pradesh","12","Tirap","239","Tirap",0.0,0.0,0.0,0.0,0.0,0.0,0.0,0.0,0.0,0.0,0.0,0.0,0.0,0.0,0.0
39,"2021","Arunachal Pradesh","12","Namsai","678","Namsai",0.0,0.0,0.0,0.0,0.0,0.0,0.0,0.0,0.0,0.0,0.0,0.0,0.0,0.0,0.0
40,"2021","Arunachal Pradesh","12","Siang","679","Siang",0.0,0.0,0.0,0.0,0.0,0.0,0.0,0.0,0.0,0.0,0.0,0.0,0.0,0.0,0.0
41,"2021","Arunachal Pradesh","12","Kamle","718","Kamle",0.0,0.0,0.0,0.0,0.0,0.0,0.0,0.0,0.0,0.0,0.0,0.0,0.0,0.0,0.0
42,"2021","Arunachal Pradesh","12","Kra Daadi","677","Kra Dadi",0.0,0.0,0.0,0.0,0.0,0.0,0.0,0.0,0.0,0.0,0.0,0.0,0.0,0.0,0.0
43,"2021","Arunachal Pradesh","12","Lower Siang","719","Lower Siang",0.0,0.0,0.0,0.0,0.0,0.0,0.0,0.0,0.0,0.0,0.0,0.0,0.0,0.0,0.0
44,"2021","Arunachal Pradesh","12","Leparada","724","Leparada",0.0,0.0,0.0,0.0,0.0,0.0,0.0,0.0,0.0,0.0,0.0,0.0,0.0,0.0,0.0
45,"2021","Arunachal Pradesh","12","Shi Yomi","725","Shiyomi",0.0,0.0,0.0,0.0,0.0,0.0,0.0,0.0,0.0,0.0,0.0,0.0,0.0,0.0,0.0
46,"2021","Arunachal Pradesh","12","Pakke Kessang","723","Pakkessang",0.0,0.0,0.0,0.0,0.0,0.0,0.0,0.0,0.0,0.0,0.0,0.0,0.0,0.0,0.0
47,"2021","Assam","18","Kamrup Metro","618","Bieo",0.0,0.0,0.0,0.0,0.0,0.0,0.0,0.0,0.0,0.0,0.0,0.0,0.0,0.0,0.0
48,"2021","Assam","18","Barpeta","280","Barpeta",0.0,0.0,0.0,0.0,73.0,0.0,0.0,0.0,0.0,19.0,0.0,0.0,0.0,0.0,0.0
49,"2021","Assam","18","Baksa","616","Baksa",9.0,2.0,0.0,11.0,31.0,2.0,5.0,9.0,16.0,161.0,0.0,0.0,0.0,0.0,0.0
50,"2021","Assam","18","Bongaigaon","281","Bongaigaon",4.0,1.0,7.0,12.0,25.0,1.0,4.0,30.0,35.0,165.0,0.0,0.0,0.0,0.0,0.0
51,"2021","Assam","18","Kamrup Metro","618","Cid",0.0,0.0,0.0,0.0,0.0,0.0,0.0,0.0,0.0,0.0,0.0,0.0,0.0,0.0,0.0
52,"2021","Assam","18","Cachar","282","Cachar",2.0,2.0,12.0,16.0,98.0,6.0,10.0,7.0,23.0,302.0,0.0,0.0,0.0,0.0,0.0
53,"2021","Assam","18","Chirang","612","Chirang",0.0,0.0,0.0,0.0,0.0,0.0,0.0,0.0,0.0,0.0,0.0,0.0,0.0,0.0,0.0
54,"2021","Assam","18","Darrang","283","Darrang",0.0,0.0,0.0,0.0,40.0,0.0,0.0,3.0,3.0,156.0,0.0,0.0,0.0,0.0,0.0
55,"2021","Assam","18","Dhemaji","284","Dhemaji",2.0,2.0,0.0,4.0,25.0,3.0,3.0,7.0,13.0,50.0,0.0,0.0,0.0,0.0,0.0
56,"2021","Assam","18","Dhubri","285","Dhubri",0.0,4.0,11.0,15.0,51.0,0.0,11.0,66.0,77.0,116.0,0.0,0.0,0.0,0.0,0.0
57,"2021","Assam","18","Dibrugarh","286","Dibrugarh",0.0,6.0,0.0,6.0,9.0,0.0,6.0,8.0,14.0,14.0,0.0,0.0,0.0,0.0,0.0
58,"2021","Assam","18","Kamrup Metro","618","Grp",0.0,0.0,0.0,0.0,0.0,0.0,0.0,0.0,0.0,0.0,0.0,0.0,0.0,0.0,0.0
59,"2021","Assam","18","Goalpara","287","Goalpara",0.0,0.0,0.0,0.0,0.0,0.0,0.0,0.0,0.0,0.0,0.0,0.0,0.0,0.0,0.0
60,"2021","Assam","18","Golaghat","288","Golaghat",0.0,13.0,0.0,13.0,6.0,0.0,30.0,227.0,257.0,0.0,0.0,0.0,0.0,0.0,0.0
61,"2021","Assam","18","Kamrup Metro","618","Guwahati City",4.0,17.0,50.0,71.0,429.0,2.0,13.0,70.0,85.0,565.0,0.0,0.0,0.0,0.0,0.0
62,"2021","Assam","18","Hailakandi","289","Hailakandi",38.0,0.0,32.0,70.0,23.0,1.0,14.0,32.0,47.0,21.0,0.0,0.0,0.0,0.0,0.0
63,"2021","Assam","18","West Karbi Anglong","710","Hamren",0.0,0.0,0.0,0.0,3.0,0.0,0.0,0.0,0.0,14.0,0.0,0.0,0.0,0.0,0.0
64,"2021","Assam","18","Jorhat","290","Jorhat",1.0,5.0,6.0,12.0,1.0,0.0,6.0,22.0,28.0,0.0,0.0,0.0,0.0,0.0,0.0
65,"2021","Assam","18","Kamrup","291","Kamrup",1.0,0.0,10.0,11.0,94.0,0.0,13.0,26.0,39.0,257.0,0.0,0.0,0.0,0.0,0.0
66,"2021","Assam","18","Karbi Anglong","292","Karbi Anglong",0.0,0.0,0.0,0.0,0.0,0.0,0.0,0.0,0.0,0.0,0.0,0.0,0.0,0.0,0.0
67,"2021","Assam","18","Karimganj","293","Karimganj",0.0,0.0,0.0,0.0,0.0,0.0,0.0,0.0,0.0,0.0,0.0,0.0,0.0,0.0,0.0
68,"2021","Assam","18","Kokrajhar","294","Kokrajhar",0.0,0.0,3.0,3.0,37.0,0.0,0.0,3.0,3.0,65.0,0.0,0.0,0.0,0.0,0.0
69,"2021","Assam","18","Lakhimpur","295","Lakhimpur",0.0,1.0,1.0,2.0,54.0,2.0,3.0,3.0,8.0,105.0,0.0,0.0,0.0,0.0,0.0
70,"2021","Assam","18","Marigaon","296","Morigaon",0.0,0.0,0.0,0.0,0.0,0.0,0.0,0.0,0.0,0.0,0.0,0.0,0.0,0.0,0.0
71,"2021","Assam","18","Dima Hasao","299","Dima Hasao",0.0,0.0,0.0,0.0,0.0,0.0,0.0,0.0,0.0,0.0,0.0,0.0,0.0,0.0,0.0
72,"2021","Assam","18","Nagaon","297","Nagaon",0.0,0.0,0.0,0.0,0.0,0.0,0.0,0.0,0.0,0.0,0.0,0.0,0.0,0.0,0.0
73,"2021","Assam","18","Nalbari","298","Nalbari",0.0,0.0,0.0,0.0,0.0,0.0,0.0,0.0,0.0,0.0,0.0,0.0,0.0,0.0,0.0
74,"2021","Assam","18","Kamrup Metro","618","Rpo",0.0,0.0,0.0,0.0,0.0,0.0,0.0,0.0,0.0,0.0,0.0,0.0,0.0,0.0,0.0
75,"2021","Assam","18","Kamrup Metro","618","Sou",0.0,0.0,0.0,0.0,0.0,0.0,0.0,0.0,0.0,0.0,0.0,0.0,0.0,0.0,0.0
76,"2021","Assam","18","Kamrup Metro","618","Stf",0.0,0.0,0.0,0.0,0.0,0.0,0.0,0.0,0.0,0.0,0.0,0.0,0.0,0.0,0.0
77,"2021","Assam","18","Sivasagar","300","Sibsagar",5.0,2.0,0.0,7.0,3.0,3.0,11.0,30.0,44.0,78.0,0.0,0.0,0.0,0.0,0.0
78,"2021","Assam","18","Sonitpur","301","Sonitpur",0.0,0.0,0.0,0.0,0.0,0.0,0.0,0.0,0.0,0.0,0.0,0.0,0.0,0.0,0.0
79,"2021","Assam","18","Tinsukia","302","Tinsukia",0.0,8.0,9.0,17.0,96.0,0.0,52.0,25.0,77.0,0.0,0.0,0.0,0.0,0.0,0.0
80,"2021","Assam","18","Udalguri","617","Udalguri",2.0,0.0,0.0,2.0,44.0,0.0,2.0,0.0,2.0,125.0,0.0,0.0,0.0,0.0,0.0
81,"2021","Assam","18","Tinsukia","302","Sadia",0.0,0.0,0.0,0.0,0.0,0.0,0.0,0.0,0.0,0.0,0.0,0.0,0.0,0.0,0.0
82,"2021","Assam","18","Majuli","706","Majuli",0.0,0.0,0.0,0.0,0.0,0.0,0.0,0.0,0.0,0.0,0.0,0.0,0.0,0.0,0.0
83,"2021","Assam","18","Biswanath","705","Biswanath",0.0,0.0,7.0,7.0,0.0,0.0,0.0,28.0,28.0,0.0,0.0,0.0,0.0,0.0,0.0
84,"2021","Assam","18","Hojai","709","Hojai",0.0,0.0,24.0,24.0,19.0,0.0,0.0,24.0,24.0,64.0,0.0,0.0,0.0,0.0,0.0
85,"2021","Assam","18","South Salmara Mancachar","707","South Salmara",0.0,0.0,1.0,1.0,0.0,0.0,0.0,0.0,0.0,3.0,0.0,0.0,0.0,0.0,0.0
86,"2021","Assam","18","Charaideo","708","Charaideo",1.0,4.0,0.0,5.0,26.0,0.0,20.0,9.0,29.0,46.0,0.0,0.0,0.0,0.0,0.0
87,"2021","Bihar","10","Araria","188","Araria",0.0,0.0,0.0,0.0,0.0,0.0,0.0,0.0,0.0,0.0,0.0,0.0,0.0,0.0,0.0
88,"2021","Bihar","10","Arwal","611","Arwal",0.0,0.0,0.0,0.0,4.0,4.0,0.0,10.0,14.0,11.0,0.0,0.0,0.0,0.0,0.0
89,"2021","Bihar","10","Aurangabad","189","Aurangabad",0.0,11.0,0.0,11.0,22.0,1.0,0.0,5.0,6.0,7.0,0.0,0.0,0.0,0.0,0.0
90,"2021","Bihar","10","Pashchim Champaran","211","Bagaha",0.0,0.0,1.0,1.0,1.0,1.0,0.0,1.0,2.0,0.0,0.0,0.0,0.0,0.0,0.0
91,"2021","Bihar","10","Banka","190","Banka",0.0,0.0,0.0,0.0,3.0,5.0,54.0,44.0,103.0,23.0,0.0,0.0,0.0,0.0,0.0
92,"2021","Bihar","10","Begusarai","191","Begusarai",0.0,0.0,0.0,0.0,7.0,0.0,0.0,26.0,26.0,130.0,0.0,0.0,0.0,0.0,0.0
93,"2021","Bihar","10","Pashchim Champaran","211","Bettiah",9.0,0.0,3.0,12.0,22.0,32.0,0.0,74.0,106.0,208.0,0.0,0.0,0.0,0.0,0.0
94,"2021","Bihar","10","Kaimur (Bhabua)","200","Kaimur(Bhabhua)",3.0,4.0,4.0,11.0,7.0,7.0,21.0,29.0,57.0,13.0,0.0,0.0,0.0,0.0,0.0
95,"2021","Bihar","10","Bhagalpur","192","Bhagalpur",0.0,0.0,0.0,0.0,0.0,0.0,0.0,0.0,0.0,0.0,0.0,0.0,0.0,0.0,0.0
96,"2021","Bihar","10","Bhojpur","193","Bhojpur",2.0,9.0,20.0,31.0,13.0,1.0,18.0,56.0,75.0,24.0,0.0,0.0,0.0,0.0,0.0
97,"2021","Bihar","10","Buxar","194","Buxar",0.0,3.0,2.0,5.0,2.0,0.0,1.0,2.0,3.0,2.0,0.0,0.0,0.0,0.0,0.0
98,"2021","Bihar","10","Darbhanga","195","Darbhanga",4.0,7.0,12.0,23.0,17.0,17.0,120.0,0.0,137.0,87.0,0.0,0.0,0.0,0.0,0.0
99,"2021","Bihar","10","Gaya","196","Gaya",6.0,2.0,5.0,13.0,16.0,2.0,1.0,5.0,8.0,9.0,0.0,0.0,0.0,0.0,0.0
100,"2021","Bihar","10","Gopalganj","197","Gopalganj",4.0,12.0,2.0,18.0,13.0,0.0,37.0,151.0,188.0,66.0,0.0,0.0,0.0,0.0,0.0
101,"2021","Bihar","10","Munger","207","Jamalpur Railway",0.0,0.0,0.0,0.0,0.0,0.0,0.0,0.0,0.0,0.0,0.0,0.0,0.0,0.0,0.0
102,"2021","Bihar","10","Jamui","198","Jamui",0.0,1.0,4.0,5.0,10.0,0.0,6.0,16.0,22.0,26.0,0.0,0.0,0.0,0.0,0.0
103,"2021","Bihar","10","Jehanabad","199","Jehanabad",0.0,7.0,7.0,14.0,8.0,5.0,25.0,13.0,43.0,25.0,0.0,0.0,0.0,0.0,0.0
104,"2021","Bihar","10","Katihar","201","Katihar",0.0,0.0,0.0,0.0,28.0,0.0,4.0,15.0,19.0,134.0,0.0,0.0,0.0,0.0,0.0
105,"2021","Bihar","10","Katihar","201","Katihar Railway",2.0,0.0,0.0,2.0,1.0,2.0,0.0,0.0,2.0,1.0,0.0,0.0,0.0,0.0,0.0
106,"2021","Bihar","10","Khagaria","202","Khagaria",0.0,0.0,0.0,0.0,19.0,0.0,0.0,91.0,91.0,71.0,0.0,0.0,0.0,0.0,0.0
107,"2021","Bihar","10","Kishanganj","203","Kishanganj",0.0,0.0,0.0,0.0,0.0,0.0,0.0,0.0,0.0,0.0,0.0,0.0,0.0,0.0,0.0
108,"2021","Bihar","10","Lakhisarai","204","Lakhisarai",0.0,4.0,3.0,7.0,6.0,0.0,12.0,35.0,47.0,21.0,0.0,0.0,0.0,0.0,0.0
109,"2021","Bihar","10","Madhepura","205","Madhepura",1.0,0.0,2.0,3.0,9.0,9.0,26.0,42.0,77.0,60.0,0.0,0.0,0.0,0.0,0.0
110,"2021","Bihar","10","Madhubani","206","Madhubani",1.0,3.0,4.0,8.0,4.0,5.0,8.0,91.0,104.0,53.0,0.0,0.0,0.0,0.0,0.0
111,"2021","Bihar","10","Purbi Champaran","213","Motihari",10.0,2.0,12.0,24.0,17.0,38.0,4.0,171.0,213.0,95.0,0.0,0.0,0.0,0.0,0.0
112,"2021","Bihar","10","Munger","207","Munger",0.0,6.0,14.0,20.0,13.0,1.0,3.0,15.0,19.0,16.0,0.0,0.0,0.0,0.0,0.0
113,"2021","Bihar","10","Muzaffarpur","208","Muzaffarpur",0.0,11.0,19.0,30.0,71.0,0.0,33.0,306.0,339.0,329.0,0.0,0.0,0.0,0.0,0.0
114,"2021","Bihar","10","Muzaffarpur","208","Muzaffarpur Railway",2.0,0.0,0.0,2.0,1.0,1.0,0.0,0.0,1.0,2.0,0.0,0.0,0.0,0.0,0.0
115,"2021","Bihar","10","Nalanda","209","Nalanda",16.0,21.0,3.0,40.0,59.0,2.0,42.0,197.0,241.0,139.0,0.0,0.0,0.0,0.0,0.0
116,"2021","Bihar","10","Bhagalpur","192","Naugachia",11.0,5.0,3.0,19.0,0.0,5.0,45.0,21.0,71.0,0.0,0.0,0.0,0.0,0.0,0.0
117,"2021","Bihar","10","Nawada","210","Nawadah",7.0,8.0,12.0,27.0,0.0,1.0,76.0,34.0,111.0,0.0,0.0,0.0,0.0,0.0,0.0
118,"2021","Bihar","10","Patna","212","Patna",51.0,59.0,21.0,131.0,164.0,11.0,107.0,450.0,568.0,317.0,0.0,0.0,0.0,0.0,0.0
119,"2021","Bihar","10","Patna","212","Patna Railway",0.0,0.0,0.0,0.0,0.0,0.0,0.0,1.0,1.0,1.0,0.0,0.0,0.0,0.0,0.0
120,"2021","Bihar","10","Purnia","214","Purnea",0.0,0.0,2.0,2.0,0.0,0.0,0.0,0.0,0.0,0.0,0.0,0.0,0.0,0.0,0.0
121,"2021","Bihar","10","Rohtas","215","Rohtas",0.0,11.0,4.0,15.0,8.0,2.0,2.0,2.0,6.0,13.0,0.0,0.0,0.0,0.0,0.0
122,"2021","Bihar","10","Saharsa","216","Saharsa",0.0,0.0,0.0,0.0,1.0,0.0,0.0,0.0,0.0,0.0,0.0,0.0,0.0,0.0,0.0
123,"2021","Bihar","10","Samastipur","217","Samastipur",5.0,3.0,0.0,8.0,5.0,5.0,35.0,74.0,114.0,26.0,0.0,0.0,0.0,0.0,0.0
124,"2021","Bihar","10","Saran","218","Saran",16.0,7.0,28.0,51.0,52.0,30.0,60.0,205.0,295.0,136.0,0.0,0.0,0.0,0.0,0.0
125,"2021","Bihar","10","Sheikhpura","219","Sheikhpura",1.0,2.0,4.0,7.0,3.0,0.0,15.0,22.0,37.0,17.0,0.0,0.0,0.0,0.0,0.0
126,"2021","Bihar","10","Sheohar","220","Sheohar",0.0,0.0,0.0,0.0,0.0,0.0,0.0,0.0,0.0,0.0,0.0,0.0,0.0,0.0,0.0
127,"2021","Bihar","10","Sitamarhi","221","Sitamarhi",11.0,19.0,12.0,42.0,32.0,2.0,54.0,127.0,183.0,111.0,0.0,0.0,0.0,0.0,0.0
128,"2021","Bihar","10","Siwan","222","Siwan",0.0,0.0,0.0,0.0,0.0,0.0,26.0,122.0,148.0,18.0,0.0,0.0,0.0,0.0,75.0
129,"2021","Bihar","10","Supaul","223","Supaul",0.0,5.0,1.0,6.0,9.0,1.0,20.0,70.0,91.0,43.0,0.0,0.0,0.0,0.0,0.0
130,"2021","Bihar","10","Vaishali","224","Vaishali",0.0,58.0,62.0,120.0,22.0,42.0,135.0,125.0,302.0,40.0,0.0,0.0,0.0,0.0,0.0
131,"2021","Bihar","10","Patna","212","Economic Offences Unit",0.0,0.0,0.0,0.0,0.0,0.0,0.0,0.0,0.0,0.0,0.0,0.0,0.0,0.0,0.0
132,"2021","Bihar","10","Patna","212","Anti Terrorist Squad",0.0,0.0,0.0,0.0,0.0,0.0,0.0,0.0,0.0,0.0,0.0,0.0,0.0,0.0,0.0
133,"2021","Chhattisgarh","22","Balod","646","Balod",0.0,6.0,0.0,6.0,103.0,0.0,3.0,60.0,63.0,324.0,0.0,0.0,0.0,0.0,0.0
134,"2021","Chhattisgarh","22","Baloda Bazar","644","Balodbazar",0.0,8.0,3.0,11.0,128.0,4.0,91.0,68.0,163.0,481.0,0.0,0.0,0.0,0.0,0.0
135,"2021","Chhattisgarh","22","Balrampur","649","Balrampur",0.0,1.0,1.0,2.0,54.0,3.0,18.0,47.0,68.0,125.0,0.0,0.0,0.0,0.0,0.0
136,"2021","Chhattisgarh","22","Bemetara","650","Bemetra",0.0,3.0,3.0,6.0,72.0,0.0,22.0,50.0,72.0,235.0,0.0,0.0,0.0,0.0,0.0
137,"2021","Chhattisgarh","22","Bilaspur","375","Bilaspur",7.0,10.0,34.0,51.0,402.0,7.0,143.0,95.0,245.0,781.0,0.0,0.0,0.0,0.0,0.0
138,"2021","Chhattisgarh","22","Bijapur","636","Bizapur",0.0,0.0,0.0,0.0,10.0,0.0,3.0,6.0,9.0,23.0,0.0,0.0,0.0,0.0,0.0
139,"2021","Chhattisgarh","22","Dantewada","376","Dantewara",0.0,2.0,0.0,2.0,18.0,0.0,9.0,10.0,19.0,40.0,0.0,0.0,0.0,0.0,0.0
140,"2021","Chhattisgarh","22","Dhamtari","377","Dhamtari",0.0,2.0,11.0,13.0,127.0,0.0,1.0,61.0,62.0,353.0,0.0,0.0,0.0,0.0,0.0
141,"2021","Chhattisgarh","22","Durg","378","Durg",5.0,26.0,19.0,50.0,322.0,5.0,78.0,138.0,221.0,822.0,0.0,0.0,0.0,0.0,0.0
142,"2021","Chhattisgarh","22","Gariyaband","645","Gariyaband",0.0,2.0,2.0,4.0,65.0,1.0,18.0,25.0,44.0,162.0,0.0,0.0,0.0,0.0,0.0
143,"2021","Chhattisgarh","22","Raipur","387","Grp Raipur",0.0,1.0,0.0,1.0,8.0,0.0,2.0,3.0,5.0,13.0,0.0,0.0,0.0,0.0,0.0
144,"2021","Chhattisgarh","22","Bastar","374","Jagdalpur",2.0,2.0,5.0,9.0,77.0,1.0,25.0,63.0,89.0,199.0,0.0,0.0,0.0,0.0,0.0
145,"2021","Chhattisgarh","22","Janjgir-Champa","379","Janjgir",2.0,13.0,16.0,31.0,195.0,7.0,35.0,156.0,198.0,577.0,0.0,0.0,0.0,0.0,0.0
146,"2021","Chhattisgarh","22","Jashpur","380","Jashpur",4.0,5.0,7.0,16.0,61.0,1.0,32.0,49.0,82.0,186.0,0.0,0.0,0.0,0.0,0.0
147,"2021","Chhattisgarh","22","Kabirdham","382","Kabirdham",1.0,4.0,11.0,16.0,74.0,1.0,30.0,60.0,91.0,217.0,0.0,0.0,0.0,0.0,0.0
148,"2021","Chhattisgarh","22","Kanker","381","Kanker",0.0,1.0,5.0,6.0,130.0,0.0,0.0,64.0,64.0,216.0,0.0,0.0,0.0,0.0,0.0
149,"2021","Chhattisgarh","22","Kondagaon","643","Kondagaon",0.0,0.0,4.0,4.0,38.0,0.0,16.0,24.0,40.0,132.0,0.0,0.0,0.0,0.0,0.0
150,"2021","Chhattisgarh","22","Korba","383","Korba",5.0,3.0,15.0,23.0,175.0,5.0,6.0,101.0,112.0,426.0,0.0,0.0,0.0,0.0,0.0
151,"2021","Chhattisgarh","22","Korea","384","Koriya",0.0,4.0,5.0,9.0,82.0,3.0,45.0,50.0,98.0,218.0,0.0,0.0,0.0,0.0,0.0
152,"2021","Chhattisgarh","22","Mahasamund","385","Mahasamund",0.0,6.0,3.0,9.0,146.0,0.0,45.0,41.0,86.0,372.0,0.0,0.0,0.0,0.0,0.0
153,"2021","Chhattisgarh","22","Mungeli","647","Mungali",0.0,1.0,4.0,5.0,56.0,1.0,27.0,49.0,77.0,197.0,0.0,0.0,0.0,0.0,0.0
154,"2021","Chhattisgarh","22","Narayanpur","637","Narayanpur",0.0,0.0,3.0,3.0,5.0,0.0,5.0,7.0,12.0,29.0,0.0,0.0,0.0,0.0,0.0
155,"2021","Chhattisgarh","22","Raigarh","386","Raigarh",5.0,10.0,10.0,25.0,189.0,1.0,43.0,92.0,136.0,494.0,0.0,0.0,0.0,0.0,0.0
156,"2021","Chhattisgarh","22","Raipur","387","Raipur",3.0,14.0,53.0,70.0,565.0,0.0,44.0,381.0,425.0,1339.0,0.0,0.0,0.0,0.0,0.0
157,"2021","Chhattisgarh","22","Rajnandgaon","388","Rajnandgaon",1.0,5.0,5.0,11.0,250.0,0.0,43.0,87.0,130.0,615.0,0.0,0.0,0.0,0.0,0.0
158,"2021","Chhattisgarh","22","Surguja","389","Sarguja",0.0,11.0,6.0,17.0,122.0,1.0,87.0,36.0,124.0,300.0,0.0,0.0,0.0,0.0,0.0
159,"2021","Chhattisgarh","22","Sukma","642","Sukma",0.0,0.0,1.0,1.0,10.0,1.0,13.0,9.0,23.0,24.0,0.0,0.0,0.0,0.0,0.0
160,"2021","Chhattisgarh","22","Surajpur","648","Surajpur",3.0,0.0,1.0,4.0,83.0,1.0,34.0,35.0,70.0,205.0,0.0,0.0,0.0,0.0,0.0
161,"2021","Chhattisgarh","22","Gaurella Pendra Marwahi","734","Gaurela-Pendra-Marwari",0.0,3.0,5.0,8.0,30.0,0.0,18.0,19.0,37.0,139.0,0.0,0.0,0.0,0.0,0.0
162,"2021","Goa","30","North Goa","551","North Goa",2.0,1.0,0.0,3.0,158.0,3.0,0.0,0.0,3.0,110.0,0.0,0.0,0.0,0.0,0.0
163,"2021","Goa","30","South Goa","552","South Goa",2.0,2.0,0.0,4.0,127.0,2.0,1.0,0.0,3.0,108.0,0.0,0.0,0.0,0.0,0.0
164,"2021","Goa","30","North Goa","551","Cid",0.0,0.0,0.0,0.0,8.0,0.0,0.0,0.0,0.0,1.0,0.0,0.0,0.0,0.0,0.0
165,"2021","Gujarat","24","Ahmadabad","438","Ahmedabad City",12.0,37.0,16.0,65.0,1013.0,14.0,160.0,99.0,273.0,2505.0,0.0,0.0,0.0,0.0,0.0
166,"2021","Gujarat","24","Ahmadabad","438","Ahmedabad Rural",7.0,1.0,0.0,8.0,50.0,7.0,2.0,0.0,9.0,108.0,0.0,0.0,0.0,0.0,0.0
167,"2021","Gujarat","24","Amreli","439","Amreli",0.0,0.0,0.0,0.0,20.0,0.0,0.0,0.0,0.0,82.0,0.0,0.0,0.0,0.0,0.0
168,"2021","Gujarat","24","Anand","440","Anand",0.0,0.0,0.0,0.0,114.0,0.0,0.0,0.0,0.0,315.0,0.0,0.0,0.0,0.0,0.0
169,"2021","Gujarat","24","Arvalli","672","Arvalli",0.0,0.0,0.0,0.0,59.0,0.0,0.0,0.0,0.0,201.0,0.0,0.0,0.0,0.0,0.0
170,"2021","Gujarat","24","Banas Kantha","441","Banaskantha",0.0,0.0,0.0,0.0,84.0,0.0,0.0,0.0,0.0,234.0,0.0,0.0,0.0,0.0,0.0
171,"2021","Gujarat","24","Bharuch","442","Bharuch",17.0,2.0,1.0,20.0,153.0,6.0,4.0,1.0,11.0,246.0,0.0,0.0,0.0,0.0,0.0
172,"2021","Gujarat","24","Bhavnagar","443","Bhavnagar",0.0,1.0,1.0,2.0,50.0,0.0,0.0,7.0,7.0,166.0,0.0,0.0,0.0,0.0,0.0
173,"2021","Gujarat","24","Botad","676","Botad",0.0,0.0,3.0,3.0,15.0,0.0,12.0,20.0,32.0,32.0,0.0,0.0,0.0,0.0,0.0
174,"2021","Gujarat","24","Chhotaudepur","668","Chhotaudepur",0.0,0.0,0.0,0.0,15.0,1.0,0.0,0.0,1.0,40.0,0.0,0.0,0.0,0.0,0.0
175,"2021","Gujarat","24","Gandhinagar","446","Cid Crime",0.0,0.0,0.0,0.0,0.0,0.0,0.0,0.0,0.0,0.0,0.0,0.0,0.0,0.0,0.0
176,"2021","Gujarat","24","Dohad","445","Dahod",2.0,0.0,1.0,3.0,38.0,3.0,48.0,78.0,129.0,61.0,0.0,0.0,0.0,0.0,0.0
177,"2021","Gujarat","24","Dang","444","Dang",0.0,0.0,0.0,0.0,0.0,0.0,0.0,0.0,0.0,0.0,0.0,0.0,0.0,0.0,0.0
178,"2021","Gujarat","24","Devbhumi Dwarka","674","Devbhumi Dwarka",2.0,0.0,0.0,2.0,30.0,6.0,0.0,0.0,6.0,78.0,0.0,0.0,0.0,0.0,0.0
179,"2021","Gujarat","24","Gandhinagar","446","Gandhinagar",16.0,0.0,0.0,16.0,144.0,10.0,3.0,0.0,13.0,272.0,0.0,0.0,0.0,0.0,0.0
180,"2021","Gujarat","24","Gir Somnath","675","Gir Somnath",0.0,0.0,0.0,0.0,25.0,0.0,0.0,0.0,0.0,15.0,0.0,0.0,0.0,0.0,0.0
181,"2021","Gujarat","24","Jamnagar","447","Jamnagar",11.0,1.0,4.0,16.0,55.0,9.0,6.0,6.0,21.0,131.0,0.0,0.0,0.0,0.0,0.0
182,"2021","Gujarat","24","Junagadh","448","Junagadh",1.0,0.0,0.0,1.0,28.0,0.0,0.0,0.0,0.0,28.0,0.0,0.0,0.0,0.0,0.0
183,"2021","Gujarat","24","Kachchh","449","Kachchh East(G)",4.0,5.0,2.0,11.0,134.0,16.0,18.0,27.0,61.0,280.0,0.0,0.0,0.0,0.0,0.0
184,"2021","Gujarat","24","Kachchh","449","Kachchh West(B)",2.0,1.0,3.0,6.0,102.0,1.0,27.0,17.0,45.0,243.0,0.0,0.0,0.0,0.0,0.0
185,"2021","Gujarat","24","Kheda","450","Kheda",16.0,0.0,2.0,18.0,96.0,10.0,0.0,0.0,10.0,199.0,0.0,0.0,0.0,0.0,0.0
186,"2021","Gujarat","24","Mahisagar","669","Mahisagar",2.0,0.0,0.0,2.0,13.0,0.0,14.0,26.0,40.0,72.0,0.0,0.0,0.0,0.0,0.0
187,"2021","Gujarat","24","Mahesana","451","Mehsana",2.0,0.0,0.0,2.0,91.0,0.0,0.0,0.0,0.0,350.0,2.0,0.0,0.0,2.0,0.0
188,"2021","Gujarat","24","Morbi","673","Morbi",0.0,0.0,0.0,0.0,25.0,0.0,0.0,0.0,0.0,30.0,0.0,0.0,0.0,0.0,0.0
189,"2021","Gujarat","24","Narmada","452","Narmada",1.0,0.0,0.0,1.0,7.0,1.0,0.0,0.0,1.0,34.0,0.0,0.0,0.0,0.0,0.0
190,"2021","Gujarat","24","Navsari","453","Navsari",1.0,2.0,0.0,3.0,57.0,2.0,1.0,1.0,4.0,78.0,0.0,0.0,0.0,0.0,0.0
191,"2021","Gujarat","24","Panch Mahals","454","Panchmahal",0.0,1.0,0.0,1.0,47.0,4.0,0.0,0.0,4.0,52.0,0.0,0.0,0.0,0.0,0.0
192,"2021","Gujarat","24","Patan","455","Patan",0.0,0.0,0.0,0.0,86.0,0.0,0.0,0.0,0.0,312.0,0.0,0.0,0.0,0.0,0.0
193,"2021","Gujarat","24","Porbandar","456","Porbandar",0.0,0.0,0.0,0.0,16.0,2.0,0.0,0.0,2.0,24.0,0.0,0.0,0.0,0.0,0.0
194,"2021","Gujarat","24","Rajkot","457","Rajkot City",0.0,2.0,4.0,6.0,10.0,0.0,10.0,20.0,30.0,10.0,0.0,0.0,0.0,0.0,0.0
195,"2021","Gujarat","24","Rajkot","457","Rajkot Rural",1.0,1.0,0.0,2.0,73.0,4.0,37.0,47.0,88.0,277.0,0.0,0.0,0.0,0.0,0.0
196,"2021","Gujarat","24","Sabar Kantha","458","Sabarkantha",2.0,1.0,0.0,3.0,72.0,1.0,0.0,1.0,2.0,197.0,0.0,0.0,0.0,0.0,0.0
197,"2021","Gujarat","24","Surat","459","Surat City",67.0,35.0,13.0,115.0,706.0,65.0,47.0,36.0,148.0,1332.0,0.0,0.0,0.0,0.0,13.0
198,"2021","Gujarat","24","Surat","459","Surat Rural",8.0,1.0,1.0,10.0,43.0,7.0,3.0,0.0,10.0,106.0,0.0,0.0,0.0,0.0,0.0
199,"2021","Gujarat","24","Surendranagar","460","Surendranagar",2.0,0.0,0.0,2.0,15.0,2.0,0.0,0.0,2.0,45.0,0.0,0.0,0.0,0.0,0.0
200,"2021","Gujarat","24","Tapi","641","Tapi",0.0,0.0,0.0,0.0,18.0,1.0,0.0,0.0,1.0,18.0,0.0,0.0,0.0,0.0,0.0
201,"2021","Gujarat","24","Vadodara","461","Vadodara City",2.0,9.0,5.0,16.0,230.0,2.0,45.0,41.0,88.0,362.0,0.0,0.0,0.0,0.0,0.0
202,"2021","Gujarat","24","Vadodara","461","Vadodara Rural",0.0,0.0,0.0,0.0,98.0,0.0,0.0,0.0,0.0,122.0,0.0,0.0,0.0,0.0,0.0
203,"2021","Gujarat","24","Valsad","462","Valsad",10.0,0.0,0.0,10.0,52.0,9.0,0.0,0.0,9.0,97.0,0.0,0.0,0.0,0.0,0.0
204,"2021","Gujarat","24","Ahmadabad","438","W.Rly Ahmedabad",0.0,0.0,0.0,0.0,5.0,0.0,0.0,0.0,0.0,2.0,0.0,0.0,0.0,0.0,0.0
205,"2021","Gujarat","24","Vadodara","461","W.Rly Vadodara",0.0,0.0,0.0,0.0,7.0,1.0,0.0,1.0,2.0,7.0,0.0,0.0,0.0,0.0,0.0
206,"2021","Gujarat","24","Ahmadabad","438","Cyber Ahmedabad Range",0.0,0.0,0.0,0.0,0.0,0.0,0.0,0.0,0.0,0.0,0.0,0.0,0.0,0.0,0.0
207,"2021","Gujarat","24","Bhavnagar","443","Cyber Bhavnagar Range",0.0,0.0,0.0,0.0,0.0,0.0,0.0,0.0,0.0,0.0,0.0,0.0,0.0,0.0,0.0
208,"2021","Gujarat","24","Cyber Border Range","9999","Cyber Border Range",0.0,0.0,0.0,0.0,0.0,0.0,0.0,0.0,0.0,0.0,0.0,0.0,0.0,0.0,0.0
209,"2021","Gujarat","24","Gandhinagar","446","Cyber Gandhinagar Range",0.0,0.0,0.0,0.0,0.0,0.0,0.0,0.0,0.0,0.0,0.0,0.0,0.0,0.0,0.0
210,"2021","Gujarat","24","Junagadh","448","Cyber Junagadh Range",0.0,0.0,0.0,0.0,0.0,0.0,0.0,0.0,0.0,0.0,0.0,0.0,0.0,0.0,0.0
211,"2021","Gujarat","24","Panch Mahals","454","Cyber Panchmahal Range",0.0,0.0,0.0,0.0,0.0,0.0,0.0,0.0,0.0,0.0,0.0,0.0,0.0,0.0,0.0
212,"2021","Gujarat","24","Rajkot","457","Cyber Rajkot Range",0.0,0.0,0.0,0.0,0.0,0.0,0.0,0.0,0.0,0.0,0.0,0.0,0.0,0.0,0.0
213,"2021","Gujarat","24","Surat","459","Cyber Surat Range",0.0,0.0,0.0,0.0,0.0,0.0,0.0,0.0,0.0,0.0,0.0,0.0,0.0,0.0,0.0
214,"2021","Gujarat","24","Vadodara","461","Cyber Vadodara Range",0.0,0.0,0.0,0.0,0.0,0.0,0.0,0.0,0.0,0.0,0.0,0.0,0.0,0.0,0.0
215,"2021","Haryana","6","Ambala","58","Ambala",14.0,0.0,6.0,20.0,183.0,14.0,2.0,5.0,21.0,247.0,0.0,0.0,0.0,0.0,0.0
216,"2021","Haryana","6","Bhiwani","59","Bhiwani",1.0,17.0,8.0,26.0,109.0,1.0,11.0,19.0,31.0,287.0,0.0,0.0,0.0,0.0,0.0
217,"2021","Haryana","6","Faridabad","60","Faridabad",55.0,20.0,17.0,92.0,387.0,57.0,11.0,7.0,75.0,667.0,0.0,0.0,0.0,0.0,0.0
218,"2021","Haryana","6","Fatehabad","61","Fatehabad",36.0,7.0,5.0,48.0,119.0,36.0,2.0,2.0,40.0,333.0,0.0,0.0,0.0,0.0,0.0
219,"2021","Haryana","6","Ambala","58","Grp",0.0,0.0,0.0,0.0,11.0,0.0,0.0,0.0,0.0,2.0,0.0,0.0,0.0,0.0,0.0
220,"2021","Haryana","6","Gurugram","62","Gurugram",13.0,22.0,51.0,86.0,111.0,23.0,154.0,136.0,313.0,125.0,0.0,0.0,0.0,0.0,0.0
221,"2021","Haryana","6","Hisar","63","Hissar",4.0,17.0,20.0,41.0,225.0,0.0,14.0,32.0,46.0,527.0,0.0,0.0,0.0,0.0,0.0
222,"2021","Haryana","6","Jhajjar","64","Jhajjar",0.0,5.0,16.0,21.0,169.0,0.0,7.0,21.0,28.0,278.0,0.0,0.0,0.0,0.0,0.0
223,"2021","Haryana","6","Jind","65","Jind",0.0,14.0,15.0,29.0,142.0,0.0,7.0,33.0,40.0,295.0,0.0,0.0,0.0,0.0,0.0
224,"2021","Haryana","6","Kaithal","66","Kaithal",28.0,12.0,10.0,50.0,136.0,18.0,3.0,13.0,34.0,193.0,0.0,0.0,0.0,0.0,0.0
225,"2021","Haryana","6","Karnal","67","Karnal",4.0,23.0,29.0,56.0,411.0,4.0,27.0,36.0,67.0,617.0,0.0,0.0,0.0,0.0,0.0
226,"2021","Haryana","6","Kurukshetra","68","Kurukshetra",12.0,1.0,0.0,13.0,193.0,10.0,2.0,3.0,15.0,314.0,0.0,0.0,0.0,0.0,0.0
227,"2021","Haryana","6","Mahendragarh","69","Mahendergarh",17.0,4.0,8.0,29.0,58.0,11.0,2.0,26.0,39.0,219.0,0.0,0.0,0.0,0.0,0.0
228,"2021","Haryana","6","Nuh","604","Nuh",0.0,10.0,9.0,19.0,18.0,3.0,0.0,1.0,4.0,54.0,0.0,0.0,0.0,0.0,0.0
229,"2021","Haryana","6","Palwal","619","Palwal",8.0,19.0,12.0,39.0,89.0,10.0,19.0,33.0,62.0,189.0,0.0,0.0,0.0,0.0,0.0
230,"2021","Haryana","6","Panchkula","70","Panchkula",8.0,5.0,10.0,23.0,83.0,7.0,10.0,20.0,37.0,205.0,0.0,0.0,0.0,0.0,0.0
231,"2021","Haryana","6","Panipat","71","Panipat",59.0,8.0,4.0,71.0,395.0,67.0,7.0,1.0,75.0,609.0,0.0,0.0,0.0,0.0,0.0
232,"2021","Haryana","6","Rewari","72","Rewari",14.0,11.0,11.0,36.0,105.0,18.0,23.0,49.0,90.0,265.0,0.0,0.0,0.0,0.0,0.0
233,"2021","Haryana","6","Rohtak","73","Rohtak",2.0,29.0,22.0,53.0,269.0,3.0,33.0,45.0,81.0,492.0,0.0,0.0,0.0,0.0,0.0
234,"2021","Haryana","6","Sirsa","74","Sirsa",2.0,13.0,11.0,26.0,114.0,0.0,42.0,70.0,112.0,435.0,0.0,0.0,0.0,0.0,0.0
235,"2021","Haryana","6","Sonipat","75","Sonipat",7.0,29.0,14.0,50.0,220.0,3.0,33.0,52.0,88.0,447.0,0.0,0.0,3.0,3.0,0.0
236,"2021","Haryana","6","Yamunanagar","76","Yamunanagar",22.0,14.0,5.0,41.0,200.0,23.0,37.0,60.0,120.0,333.0,0.0,0.0,0.0,0.0,0.0
237,"2021","Haryana","6","Gurugram","62","Irrigation & Power",0.0,0.0,0.0,0.0,0.0,0.0,0.0,0.0,0.0,0.0,0.0,0.0,0.0,0.0,0.0
238,"2021","Haryana","6","Charki Dadri","701","Charkhi Dadri",0.0,0.0,1.0,1.0,27.0,0.0,0.0,6.0,6.0,96.0,0.0,0.0,0.0,0.0,0.0
239,"2021","Haryana","6","Hisar","63","Hansi",3.0,6.0,4.0,13.0,75.0,0.0,17.0,16.0,33.0,177.0,0.0,0.0,0.0,0.0,0.0
240,"2021","Himachal Pradesh","2","Solan","25","Baddi",4.0,3.0,4.0,11.0,71.0,2.0,23.0,13.0,38.0,192.0,0.0,0.0,0.0,0.0,0.0
241,"2021","Himachal Pradesh","2","Bilaspur","15","Bilaspur",2.0,2.0,0.0,4.0,34.0,6.0,7.0,15.0,28.0,107.0,0.0,0.0,0.0,0.0,0.0
242,"2021","Himachal Pradesh","2","Chamba","16","Chamba",0.0,0.0,0.0,0.0,37.0,0.0,0.0,27.0,27.0,87.0,0.0,0.0,0.0,0.0,0.0
243,"2021","Himachal Pradesh","2","Shimla","23","Cid",0.0,0.0,0.0,0.0,0.0,0.0,0.0,0.0,0.0,0.0,0.0,0.0,0.0,0.0,0.0
244,"2021","Himachal Pradesh","2","Shimla","23","Grp",0.0,0.0,0.0,0.0,0.0,0.0,0.0,0.0,0.0,0.0,0.0,0.0,0.0,0.0,0.0
245,"2021","Himachal Pradesh","2","Hamirpur","17","Hamirpur",0.0,1.0,3.0,4.0,26.0,0.0,4.0,10.0,14.0,78.0,0.0,0.0,0.0,0.0,0.0
246,"2021","Himachal Pradesh","2","Kangra","18","Kangra",0.0,0.0,11.0,11.0,105.0,0.0,2.0,37.0,39.0,213.0,0.0,0.0,0.0,0.0,0.0
247,"2021","Himachal Pradesh","2","Kinnaur","19","Kinnaur",0.0,1.0,0.0,1.0,20.0,0.0,12.0,4.0,16.0,22.0,0.0,0.0,0.0,0.0,0.0
248,"2021","Himachal Pradesh","2","Kullu","20","Kullu",0.0,0.0,3.0,3.0,41.0,0.0,3.0,12.0,15.0,65.0,0.0,0.0,0.0,0.0,0.0
249,"2021","Himachal Pradesh","2","Lahul And Spiti","21","Lahaul & Spiti",0.0,0.0,0.0,0.0,10.0,0.0,0.0,0.0,0.0,4.0,0.0,0.0,0.0,0.0,0.0
250,"2021","Himachal Pradesh","2","Mandi","22","Mandi",0.0,3.0,4.0,7.0,79.0,0.0,9.0,43.0,52.0,235.0,0.0,0.0,0.0,0.0,0.0
251,"2021","Himachal Pradesh","2","Shimla","23","Shimla",0.0,8.0,10.0,18.0,3.0,21.0,26.0,1.0,48.0,0.0,0.0,0.0,0.0,0.0,0.0
252,"2021","Himachal Pradesh","2","Sirmaur","24","Sirmaur",10.0,3.0,0.0,13.0,60.0,6.0,12.0,9.0,27.0,127.0,0.0,0.0,0.0,0.0,0.0
253,"2021","Himachal Pradesh","2","Solan","25","Solan",0.0,1.0,0.0,1.0,31.0,1.0,12.0,24.0,37.0,83.0,0.0,0.0,0.0,0.0,0.0
254,"2021","Himachal Pradesh","2","Una","26","Una",3.0,5.0,1.0,9.0,17.0,0.0,9.0,12.0,21.0,12.0,0.0,0.0,0.0,0.0,0.0
255,"2021","Himachal Pradesh","2","Shimla","23","Cyber",0.0,0.0,0.0,0.0,0.0,0.0,0.0,0.0,0.0,0.0,0.0,0.0,0.0,0.0,0.0
256,"2021","Jammu And Kashmir","1","Anantnag","1","Anantnag",0.0,0.0,0.0,0.0,49.0,0.0,0.0,17.0,17.0,37.0,0.0,0.0,0.0,0.0,0.0
257,"2021","Jammu And Kashmir","1","Pulwama","11","Awantipora",0.0,0.0,0.0,0.0,30.0,0.0,0.0,0.0,0.0,20.0,0.0,0.0,0.0,0.0,0.0
258,"2021","Jammu And Kashmir","1","Bandipora","623","Bandipora",0.0,1.0,1.0,2.0,9.0,2.0,3.0,1.0,6.0,36.0,0.0,0.0,0.0,0.0,0.0
259,"2021","Jammu And Kashmir","1","Baramulla","3","Baramulla",0.0,0.0,0.0,0.0,0.0,0.0,29.0,34.0,63.0,0.0,0.0,0.0,0.0,0.0,0.0
260,"2021","Jammu And Kashmir","1","Budgam","2","Budgam",3.0,0.0,0.0,3.0,32.0,0.0,0.0,0.0,0.0,40.0,0.0,0.0,0.0,0.0,0.0
261,"2021","Jammu And Kashmir","1","Jammu","5","Crime Jammu",0.0,0.0,0.0,0.0,0.0,0.0,0.0,0.0,0.0,0.0,0.0,0.0,0.0,0.0,0.0
262,"2021","Jammu And Kashmir","1","Jammu","5","Crime Srinagar",0.0,0.0,0.0,0.0,0.0,0.0,0.0,0.0,0.0,0.0,0.0,0.0,0.0,0.0,0.0
263,"2021","Jammu And Kashmir","1","Doda","4","Doda",0.0,0.0,0.0,0.0,20.0,0.0,0.0,0.0,0.0,60.0,0.0,0.0,0.0,0.0,0.0
264,"2021","Jammu And Kashmir","1","Ganderbal","626","Ganderbal",0.0,1.0,1.0,2.0,19.0,0.0,1.0,5.0,6.0,30.0,0.0,0.0,0.0,0.0,0.0
265,"2021","Jammu And Kashmir","1","Kupwara","8","Handwara",0.0,0.0,4.0,4.0,8.0,0.0,0.0,1.0,1.0,17.0,0.0,0.0,0.0,0.0,0.0
266,"2021","Jammu And Kashmir","1","Jammu","5","Jammu",0.0,0.0,0.0,0.0,212.0,0.0,0.0,0.0,0.0,386.0,0.0,0.0,0.0,0.0,0.0
267,"2021","Jammu And Kashmir","1","Kathua","7","Kathua",7.0,3.0,2.0,12.0,37.0,7.0,5.0,23.0,35.0,142.0,0.0,0.0,0.0,0.0,0.0
268,"2021","Jammu And Kashmir","1","Kishtwar","620","Kishtwar",0.0,0.0,0.0,0.0,11.0,0.0,0.0,0.0,0.0,45.0,0.0,0.0,0.0,0.0,0.0
269,"2021","Jammu And Kashmir","1","Kulgam","622","Kulgam",0.0,0.0,0.0,0.0,27.0,0.0,0.0,0.0,0.0,45.0,0.0,0.0,0.0,0.0,0.0
270,"2021","Jammu And Kashmir","1","Kupwara","8","Kupwara",0.0,1.0,0.0,1.0,32.0,0.0,0.0,0.0,0.0,62.0,0.0,0.0,0.0,0.0,0.0
271,"2021","Jammu And Kashmir","1","Poonch","10","Poonch",2.0,6.0,0.0,8.0,12.0,2.0,0.0,1.0,3.0,89.0,0.0,0.0,0.0,0.0,0.0
272,"2021","Jammu And Kashmir","1","Pulwama","11","Pulwama",0.0,0.0,0.0,0.0,21.0,0.0,0.0,0.0,0.0,16.0,0.0,0.0,0.0,0.0,0.0
273,"2021","Jammu And Kashmir","1","Jammu","5","Railways Jammu",0.0,0.0,0.0,0.0,2.0,0.0,0.0,0.0,0.0,2.0,0.0,0.0,0.0,0.0,0.0
274,"2021","Jammu And Kashmir","1","Jammu","5","Railways Kashmir",0.0,0.0,0.0,0.0,0.0,0.0,0.0,0.0,0.0,0.0,0.0,0.0,0.0,0.0,0.0
275,"2021","Jammu And Kashmir","1","Reasi","627","Railways Katra",0.0,0.0,0.0,0.0,0.0,0.0,0.0,0.0,0.0,0.0,0.0,0.0,0.0,0.0,0.0
276,"2021","Jammu And Kashmir","1","Rajouri","12","Rajouri",0.0,2.0,0.0,2.0,21.0,0.0,4.0,0.0,4.0,95.0,0.0,0.0,0.0,0.0,0.0
277,"2021","Jammu And Kashmir","1","Ramban","621","Ramban",0.0,0.0,0.0,0.0,7.0,0.0,0.0,0.0,0.0,52.0,0.0,0.0,0.0,0.0,0.0
278,"2021","Jammu And Kashmir","1","Reasi","627","Reasi",0.0,0.0,0.0,0.0,17.0,0.0,0.0,0.0,0.0,71.0,0.0,0.0,0.0,0.0,0.0
279,"2021","Jammu And Kashmir","1","Samba","624","Samba",2.0,2.0,1.0,5.0,29.0,3.0,6.0,3.0,12.0,84.0,0.0,0.0,0.0,0.0,0.0
280,"2021","Jammu And Kashmir","1","Shopian","625","Shopian",0.0,0.0,0.0,0.0,7.0,0.0,2.0,7.0,9.0,30.0,0.0,0.0,0.0,0.0,0.0
281,"2021","Jammu And Kashmir","1","Baramulla","3","Sopore",0.0,8.0,2.0,10.0,13.0,0.0,9.0,15.0,24.0,20.0,0.0,0.0,0.0,0.0,0.0
282,"2021","Jammu And Kashmir","1","Srinagar","13","Srinagar",0.0,0.0,8.0,8.0,112.0,0.0,0.0,3.0,3.0,124.0,0.0,0.0,0.0,0.0,0.0
283,"2021","Jammu And Kashmir","1","Udhampur","14","Udhampur",2.0,2.0,3.0,7.0,47.0,2.0,10.0,20.0,32.0,117.0,0.0,0.0,0.0,0.0,0.0
284,"2021","Jammu And Kashmir","1","Jammu","5","Cyber Crime Jammu",0.0,0.0,0.0,0.0,0.0,0.0,0.0,0.0,0.0,0.0,0.0,0.0,0.0,0.0,0.0
285,"2021","Jammu And Kashmir","1","Jammu","5","Cyber Crime Kashmir",0.0,0.0,0.0,0.0,0.0,0.0,0.0,0.0,0.0,0.0,0.0,0.0,0.0,0.0,0.0
286,"2021","Jammu And Kashmir","1","Jammu","5","Anti Narcotic Task Force Jammu",0.0,0.0,0.0,0.0,0.0,0.0,0.0,0.0,0.0,0.0,0.0,0.0,0.0,0.0,0.0
287,"2021","Jharkhand","20","Bokaro","322","Bokaro",5.0,0.0,0.0,5.0,0.0,0.0,5.0,7.0,12.0,0.0,0.0,0.0,0.0,0.0,0.0
288,"2021","Jharkhand","20","West Singhbhum","343","Chaibasa",0.0,1.0,0.0,1.0,0.0,1.0,0.0,3.0,4.0,0.0,0.0,0.0,0.0,0.0,0.0
289,"2021","Jharkhand","20","Chatra","323","Chatra",6.0,1.0,1.0,8.0,11.0,2.0,4.0,7.0,13.0,22.0,0.0,0.0,0.0,0.0,0.0
290,"2021","Jharkhand","20","Deoghar","324","Deoghar",0.0,3.0,1.0,4.0,0.0,1.0,4.0,4.0,9.0,0.0,0.0,0.0,0.0,0.0,0.0
291,"2021","Jharkhand","20","Dhanbad","325","Dhanbad",0.0,2.0,1.0,3.0,2.0,0.0,1.0,1.0,2.0,1.0,0.0,0.0,0.0,0.0,0.0
292,"2021","Jharkhand","20","Dhanbad","325","Dhanbad Railway",0.0,0.0,1.0,1.0,2.0,0.0,0.0,0.0,0.0,2.0,0.0,0.0,0.0,0.0,0.0
293,"2021","Jharkhand","20","Dumka","326","Dumka",0.0,0.0,0.0,0.0,0.0,0.0,0.0,0.0,0.0,0.0,0.0,0.0,0.0,0.0,0.0
294,"2021","Jharkhand","20","Garhwa","328","Garhwa",12.0,5.0,6.0,23.0,34.0,9.0,8.0,5.0,22.0,42.0,0.0,0.0,0.0,0.0,0.0
295,"2021","Jharkhand","20","Giridih","329","Giridih",0.0,0.0,0.0,0.0,0.0,0.0,0.0,0.0,0.0,0.0,0.0,0.0,0.0,0.0,0.0
296,"2021","Jharkhand","20","Godda","330","Godda",0.0,0.0,0.0,0.0,0.0,0.0,0.0,0.0,0.0,0.0,0.0,0.0,0.0,0.0,0.0
297,"2021","Jharkhand","20","Gumla","331","Gumla",0.0,0.0,0.0,0.0,0.0,0.0,0.0,0.0,0.0,0.0,0.0,0.0,0.0,0.0,0.0
298,"2021","Jharkhand","20","Hazaribagh","332","Hazaribagh",5.0,3.0,3.0,11.0,32.0,3.0,8.0,6.0,17.0,33.0,0.0,0.0,0.0,0.0,0.0
299,"2021","Jharkhand","20","East Singhbum","327","Jamshedpur",1.0,2.0,1.0,4.0,30.0,1.0,3.0,1.0,5.0,31.0,0.0,0.0,0.0,0.0,0.0
300,"2021","Jharkhand","20","East Singhbum","327","Jamshedpur Railway",0.0,0.0,0.0,0.0,3.0,0.0,1.0,0.0,1.0,0.0,0.0,0.0,0.0,0.0,0.0
301,"2021","Jharkhand","20","Jamtara","333","Jamtara",2.0,1.0,2.0,5.0,19.0,4.0,4.0,11.0,19.0,32.0,0.0,0.0,0.0,0.0,0.0
302,"2021","Jharkhand","20","Khunti","606","Khunti",6.0,2.0,0.0,8.0,0.0,16.0,12.0,2.0,30.0,0.0,0.0,0.0,0.0,0.0,0.0
303,"2021","Jharkhand","20","Koderma","334","Koderma",0.0,0.0,0.0,0.0,0.0,0.0,0.0,0.0,0.0,0.0,0.0,0.0,0.0,0.0,0.0
304,"2021","Jharkhand","20","Latehar","335","Latehar",2.0,2.0,3.0,7.0,13.0,4.0,5.0,4.0,13.0,11.0,0.0,0.0,0.0,0.0,0.0
305,"2021","Jharkhand","20","Lohardaga","336","Lohardagga",1.0,4.0,9.0,14.0,15.0,5.0,8.0,20.0,33.0,46.0,0.0,0.0,0.0,0.0,0.0
306,"2021","Jharkhand","20","Pakur","337","Pakur",0.0,1.0,0.0,1.0,0.0,0.0,4.0,2.0,6.0,0.0,0.0,0.0,0.0,0.0,0.0
307,"2021","Jharkhand","20","Palamu","338","Palamu",2.0,6.0,3.0,11.0,0.0,5.0,13.0,10.0,28.0,0.0,0.0,0.0,0.0,0.0,0.0
308,"2021","Jharkhand","20","Ramgarh","607","Ramgarh",0.0,0.0,2.0,2.0,4.0,0.0,1.0,3.0,4.0,17.0,0.0,0.0,0.0,0.0,0.0
309,"2021","Jharkhand","20","Ranchi","339","Ranchi",0.0,11.0,15.0,26.0,24.0,0.0,7.0,10.0,17.0,12.0,0.0,0.0,0.0,0.0,0.0
310,"2021","Jharkhand","20","Sahebganj","340","Sahebganj",1.0,2.0,16.0,19.0,9.0,0.0,0.0,0.0,0.0,0.0,0.0,0.0,0.0,0.0,0.0
311,"2021","Jharkhand","20","Saraikela Kharsawan","341","Saraikela",0.0,0.0,0.0,0.0,0.0,0.0,0.0,0.0,0.0,0.0,0.0,0.0,0.0,0.0,0.0
312,"2021","Jharkhand","20","Simdega","342","Simdega",0.0,2.0,0.0,2.0,0.0,0.0,10.0,0.0,10.0,0.0,0.0,0.0,0.0,0.0,0.0
313,"2021","Karnataka","29","Bagalkote","524","Bagalkot",14.0,0.0,0.0,14.0,71.0,12.0,1.0,0.0,13.0,165.0,0.0,0.0,0.0,0.0,0.0
314,"2021","Karnataka","29","Bengaluru Urban","525","Bengaluru City",100.0,28.0,1.0,129.0,1496.0,150.0,24.0,11.0,185.0,2395.0,0.0,0.0,0.0,0.0,0.0
315,"2021","Karnataka","29","Bengaluru Urban","525","Bengaluru District",15.0,12.0,13.0,40.0,306.0,15.0,7.0,0.0,22.0,592.0,0.0,0.0,0.0,0.0,0.0
316,"2021","Karnataka","29","Belagavi","527","Belagavi District",4.0,2.0,0.0,6.0,140.0,6.0,0.0,1.0,7.0,295.0,0.0,0.0,0.0,0.0,0.0
317,"2021","Karnataka","29","Ballari","528","Ballari",12.0,6.0,1.0,19.0,147.0,6.0,8.0,2.0,16.0,225.0,0.0,0.0,0.0,0.0,0.0
318,"2021","Karnataka","29","Bidar","529","Bidar",4.0,2.0,4.0,10.0,52.0,3.0,1.0,5.0,9.0,100.0,0.0,0.0,0.0,0.0,0.0
319,"2021","Karnataka","29","Vijayapura","530","Vijayapura",2.0,5.0,0.0,7.0,86.0,10.0,36.0,3.0,49.0,0.0,0.0,0.0,0.0,0.0,0.0
320,"2021","Karnataka","29","Chikkaballapura","630","Chikkaballapura",14.0,1.0,5.0,20.0,90.0,13.0,2.0,0.0,15.0,362.0,0.0,0.0,0.0,0.0,0.0
321,"2021","Karnataka","29","Chamarajanagara","531","Chamarajnagar",9.0,0.0,0.0,9.0,60.0,8.0,0.0,0.0,8.0,142.0,0.0,0.0,0.0,0.0,0.0
322,"2021","Karnataka","29","Chikkamagaluru","532","Chikkamagaluru",18.0,0.0,0.0,18.0,89.0,1.0,2.0,10.0,13.0,226.0,0.0,0.0,0.0,0.0,0.0
323,"2021","Karnataka","29","Chitradurga","533","Chitradurga",5.0,10.0,0.0,15.0,129.0,9.0,10.0,0.0,19.0,448.0,0.0,0.0,0.0,0.0,0.0
324,"2021","Karnataka","29","Dakshina Kannada","534","Dakshina Kannada",3.0,1.0,0.0,4.0,84.0,5.0,1.0,0.0,6.0,79.0,0.0,0.0,0.0,0.0,0.0
325,"2021","Karnataka","29","Davangere","535","Davanagere",0.0,0.0,1.0,1.0,178.0,0.0,0.0,358.0,358.0,385.0,0.0,0.0,0.0,0.0,0.0
326,"2021","Karnataka","29","Dharwad","536","Dharwad",2.0,2.0,0.0,4.0,47.0,4.0,2.0,0.0,6.0,62.0,0.0,0.0,0.0,0.0,0.0
327,"2021","Karnataka","29","Gadag","537","Gadag",7.0,2.0,1.0,10.0,50.0,0.0,0.0,14.0,14.0,131.0,0.0,0.0,0.0,0.0,0.0
328,"2021","Karnataka","29","Kalaburagi","538","Kalaburgi",14.0,0.0,0.0,14.0,51.0,9.0,0.0,0.0,9.0,119.0,0.0,0.0,0.0,0.0,0.0
329,"2021","Karnataka","29","Hassan","539","Hassan",6.0,9.0,0.0,15.0,127.0,5.0,10.0,0.0,15.0,251.0,0.0,0.0,0.0,0.0,0.0
330,"2021","Karnataka","29","Haveri","540","Haveri",2.0,2.0,4.0,8.0,80.0,4.0,2.0,5.0,11.0,228.0,0.0,0.0,0.0,0.0,0.0
331,"2021","Karnataka","29","Dharwad","536","Hubballi Dharwad City",2.0,2.0,4.0,8.0,92.0,4.0,3.0,2.0,9.0,148.0,0.0,0.0,0.0,0.0,0.0
332,"2021","Karnataka","29","Belagavi","527","K.G.F.",5.0,0.0,0.0,5.0,27.0,4.0,1.0,0.0,5.0,101.0,0.0,0.0,0.0,0.0,0.0
333,"2021","Karnataka","29","Kodagu","541","Kodagu",9.0,0.0,0.0,9.0,48.0,9.0,0.0,0.0,9.0,83.0,0.0,0.0,0.0,0.0,0.0
334,"2021","Karnataka","29","Kolar","542","Kolar",10.0,4.0,4.0,18.0,61.0,4.0,2.0,2.0,8.0,221.0,0.0,0.0,0.0,0.0,0.0
335,"2021","Karnataka","29","Koppal","543","Koppal",4.0,2.0,3.0,9.0,37.0,6.0,6.0,2.0,14.0,146.0,0.0,0.0,0.0,0.0,0.0
336,"2021","Karnataka","29","Mandya","544","Mandya",0.0,0.0,0.0,0.0,196.0,0.0,0.0,0.0,0.0,428.0,0.0,0.0,0.0,0.0,0.0
337,"2021","Karnataka","29","Dakshina Kannada","534","Mangaluru City",2.0,3.0,1.0,6.0,85.0,5.0,4.0,2.0,11.0,83.0,0.0,0.0,0.0,0.0,0.0
338,"2021","Karnataka","29","Mysuru","545","Mysuru City",13.0,4.0,0.0,17.0,143.0,19.0,1.0,0.0,20.0,186.0,0.0,0.0,0.0,0.0,0.0
339,"2021","Karnataka","29","Mysuru","545","Mysuru District",10.0,8.0,4.0,22.0,213.0,12.0,8.0,6.0,26.0,398.0,0.0,0.0,0.0,0.0,0.0
340,"2021","Karnataka","29","Raichur","546","Raichur",9.0,1.0,1.0,11.0,48.0,14.0,2.0,1.0,17.0,129.0,0.0,0.0,0.0,0.0,0.0
341,"2021","Karnataka","29","Bengaluru Urban","525","K.Railways",2.0,0.0,0.0,2.0,5.0,1.0,0.0,0.0,1.0,10.0,0.0,0.0,0.0,0.0,0.0
342,"2021","Karnataka","29","Ramanagara","631","Ramanagara",10.0,6.0,10.0,26.0,148.0,8.0,4.0,8.0,20.0,329.0,0.0,0.0,0.0,0.0,0.0
343,"2021","Karnataka","29","Shivamogga","547","Shimoga",26.0,0.0,0.0,26.0,218.0,27.0,0.0,3.0,30.0,436.0,0.0,0.0,0.0,0.0,0.0
344,"2021","Karnataka","29","Tumakuru","548","Tumakuru",13.0,0.0,0.0,13.0,171.0,21.0,4.0,1.0,26.0,535.0,0.0,0.0,0.0,0.0,0.0
345,"2021","Karnataka","29","Udupi","549","Udupi",3.0,3.0,4.0,10.0,93.0,3.0,3.0,4.0,10.0,94.0,0.0,0.0,0.0,0.0,0.0
346,"2021","Karnataka","29","Uttara Kannada","550","Uttara Kannada",17.0,2.0,1.0,20.0,96.0,5.0,0.0,0.0,5.0,182.0,0.0,0.0,0.0,0.0,0.0
347,"2021","Karnataka","29","Yadgir","635","Yadgiri",6.0,0.0,0.0,6.0,27.0,2.0,2.0,0.0,4.0,69.0,0.0,0.0,0.0,0.0,0.0
348,"2021","Karnataka","29","Belagavi","527","Belagavi City",4.0,2.0,2.0,8.0,57.0,6.0,4.0,4.0,14.0,91.0,0.0,0.0,0.0,0.0,0.0
349,"2021","Karnataka","29","Kalaburagi","538","Kalaburgi City",0.0,0.0,3.0,3.0,33.0,0.0,0.0,9.0,9.0,75.0,0.0,0.0,0.0,0.0,0.0
350,"2021","Kerala","32","Alappuzha","554","Alapuzha",6.0,9.0,22.0,37.0,176.0,18.0,6.0,36.0,60.0,467.0,0.0,0.0,0.0,0.0,0.0
351,"2021","Kerala","32","Ernakulam","555","Ernakulam Commr.",3.0,13.0,8.0,24.0,102.0,9.0,5.0,13.0,27.0,198.0,0.0,0.0,0.0,0.0,0.0
352,"2021","Kerala","32","Ernakulam","555","Ernakulam Rural",18.0,17.0,14.0,49.0,179.0,16.0,9.0,30.0,55.0,338.0,0.0,0.0,0.0,0.0,6.0
353,"2021","Kerala","32","Idukki","556","Idukki",17.0,19.0,18.0,54.0,101.0,10.0,10.0,16.0,36.0,200.0,0.0,0.0,0.0,0.0,0.0
354,"2021","Kerala","32","Kannur","557","Kannur City",2.0,2.0,6.0,10.0,52.0,8.0,2.0,9.0,19.0,89.0,0.0,0.0,0.0,0.0,0.0
355,"2021","Kerala","32","Kasaragod","558","Kasargod",7.0,8.0,10.0,25.0,85.0,9.0,13.0,7.0,29.0,148.0,0.0,0.0,0.0,0.0,0.0
356,"2021","Kerala","32","Kollam","559","Kollam Commr.",26.0,17.0,12.0,55.0,157.0,20.0,15.0,14.0,49.0,482.0,0.0,0.0,0.0,0.0,0.0
357,"2021","Kerala","32","Kollam","559","Kollam Rural",5.0,10.0,7.0,22.0,100.0,5.0,10.0,52.0,67.0,296.0,0.0,0.0,0.0,0.0,0.0
358,"2021","Kerala","32","Kottayam","560","Kottayam",9.0,6.0,15.0,30.0,128.0,3.0,7.0,47.0,57.0,291.0,0.0,0.0,0.0,0.0,39.0
359,"2021","Kerala","32","Kozhikode","561","Kozhikode Commr.",9.0,14.0,12.0,35.0,143.0,6.0,13.0,16.0,35.0,152.0,0.0,0.0,0.0,0.0,0.0
360,"2021","Kerala","32","Kozhikode","561","Kozhikode Rural",16.0,15.0,12.0,43.0,121.0,9.0,16.0,12.0,37.0,275.0,0.0,0.0,0.0,0.0,0.0
361,"2021","Kerala","32","Malappuram","562","Malappuram",19.0,26.0,34.0,79.0,168.0,18.0,21.0,54.0,93.0,293.0,0.0,0.0,0.0,0.0,0.0
362,"2021","Kerala","32","Palakkad","563","Palakkad",31.0,9.0,7.0,47.0,150.0,29.0,12.0,18.0,59.0,369.0,0.0,0.0,0.0,0.0,0.0
363,"2021","Kerala","32","Pathanamthitta","564","Pathanamthitta",17.0,10.0,10.0,37.0,116.0,14.0,10.0,10.0,34.0,281.0,0.0,0.0,0.0,0.0,0.0
364,"2021","Kerala","32","Thiruvananthapuram","565","Railways",0.0,0.0,1.0,1.0,6.0,0.0,0.0,0.0,0.0,0.0,0.0,0.0,0.0,0.0,0.0
365,"2021","Kerala","32","Thrissur","566","Thrissur Commr.",16.0,6.0,6.0,28.0,131.0,22.0,12.0,25.0,59.0,286.0,0.0,0.0,0.0,0.0,0.0
366,"2021","Kerala","32","Thrissur","566","Thrissur Rural",12.0,8.0,8.0,28.0,146.0,9.0,5.0,26.0,40.0,262.0,0.0,0.0,0.0,0.0,0.0
367,"2021","Kerala","32","Thiruvananthapuram","565","Trivandrum Commr.",7.0,9.0,20.0,36.0,137.0,8.0,4.0,28.0,40.0,206.0,0.0,0.0,0.0,0.0,6.0
368,"2021","Kerala","32","Thiruvananthapuram","565","Trivandrum Rural",14.0,18.0,13.0,45.0,207.0,20.0,6.0,34.0,60.0,441.0,0.0,0.0,0.0,0.0,0.0
369,"2021","Kerala","32","Wayanad","567","Wayanadu",9.0,5.0,3.0,17.0,43.0,10.0,6.0,12.0,28.0,101.0,0.0,0.0,0.0,0.0,0.0
370,"2021","Kerala","32","Thiruvananthapuram","565","Crime Branch",0.0,0.0,0.0,0.0,0.0,0.0,0.0,0.0,0.0,0.0,0.0,0.0,0.0,0.0,0.0
371,"2021","Kerala","32","Kannur","557","Kannur Rural",3.0,3.0,2.0,8.0,44.0,12.0,1.0,2.0,15.0,109.0,0.0,0.0,0.0,0.0,0.0
372,"2021","Madhya Pradesh","23","Agar Malwa","667","Agar",0.0,0.0,6.0,6.0,53.0,0.0,3.0,33.0,36.0,154.0,0.0,0.0,0.0,0.0,0.0
373,"2021","Madhya Pradesh","23","Alirajpur","639","Alirajpur",0.0,1.0,4.0,5.0,56.0,0.0,12.0,90.0,102.0,344.0,0.0,0.0,0.0,0.0,0.0
374,"2021","Madhya Pradesh","23","Anuppur","390","Anuppur",4.0,5.0,7.0,16.0,113.0,2.0,38.0,65.0,105.0,273.0,0.0,0.0,0.0,0.0,0.0
375,"2021","Madhya Pradesh","23","Ashoknagar","391","Ashok Nagar",3.0,9.0,7.0,19.0,121.0,0.0,44.0,58.0,102.0,274.0,0.0,0.0,0.0,0.0,0.0
376,"2021","Madhya Pradesh","23","Balaghat","392","Balaghat",12.0,7.0,3.0,22.0,290.0,8.0,62.0,132.0,202.0,760.0,0.0,0.0,0.0,0.0,0.0
377,"2021","Madhya Pradesh","23","Barwani","393","Barwani",1.0,2.0,1.0,4.0,119.0,4.0,96.0,44.0,144.0,461.0,0.0,0.0,0.0,0.0,0.0
378,"2021","Madhya Pradesh","23","Betul","394","Betul",3.0,3.0,4.0,10.0,233.0,2.0,29.0,97.0,128.0,735.0,0.0,0.0,0.0,0.0,0.0
379,"2021","Madhya Pradesh","23","Bhind","395","Bhind",0.0,13.0,15.0,28.0,85.0,6.0,37.0,62.0,105.0,132.0,0.0,0.0,0.0,0.0,0.0
380,"2021","Madhya Pradesh","23","Bhopal","396","Bhopal",18.0,62.0,92.0,172.0,7.0,11.0,95.0,278.0,384.0,8.0,0.0,0.0,0.0,0.0,0.0
381,"2021","Madhya Pradesh","23","Bhopal","396","Bhopal Railway",0.0,0.0,2.0,2.0,20.0,0.0,0.0,0.0,0.0,29.0,0.0,0.0,0.0,0.0,0.0
382,"2021","Madhya Pradesh","23","Burhanpur","397","Burhanpur",3.0,11.0,6.0,20.0,84.0,11.0,20.0,32.0,63.0,200.0,0.0,0.0,0.0,0.0,0.0
383,"2021","Madhya Pradesh","23","Chhatarpur","398","Chhatarpur",0.0,27.0,20.0,47.0,204.0,0.0,62.0,134.0,196.0,483.0,0.0,0.0,0.0,0.0,0.0
384,"2021","Madhya Pradesh","23","Chhindwara","399","Chhindwara",1.0,5.0,9.0,15.0,340.0,4.0,38.0,91.0,133.0,983.0,0.0,0.0,0.0,0.0,0.0
385,"2021","Madhya Pradesh","23","Damoh","400","Damoh",5.0,15.0,9.0,29.0,246.0,1.0,42.0,94.0,137.0,142.0,0.0,0.0,0.0,0.0,0.0
386,"2021","Madhya Pradesh","23","Datia","401","Datia",0.0,0.0,10.0,10.0,100.0,0.0,0.0,44.0,44.0,177.0,0.0,0.0,0.0,0.0,0.0
387,"2021","Madhya Pradesh","23","Dewas","402","Dewas",4.0,8.0,10.0,22.0,125.0,25.0,100.0,120.0,245.0,590.0,0.0,0.0,0.0,0.0,0.0
388,"2021","Madhya Pradesh","23","Dhar","403","Dhar",6.0,11.0,14.0,31.0,311.0,14.0,175.0,295.0,484.0,1218.0,0.0,0.0,0.0,0.0,0.0
389,"2021","Madhya Pradesh","23","Dindori","404","Dindori",1.0,4.0,5.0,10.0,45.0,2.0,63.0,49.0,114.0,208.0,0.0,0.0,0.0,0.0,0.0
390,"2021","Madhya Pradesh","23","Guna","406","Guna",3.0,9.0,6.0,18.0,205.0,0.0,51.0,75.0,126.0,399.0,0.0,0.0,0.0,0.0,0.0
391,"2021","Madhya Pradesh","23","Gwalior","407","Gwalior",14.0,56.0,50.0,120.0,563.0,7.0,94.0,150.0,251.0,973.0,0.0,0.0,0.0,0.0,0.0
392,"2021","Madhya Pradesh","23","Harda","408","Harda",1.0,10.0,0.0,11.0,137.0,0.0,13.0,122.0,135.0,0.0,0.0,0.0,0.0,0.0,0.0
393,"2021","Madhya Pradesh","23","Narmadapuram","409","Hoshangabad",20.0,22.0,175.0,217.0,411.0,25.0,14.0,21.0,60.0,189.0,0.0,0.0,0.0,0.0,0.0
394,"2021","Madhya Pradesh","23","Indore","410","Indore",36.0,64.0,88.0,188.0,1229.0,51.0,286.0,432.0,769.0,3515.0,0.0,0.0,0.0,0.0,0.0
395,"2021","Madhya Pradesh","23","Indore","410","Indore Railway",4.0,2.0,0.0,6.0,3.0,6.0,0.0,0.0,6.0,14.0,0.0,0.0,0.0,0.0,0.0
396,"2021","Madhya Pradesh","23","Jabalpur","411","Jabalpur",0.0,46.0,69.0,115.0,920.0,2.0,66.0,334.0,402.0,1449.0,0.0,0.0,0.0,0.0,0.0
397,"2021","Madhya Pradesh","23","Jabalpur","411","Jabalpur Railway",0.0,1.0,0.0,1.0,20.0,0.0,0.0,1.0,1.0,11.0,0.0,0.0,0.0,0.0,0.0
398,"2021","Madhya Pradesh","23","Jhabua","412","Jhabua",2.0,3.0,2.0,7.0,60.0,1.0,24.0,72.0,97.0,358.0,0.0,0.0,0.0,0.0,0.0
399,"2021","Madhya Pradesh","23","Katni","413","Katni",12.0,7.0,28.0,47.0,243.0,5.0,8.0,171.0,184.0,573.0,0.0,0.0,0.0,0.0,0.0
400,"2021","Madhya Pradesh","23","Indore","410","Khandwa",3.0,6.0,8.0,17.0,0.0,3.0,55.0,127.0,185.0,0.0,0.0,0.0,0.0,0.0,0.0
401,"2021","Madhya Pradesh","23","Khargone","414","Khargone",20.0,30.0,18.0,68.0,226.0,32.0,39.0,297.0,368.0,810.0,0.0,0.0,0.0,0.0,0.0
402,"2021","Madhya Pradesh","23","Mandla","415","Mandla",1.0,9.0,10.0,20.0,154.0,2.0,51.0,96.0,149.0,396.0,0.0,0.0,0.0,0.0,0.0
403,"2021","Madhya Pradesh","23","Mandsaur","416","Mandsaur",2.0,6.0,18.0,26.0,253.0,1.0,27.0,126.0,154.0,616.0,0.0,0.0,0.0,0.0,0.0
404,"2021","Madhya Pradesh","23","Morena","417","Morena",2.0,17.0,31.0,50.0,242.0,3.0,13.0,89.0,105.0,267.0,0.0,0.0,0.0,0.0,0.0
405,"2021","Madhya Pradesh","23","Narsinghpur","418","Narsinghpur",0.0,6.0,17.0,23.0,276.0,1.0,4.0,169.0,174.0,459.0,0.0,0.0,0.0,0.0,0.0
406,"2021","Madhya Pradesh","23","Neemuch","419","Neemuch",3.0,5.0,5.0,13.0,135.0,3.0,45.0,32.0,80.0,400.0,0.0,0.0,0.0,0.0,0.0
407,"2021","Madhya Pradesh","23","Panna","420","Panna",8.0,15.0,10.0,33.0,135.0,2.0,82.0,68.0,152.0,364.0,0.0,0.0,0.0,0.0,0.0
408,"2021","Madhya Pradesh","23","Raisen","421","Raisen",0.0,12.0,19.0,31.0,251.0,2.0,94.0,134.0,230.0,636.0,0.0,0.0,0.0,0.0,0.0
409,"2021","Madhya Pradesh","23","Rajgarh","422","Rajgarh",0.0,6.0,11.0,17.0,139.0,0.0,47.0,93.0,140.0,402.0,0.0,0.0,0.0,0.0,0.0
410,"2021","Madhya Pradesh","23","Ratlam","423","Ratlam",3.0,8.0,13.0,24.0,286.0,2.0,52.0,222.0,276.0,909.0,0.0,0.0,0.0,0.0,0.0
411,"2021","Madhya Pradesh","23","Rewa","424","Rewa",5.0,46.0,87.0,138.0,8.0,21.0,124.0,135.0,280.0,4.0,0.0,0.0,0.0,0.0,0.0
412,"2021","Madhya Pradesh","23","Sagar","425","Sagar",5.0,25.0,51.0,81.0,528.0,10.0,52.0,249.0,311.0,1057.0,0.0,0.0,0.0,0.0,0.0
413,"2021","Madhya Pradesh","23","Satna","426","Satna",24.0,44.0,57.0,125.0,310.0,52.0,63.0,125.0,240.0,649.0,0.0,0.0,0.0,0.0,0.0
414,"2021","Madhya Pradesh","23","Seoni","428","Seoni",8.0,12.0,8.0,28.0,231.0,10.0,43.0,108.0,161.0,588.0,0.0,0.0,0.0,0.0,0.0
415,"2021","Madhya Pradesh","23","Shahdol","429","Shahdol",6.0,34.0,25.0,65.0,200.0,8.0,111.0,75.0,194.0,436.0,0.0,0.0,0.0,0.0,0.0
416,"2021","Madhya Pradesh","23","Shajapur","430","Shajapur",9.0,7.0,3.0,19.0,102.0,2.0,30.0,56.0,88.0,281.0,0.0,0.0,0.0,0.0,0.0
417,"2021","Madhya Pradesh","23","Sheopur","431","Sheopur",3.0,5.0,4.0,12.0,35.0,0.0,0.0,15.0,15.0,94.0,0.0,0.0,0.0,0.0,0.0
418,"2021","Madhya Pradesh","23","Shivpuri","432","Shivpuri",10.0,8.0,4.0,22.0,214.0,18.0,113.0,60.0,191.0,420.0,0.0,0.0,0.0,0.0,0.0
419,"2021","Madhya Pradesh","23","Sidhi","433","Sidhi",2.0,14.0,22.0,38.0,109.0,8.0,36.0,86.0,130.0,361.0,0.0,0.0,0.0,0.0,0.0
420,"2021","Madhya Pradesh","23","Sehore","427","Sehore",7.0,2.0,3.0,12.0,177.0,1.0,65.0,46.0,112.0,485.0,0.0,0.0,0.0,0.0,0.0
421,"2021","Madhya Pradesh","23","Singrauli","638","Singrauli",3.0,17.0,6.0,26.0,86.0,4.0,41.0,62.0,107.0,249.0,0.0,0.0,0.0,0.0,0.0
422,"2021","Madhya Pradesh","23","Tikamgarh","434","Tikamgarh",3.0,13.0,5.0,21.0,47.0,1.0,61.0,55.0,117.0,182.0,0.0,0.0,0.0,0.0,0.0
423,"2021","Madhya Pradesh","23","Ujjain","435","Ujjain",18.0,0.0,19.0,37.0,410.0,30.0,176.0,176.0,382.0,894.0,0.0,0.0,0.0,0.0,0.0
424,"2021","Madhya Pradesh","23","Umaria","436","Umaria",0.0,5.0,10.0,15.0,0.0,2.0,22.0,53.0,77.0,0.0,0.0,0.0,0.0,0.0,0.0
425,"2021","Madhya Pradesh","23","Vidisha","437","Vidisha",4.0,8.0,19.0,31.0,274.0,4.0,22.0,179.0,205.0,507.0,0.0,0.0,0.0,0.0,0.0
426,"2021","Madhya Pradesh","23","Bhopal","396","Cyber Crime Cell",0.0,0.0,0.0,0.0,0.0,0.0,0.0,0.0,0.0,0.0,0.0,0.0,0.0,0.0,0.0
427,"2021","Madhya Pradesh","23","Niwari","722","Niwari",0.0,7.0,3.0,10.0,48.0,2.0,13.0,14.0,29.0,113.0,0.0,0.0,0.0,0.0,0.0
428,"2021","Maharashtra","27","Ahmednagar","466","Ahmednagar",0.0,0.0,122.0,122.0,983.0,0.0,0.0,107.0,107.0,1608.0,0.0,0.0,0.0,0.0,0.0
429,"2021","Maharashtra","27","Akola","467","Akola",21.0,0.0,0.0,21.0,301.0,28.0,0.0,0.0,28.0,505.0,0.0,0.0,0.0,0.0,0.0
430,"2021","Maharashtra","27","Amravati","468","Amravati Commr.",0.0,0.0,0.0,0.0,265.0,0.0,0.0,0.0,0.0,391.0,0.0,0.0,0.0,0.0,0.0
431,"2021","Maharashtra","27","Amravati","468","Amravati Rural",0.0,1.0,6.0,7.0,1.0,0.0,2.0,160.0,162.0,2.0,0.0,0.0,0.0,0.0,0.0
432,"2021","Maharashtra","27","Aurangabad","469","Aurangabad Commr.",22.0,11.0,2.0,35.0,598.0,20.0,16.0,3.0,39.0,714.0,0.0,0.0,0.0,0.0,0.0
433,"2021","Maharashtra","27","Aurangabad","469","Aurangabad Rural",0.0,0.0,0.0,0.0,22.0,0.0,0.0,0.0,0.0,104.0,0.0,0.0,0.0,0.0,0.0
434,"2021","Maharashtra","27","Beed","470","Beed",4.0,3.0,0.0,7.0,292.0,10.0,6.0,0.0,16.0,437.0,0.0,0.0,0.0,0.0,0.0
435,"2021","Maharashtra","27","Bhandara","471","Bhandara",1.0,0.0,5.0,6.0,217.0,1.0,10.0,49.0,60.0,466.0,0.0,0.0,0.0,0.0,0.0
436,"2021","Maharashtra","27","Buldhana","472","Buldhana",21.0,24.0,5.0,50.0,312.0,22.0,20.0,3.0,45.0,583.0,0.0,0.0,0.0,0.0,0.0
437,"2021","Maharashtra","27","Chandrapur","473","Chandrapur",0.0,0.0,0.0,0.0,507.0,0.0,0.0,0.0,0.0,908.0,0.0,0.0,0.0,0.0,0.0
438,"2021","Maharashtra","27","Dhule","474","Dhule",4.0,0.0,197.0,201.0,197.0,3.0,0.0,0.0,3.0,356.0,0.0,0.0,0.0,0.0,0.0
439,"2021","Maharashtra","27","Gadchiroli","475","Gadchiroli",9.0,2.0,0.0,11.0,123.0,11.0,6.0,20.0,37.0,228.0,0.0,0.0,0.0,0.0,0.0
440,"2021","Maharashtra","27","Gondia","476","Gondia",0.0,0.0,0.0,0.0,89.0,0.0,0.0,0.0,0.0,382.0,0.0,0.0,0.0,0.0,0.0
441,"2021","Maharashtra","27","Hingoli","477","Hingoli",0.0,0.0,3.0,3.0,119.0,0.0,0.0,1.0,1.0,165.0,0.0,0.0,0.0,0.0,0.0
442,"2021","Maharashtra","27","Jalgaon","478","Jalgaon",41.0,29.0,20.0,90.0,706.0,47.0,28.0,10.0,85.0,1169.0,0.0,0.0,0.0,0.0,0.0
443,"2021","Maharashtra","27","Jalna","479","Jalna",0.0,3.0,8.0,11.0,6.0,0.0,10.0,36.0,46.0,0.0,0.0,0.0,0.0,0.0,0.0
444,"2021","Maharashtra","27","Kolhapur","480","Kolhapur",16.0,1.0,0.0,17.0,735.0,17.0,0.0,0.0,17.0,1395.0,0.0,0.0,0.0,0.0,0.0
445,"2021","Maharashtra","27","Latur","481","Latur",0.0,0.0,0.0,0.0,246.0,0.0,0.0,0.0,0.0,435.0,0.0,0.0,0.0,0.0,0.0
446,"2021","Maharashtra","27","Mumbai","482","Mumbai Commr.",57.0,192.0,200.0,449.0,3337.0,46.0,540.0,562.0,1148.0,4120.0,0.0,0.0,0.0,0.0,4.0
447,"2021","Maharashtra","27","Mumbai","482","Mumbai Railway",9.0,1.0,0.0,10.0,29.0,3.0,3.0,1.0,7.0,42.0,0.0,0.0,0.0,0.0,0.0
448,"2021","Maharashtra","27","Nagpur","484","Nagpur Commr.",3.0,4.0,21.0,28.0,1357.0,2.0,1.0,3.0,6.0,1648.0,0.0,0.0,0.0,0.0,0.0
449,"2021","Maharashtra","27","Nagpur","484","Nagpur Railway",0.0,0.0,0.0,0.0,11.0,0.0,0.0,0.0,0.0,8.0,0.0,0.0,0.0,0.0,0.0
450,"2021","Maharashtra","27","Nagpur","484","Nagpur Rural",0.0,0.0,0.0,0.0,395.0,0.0,0.0,0.0,0.0,771.0,0.0,0.0,0.0,0.0,0.0
451,"2021","Maharashtra","27","Nanded","485","Nanded",25.0,0.0,0.0,25.0,368.0,16.0,0.0,0.0,16.0,479.0,0.0,0.0,0.0,0.0,0.0
452,"2021","Maharashtra","27","Nandurbar","486","Nandurbar",15.0,0.0,0.0,15.0,131.0,12.0,1.0,0.0,13.0,292.0,0.0,0.0,0.0,0.0,0.0
453,"2021","Maharashtra","27","Nashik","487","Nasik Commr.",0.0,0.0,0.0,0.0,567.0,0.0,0.0,0.0,0.0,851.0,0.0,0.0,0.0,0.0,0.0
454,"2021","Maharashtra","27","Nashik","487","Nasik Rural",12.0,2.0,2.0,16.0,679.0,12.0,1.0,0.0,13.0,1191.0,0.0,0.0,0.0,0.0,0.0
455,"2021","Maharashtra","27","Mumbai Suburban","483","Navi Mumbai",32.0,18.0,6.0,56.0,693.0,29.0,20.0,8.0,57.0,870.0,0.0,0.0,0.0,0.0,0.0
456,"2021","Maharashtra","27","Osmanabad","488","Osmanabad",26.0,0.0,0.0,26.0,199.0,21.0,0.0,0.0,21.0,352.0,0.0,0.0,0.0,0.0,0.0
457,"2021","Maharashtra","27","Palghar","665","Palghar",1.0,0.0,0.0,1.0,180.0,2.0,0.0,0.0,2.0,328.0,0.0,0.0,0.0,0.0,0.0
458,"2021","Maharashtra","27","Parbhani","489","Parbhani",0.0,0.0,0.0,0.0,164.0,0.0,0.0,0.0,0.0,278.0,0.0,0.0,0.0,0.0,0.0
459,"2021","Maharashtra","27","Pune","490","Pune Commr.",27.0,16.0,18.0,61.0,1183.0,25.0,44.0,37.0,106.0,1276.0,0.0,3.0,0.0,3.0,21.0
460,"2021","Maharashtra","27","Pune","490","Pune Railway",1.0,0.0,0.0,1.0,8.0,3.0,0.0,0.0,3.0,7.0,0.0,0.0,0.0,0.0,0.0
461,"2021","Maharashtra","27","Pune","490","Pune Rural",20.0,2.0,4.0,26.0,830.0,22.0,2.0,4.0,28.0,1411.0,0.0,0.0,0.0,0.0,0.0
462,"2021","Maharashtra","27","Raigad","491","Raigad",1.0,0.0,4.0,5.0,216.0,5.0,1.0,20.0,26.0,294.0,0.0,0.0,0.0,0.0,0.0
463,"2021","Maharashtra","27","Ratnagiri","492","Ratnagiri",6.0,2.0,1.0,9.0,204.0,7.0,1.0,1.0,9.0,241.0,0.0,0.0,0.0,0.0,0.0
464,"2021","Maharashtra","27","Sangli","493","Sangli",26.0,2.0,0.0,28.0,581.0,30.0,0.0,0.0,30.0,986.0,0.0,0.0,0.0,0.0,0.0
465,"2021","Maharashtra","27","Satara","494","Satara",32.0,2.0,1.0,35.0,511.0,33.0,2.0,1.0,36.0,1069.0,0.0,0.0,0.0,0.0,0.0
466,"2021","Maharashtra","27","Sindhudurg","495","Sindhudurg",4.0,0.0,0.0,4.0,100.0,0.0,3.0,0.0,3.0,103.0,0.0,0.0,0.0,0.0,0.0
467,"2021","Maharashtra","27","Solapur","496","Solapur Commr.",22.0,2.0,0.0,24.0,231.0,7.0,1.0,0.0,8.0,413.0,0.0,0.0,0.0,0.0,0.0
468,"2021","Maharashtra","27","Solapur","496","Solapur Rural",0.0,0.0,0.0,0.0,489.0,0.0,0.0,0.0,0.0,923.0,0.0,0.0,0.0,0.0,0.0
469,"2021","Maharashtra","27","Thane","497","Thane Commr.",0.0,0.0,0.0,0.0,1746.0,0.0,0.0,0.0,0.0,2442.0,0.0,0.0,0.0,0.0,0.0
470,"2021","Maharashtra","27","Thane","497","Thane Rural",5.0,8.0,11.0,24.0,291.0,4.0,29.0,34.0,67.0,352.0,0.0,0.0,0.0,0.0,0.0
471,"2021","Maharashtra","27","Wardha","498","Wardha",0.0,0.0,0.0,0.0,407.0,0.0,0.0,0.0,0.0,646.0,0.0,0.0,0.0,0.0,0.0
472,"2021","Maharashtra","27","Washim","499","Washim",0.0,0.0,0.0,0.0,216.0,0.0,0.0,0.0,0.0,400.0,0.0,0.0,0.0,0.0,0.0
473,"2021","Maharashtra","27","Yavatmal","500","Yavatmal",3.0,0.0,98.0,101.0,371.0,4.0,0.0,185.0,189.0,692.0,0.0,0.0,0.0,0.0,0.0
474,"2021","Maharashtra","27","Pune","490","Pimpri Chinchwad City",0.0,6.0,10.0,16.0,996.0,0.0,11.0,6.0,17.0,1300.0,0.0,0.0,0.0,0.0,0.0
475,"2021","Maharashtra","27","Aurangabad","469","Aurangabad Railway",0.0,0.0,0.0,0.0,11.0,0.0,0.0,0.0,0.0,11.0,0.0,0.0,0.0,0.0,0.0
476,"2021","Maharashtra","27","Thane","497","Mira Bhayandar Vasai Virar Commr.",58.0,6.0,6.0,70.0,790.0,46.0,9.0,9.0,64.0,1119.0,0.0,0.0,0.0,0.0,0.0
477,"2021","Manipur","14","Bishnupur","252","Bishnupur",0.0,2.0,1.0,3.0,7.0,0.0,0.0,1.0,1.0,14.0,0.0,0.0,0.0,0.0,0.0
478,"2021","Manipur","14","Chandel","253","Chandel",0.0,0.0,0.0,0.0,0.0,0.0,0.0,0.0,0.0,0.0,0.0,0.0,0.0,0.0,0.0
479,"2021","Manipur","14","Churachandpur","254","Churachandpur",0.0,0.0,0.0,0.0,0.0,0.0,0.0,0.0,0.0,0.0,0.0,0.0,0.0,0.0,0.0
480,"2021","Manipur","14","Imphal West","256","Cid",0.0,0.0,0.0,0.0,0.0,0.0,0.0,0.0,0.0,0.0,0.0,0.0,0.0,0.0,0.0
481,"2021","Manipur","14","Imphal East","255","Imphal East",1.0,0.0,6.0,7.0,30.0,4.0,9.0,21.0,34.0,19.0,0.0,0.0,0.0,0.0,0.0
482,"2021","Manipur","14","Imphal West","256","Imphal West",0.0,0.0,0.0,0.0,0.0,1.0,0.0,0.0,1.0,0.0,0.0,0.0,0.0,0.0,0.0
483,"2021","Manipur","14","Senapati","257","Senapati",0.0,0.0,0.0,0.0,0.0,0.0,0.0,0.0,0.0,0.0,0.0,0.0,0.0,0.0,0.0
484,"2021","Manipur","14","Tamenglong","258","Tamenglong",0.0,0.0,0.0,0.0,0.0,0.0,0.0,0.0,0.0,0.0,0.0,0.0,0.0,0.0,0.0
485,"2021","Manipur","14","Thoubal","259","Thoubal",1.0,2.0,2.0,5.0,14.0,0.0,6.0,4.0,10.0,7.0,0.0,0.0,0.0,0.0,0.0
486,"2021","Manipur","14","Ukhrul","260","Ukhrul",0.0,0.0,0.0,0.0,0.0,0.0,0.0,0.0,0.0,0.0,0.0,0.0,0.0,0.0,0.0
487,"2021","Manipur","14","Kakching","711","Kakching",1.0,0.0,0.0,1.0,5.0,0.0,0.0,1.0,1.0,20.0,0.0,0.0,0.0,0.0,0.0
488,"2021","Manipur","14","Kamjong","717","Kamjong",0.0,0.0,0.0,0.0,0.0,0.0,0.0,0.0,0.0,0.0,0.0,0.0,0.0,0.0,0.0
489,"2021","Manipur","14","Kangpokpi","712","Kangpokpi",0.0,0.0,0.0,0.0,0.0,0.0,0.0,0.0,0.0,0.0,0.0,0.0,0.0,0.0,0.0
490,"2021","Manipur","14","Jiribam","713","Jiribam",0.0,0.0,0.0,0.0,7.0,0.0,0.0,0.0,0.0,8.0,0.0,0.0,0.0,0.0,0.0
491,"2021","Manipur","14","Noney","714","Noney",0.0,0.0,0.0,0.0,0.0,0.0,0.0,0.0,0.0,0.0,0.0,0.0,0.0,0.0,0.0
492,"2021","Manipur","14","Pherzawl","715","Pherzawl",0.0,0.0,0.0,0.0,0.0,0.0,0.0,0.0,0.0,0.0,0.0,0.0,0.0,0.0,0.0
493,"2021","Manipur","14","Tengnoupal","716","Tengnoupal",0.0,0.0,0.0,0.0,0.0,0.0,0.0,0.0,0.0,0.0,0.0,0.0,0.0,0.0,0.0
494,"2021","Manipur","14","Imphal West","256","Narcotic",0.0,0.0,0.0,0.0,0.0,0.0,0.0,0.0,0.0,0.0,0.0,0.0,0.0,0.0,0.0
495,"2021","Meghalaya","17","East Garo Hills","273","Garo Hills East",0.0,0.0,0.0,0.0,0.0,0.0,0.0,0.0,0.0,0.0,0.0,0.0,0.0,0.0,0.0
496,"2021","Meghalaya","17","North Garo Hills","656","Garo Hills North",0.0,0.0,0.0,0.0,0.0,0.0,0.0,0.0,0.0,0.0,0.0,0.0,0.0,0.0,0.0
497,"2021","Meghalaya","17","South Garo Hills","277","Garo Hills South",0.0,0.0,0.0,0.0,0.0,0.0,0.0,0.0,0.0,0.0,0.0,0.0,0.0,0.0,0.0
498,"2021","Meghalaya","17","South West Garo Hills","663","Garo Hills South West",0.0,0.0,0.0,0.0,0.0,0.0,0.0,0.0,0.0,0.0,0.0,0.0,0.0,0.0,0.0
499,"2021","Meghalaya","17","West Garo Hills","278","Garo Hills West",0.0,0.0,0.0,0.0,6.0,0.0,0.0,0.0,0.0,1.0,0.0,0.0,0.0,0.0,0.0
500,"2021","Meghalaya","17","West Jaintia Hills","275","Jaintia Hills West",0.0,0.0,0.0,0.0,0.0,0.0,0.0,0.0,0.0,0.0,0.0,0.0,0.0,0.0,0.0
501,"2021","Meghalaya","17","East Jaintia Hills","657","Jaintia Hills East",4.0,0.0,0.0,4.0,0.0,1.0,0.0,10.0,11.0,0.0,0.0,0.0,0.0,0.0,0.0
502,"2021","Meghalaya","17","East Khasi Hills","274","Khasi Hills East",5.0,7.0,4.0,16.0,56.0,2.0,12.0,21.0,35.0,61.0,0.0,0.0,0.0,0.0,0.0
503,"2021","Meghalaya","17","South West Khasi Hills","658","Khasi Hills South West",0.0,0.0,0.0,0.0,0.0,0.0,0.0,0.0,0.0,0.0,0.0,0.0,0.0,0.0,0.0
504,"2021","Meghalaya","17","West Khasi Hills","279","Khasi Hills West",0.0,0.0,0.0,0.0,0.0,0.0,0.0,0.0,0.0,0.0,0.0,0.0,0.0,0.0,0.0
505,"2021","Meghalaya","17","Ri Bhoi","276","Ri-Bhoi",0.0,0.0,0.0,0.0,0.0,0.0,0.0,0.0,0.0,0.0,0.0,0.0,0.0,0.0,0.0
506,"2021","Meghalaya","17","East Khasi Hills","274","Cyber Cell",0.0,0.0,0.0,0.0,0.0,0.0,0.0,0.0,0.0,0.0,0.0,0.0,0.0,0.0,0.0
507,"2021","Mizoram","15","Aizawl","261","Aizawl",0.0,0.0,0.0,0.0,0.0,0.0,0.0,0.0,0.0,0.0,0.0,0.0,0.0,0.0,0.0
508,"2021","Mizoram","15","Champhai","262","Champhai",0.0,0.0,0.0,0.0,0.0,0.0,0.0,0.0,0.0,0.0,0.0,0.0,0.0,0.0,0.0
509,"2021","Mizoram","15","Kolasib","263","Kolasib",0.0,0.0,0.0,0.0,0.0,0.0,0.0,0.0,0.0,0.0,0.0,0.0,0.0,0.0,0.0
510,"2021","Mizoram","15","Lawngtlai","264","Lawngtlai",0.0,0.0,0.0,0.0,0.0,0.0,0.0,0.0,0.0,0.0,0.0,0.0,0.0,0.0,0.0
511,"2021","Mizoram","15","Lunglei","265","Lunglei",0.0,0.0,0.0,0.0,1.0,0.0,0.0,0.0,0.0,0.0,0.0,0.0,0.0,0.0,0.0
512,"2021","Mizoram","15","Mamit","266","Mamit",0.0,0.0,0.0,0.0,0.0,0.0,0.0,0.0,0.0,0.0,0.0,0.0,0.0,0.0,0.0
513,"2021","Mizoram","15","Saiha","267","Saiha",0.0,0.0,0.0,0.0,0.0,0.0,0.0,0.0,0.0,0.0,0.0,0.0,0.0,0.0,0.0
514,"2021","Mizoram","15","Serchhip","268","Serchhip",0.0,0.0,0.0,0.0,0.0,0.0,0.0,0.0,0.0,0.0,0.0,0.0,0.0,0.0,0.0
515,"2021","Mizoram","15","Aizawl","261","Spl Narcotic",0.0,0.0,0.0,0.0,0.0,0.0,0.0,0.0,0.0,0.0,0.0,0.0,0.0,0.0,0.0
516,"2021","Mizoram","15","Saitual","727","Saitual",0.0,0.0,0.0,0.0,0.0,0.0,0.0,0.0,0.0,0.0,0.0,0.0,0.0,0.0,0.0
517,"2021","Mizoram","15","Khawzawl","728","Khawzawl",0.0,0.0,0.0,0.0,0.0,0.0,0.0,0.0,0.0,0.0,0.0,0.0,0.0,0.0,0.0
518,"2021","Mizoram","15","Hnahthial","726","Hnahthial",0.0,0.0,0.0,0.0,0.0,0.0,0.0,0.0,0.0,0.0,0.0,0.0,0.0,0.0,0.0
519,"2021","Mizoram","15","Aizawl","261","Cyber",0.0,0.0,0.0,0.0,0.0,0.0,0.0,0.0,0.0,0.0,0.0,0.0,0.0,0.0,0.0
520,"2021","Nagaland","13","Dimapur","244","Dimapur",2.0,1.0,1.0,4.0,34.0,0.0,3.0,0.0,3.0,3.0,0.0,0.0,0.0,0.0,0.0
521,"2021","Nagaland","13","Kiphire","614","Kiphire",0.0,0.0,0.0,0.0,0.0,0.0,0.0,0.0,0.0,0.0,0.0,0.0,0.0,0.0,0.0
522,"2021","Nagaland","13","Kohima","245","Kohima",1.0,0.0,4.0,5.0,1.0,0.0,5.0,9.0,14.0,7.0,0.0,0.0,0.0,0.0,0.0
523,"2021","Nagaland","13","Longleng","615","Longleng",0.0,0.0,0.0,0.0,0.0,0.0,0.0,0.0,0.0,0.0,0.0,0.0,0.0,0.0,0.0
524,"2021","Nagaland","13","Mokokchung","246","Mokokchung",0.0,0.0,0.0,0.0,0.0,0.0,0.0,0.0,0.0,0.0,0.0,0.0,0.0,0.0,0.0
525,"2021","Nagaland","13","Mon","247","Mon",0.0,0.0,0.0,0.0,0.0,0.0,0.0,0.0,0.0,0.0,0.0,0.0,0.0,0.0,0.0
526,"2021","Nagaland","13","Peren","613","Peren",0.0,0.0,0.0,0.0,0.0,0.0,0.0,0.0,0.0,0.0,0.0,0.0,0.0,0.0,0.0
527,"2021","Nagaland","13","Phek","248","Phek",0.0,0.0,0.0,0.0,0.0,0.0,0.0,0.0,0.0,0.0,0.0,0.0,0.0,0.0,0.0
528,"2021","Nagaland","13","Tuensang","249","Tuensang",0.0,0.0,0.0,0.0,0.0,0.0,0.0,0.0,0.0,0.0,0.0,0.0,0.0,0.0,0.0
529,"2021","Nagaland","13","Wokha","250","Wokha",0.0,0.0,0.0,0.0,0.0,0.0,0.0,0.0,0.0,0.0,0.0,0.0,0.0,0.0,0.0
530,"2021","Nagaland","13","Zunheboto","251","Zunheboto",0.0,0.0,0.0,0.0,0.0,0.0,0.0,0.0,0.0,0.0,0.0,0.0,0.0,0.0,0.0
531,"2021","Odisha","21","Anugul","344","Angul",0.0,0.0,0.0,0.0,0.0,0.0,0.0,0.0,0.0,0.0,0.0,0.0,0.0,0.0,0.0
532,"2021","Odisha","21","Baleshwar","346","Balasore",0.0,0.0,0.0,0.0,0.0,0.0,0.0,0.0,0.0,0.0,0.0,0.0,0.0,0.0,0.0
533,"2021","Odisha","21","Bargarh","347","Baragarh",0.0,0.0,0.0,0.0,0.0,0.0,0.0,0.0,0.0,0.0,0.0,0.0,0.0,0.0,0.0
534,"2021","Odisha","21","Baleshwar","346","Berhampur",0.0,0.0,0.0,0.0,0.0,0.0,0.0,0.0,0.0,0.0,0.0,0.0,0.0,0.0,0.0
535,"2021","Odisha","21","Bhadrak","348","Bhadrak",0.0,0.0,0.0,0.0,0.0,0.0,0.0,0.0,0.0,0.0,0.0,0.0,0.0,0.0,0.0
536,"2021","Odisha","21","Balangir","345","Bolangir",0.0,0.0,0.0,0.0,0.0,0.0,0.0,0.0,0.0,0.0,0.0,0.0,0.0,0.0,0.0
537,"2021","Odisha","21","Boudh","349","Boudh",0.0,0.0,0.0,0.0,0.0,0.0,0.0,0.0,0.0,0.0,0.0,0.0,0.0,0.0,0.0
538,"2021","Odisha","21","Cuttack","350","Cuttack",0.0,0.0,0.0,0.0,0.0,0.0,0.0,0.0,0.0,0.0,0.0,0.0,0.0,0.0,0.0
539,"2021","Odisha","21","Khordha","362","Dcp Bbsr",0.0,0.0,0.0,0.0,0.0,0.0,0.0,0.0,0.0,0.0,0.0,0.0,0.0,0.0,0.0
540,"2021","Odisha","21","Cuttack","350","Dcp Ctc",0.0,0.0,0.0,0.0,0.0,0.0,0.0,0.0,0.0,0.0,0.0,0.0,0.0,0.0,0.0
541,"2021","Odisha","21","Deogarh","351","Deogarh",0.0,0.0,0.0,0.0,0.0,0.0,0.0,0.0,0.0,0.0,0.0,0.0,0.0,0.0,0.0
542,"2021","Odisha","21","Dhenkanal","352","Dhenkanal",0.0,0.0,0.0,0.0,0.0,0.0,0.0,0.0,0.0,0.0,0.0,0.0,0.0,0.0,0.0
543,"2021","Odisha","21","Gajapati","353","Gajapati",0.0,0.0,0.0,0.0,0.0,0.0,0.0,0.0,0.0,0.0,0.0,0.0,0.0,0.0,0.0
544,"2021","Odisha","21","Ganjam","354","Ganjam",0.0,0.0,0.0,0.0,0.0,0.0,0.0,0.0,0.0,0.0,0.0,0.0,0.0,0.0,0.0
545,"2021","Odisha","21","Jagatsinghapur","355","Jagatsinghpur",0.0,0.0,0.0,0.0,0.0,0.0,0.0,0.0,0.0,0.0,0.0,0.0,0.0,0.0,0.0
546,"2021","Odisha","21","Jajapur","356","Jajpur",0.0,0.0,0.0,0.0,0.0,0.0,0.0,0.0,0.0,0.0,0.0,0.0,0.0,0.0,0.0
547,"2021","Odisha","21","Jharsuguda","357","Jharsuguda",0.0,0.0,0.0,0.0,0.0,0.0,0.0,0.0,0.0,0.0,0.0,0.0,0.0,0.0,0.0
548,"2021","Odisha","21","Kalahandi","358","Kalahandi",0.0,0.0,0.0,0.0,0.0,0.0,0.0,0.0,0.0,0.0,0.0,0.0,0.0,0.0,0.0
549,"2021","Odisha","21","Kandhamal","359","Kandhamal",0.0,0.0,0.0,0.0,0.0,0.0,0.0,0.0,0.0,0.0,0.0,0.0,0.0,0.0,0.0
550,"2021","Odisha","21","Kendrapara","360","Kendrapara",0.0,0.0,0.0,0.0,0.0,0.0,0.0,0.0,0.0,0.0,0.0,0.0,0.0,0.0,0.0
551,"2021","Odisha","21","Kendujhar","361","Keonjhar",0.0,0.0,0.0,0.0,0.0,0.0,0.0,0.0,0.0,0.0,0.0,0.0,0.0,0.0,0.0
552,"2021","Odisha","21","Khordha","362","Khurda",0.0,0.0,0.0,0.0,0.0,0.0,0.0,0.0,0.0,0.0,0.0,0.0,0.0,0.0,0.0
553,"2021","Odisha","21","Koraput","363","Koraput",0.0,0.0,0.0,0.0,0.0,0.0,0.0,0.0,0.0,0.0,0.0,0.0,0.0,0.0,0.0
554,"2021","Odisha","21","Malkangiri","364","Malkangiri",0.0,0.0,0.0,0.0,0.0,0.0,0.0,0.0,0.0,0.0,0.0,0.0,0.0,0.0,0.0
555,"2021","Odisha","21","Mayurbhanj","365","Mayurbhanj",0.0,0.0,0.0,0.0,0.0,0.0,0.0,0.0,0.0,0.0,0.0,0.0,0.0,0.0,0.0
556,"2021","Odisha","21","Nayagarh","367","Nayagarh",0.0,0.0,0.0,0.0,0.0,0.0,0.0,0.0,0.0,0.0,0.0,0.0,0.0,0.0,0.0
557,"2021","Odisha","21","Nabarangpur","366","Nabarangpur",0.0,0.0,0.0,0.0,0.0,0.0,0.0,0.0,0.0,0.0,0.0,0.0,0.0,0.0,0.0
558,"2021","Odisha","21","Nuapada","368","Nuapada",0.0,0.0,0.0,0.0,0.0,0.0,0.0,0.0,0.0,0.0,0.0,0.0,0.0,0.0,0.0
559,"2021","Odisha","21","Puri","369","Puri",0.0,0.0,0.0,0.0,0.0,0.0,0.0,0.0,0.0,0.0,0.0,0.0,0.0,0.0,0.0
560,"2021","Odisha","21","Rayagada","370","Rayagada",0.0,0.0,0.0,0.0,0.0,0.0,0.0,0.0,0.0,0.0,0.0,0.0,0.0,0.0,0.0
561,"2021","Odisha","21","Sundargarh","373","Rourkela",0.0,0.0,0.0,0.0,0.0,0.0,0.0,0.0,0.0,0.0,0.0,0.0,0.0,0.0,0.0
562,"2021","Odisha","21","Sambalpur","371","Sambalpur",0.0,0.0,0.0,0.0,0.0,0.0,0.0,0.0,0.0,0.0,0.0,0.0,0.0,0.0,0.0
563,"2021","Odisha","21","Sonepur","372","Sonepur",0.0,0.0,0.0,0.0,0.0,0.0,0.0,0.0,0.0,0.0,0.0,0.0,0.0,0.0,0.0
564,"2021","Odisha","21","Cuttack","350","Srp(Cuttack)",0.0,0.0,0.0,0.0,0.0,0.0,0.0,0.0,0.0,0.0,0.0,0.0,0.0,0.0,0.0
565,"2021","Odisha","21","Sundargarh","373","Srp(Rourkela)",0.0,0.0,0.0,0.0,0.0,0.0,0.0,0.0,0.0,0.0,0.0,0.0,0.0,0.0,0.0
566,"2021","Odisha","21","Sundargarh","373","Sundargarh",0.0,0.0,0.0,0.0,0.0,0.0,0.0,0.0,0.0,0.0,0.0,0.0,0.0,0.0,0.0
567,"2021","Odisha","21","Cuttack","350","Cid Cb",245.0,96.0,136.0,477.0,2972.0,569.0,1153.0,1934.0,3656.0,9330.0,0.0,0.0,0.0,0.0,0.0
568,"2021","Punjab","3","Amritsar","27","Amritsar Rural",3.0,2.0,0.0,5.0,42.0,1.0,31.0,46.0,78.0,26.0,0.0,0.0,0.0,0.0,0.0
569,"2021","Punjab","3","Barnala","605","Barnala",0.0,0.0,0.0,0.0,27.0,0.0,2.0,1.0,3.0,40.0,0.0,0.0,0.0,0.0,0.0
570,"2021","Punjab","3","Gurdaspur","32","Batala",0.0,0.0,0.0,0.0,39.0,1.0,0.0,0.0,1.0,34.0,0.0,0.0,0.0,0.0,0.0
571,"2021","Punjab","3","Bathinda","28","Bathinda",0.0,0.0,0.0,0.0,23.0,0.0,0.0,1.0,1.0,18.0,0.0,0.0,0.0,0.0,0.0
572,"2021","Punjab","3","Amritsar","27","Cp Amritsar",0.0,1.0,5.0,6.0,46.0,1.0,20.0,51.0,72.0,53.0,0.0,0.0,0.0,0.0,0.0
573,"2021","Punjab","3","Jalandhar","34","Cp Jalandhar",0.0,0.0,0.0,0.0,167.0,0.0,0.0,0.0,0.0,295.0,0.0,0.0,0.0,0.0,0.0
574,"2021","Punjab","3","Ludhiana","36","Cp Ludhiana",10.0,13.0,3.0,26.0,38.0,9.0,30.0,16.0,55.0,57.0,0.0,0.0,0.0,0.0,0.0
575,"2021","Punjab","3","Faridkot","29","Faridkot",0.0,0.0,0.0,0.0,1.0,0.0,2.0,22.0,24.0,0.0,0.0,0.0,0.0,0.0,0.0
576,"2021","Punjab","3","Fatehgarh Sahib","30","Fatehgarh Sahib",4.0,0.0,1.0,5.0,72.0,10.0,5.0,6.0,21.0,59.0,0.0,0.0,0.0,0.0,0.0
577,"2021","Punjab","3","Fazilka","651","Fazilka",1.0,0.0,3.0,4.0,49.0,3.0,0.0,10.0,13.0,38.0,0.0,0.0,0.0,0.0,0.0
578,"2021","Punjab","3","Ferozepur","31","Ferozepur",1.0,0.0,0.0,1.0,39.0,0.0,31.0,16.0,47.0,57.0,0.0,0.0,0.0,0.0,0.0
579,"2021","Punjab","3","Patiala","41","Grp",0.0,0.0,0.0,0.0,0.0,0.0,0.0,0.0,0.0,3.0,0.0,0.0,0.0,0.0,0.0
580,"2021","Punjab","3","Gurdaspur","32","Gurdaspur",0.0,1.0,0.0,1.0,0.0,1.0,20.0,12.0,33.0,0.0,0.0,0.0,0.0,0.0,0.0
581,"2021","Punjab","3","Hoshiarpur","33","Hoshiarpur",1.0,3.0,1.0,5.0,127.0,3.0,11.0,37.0,51.0,201.0,0.0,0.0,0.0,0.0,0.0
582,"2021","Punjab","3","Jalandhar","34","Jalandhar Rural",4.0,6.0,6.0,16.0,112.0,10.0,7.0,7.0,24.0,164.0,0.0,0.0,0.0,0.0,0.0
583,"2021","Punjab","3","Kapurthala","35","Kapurthala",2.0,8.0,0.0,10.0,24.0,1.0,5.0,0.0,6.0,33.0,0.0,0.0,0.0,0.0,0.0
584,"2021","Punjab","3","Ludhiana","36","Khanna",8.0,0.0,1.0,9.0,60.0,7.0,0.0,9.0,16.0,71.0,0.0,0.0,0.0,0.0,0.0
585,"2021","Punjab","3","Ludhiana","36","Ludhiana Rural",0.0,0.0,1.0,1.0,17.0,0.0,0.0,0.0,0.0,17.0,0.0,0.0,0.0,0.0,0.0
586,"2021","Punjab","3","Mansa","37","Mansa",0.0,1.0,2.0,3.0,25.0,1.0,0.0,0.0,1.0,11.0,0.0,0.0,0.0,0.0,0.0
587,"2021","Punjab","3","Moga","38","Moga",0.0,0.0,3.0,3.0,53.0,2.0,0.0,0.0,2.0,30.0,0.0,0.0,0.0,0.0,0.0
588,"2021","Punjab","3","Sri Muktsar Sahib","39","Muktsar",2.0,0.0,0.0,2.0,41.0,2.0,1.0,40.0,43.0,16.0,0.0,0.0,0.0,0.0,0.0
589,"2021","Punjab","3","Pathankot","662","Pathankot",0.0,0.0,1.0,1.0,0.0,0.0,0.0,5.0,5.0,0.0,0.0,0.0,0.0,0.0,0.0
590,"2021","Punjab","3","Patiala","41","Patiala",13.0,6.0,1.0,20.0,42.0,8.0,42.0,72.0,122.0,126.0,0.0,0.0,0.0,0.0,0.0
591,"2021","Punjab","3","Rupnagar","42","Ropar",5.0,3.0,1.0,9.0,35.0,0.0,15.0,24.0,39.0,33.0,0.0,0.0,0.0,0.0,0.0
592,"2021","Punjab","3","Sangrur","43","Sangrur",2.0,0.0,1.0,3.0,9.0,2.0,18.0,27.0,47.0,29.0,0.0,0.0,0.0,0.0,0.0
593,"2021","Punjab","3","S.A.S Nagar","608","Sas Nagar",4.0,2.0,1.0,7.0,0.0,8.0,31.0,129.0,168.0,0.0,0.0,0.0,0.0,0.0,0.0
594,"2021","Punjab","3","Shahid Bhagat Singh Nagar","40","Sbs Nagar",1.0,0.0,0.0,1.0,21.0,5.0,0.0,2.0,7.0,20.0,0.0,0.0,0.0,0.0,0.0
595,"2021","Punjab","3","Tarn Taran","609","Tarn Taran",1.0,9.0,1.0,11.0,53.0,0.0,0.0,2.0,2.0,47.0,0.0,0.0,0.0,0.0,0.0
596,"2021","Punjab","3","S.A.S Nagar","608","Bureau Of Investigation",0.0,0.0,0.0,0.0,0.0,0.0,0.0,0.0,0.0,0.0,0.0,0.0,0.0,0.0,0.0
597,"2021","Punjab","3","S.A.S Nagar","608","Intelligence Wing",0.0,0.0,0.0,0.0,0.0,0.0,0.0,0.0,0.0,0.0,0.0,0.0,0.0,0.0,0.0
598,"2021","Punjab","3","S.A.S Nagar","608","Nri Wing",0.0,0.0,0.0,0.0,0.0,0.0,0.0,0.0,0.0,0.0,0.0,0.0,0.0,0.0,0.0
599,"2021","Punjab","3","Amritsar","27","Special Task Force",0.0,0.0,0.0,0.0,0.0,0.0,0.0,0.0,0.0,0.0,0.0,0.0,0.0,0.0,0.0
600,"2021","Punjab","3","Malerkotla","737","Malerkotla",0.0,4.0,11.0,15.0,6.0,0.0,0.0,0.0,0.0,3.0,0.0,0.0,0.0,0.0,0.0
601,"2021","Rajasthan","8","Ajmer","86","Ajmer",20.0,28.0,20.0,68.0,307.0,26.0,64.0,137.0,227.0,902.0,0.0,0.0,0.0,0.0,0.0
602,"2021","Rajasthan","8","Alwar","87","Alwar",15.0,11.0,10.0,36.0,156.0,19.0,35.0,29.0,83.0,295.0,0.0,0.0,0.0,0.0,0.0
603,"2021","Rajasthan","8","Banswara","88","Banswara",1.0,2.0,3.0,6.0,103.0,14.0,55.0,128.0,197.0,349.0,0.0,0.0,0.0,0.0,0.0
604,"2021","Rajasthan","8","Baran","89","Baran",2.0,0.0,5.0,7.0,101.0,0.0,15.0,106.0,121.0,385.0,0.0,0.0,0.0,0.0,0.0
605,"2021","Rajasthan","8","Barmer","90","Barmer",0.0,6.0,3.0,9.0,64.0,3.0,45.0,11.0,59.0,215.0,0.0,0.0,0.0,0.0,0.0
606,"2021","Rajasthan","8","Bharatpur","91","Bharatpur",5.0,7.0,2.0,14.0,89.0,3.0,3.0,2.0,8.0,175.0,0.0,0.0,0.0,0.0,0.0
607,"2021","Rajasthan","8","Bhilwara","92","Bhilwara",0.0,6.0,11.0,17.0,210.0,2.0,24.0,247.0,273.0,791.0,0.0,0.0,0.0,0.0,0.0
608,"2021","Rajasthan","8","Bikaner","93","Bikaner",0.0,0.0,9.0,9.0,158.0,0.0,0.0,52.0,52.0,368.0,0.0,0.0,0.0,0.0,0.0
609,"2021","Rajasthan","8","Bundi","94","Bundi",2.0,0.0,3.0,5.0,94.0,2.0,36.0,80.0,118.0,435.0,0.0,0.0,0.0,0.0,0.0
610,"2021","Rajasthan","8","Chittorgarh","95","Chittorgarh",2.0,6.0,5.0,13.0,153.0,4.0,57.0,128.0,189.0,669.0,0.0,0.0,0.0,0.0,0.0
611,"2021","Rajasthan","8","Churu","96","Churu",0.0,4.0,16.0,20.0,79.0,0.0,4.0,48.0,52.0,296.0,0.0,0.0,0.0,0.0,0.0
612,"2021","Rajasthan","8","Dausa","97","Dausa",0.0,5.0,16.0,21.0,71.0,2.0,8.0,34.0,44.0,139.0,0.0,0.0,0.0,0.0,0.0
613,"2021","Rajasthan","8","Dholpur","98","Dholpur",0.0,0.0,6.0,6.0,61.0,0.0,1.0,11.0,12.0,101.0,0.0,0.0,0.0,0.0,0.0
614,"2021","Rajasthan","8","Dungarpur","99","Dungarpur",2.0,2.0,5.0,9.0,66.0,2.0,71.0,131.0,204.0,392.0,0.0,0.0,0.0,0.0,0.0
615,"2021","Rajasthan","8","Ajmer","86","Grp Ajmer",0.0,0.0,0.0,0.0,9.0,0.0,0.0,0.0,0.0,10.0,0.0,0.0,0.0,0.0,0.0
616,"2021","Rajasthan","8","Jodhpur","107","Grp Jodhpur",1.0,0.0,0.0,1.0,9.0,0.0,0.0,0.0,0.0,6.0,0.0,0.0,0.0,0.0,0.0
617,"2021","Rajasthan","8","Ganganagar","100","Ganganagar",5.0,10.0,7.0,22.0,277.0,3.0,51.0,84.0,138.0,726.0,0.0,0.0,0.0,0.0,0.0
618,"2021","Rajasthan","8","Hanumangarh","101","Hanumangarh",0.0,1.0,3.0,4.0,133.0,1.0,12.0,65.0,78.0,393.0,0.0,0.0,0.0,0.0,0.0
619,"2021","Rajasthan","8","Jaipur","102","Jaipur East",11.0,11.0,16.0,38.0,223.0,5.0,34.0,36.0,75.0,363.0,0.0,0.0,0.0,0.0,0.0
620,"2021","Rajasthan","8","Jaipur","102","Jaipur North",6.0,9.0,7.0,22.0,189.0,4.0,25.0,52.0,81.0,309.0,0.0,0.0,0.0,0.0,0.0
621,"2021","Rajasthan","8","Jaipur (Gramin)","783","Jaipur Rural",8.0,1.0,19.0,28.0,142.0,16.0,14.0,45.0,75.0,349.0,0.0,0.0,0.0,0.0,0.0
622,"2021","Rajasthan","8","Jaipur","102","Jaipur South",6.0,20.0,23.0,49.0,255.0,2.0,32.0,51.0,85.0,351.0,0.0,0.0,0.0,0.0,0.0
623,"2021","Rajasthan","8","Jaipur","102","Jaipur West",15.0,16.0,19.0,50.0,277.0,3.0,89.0,38.0,130.0,452.0,0.0,0.0,0.0,0.0,0.0
624,"2021","Rajasthan","8","Jaisalmer","103","Jaisalmer",0.0,1.0,2.0,3.0,19.0,0.0,1.0,6.0,7.0,44.0,0.0,0.0,0.0,0.0,0.0
625,"2021","Rajasthan","8","Jalore","104","Jalore",0.0,4.0,7.0,11.0,68.0,1.0,28.0,46.0,75.0,341.0,0.0,0.0,0.0,0.0,0.0
626,"2021","Rajasthan","8","Jhalawar","105","Jhalawar",1.0,5.0,5.0,11.0,136.0,4.0,95.0,69.0,168.0,446.0,0.0,0.0,0.0,0.0,0.0
627,"2021","Rajasthan","8","Jhunjhunu","106","Jhunjhunu",4.0,15.0,9.0,28.0,144.0,6.0,32.0,42.0,80.0,0.0,0.0,0.0,0.0,0.0,0.0
628,"2021","Rajasthan","8","Jodhpur","107","Jodhpur East",4.0,10.0,3.0,17.0,123.0,2.0,17.0,25.0,44.0,244.0,0.0,0.0,0.0,0.0,0.0
629,"2021","Rajasthan","8","Jodhpur","107","Jodhpur West",0.0,6.0,12.0,18.0,171.0,0.0,2.0,57.0,59.0,296.0,0.0,0.0,0.0,0.0,0.0
630,"2021","Rajasthan","8","Jodhpur","107","Jodhpur Rural",0.0,1.0,3.0,4.0,61.0,1.0,15.0,18.0,34.0,181.0,0.0,0.0,0.0,0.0,0.0
631,"2021","Rajasthan","8","Karauli","108","Karauli",0.0,8.0,4.0,12.0,55.0,0.0,17.0,12.0,29.0,88.0,0.0,0.0,0.0,0.0,0.0
632,"2021","Rajasthan","8","Kota","109","Kota City",7.0,16.0,21.0,44.0,262.0,3.0,34.0,76.0,113.0,576.0,0.0,0.0,0.0,0.0,0.0
633,"2021","Rajasthan","8","Kota","109","Kota Rural",1.0,7.0,1.0,9.0,98.0,3.0,38.0,30.0,71.0,422.0,0.0,0.0,0.0,0.0,0.0
634,"2021","Rajasthan","8","Nagaur","110","Nagaur",3.0,5.0,6.0,14.0,113.0,2.0,56.0,62.0,120.0,484.0,0.0,0.0,0.0,0.0,0.0
635,"2021","Rajasthan","8","Pali","111","Pali",0.0,5.0,10.0,15.0,122.0,2.0,45.0,100.0,147.0,895.0,0.0,0.0,0.0,0.0,0.0
636,"2021","Rajasthan","8","Pratapgarh","629","Pratapgarh",0.0,0.0,3.0,3.0,80.0,0.0,0.0,94.0,94.0,262.0,0.0,0.0,0.0,0.0,0.0
637,"2021","Rajasthan","8","Rajsamand","112","Rajsamand",1.0,6.0,6.0,13.0,116.0,0.0,51.0,90.0,141.0,595.0,0.0,0.0,0.0,0.0,0.0
638,"2021","Rajasthan","8","Sawai Madhopur","113","Sawai Madhopur",1.0,10.0,2.0,13.0,47.0,0.0,2.0,2.0,4.0,165.0,0.0,0.0,0.0,0.0,0.0
639,"2021","Rajasthan","8","Sikar","114","Sikar",7.0,15.0,16.0,38.0,150.0,3.0,20.0,112.0,135.0,550.0,0.0,0.0,0.0,0.0,0.0
640,"2021","Rajasthan","8","Sirohi","115","Sirohi",2.0,6.0,5.0,13.0,73.0,0.0,20.0,51.0,71.0,321.0,0.0,0.0,0.0,0.0,0.0
641,"2021","Rajasthan","8","Tonk","116","Tonk",2.0,2.0,3.0,7.0,77.0,1.0,23.0,38.0,62.0,272.0,0.0,0.0,0.0,0.0,0.0
642,"2021","Rajasthan","8","Udaipur","117","Udaipur",7.0,9.0,20.0,36.0,235.0,14.0,54.0,183.0,251.0,975.0,0.0,0.0,0.0,0.0,0.0
643,"2021","Rajasthan","8","Jaipur","102","Jaipur Metro",0.0,0.0,0.0,0.0,0.0,0.0,0.0,0.0,0.0,0.0,0.0,0.0,0.0,0.0,0.0
644,"2021","Rajasthan","8","Jaipur","102","Scrb",0.0,0.0,0.0,0.0,0.0,0.0,0.0,0.0,0.0,0.0,0.0,0.0,0.0,0.0,0.0
645,"2021","Rajasthan","8","Jaipur","102","Sog",0.0,0.0,0.0,0.0,0.0,0.0,0.0,0.0,0.0,0.0,0.0,0.0,0.0,0.0,0.0
646,"2021","Rajasthan","8","Jaipur","102","Ssb",0.0,0.0,0.0,0.0,0.0,0.0,0.0,0.0,0.0,0.0,0.0,0.0,0.0,0.0,0.0
647,"2021","Rajasthan","8","Jaipur","102","Jaipur Crime",0.0,0.0,0.0,0.0,0.0,0.0,0.0,0.0,0.0,0.0,0.0,0.0,0.0,0.0,0.0
648,"2021","Rajasthan","8","Khairthal-Tijara","770","Bhiwadi",11.0,15.0,14.0,40.0,112.0,9.0,59.0,59.0,127.0,268.0,0.0,0.0,0.0,0.0,0.0
649,"2021","Sikkim","11","Gangtok","225","East",1.0,0.0,0.0,1.0,32.0,0.0,4.0,0.0,4.0,60.0,0.0,0.0,0.0,0.0,0.0
650,"2021","Sikkim","11","Mangan","226","North",0.0,0.0,0.0,0.0,2.0,0.0,0.0,1.0,1.0,2.0,0.0,0.0,0.0,0.0,0.0
651,"2021","Sikkim","11","Namchi","227","South",0.0,1.0,0.0,1.0,11.0,0.0,0.0,1.0,1.0,22.0,0.0,0.0,0.0,0.0,0.0
652,"2021","Sikkim","11","Gyalshing","228","West",0.0,0.0,0.0,0.0,4.0,0.0,0.0,0.0,0.0,28.0,0.0,0.0,0.0,0.0,0.0
653,"2021","Sikkim","11","Gangtok","225","Cid",0.0,0.0,0.0,0.0,0.0,0.0,0.0,0.0,0.0,0.0,0.0,0.0,0.0,0.0,0.0
654,"2021","Tamil Nadu","33","Ariyalur","610","Ariyalur",9.0,1.0,2.0,12.0,33.0,9.0,8.0,55.0,72.0,175.0,0.0,0.0,0.0,0.0,0.0
655,"2021","Tamil Nadu","33","Chennai","568","Chennai",105.0,77.0,63.0,245.0,1152.0,99.0,226.0,443.0,768.0,1828.0,0.0,0.0,0.0,0.0,0.0
656,"2021","Tamil Nadu","33","Coimbatore","569","Coimbatore",13.0,19.0,13.0,45.0,159.0,22.0,20.0,167.0,209.0,425.0,0.0,0.0,0.0,0.0,0.0
657,"2021","Tamil Nadu","33","Coimbatore","569","Coimbatore City",5.0,10.0,15.0,30.0,155.0,5.0,25.0,56.0,86.0,282.0,0.0,0.0,0.0,0.0,0.0
658,"2021","Tamil Nadu","33","Cuddalore","570","Cuddalore",4.0,3.0,5.0,12.0,115.0,2.0,8.0,36.0,46.0,463.0,0.0,0.0,0.0,0.0,0.0
659,"2021","Tamil Nadu","33","Dharmapuri","571","Dharmapuri",6.0,4.0,11.0,21.0,26.0,4.0,2.0,75.0,81.0,122.0,0.0,0.0,0.0,0.0,0.0
660,"2021","Tamil Nadu","33","Dindigul","572","Dindigul",25.0,21.0,13.0,59.0,110.0,50.0,21.0,166.0,237.0,383.0,0.0,0.0,0.0,0.0,0.0
661,"2021","Tamil Nadu","33","Erode","573","Erode",11.0,9.0,10.0,30.0,84.0,11.0,24.0,140.0,175.0,226.0,0.0,0.0,0.0,0.0,0.0
662,"2021","Tamil Nadu","33","Kanchipuram","574","Kanchipuram",0.0,4.0,2.0,6.0,94.0,0.0,8.0,38.0,46.0,317.0,0.0,0.0,0.0,0.0,0.0
663,"2021","Tamil Nadu","33","Kanniyakumari","575","Kanyakumari",11.0,27.0,10.0,48.0,125.0,20.0,18.0,11.0,49.0,279.0,0.0,0.0,0.0,0.0,1.0
664,"2021","Tamil Nadu","33","Karur","576","Karur",6.0,6.0,3.0,15.0,41.0,12.0,15.0,50.0,77.0,179.0,0.0,0.0,0.0,0.0,0.0
665,"2021","Tamil Nadu","33","Krishnagiri","577","Krishnagiri",9.0,12.0,4.0,25.0,43.0,13.0,27.0,17.0,57.0,107.0,0.0,0.0,0.0,0.0,0.0
666,"2021","Tamil Nadu","33","Madurai","578","Madurai",13.0,18.0,19.0,50.0,123.0,9.0,15.0,111.0,135.0,369.0,0.0,0.0,0.0,0.0,0.0
667,"2021","Tamil Nadu","33","Madurai","578","Madurai City",26.0,12.0,7.0,45.0,172.0,29.0,21.0,55.0,105.0,374.0,0.0,0.0,0.0,0.0,0.0
668,"2021","Tamil Nadu","33","Nagapattinam","579","Nagapattinam",21.0,3.0,4.0,28.0,49.0,16.0,36.0,6.0,58.0,259.0,0.0,0.0,0.0,0.0,0.0
669,"2021","Tamil Nadu","33","Namakkal","580","Namakkal",11.0,14.0,8.0,33.0,71.0,13.0,25.0,88.0,126.0,292.0,0.0,0.0,0.0,0.0,0.0
670,"2021","Tamil Nadu","33","The Nilgiris","587","Nilgiris",6.0,5.0,1.0,12.0,30.0,7.0,21.0,21.0,49.0,73.0,0.0,0.0,0.0,0.0,0.0
671,"2021","Tamil Nadu","33","Perambalur","581","Perambalur",14.0,1.0,1.0,16.0,38.0,18.0,19.0,30.0,67.0,152.0,0.0,0.0,0.0,0.0,0.0
672,"2021","Tamil Nadu","33","Pudukkottai","582","Pudukottai",0.0,7.0,32.0,39.0,86.0,0.0,35.0,52.0,87.0,381.0,0.0,0.0,0.0,0.0,0.0
673,"2021","Tamil Nadu","33","Ramanathapuram","583","Ramnathapuram",8.0,17.0,10.0,35.0,64.0,10.0,11.0,25.0,46.0,261.0,0.0,0.0,0.0,0.0,0.0
674,"2021","Tamil Nadu","33","Chennai","568","Railway Chennai",0.0,0.0,1.0,1.0,16.0,0.0,0.0,0.0,0.0,5.0,0.0,0.0,0.0,0.0,0.0
675,"2021","Tamil Nadu","33","Tiruchirappalli","591","Railway Trichy",0.0,0.0,0.0,0.0,2.0,0.0,0.0,0.0,0.0,5.0,0.0,0.0,0.0,0.0,0.0
676,"2021","Tamil Nadu","33","Salem","584","Salem",7.0,5.0,12.0,24.0,57.0,11.0,24.0,114.0,149.0,214.0,0.0,0.0,0.0,0.0,0.0
677,"2021","Tamil Nadu","33","Salem","584","Salem City",17.0,19.0,14.0,50.0,101.0,14.0,20.0,43.0,77.0,282.0,0.0,1.0,0.0,1.0,0.0
678,"2021","Tamil Nadu","33","Sivaganga","585","Sivagangai",22.0,2.0,3.0,27.0,58.0,33.0,42.0,30.0,105.0,208.0,0.0,0.0,0.0,0.0,0.0
679,"2021","Tamil Nadu","33","Thanjavur","586","Thanjavur",33.0,6.0,4.0,43.0,110.0,26.0,39.0,114.0,179.0,405.0,0.0,0.0,0.0,0.0,0.0
680,"2021","Tamil Nadu","33","Theni","588","Theni",25.0,5.0,11.0,41.0,70.0,32.0,28.0,88.0,148.0,221.0,0.0,0.0,0.0,0.0,0.0
681,"2021","Tamil Nadu","33","Tirunelveli","592","Thirunelveli",14.0,10.0,9.0,33.0,65.0,7.0,20.0,63.0,90.0,183.0,0.0,0.0,0.0,0.0,0.0
682,"2021","Tamil Nadu","33","Tirunelveli","592","Thirunelveli City",9.0,6.0,0.0,15.0,51.0,14.0,34.0,0.0,48.0,90.0,0.0,0.0,0.0,0.0,0.0
683,"2021","Tamil Nadu","33","Thiruvallur","589","Thiruvallur",14.0,37.0,12.0,63.0,167.0,16.0,37.0,109.0,162.0,544.0,0.0,0.0,0.0,0.0,0.0
684,"2021","Tamil Nadu","33","Tiruvannamalai","593","Thiruvannamalai",27.0,8.0,6.0,41.0,78.0,18.0,25.0,103.0,146.0,371.0,0.0,0.0,0.0,0.0,0.0
685,"2021","Tamil Nadu","33","Thiruvarur","590","Thiruvarur",9.0,6.0,0.0,15.0,19.0,7.0,4.0,22.0,33.0,120.0,0.0,0.0,0.0,0.0,0.0
686,"2021","Tamil Nadu","33","Tuticorin","594","Thoothukudi",17.0,24.0,20.0,61.0,135.0,11.0,33.0,100.0,144.0,369.0,0.0,0.0,0.0,0.0,0.0
687,"2021","Tamil Nadu","33","Tiruppur","634","Tiruppur",0.0,8.0,5.0,13.0,106.0,17.0,97.0,17.0,131.0,182.0,0.0,0.0,0.0,0.0,0.0
688,"2021","Tamil Nadu","33","Tiruppur","634","Tiruppur City",1.0,8.0,5.0,14.0,103.0,0.0,21.0,61.0,82.0,251.0,0.0,0.0,0.0,0.0,0.0
689,"2021","Tamil Nadu","33","Tiruchirappalli","591","Trichy",9.0,6.0,10.0,25.0,55.0,4.0,7.0,61.0,72.0,209.0,0.0,0.0,0.0,0.0,0.0
690,"2021","Tamil Nadu","33","Tiruchirappalli","591","Trichy City",14.0,6.0,3.0,23.0,87.0,16.0,26.0,25.0,67.0,178.0,0.0,0.0,0.0,0.0,1.0
691,"2021","Tamil Nadu","33","Vellore","595","Vellore",2.0,4.0,8.0,14.0,68.0,6.0,14.0,96.0,116.0,223.0,0.0,0.0,0.0,0.0,0.0
692,"2021","Tamil Nadu","33","Villupuram","596","Villupuram",0.0,11.0,0.0,11.0,139.0,0.0,28.0,22.0,50.0,479.0,0.0,0.0,0.0,0.0,0.0
693,"2021","Tamil Nadu","33","Virudhunagar","597","Virudhunagar",16.0,19.0,11.0,46.0,79.0,11.0,26.0,116.0,153.0,244.0,0.0,0.0,0.0,0.0,0.0
694,"2021","Tamil Nadu","33","Chennai","568","Cyber Cell",0.0,0.0,0.0,0.0,0.0,0.0,0.0,0.0,0.0,0.0,0.0,0.0,0.0,0.0,0.0
695,"2021","Tamil Nadu","33","Chennai","568","Other Units",0.0,0.0,0.0,0.0,0.0,0.0,0.0,0.0,0.0,0.0,0.0,0.0,0.0,0.0,0.0
696,"2021","Tamil Nadu","33","Chengalpattu","730","Chengalpattu",16.0,5.0,2.0,23.0,128.0,24.0,26.0,26.0,76.0,352.0,0.0,0.0,0.0,0.0,0.0
697,"2021","Tamil Nadu","33","Kallakurichi","729","Kallakurichi",4.0,8.0,12.0,24.0,67.0,5.0,6.0,66.0,77.0,93.0,0.0,0.0,0.0,0.0,0.0
698,"2021","Tamil Nadu","33","Ranipet","731","Ranipet",6.0,1.0,3.0,10.0,58.0,9.0,13.0,44.0,66.0,177.0,0.0,0.0,0.0,0.0,0.0
699,"2021","Tamil Nadu","33","Tirupathur","732","Tiruppattur",10.0,12.0,2.0,24.0,65.0,7.0,17.0,14.0,38.0,209.0,0.0,0.0,0.0,0.0,0.0
700,"2021","Tamil Nadu","33","Tenkasi","733","Tenkasi",19.0,16.0,2.0,37.0,66.0,29.0,43.0,57.0,129.0,229.0,0.0,0.0,0.0,0.0,0.0
701,"2021","Telangana","36","Hyderabad","507","Cyberabad Commissionerate",201.0,39.0,16.0,256.0,1609.0,211.0,46.0,46.0,303.0,2132.0,0.0,0.0,0.0,0.0,0.0
702,"2021","Telangana","36","Hyderabad","507","Hyderabad Commissionerate",48.0,222.0,0.0,270.0,1310.0,52.0,399.0,0.0,451.0,1718.0,0.0,0.0,0.0,0.0,0.0
703,"2021","Telangana","36","Karimnagar","508","Karimnagar Commissionerate",15.0,9.0,2.0,26.0,92.0,8.0,13.0,39.0,60.0,264.0,0.0,0.0,0.0,0.0,0.0
704,"2021","Telangana","36","Khammam","509","Khammam Commissionerate",27.0,3.0,0.0,30.0,126.0,21.0,6.0,14.0,41.0,369.0,0.0,0.0,0.0,0.0,0.0
705,"2021","Telangana","36","Nizamabad","516","Nizamabad Commissionerate",30.0,12.0,4.0,46.0,188.0,46.0,37.0,46.0,129.0,361.0,0.0,0.0,0.0,0.0,0.0
706,"2021","Telangana","36","Yadadri Bhuvanagiri","697","Rachakonda Commissionerate",0.0,22.0,200.0,222.0,1796.0,0.0,69.0,200.0,269.0,1171.0,0.0,0.0,0.0,0.0,0.0
707,"2021","Telangana","36","Peddapalli","682","Ramagundam Commissionerate",16.0,8.0,2.0,26.0,144.0,22.0,6.0,2.0,30.0,395.0,0.0,0.0,0.0,0.0,0.0
708,"2021","Telangana","36","Siddipet","692","Siddipet Commissionerate",21.0,5.0,4.0,30.0,173.0,26.0,18.0,33.0,77.0,322.0,0.0,0.0,0.0,0.0,0.0
709,"2021","Telangana","36","Warangal","522","Warangal Commissionerate",52.0,5.0,8.0,65.0,216.0,53.0,76.0,116.0,245.0,652.0,0.0,0.0,0.0,0.0,0.0
710,"2021","Telangana","36","Adilabad","501","Adilabad",7.0,0.0,2.0,9.0,37.0,6.0,1.0,2.0,9.0,80.0,0.0,0.0,0.0,0.0,0.0
711,"2021","Telangana","36","Bhadradri Kothagudem","690","Bhadradri Kothagudem",16.0,7.0,0.0,23.0,129.0,18.0,61.0,0.0,79.0,309.0,0.0,0.0,0.0,0.0,0.0
712,"2021","Telangana","36","Jagitial","681","Jagityal",14.0,5.0,1.0,20.0,65.0,3.0,9.0,64.0,76.0,274.0,0.0,0.0,0.0,0.0,0.0
713,"2021","Telangana","36","Jayashankar Bhupalapally","687","Jayashankar Bhupalpalli",0.0,0.0,4.0,4.0,23.0,0.0,0.0,4.0,4.0,74.0,0.0,0.0,0.0,0.0,0.0
714,"2021","Telangana","36","Jogulamba Gadwal","695","Jogulamba Gadwal",8.0,4.0,4.0,16.0,34.0,4.0,7.0,6.0,17.0,102.0,0.0,0.0,0.0,0.0,0.0
715,"2021","Telangana","36","Kamareddy","685","Kamareddy ",9.0,15.0,15.0,39.0,131.0,10.0,45.0,55.0,110.0,233.0,0.0,0.0,0.0,0.0,0.0
716,"2021","Telangana","36","Kumuram Bheem Asifabad","699","Kumaram Bheem Asifabad",3.0,1.0,2.0,6.0,41.0,3.0,5.0,12.0,20.0,62.0,0.0,0.0,0.0,0.0,0.0
717,"2021","Telangana","36","Mahabubabad","688","Mahabubabad",3.0,6.0,1.0,10.0,46.0,6.0,39.0,11.0,56.0,124.0,0.0,0.0,0.0,0.0,0.0
718,"2021","Telangana","36","Mahabubnagar","512","Mahabubnagar",28.0,8.0,14.0,50.0,95.0,23.0,7.0,3.0,33.0,325.0,0.0,0.0,0.0,0.0,0.0
719,"2021","Telangana","36","Medak","513","Medak",14.0,3.0,1.0,18.0,100.0,11.0,6.0,12.0,29.0,150.0,0.0,0.0,0.0,0.0,0.0
720,"2021","Telangana","36","Nagarkurnool","694","Nagarkurnool",13.0,3.0,5.0,21.0,55.0,14.0,13.0,37.0,64.0,154.0,0.0,0.0,0.0,0.0,0.0
721,"2021","Telangana","36","Nalgonda","514","Nalgonda",14.0,5.0,6.0,25.0,106.0,19.0,1.0,22.0,42.0,293.0,0.0,0.0,0.0,0.0,0.0
722,"2021","Telangana","36","Nirmal","680","Nirmal",0.0,1.0,6.0,7.0,61.0,5.0,4.0,7.0,16.0,134.0,0.0,0.0,0.0,0.0,0.0
723,"2021","Telangana","36","Rajanna Sircilla","683","Rajanna Siricilla",1.0,0.0,1.0,2.0,54.0,1.0,1.0,11.0,13.0,91.0,0.0,0.0,0.0,0.0,0.0
724,"2021","Telangana","36","Sangareddy","691","Sangareddy",32.0,10.0,18.0,60.0,196.0,23.0,25.0,135.0,183.0,329.0,0.0,0.0,0.0,0.0,0.0
725,"2021","Telangana","36","Suryapet","696","Suryapet",21.0,2.0,8.0,31.0,96.0,22.0,5.0,18.0,45.0,237.0,0.0,0.0,0.0,0.0,0.0
726,"2021","Telangana","36","Vikarabad","698","Vikarabad",20.0,9.0,3.0,32.0,78.0,14.0,2.0,10.0,26.0,190.0,0.0,0.0,0.0,0.0,0.0
727,"2021","Telangana","36","Wanaparthy","693","Wanaparthy",0.0,6.0,12.0,18.0,36.0,0.0,12.0,53.0,65.0,117.0,0.0,0.0,0.0,0.0,0.0
728,"2021","Telangana","36","Hyderabad","507","Railway Police Secunderabad",0.0,0.0,0.0,0.0,11.0,0.0,1.0,0.0,1.0,12.0,0.0,0.0,0.0,0.0,0.0
729,"2021","Telangana","36","Mulugu","720","Mulug",0.0,4.0,0.0,4.0,17.0,2.0,8.0,56.0,66.0,5.0,0.0,0.0,0.0,0.0,0.0
730,"2021","Telangana","36","Narayanpet","721","Narayanpet",9.0,7.0,0.0,16.0,18.0,13.0,2.0,0.0,15.0,107.0,0.0,0.0,0.0,0.0,0.0
731,"2021","Tripura","16","Dhalai","269","Dhalai",1.0,1.0,0.0,2.0,33.0,2.0,3.0,5.0,10.0,116.0,0.0,0.0,0.0,0.0,0.0
732,"2021","Tripura","16","Gomati","654","Gomati",0.0,0.0,0.0,0.0,32.0,0.0,1.0,9.0,10.0,205.0,0.0,0.0,0.0,0.0,0.0
733,"2021","Tripura","16","West Tripura","272","Grp",0.0,0.0,0.0,0.0,0.0,0.0,0.0,0.0,0.0,0.0,0.0,0.0,0.0,0.0,0.0
734,"2021","Tripura","16","Khowai","652","Kowai",2.0,0.0,0.0,2.0,48.0,2.0,0.0,0.0,2.0,82.0,0.0,0.0,0.0,0.0,0.0
735,"2021","Tripura","16","North Tripura","270","North",0.0,1.0,0.0,1.0,3.0,0.0,9.0,0.0,9.0,9.0,0.0,0.0,0.0,0.0,0.0
736,"2021","Tripura","16","Sepahijala","653","Sipahijala",0.0,1.0,0.0,1.0,29.0,0.0,9.0,4.0,13.0,66.0,0.0,0.0,0.0,0.0,0.0
737,"2021","Tripura","16","South Tripura","271","South",3.0,5.0,4.0,12.0,57.0,3.0,4.0,9.0,16.0,147.0,0.0,0.0,0.0,0.0,0.0
738,"2021","Tripura","16","Unakoti","655","Unakoti",2.0,1.0,0.0,3.0,24.0,0.0,8.0,8.0,16.0,62.0,0.0,0.0,0.0,0.0,0.0
739,"2021","Tripura","16","West Tripura","272","West",6.0,4.0,2.0,12.0,165.0,12.0,18.0,14.0,44.0,389.0,0.0,0.0,0.0,0.0,0.0
740,"2021","Uttar Pradesh","9","Agra","118","Agra",4.0,23.0,10.0,37.0,269.0,3.0,15.0,28.0,46.0,320.0,0.0,0.0,0.0,0.0,0.0
741,"2021","Uttar Pradesh","9","Aligarh","119","Aligarh",1.0,5.0,4.0,10.0,77.0,2.0,3.0,1.0,6.0,85.0,0.0,0.0,0.0,0.0,0.0
742,"2021","Uttar Pradesh","9","Prayagraj","120","Prayagraj",4.0,2.0,15.0,21.0,118.0,4.0,4.0,52.0,60.0,161.0,0.0,0.0,0.0,0.0,0.0
743,"2021","Uttar Pradesh","9","Ambedkar Nagar","121","Ambedkar Nagar",0.0,0.0,2.0,2.0,44.0,0.0,0.0,8.0,8.0,35.0,0.0,0.0,0.0,0.0,0.0
744,"2021","Uttar Pradesh","9","Amethi","640","Amethi",0.0,3.0,3.0,6.0,13.0,1.0,3.0,9.0,13.0,28.0,0.0,0.0,0.0,0.0,0.0
745,"2021","Uttar Pradesh","9","Amroha","154","Amroha",0.0,0.0,6.0,6.0,0.0,12.0,25.0,0.0,37.0,0.0,0.0,0.0,0.0,0.0,0.0
746,"2021","Uttar Pradesh","9","Auraiya","122","Auraiya",2.0,1.0,6.0,9.0,17.0,0.0,3.0,11.0,14.0,0.0,0.0,0.0,0.0,0.0,0.0
747,"2021","Uttar Pradesh","9","Azamgarh","123","Azamgarh",0.0,0.0,14.0,14.0,124.0,0.0,0.0,23.0,23.0,245.0,0.0,0.0,0.0,0.0,0.0
748,"2021","Uttar Pradesh","9","Budaun","133","Badaun",2.0,2.0,3.0,7.0,50.0,0.0,0.0,0.0,0.0,79.0,0.0,0.0,0.0,0.0,0.0
749,"2021","Uttar Pradesh","9","Baghpat","124","Baghpat",1.0,0.0,0.0,1.0,62.0,0.0,0.0,8.0,8.0,92.0,0.0,0.0,0.0,0.0,0.0
750,"2021","Uttar Pradesh","9","Bahraich","125","Bahraich",0.0,0.0,0.0,0.0,0.0,0.0,0.0,0.0,0.0,0.0,0.0,0.0,0.0,0.0,0.0
751,"2021","Uttar Pradesh","9","Ballia","126","Ballia",6.0,1.0,1.0,8.0,63.0,0.0,5.0,19.0,24.0,78.0,0.0,0.0,0.0,0.0,0.0
752,"2021","Uttar Pradesh","9","Balrampur","127","Balrampur",3.0,0.0,0.0,3.0,29.0,1.0,0.0,56.0,57.0,101.0,0.0,0.0,0.0,0.0,0.0
753,"2021","Uttar Pradesh","9","Banda","128","Banda",5.0,5.0,9.0,19.0,1.0,17.0,12.0,36.0,65.0,47.0,0.0,0.0,0.0,0.0,0.0
754,"2021","Uttar Pradesh","9","Barabanki","129","Barabanki",3.0,4.0,17.0,24.0,38.0,0.0,6.0,12.0,18.0,65.0,0.0,0.0,0.0,0.0,0.0
755,"2021","Uttar Pradesh","9","Bareilly","130","Bareilly",0.0,3.0,2.0,5.0,52.0,4.0,31.0,14.0,49.0,61.0,0.0,0.0,0.0,0.0,0.0
756,"2021","Uttar Pradesh","9","Basti","131","Basti",1.0,1.0,2.0,4.0,0.0,0.0,10.0,22.0,32.0,96.0,0.0,0.0,0.0,0.0,0.0
757,"2021","Uttar Pradesh","9","Bijnor","132","Bijnor",2.0,2.0,0.0,4.0,83.0,0.0,4.0,2.0,6.0,116.0,0.0,0.0,0.0,0.0,0.0
758,"2021","Uttar Pradesh","9","Bulandshahr","134","Bulandshahar",3.0,7.0,3.0,13.0,37.0,1.0,11.0,4.0,16.0,78.0,0.0,0.0,0.0,0.0,0.0
759,"2021","Uttar Pradesh","9","Chandauli","135","Chandoli",2.0,3.0,2.0,7.0,44.0,0.0,1.0,13.0,14.0,56.0,0.0,0.0,0.0,0.0,0.0
760,"2021","Uttar Pradesh","9","Chitrakoot","136","Chitrakoot",0.0,0.0,0.0,0.0,0.0,0.0,0.0,0.0,0.0,0.0,0.0,0.0,0.0,0.0,0.0
761,"2021","Uttar Pradesh","9","Deoria","137","Deoria",0.0,0.0,0.0,0.0,0.0,0.0,0.0,0.0,0.0,0.0,0.0,0.0,0.0,0.0,0.0
762,"2021","Uttar Pradesh","9","Etah","138","Etah",1.0,1.0,2.0,4.0,0.0,0.0,0.0,7.0,7.0,62.0,0.0,0.0,0.0,0.0,0.0
763,"2021","Uttar Pradesh","9","Etawah","139","Etawah",2.0,10.0,6.0,18.0,26.0,1.0,18.0,16.0,35.0,68.0,0.0,0.0,0.0,0.0,0.0
764,"2021","Uttar Pradesh","9","Ayodhya","140","Ayodhya",0.0,5.0,4.0,9.0,38.0,0.0,1.0,16.0,17.0,45.0,0.0,0.0,0.0,0.0,0.0
765,"2021","Uttar Pradesh","9","Farrukhabad","141","Fatehgarh",0.0,0.0,0.0,0.0,26.0,0.0,0.0,0.0,0.0,36.0,0.0,0.0,0.0,0.0,0.0
766,"2021","Uttar Pradesh","9","Fatehpur","142","Fatehpur",5.0,9.0,0.0,14.0,63.0,4.0,13.0,6.0,23.0,159.0,0.0,0.0,0.0,0.0,0.0
767,"2021","Uttar Pradesh","9","Firozabad","143","Firozabad",4.0,2.0,12.0,18.0,12.0,6.0,6.0,10.0,22.0,26.0,0.0,0.0,0.0,0.0,0.0
768,"2021","Uttar Pradesh","9","Lucknow","162","Grp",1.0,3.0,13.0,17.0,28.0,0.0,0.0,4.0,4.0,29.0,0.0,0.0,0.0,0.0,0.0
769,"2021","Uttar Pradesh","9","Gautam Buddha Nagar","144","Gautambudh Nagar",14.0,75.0,124.0,213.0,182.0,7.0,102.0,275.0,384.0,298.0,0.0,0.0,0.0,0.0,0.0
770,"2021","Uttar Pradesh","9","Ghaziabad","145","Ghaziabad",9.0,14.0,5.0,28.0,167.0,8.0,44.0,12.0,64.0,183.0,0.0,0.0,0.0,0.0,0.0
771,"2021","Uttar Pradesh","9","Ghazipur","146","Ghazipur",0.0,3.0,5.0,8.0,0.0,0.0,10.0,8.0,18.0,0.0,0.0,0.0,0.0,0.0,0.0
772,"2021","Uttar Pradesh","9","Gonda","147","Gonda",0.0,7.0,0.0,7.0,27.0,2.0,13.0,3.0,18.0,59.0,0.0,0.0,0.0,0.0,0.0
773,"2021","Uttar Pradesh","9","Gorakhpur","148","Gorakhpur",0.0,0.0,0.0,0.0,0.0,0.0,0.0,0.0,0.0,0.0,0.0,0.0,0.0,0.0,0.0
774,"2021","Uttar Pradesh","9","Hamirpur","149","Hamirpur",0.0,11.0,2.0,13.0,3.0,0.0,30.0,33.0,63.0,39.0,0.0,0.0,0.0,0.0,0.0
775,"2021","Uttar Pradesh","9","Hapur","661","Hapur",0.0,0.0,2.0,2.0,33.0,0.0,0.0,6.0,6.0,36.0,0.0,0.0,0.0,0.0,0.0
776,"2021","Uttar Pradesh","9","Hardoi","150","Hardoi",6.0,2.0,3.0,11.0,19.0,4.0,7.0,15.0,26.0,12.0,0.0,0.0,0.0,0.0,0.0
777,"2021","Uttar Pradesh","9","Hathras","163","Hathras",0.0,5.0,0.0,5.0,19.0,3.0,3.0,0.0,6.0,41.0,0.0,0.0,0.0,0.0,0.0
778,"2021","Uttar Pradesh","9","Jalaun","151","Jalaun",2.0,0.0,0.0,2.0,22.0,0.0,11.0,36.0,47.0,36.0,0.0,0.0,0.0,0.0,0.0
779,"2021","Uttar Pradesh","9","Jaunpur","152","Jaunpur",1.0,3.0,1.0,5.0,28.0,0.0,7.0,5.0,12.0,42.0,0.0,0.0,0.0,0.0,0.0
780,"2021","Uttar Pradesh","9","Jhansi","153","Jhansi",1.0,20.0,4.0,25.0,13.0,0.0,17.0,5.0,22.0,14.0,0.0,0.0,0.0,0.0,0.0
781,"2021","Uttar Pradesh","9","Kannauj","155","Kannauj",1.0,4.0,3.0,8.0,31.0,3.0,14.0,18.0,35.0,45.0,0.0,0.0,0.0,0.0,0.0
782,"2021","Uttar Pradesh","9","Kanpur Dehat","156","Kanpur Dehat",0.0,27.0,0.0,27.0,0.0,0.0,25.0,0.0,25.0,5.0,0.0,0.0,0.0,0.0,0.0
783,"2021","Uttar Pradesh","9","Kanpur Nagar","157","Kanpur Commissionarate",9.0,16.0,16.0,41.0,143.0,7.0,12.0,17.0,36.0,130.0,0.0,0.0,0.0,0.0,0.0
784,"2021","Uttar Pradesh","9","Kasganj","633","Kasganj",2.0,1.0,0.0,3.0,42.0,0.0,1.0,4.0,5.0,36.0,0.0,0.0,0.0,0.0,0.0
785,"2021","Uttar Pradesh","9","Kaushambi","158","Kaushambi",0.0,0.0,0.0,0.0,0.0,0.0,0.0,0.0,0.0,0.0,0.0,0.0,0.0,0.0,0.0
786,"2021","Uttar Pradesh","9","Kheri","159","Khiri",0.0,2.0,25.0,27.0,3.0,1.0,4.0,38.0,43.0,8.0,0.0,0.0,0.0,0.0,0.0
787,"2021","Uttar Pradesh","9","Kushi Nagar","160","Kushi Nagar",2.0,0.0,0.0,2.0,0.0,2.0,11.0,5.0,18.0,11.0,0.0,0.0,0.0,0.0,0.0
788,"2021","Uttar Pradesh","9","Lalitpur","161","Lalitpur",0.0,3.0,0.0,3.0,5.0,0.0,34.0,0.0,34.0,32.0,0.0,0.0,0.0,0.0,0.0
789,"2021","Uttar Pradesh","9","Lucknow","162","Lucknow Commissionarate",0.0,0.0,0.0,0.0,0.0,0.0,0.0,0.0,0.0,0.0,0.0,0.0,0.0,0.0,0.0
790,"2021","Uttar Pradesh","9","Maharajganj","164","Maharajganj",1.0,1.0,0.0,2.0,1.0,0.0,7.0,2.0,9.0,22.0,0.0,0.0,0.0,0.0,0.0
791,"2021","Uttar Pradesh","9","Mahoba","165","Mahoba",2.0,2.0,0.0,4.0,0.0,0.0,5.0,8.0,13.0,0.0,0.0,0.0,0.0,0.0,0.0
792,"2021","Uttar Pradesh","9","Mainpuri","166","Mainpuri",6.0,18.0,0.0,24.0,0.0,1.0,13.0,30.0,44.0,0.0,0.0,0.0,0.0,0.0,0.0
793,"2021","Uttar Pradesh","9","Mathura","167","Mathura",0.0,0.0,0.0,0.0,0.0,0.0,0.0,0.0,0.0,0.0,0.0,0.0,0.0,0.0,0.0
794,"2021","Uttar Pradesh","9","Mau","168","Mau",0.0,6.0,0.0,6.0,19.0,0.0,6.0,0.0,6.0,34.0,0.0,0.0,0.0,0.0,0.0
795,"2021","Uttar Pradesh","9","Meerut","169","Meerut",0.0,0.0,10.0,10.0,100.0,0.0,0.0,8.0,8.0,101.0,0.0,0.0,0.0,0.0,0.0
796,"2021","Uttar Pradesh","9","Mirzapur","170","Mirzapur",2.0,5.0,4.0,11.0,34.0,1.0,12.0,4.0,17.0,60.0,0.0,0.0,0.0,0.0,0.0
797,"2021","Uttar Pradesh","9","Moradabad","171","Moradabad",0.0,23.0,200.0,223.0,40.0,0.0,41.0,100.0,141.0,127.0,0.0,0.0,0.0,0.0,0.0
798,"2021","Uttar Pradesh","9","Muzaffarnagar","172","Muzaffarnagar",0.0,0.0,0.0,0.0,0.0,0.0,0.0,0.0,0.0,0.0,0.0,0.0,0.0,0.0,0.0
799,"2021","Uttar Pradesh","9","Pilibhit","173","Pilibhit",0.0,2.0,0.0,2.0,58.0,0.0,0.0,2.0,2.0,65.0,0.0,0.0,0.0,0.0,0.0
800,"2021","Uttar Pradesh","9","Pratapgarh","174","Pratapgarh",0.0,0.0,25.0,25.0,0.0,0.0,0.0,32.0,32.0,0.0,0.0,0.0,0.0,0.0,0.0
801,"2021","Uttar Pradesh","9","Rae Bareli","175","Raibareilly",2.0,2.0,3.0,7.0,18.0,0.0,5.0,18.0,23.0,40.0,0.0,0.0,0.0,0.0,0.0
802,"2021","Uttar Pradesh","9","Rampur","176","Rampur",0.0,0.0,1.0,1.0,0.0,0.0,0.0,2.0,2.0,0.0,0.0,0.0,0.0,0.0,0.0
803,"2021","Uttar Pradesh","9","Saharanpur","177","Saharanpur",1.0,4.0,3.0,8.0,64.0,0.0,1.0,9.0,10.0,73.0,0.0,0.0,0.0,0.0,0.0
804,"2021","Uttar Pradesh","9","Sambhal","659","Sambhal",0.0,2.0,0.0,2.0,8.0,0.0,2.0,1.0,3.0,18.0,0.0,0.0,0.0,0.0,0.0
805,"2021","Uttar Pradesh","9","Sant Kabeer Nagar","178","Sant Kabirnagar",0.0,3.0,0.0,3.0,24.0,0.0,0.0,0.0,0.0,66.0,0.0,0.0,0.0,0.0,0.0
806,"2021","Uttar Pradesh","9","Shahjahanpur","180","Shahjahanpur",2.0,1.0,4.0,7.0,87.0,0.0,1.0,25.0,26.0,61.0,0.0,0.0,0.0,0.0,0.0
807,"2021","Uttar Pradesh","9","Shamli","660","Shamli",3.0,3.0,2.0,8.0,43.0,0.0,0.0,4.0,4.0,36.0,0.0,0.0,0.0,0.0,0.0
808,"2021","Uttar Pradesh","9","Shravasti","181","Shrawasti",0.0,4.0,3.0,7.0,0.0,1.0,1.0,4.0,6.0,6.0,0.0,0.0,0.0,0.0,0.0
809,"2021","Uttar Pradesh","9","Siddharth Nagar","182","Sidharthnagar",1.0,2.0,3.0,6.0,39.0,0.0,2.0,7.0,9.0,76.0,0.0,0.0,0.0,0.0,0.0
810,"2021","Uttar Pradesh","9","Sitapur","183","Sitapur",193.0,0.0,8.0,201.0,163.0,214.0,3.0,6.0,223.0,177.0,0.0,0.0,0.0,0.0,0.0
811,"2021","Uttar Pradesh","9","Sonbhadra","184","Sonbhadra",1.0,0.0,2.0,3.0,40.0,2.0,0.0,12.0,14.0,80.0,0.0,0.0,0.0,0.0,0.0
812,"2021","Uttar Pradesh","9","Bhadohi","179","Bhadohi",2.0,11.0,13.0,26.0,38.0,1.0,5.0,9.0,15.0,0.0,0.0,0.0,0.0,0.0,0.0
813,"2021","Uttar Pradesh","9","Sultanpur","185","Sultanpur",0.0,0.0,3.0,3.0,15.0,1.0,0.0,8.0,9.0,25.0,0.0,0.0,0.0,0.0,0.0
814,"2021","Uttar Pradesh","9","Unnao","186","Unnao",5.0,3.0,3.0,11.0,54.0,4.0,9.0,15.0,28.0,63.0,0.0,0.0,0.0,0.0,0.0
815,"2021","Uttar Pradesh","9","Varanasi","187","Varanasi Commissionarate",0.0,8.0,7.0,15.0,136.0,0.0,10.0,17.0,27.0,134.0,0.0,0.0,0.0,0.0,0.0
816,"2021","Uttar Pradesh","9","Lucknow","162","Lucknow Grameen",0.0,16.0,0.0,16.0,14.0,0.0,8.0,8.0,16.0,0.0,0.0,0.0,0.0,0.0,0.0
817,"2021","Uttar Pradesh","9","Kanpur Dehat","156","Kanpur Outer",0.0,4.0,6.0,10.0,16.0,0.0,1.0,4.0,5.0,36.0,0.0,0.0,0.0,0.0,0.0
818,"2021","Uttar Pradesh","9","Varanasi","187","Vasanasi Dehat",0.0,2.0,1.0,3.0,4.0,0.0,3.0,7.0,10.0,5.0,0.0,0.0,0.0,0.0,0.0
819,"2021","Uttarakhand","5","Almora","45","Almora",0.0,1.0,4.0,5.0,34.0,0.0,3.0,7.0,10.0,25.0,0.0,0.0,0.0,0.0,0.0
820,"2021","Uttarakhand","5","Bageshwar","46","Bageshwar",0.0,2.0,3.0,5.0,26.0,0.0,2.0,6.0,8.0,34.0,0.0,0.0,0.0,0.0,0.0
821,"2021","Uttarakhand","5","Chamoli","47","Chamoli",0.0,2.0,5.0,7.0,211.0,1.0,2.0,5.0,8.0,31.0,0.0,0.0,0.0,0.0,0.0
822,"2021","Uttarakhand","5","Champawat","48","Champawat",0.0,0.0,9.0,9.0,22.0,0.0,0.0,9.0,9.0,23.0,0.0,0.0,0.0,0.0,0.0
823,"2021","Uttarakhand","5","Dehradun","49","Dehradun",3.0,10.0,10.0,23.0,304.0,2.0,11.0,17.0,30.0,364.0,0.0,0.0,0.0,0.0,0.0
824,"2021","Uttarakhand","5","Haridwar","50","Haridwar",3.0,20.0,40.0,63.0,338.0,0.0,40.0,41.0,81.0,339.0,0.0,0.0,0.0,0.0,0.0
825,"2021","Uttarakhand","5","Nainital","51","Nainital",5.0,10.0,25.0,40.0,146.0,4.0,35.0,35.0,74.0,168.0,0.0,0.0,0.0,0.0,0.0
826,"2021","Uttarakhand","5","Pauri Garhwal","52","Pauri Garhwal",0.0,1.0,2.0,3.0,40.0,0.0,1.0,4.0,5.0,43.0,0.0,0.0,0.0,0.0,0.0
827,"2021","Uttarakhand","5","Pithoragarh","53","Pithoragarh",0.0,2.0,5.0,7.0,14.0,0.0,7.0,10.0,17.0,14.0,0.0,0.0,0.0,0.0,0.0
828,"2021","Uttarakhand","5","Rudra Prayag","54","Rudra Prayag",0.0,0.0,0.0,0.0,10.0,1.0,1.0,0.0,2.0,14.0,0.0,0.0,0.0,0.0,0.0
829,"2021","Uttarakhand","5","Tehri Garhwal","55","Tehri Garhwal",4.0,6.0,1.0,11.0,22.0,5.0,7.0,11.0,23.0,59.0,0.0,0.0,0.0,0.0,0.0
830,"2021","Uttarakhand","5","Udam Singh Nagar","56","Udhamsingh Nagar",4.0,16.0,32.0,52.0,201.0,13.0,50.0,70.0,133.0,343.0,0.0,0.0,0.0,0.0,0.0
831,"2021","Uttarakhand","5","Uttar Kashi","57","Uttarkashi",0.0,1.0,0.0,1.0,0.0,0.0,0.0,0.0,0.0,0.0,0.0,0.0,0.0,0.0,0.0
832,"2021","Uttarakhand","5","Dehradun","49","Grp",0.0,0.0,0.0,0.0,0.0,0.0,0.0,0.0,0.0,0.0,0.0,0.0,0.0,0.0,0.0
833,"2021","Uttarakhand","5","Cyber Cell","9999","Cyber Cell",0.0,0.0,0.0,0.0,0.0,0.0,0.0,0.0,0.0,0.0,0.0,0.0,0.0,0.0,0.0
834,"2021","West Bengal","19","Alipurduar","664","Alipurduar",7.0,7.0,8.0,22.0,275.0,2.0,52.0,84.0,138.0,671.0,0.0,0.0,0.0,0.0,0.0
835,"2021","West Bengal","19","Paschim Bardhaman","704","Asansol-Durgapur Pc",2.0,9.0,3.0,14.0,491.0,2.0,32.0,48.0,82.0,641.0,0.0,0.0,0.0,0.0,0.0
836,"2021","West Bengal","19","Bankura","305","Bankura",0.0,2.0,2.0,4.0,326.0,2.0,48.0,86.0,136.0,606.0,0.0,0.0,0.0,0.0,0.0
837,"2021","West Bengal","19","24 Paraganas North","303","Barrackpur Pc",10.0,24.0,16.0,50.0,554.0,4.0,79.0,80.0,163.0,649.0,0.0,0.0,0.0,0.0,0.0
838,"2021","West Bengal","19","24 Paraganas North","303","Bidhannagar Pc",4.0,7.0,4.0,15.0,314.0,5.0,44.0,36.0,85.0,438.0,0.0,0.0,0.0,0.0,0.0
839,"2021","West Bengal","19","Birbhum","307","Birbhum",2.0,2.0,1.0,5.0,276.0,1.0,23.0,42.0,66.0,485.0,0.0,0.0,0.0,0.0,0.0
840,"2021","West Bengal","19","Coochbehar","308","Coochbehar",3.0,11.0,18.0,32.0,384.0,7.0,114.0,232.0,353.0,1022.0,0.0,0.0,0.0,0.0,0.0
841,"2021","West Bengal","19","Dinajpur Dakshin","310","Dakshin Dinajpur",2.0,10.0,16.0,28.0,231.0,3.0,21.0,227.0,251.0,763.0,0.0,0.0,0.0,0.0,0.0
842,"2021","West Bengal","19","Darjeeling","309","Darjeeling",1.0,6.0,10.0,17.0,110.0,5.0,7.0,10.0,22.0,234.0,0.0,0.0,0.0,0.0,0.0
843,"2021","West Bengal","19","Hooghly","312","Hooghly Rural Police",6.0,4.0,3.0,13.0,373.0,6.0,66.0,90.0,162.0,888.0,0.0,0.0,0.0,0.0,0.0
844,"2021","West Bengal","19","Howrah","313","Howrah Grp",2.0,0.0,0.0,2.0,16.0,0.0,0.0,1.0,1.0,8.0,0.0,0.0,0.0,0.0,0.0
845,"2021","West Bengal","19","Howrah","313","Howrah Pc",12.0,28.0,19.0,59.0,725.0,24.0,114.0,125.0,263.0,818.0,0.0,0.0,0.0,0.0,1.0
846,"2021","West Bengal","19","Howrah","313","Howrah Rural",9.0,14.0,8.0,31.0,272.0,10.0,124.0,126.0,260.0,638.0,0.0,0.0,0.0,0.0,0.0
847,"2021","West Bengal","19","Jalpaiguri","314","Jalpaiguri",0.0,1.0,6.0,7.0,315.0,0.0,55.0,133.0,188.0,759.0,0.0,0.0,0.0,0.0,0.0
848,"2021","West Bengal","19","Jhargram","703","Jhargram",0.0,0.0,0.0,0.0,99.0,1.0,38.0,36.0,75.0,239.0,0.0,0.0,0.0,0.0,0.0
849,"2021","West Bengal","19","Medinipur West","318","Kharagpur Grp",0.0,0.0,0.0,0.0,1.0,0.0,0.0,0.0,0.0,1.0,0.0,0.0,0.0,0.0,0.0
850,"2021","West Bengal","19","Kolkata","315","Kolkata",49.0,100.0,47.0,196.0,1578.0,34.0,246.0,236.0,516.0,1366.0,0.0,0.0,0.0,0.0,0.0
851,"2021","West Bengal","19","Maldah","316","Malda",15.0,48.0,52.0,115.0,476.0,18.0,337.0,438.0,793.0,1164.0,0.0,0.0,0.0,0.0,0.0
852,"2021","West Bengal","19","Murshidabad","319","Murshidabad Police District",0.0,10.0,13.0,23.0,470.0,0.0,98.0,155.0,253.0,1161.0,0.0,0.0,0.0,0.0,0.0
853,"2021","West Bengal","19","Medinipur West","318","Paschim Medinipur",5.0,8.0,10.0,23.0,433.0,10.0,220.0,363.0,593.0,1028.0,0.0,0.0,0.0,0.0,0.0
854,"2021","West Bengal","19","Medinipur East","317","Purab Medinipur",25.0,9.0,5.0,39.0,354.0,22.0,265.0,273.0,560.0,1069.0,0.0,0.0,0.0,0.0,0.0
855,"2021","West Bengal","19","Purulia","321","Purulia",0.0,4.0,1.0,5.0,158.0,0.0,16.0,37.0,53.0,327.0,0.0,0.0,0.0,0.0,0.0
856,"2021","West Bengal","19","Kolkata","315","Sealdah Grp",0.0,0.0,0.0,0.0,4.0,0.0,1.0,1.0,2.0,10.0,0.0,0.0,0.0,0.0,0.0
857,"2021","West Bengal","19","Darjeeling","309","Siliguri Grp",1.0,0.0,0.0,1.0,1.0,0.0,0.0,0.0,0.0,1.0,0.0,0.0,0.0,0.0,0.0
858,"2021","West Bengal","19","Darjeeling","309","Siliguri Pc",21.0,17.0,27.0,65.0,446.0,22.0,98.0,125.0,245.0,744.0,0.0,0.0,0.0,0.0,0.0
859,"2021","West Bengal","19","24 Paraganas South","304","Baruipur Police",16.0,22.0,14.0,52.0,564.0,21.0,203.0,183.0,407.0,1488.0,0.0,0.0,0.0,0.0,0.0
860,"2021","West Bengal","19","Hooghly","312","Chandannagar Pc",1.0,6.0,3.0,10.0,327.0,0.0,30.0,38.0,68.0,418.0,0.0,0.0,0.0,0.0,0.0
861,"2021","West Bengal","19","24 Paraganas South","304","Diamond Harbour Police",6.0,5.0,12.0,23.0,392.0,5.0,55.0,50.0,110.0,685.0,0.0,0.0,0.0,0.0,0.0
862,"2021","West Bengal","19","Kalimpong","702","Kalimpong",0.0,0.0,7.0,7.0,53.0,0.0,0.0,20.0,20.0,100.0,0.0,0.0,0.0,0.0,0.0
863,"2021","West Bengal","19","Purba Bardhaman","306","Purba Bardhaman",6.0,13.0,5.0,24.0,591.0,6.0,206.0,172.0,384.0,1206.0,0.0,0.0,0.0,0.0,0.0
864,"2021","West Bengal","19","24 Paraganas South","304","Sundarban Police",9.0,10.0,6.0,25.0,189.0,3.0,99.0,151.0,253.0,542.0,0.0,0.0,0.0,0.0,0.0
865,"2021","West Bengal","19","24 Paraganas North","303","Barasat",34.0,153.0,214.0,401.0,168.0,148.0,674.0,413.0,1235.0,289.0,0.0,0.0,0.0,0.0,0.0
866,"2021","West Bengal","19","24 Paraganas North","303","Basirhat",0.0,0.0,0.0,0.0,405.0,0.0,0.0,0.0,0.0,0.0,0.0,0.0,0.0,0.0,0.0
867,"2021","West Bengal","19","24 Paraganas North","303","Bangaon",19.0,0.0,2.0,21.0,5.0,23.0,90.0,168.0,281.0,66.0,0.0,0.0,0.0,0.0,0.0
868,"2021","West Bengal","19","Dinajpur Uttar","311","Islampur",0.0,8.0,86.0,94.0,113.0,0.0,19.0,13.0,32.0,358.0,0.0,0.0,0.0,0.0,0.0
869,"2021","West Bengal","19","Murshidabad","319","Jangipur Police District",0.0,1.0,22.0,23.0,5.0,0.0,63.0,73.0,136.0,7.0,0.0,0.0,0.0,0.0,0.0
870,"2021","West Bengal","19","Nadia","320","Krishnagar",2.0,33.0,23.0,58.0,398.0,4.0,63.0,148.0,215.0,742.0,0.0,0.0,0.0,0.0,0.0
871,"2021","West Bengal","19","Dinajpur Uttar","311","Raiganj",3.0,8.0,3.0,14.0,178.0,1.0,34.0,42.0,77.0,502.0,0.0,0.0,0.0,0.0,0.0
872,"2021","West Bengal","19","Nadia","320","Ranaghat",0.0,0.0,0.0,0.0,0.0,0.0,0.0,0.0,0.0,0.0,0.0,0.0,0.0,0.0,0.0
873,"2021","Andaman And Nicobar Islands                   ","35","South Andamans","602","South Andaman",1.0,2.0,0.0,3.0,34.0,1.0,8.0,7.0,16.0,26.0,0.0,0.0,0.0,0.0,0.0
874,"2021","Andaman And Nicobar Islands                   ","35","North And Middle Andaman","632","North And Middle Andaman",0.0,1.0,0.0,1.0,8.0,0.0,0.0,4.0,4.0,9.0,0.0,0.0,0.0,0.0,0.0
875,"2021","Andaman And Nicobar Islands                   ","35","Nicobars","603","Nicobar",0.0,1.0,0.0,1.0,4.0,0.0,0.0,0.0,0.0,1.0,0.0,0.0,0.0,0.0,0.0
876,"2021","Chandigarh","4","Chandigarh","44","Chandigarh",13.0,25.0,9.0,47.0,302.0,14.0,44.0,75.0,133.0,400.0,0.0,0.0,0.0,0.0,0.0
877,"2021","The Dadra And Nagar Haveli And Daman And Diu","38","Dadra And Nagar Haveli","465","Dadra And Nagar Haveli",0.0,2.0,1.0,3.0,20.0,0.0,3.0,8.0,11.0,46.0,0.0,0.0,0.0,0.0,0.0
878,"2021","The Dadra And Nagar Haveli And Daman And Diu","38","Daman","463","Daman",1.0,0.0,0.0,1.0,16.0,0.0,4.0,0.0,4.0,26.0,0.0,0.0,0.0,0.0,0.0
879,"2021","The Dadra And Nagar Haveli And Daman And Diu","38","Diu","464","Diu",0.0,0.0,0.0,0.0,8.0,0.0,0.0,0.0,0.0,13.0,0.0,0.0,0.0,0.0,0.0
880,"2021","Delhi","7","Central","77","Central",28.0,41.0,25.0,94.0,310.0,25.0,86.0,61.0,172.0,312.0,0.0,0.0,0.0,0.0,0.0
881,"2021","Delhi","7","North West","82","Crime Branch",0.0,0.0,0.0,0.0,0.0,0.0,0.0,0.0,0.0,0.0,0.0,0.0,0.0,0.0,0.0
882,"2021","Delhi","7","East","78","East",29.0,39.0,21.0,89.0,385.0,16.0,145.0,60.0,221.0,444.0,0.0,0.0,0.0,0.0,0.0
883,"2021","Delhi","7","New Delhi","79","Eow",0.0,0.0,0.0,0.0,0.0,0.0,0.0,0.0,0.0,0.0,0.0,0.0,0.0,0.0,0.0
884,"2021","Delhi","7","New Delhi","79","Igi Airport",0.0,0.0,0.0,0.0,8.0,0.0,0.0,0.0,0.0,3.0,0.0,0.0,0.0,0.0,0.0
885,"2021","Delhi","7","North West","82","Metro",0.0,0.0,0.0,0.0,6.0,0.0,0.0,0.0,0.0,3.0,0.0,0.0,0.0,0.0,0.0
886,"2021","Delhi","7","New Delhi","79","New Delhi",2.0,18.0,5.0,25.0,50.0,0.0,7.0,6.0,13.0,49.0,0.0,0.0,0.0,0.0,0.0
887,"2021","Delhi","7","North","80","North",21.0,46.0,16.0,83.0,352.0,7.0,67.0,98.0,172.0,354.0,0.0,0.0,0.0,0.0,0.0
888,"2021","Delhi","7","North East","81","North-East",48.0,80.0,36.0,164.0,729.0,31.0,227.0,113.0,371.0,924.0,0.0,0.0,0.0,0.0,0.0
889,"2021","Delhi","7","North West","82","North-West",19.0,54.0,16.0,89.0,416.0,15.0,210.0,82.0,307.0,558.0,0.0,0.0,0.0,0.0,0.0
890,"2021","Delhi","7","North West","82","Outer",22.0,81.0,47.0,150.0,721.0,19.0,214.0,151.0,384.0,1058.0,0.0,0.0,0.0,0.0,0.0
891,"2021","Delhi","7","New Delhi","79","Railway",3.0,2.0,1.0,6.0,32.0,4.0,1.0,3.0,8.0,32.0,0.0,0.0,0.0,0.0,0.0
892,"2021","Delhi","7","South","83","South",13.0,37.0,38.0,88.0,451.0,47.0,86.0,87.0,220.0,668.0,0.0,0.0,0.0,0.0,0.0
893,"2021","Delhi","7","South East","670","South-East",22.0,48.0,40.0,110.0,519.0,17.0,190.0,191.0,398.0,621.0,0.0,0.0,0.0,0.0,0.0
894,"2021","Delhi","7","South West","84","South-West",22.0,33.0,24.0,79.0,371.0,15.0,129.0,116.0,260.0,568.0,0.0,0.0,0.0,0.0,0.0
895,"2021","Delhi","7","North West","82","Spl Cell",0.0,0.0,0.0,0.0,0.0,0.0,0.0,0.0,0.0,0.0,0.0,0.0,0.0,0.0,0.0
896,"2021","Delhi","7","New Delhi","79","Spuwac",0.0,0.0,0.0,0.0,0.0,0.0,0.0,0.0,0.0,0.0,0.0,0.0,0.0,0.0,0.0
897,"2021","Delhi","7","New Delhi","79","Vigilance",0.0,0.0,0.0,0.0,0.0,0.0,0.0,0.0,0.0,0.0,0.0,0.0,0.0,0.0,0.0
898,"2021","Delhi","7","West","85","West",25.0,26.0,8.0,59.0,450.0,26.0,147.0,90.0,263.0,489.0,0.0,0.0,0.0,0.0,0.0
899,"2021","Delhi","7","North West","82","Rohini",57.0,38.0,51.0,146.0,495.0,45.0,146.0,153.0,344.0,660.0,0.0,0.0,0.0,0.0,0.0
900,"2021","Delhi","7","Shahdara","671","Shahdara",18.0,28.0,10.0,56.0,439.0,8.0,105.0,46.0,159.0,424.0,0.0,0.0,0.0,0.0,0.0
901,"2021","Delhi","7","South West","84","Dwarka",25.0,57.0,44.0,126.0,652.0,10.0,151.0,205.0,366.0,889.0,0.0,0.0,0.0,0.0,0.0
902,"2021","Delhi","7","New Delhi","79","Outer North",50.0,111.0,73.0,234.0,654.0,42.0,253.0,221.0,516.0,842.0,0.0,0.0,0.0,0.0,0.0
903,"2021","Ladakh","37","Kargil","6","Kargil",0.0,0.0,0.0,0.0,6.0,0.0,0.0,0.0,0.0,4.0,0.0,0.0,0.0,0.0,0.0
904,"2021","Ladakh","37","Leh Ladakh","9","Leh",0.0,0.0,0.0,0.0,13.0,0.0,0.0,0.0,0.0,1.0,0.0,0.0,0.0,0.0,0.0
905,"2021","Lakshadweep","31","Lakshadweep District","553","Lakshadweep",0.0,0.0,0.0,0.0,0.0,0.0,0.0,0.0,0.0,0.0,0.0,0.0,0.0,0.0,0.0
906,"2021","Puducherry","34","Karaikal","598","Karaikal",0.0,0.0,0.0,0.0,0.0,0.0,0.0,0.0,0.0,0.0,0.0,0.0,0.0,0.0,0.0
907,"2021","Puducherry","34","Pondicherry","600","Puducherry",4.0,2.0,4.0,10.0,76.0,9.0,2.0,14.0,25.0,154.0,0.0,0.0,0.0,0.0,0.0
908,"2022","Andhra Pradesh","28","Alluri Sitharama Raju","745","Alluri Sitharama Raju",0.0,8.0,0.0,8.0,28.0,0.0,8.0,46.0,54.0,26.0,0.0,0.0,0.0,0.0,1.0
909,"2022","Andhra Pradesh","28","Anakapalli","744","Anakapalli",4.0,8.0,8.0,20.0,69.0,5.0,14.0,37.0,56.0,141.0,0.0,0.0,0.0,0.0,0.0
910,"2022","Andhra Pradesh","28","Anantapur","502","Anantapuramu",4.0,19.0,15.0,38.0,179.0,0.0,54.0,166.0,220.0,431.0,0.0,0.0,0.0,0.0,0.0
911,"2022","Andhra Pradesh","28","Annamayya","753","Annamayya",11.0,4.0,16.0,31.0,60.0,18.0,45.0,72.0,135.0,157.0,0.0,0.0,0.0,0.0,0.0
912,"2022","Andhra Pradesh","28","Bapatla","750","Bapatla",4.0,9.0,11.0,24.0,97.0,2.0,18.0,59.0,79.0,218.0,3.0,0.0,0.0,3.0,1.0
913,"2022","Andhra Pradesh","28","Chittoor","503","Chittoor",2.0,9.0,7.0,18.0,96.0,1.0,49.0,127.0,177.0,361.0,0.0,0.0,0.0,0.0,0.0
914,"2022","Andhra Pradesh","28","Konaseema","747","Dr Br Ambedkar Konaseema",8.0,10.0,5.0,23.0,142.0,11.0,29.0,37.0,77.0,190.0,0.0,0.0,0.0,0.0,0.0
915,"2022","Andhra Pradesh","28","East Godavari","505","East Godavari",7.0,15.0,14.0,36.0,172.0,6.0,43.0,90.0,139.0,264.0,0.0,0.0,0.0,0.0,0.0
916,"2022","Andhra Pradesh","28","Eluru","748","Eluru",7.0,8.0,12.0,27.0,200.0,7.0,22.0,69.0,98.0,315.0,0.0,0.0,0.0,0.0,0.0
917,"2022","Andhra Pradesh","28","Anantapur","502","Guntakal Railway",0.0,1.0,0.0,1.0,3.0,0.0,1.0,0.0,1.0,5.0,0.0,0.0,0.0,0.0,0.0
918,"2022","Andhra Pradesh","28","Guntur","506","Guntur",13.0,38.0,24.0,75.0,268.0,7.0,89.0,78.0,174.0,514.0,0.0,0.0,0.0,0.0,0.0
919,"2022","Andhra Pradesh","28","Kakinada","746","Kakinada",0.0,4.0,5.0,9.0,148.0,0.0,17.0,77.0,94.0,295.0,0.0,0.0,0.0,0.0,0.0
920,"2022","Andhra Pradesh","28","Krishna","510","Krishna",19.0,7.0,6.0,32.0,156.0,30.0,13.0,42.0,85.0,283.0,0.0,0.0,0.0,0.0,0.0
921,"2022","Andhra Pradesh","28","Kurnool","511","Kurnool",10.0,7.0,5.0,22.0,80.0,21.0,33.0,40.0,94.0,144.0,0.0,0.0,0.0,0.0,0.0
922,"2022","Andhra Pradesh","28","Nandyal","755","Nandyal",15.0,7.0,6.0,28.0,105.0,17.0,36.0,43.0,96.0,204.0,0.0,0.0,0.0,0.0,0.0
923,"2022","Andhra Pradesh","28","Ntr","749","Ntr",14.0,36.0,21.0,71.0,415.0,9.0,33.0,130.0,172.0,689.0,0.0,0.0,0.0,0.0,0.0
924,"2022","Andhra Pradesh","28","Palnadu","751","Palnadu",28.0,12.0,5.0,45.0,88.0,22.0,49.0,40.0,111.0,253.0,0.0,0.0,0.0,0.0,0.0
925,"2022","Andhra Pradesh","28","Parvathipuram Manyam","743","Parvathipuram Manyam",3.0,3.0,3.0,9.0,36.0,6.0,0.0,7.0,13.0,69.0,1.0,1.0,0.0,2.0,0.0
926,"2022","Andhra Pradesh","28","Prakasam","517","Prakasam",26.0,32.0,15.0,73.0,139.0,22.0,62.0,67.0,151.0,323.0,0.0,0.0,0.0,0.0,0.0
927,"2022","Andhra Pradesh","28","Spsr Nellore","515","Sri Potti Sriramulu Nellore",35.0,22.0,13.0,70.0,159.0,21.0,90.0,89.0,200.0,342.0,0.0,0.0,0.0,0.0,0.0
928,"2022","Andhra Pradesh","28","Sri Sathya Sai","754","Sri Sathya Sai",2.0,5.0,28.0,35.0,82.0,3.0,62.0,103.0,168.0,256.0,0.0,0.0,0.0,0.0,0.0
929,"2022","Andhra Pradesh","28","Srikakulam","519","Srikakulam",14.0,13.0,15.0,42.0,117.0,17.0,14.0,88.0,119.0,272.0,0.0,0.0,0.0,0.0,0.0
930,"2022","Andhra Pradesh","28","Tirupati","752","Tirupati",30.0,20.0,11.0,61.0,163.0,20.0,63.0,134.0,217.0,398.0,0.0,0.0,0.0,0.0,0.0
931,"2022","Andhra Pradesh","28","Ntr","749","Viiayawada Railway",0.0,0.0,0.0,0.0,22.0,0.0,0.0,0.0,0.0,13.0,1.0,0.0,1.0,2.0,0.0
932,"2022","Andhra Pradesh","28","Visakhapatanam","520","Visakhapatnam",9.0,9.0,19.0,37.0,293.0,4.0,36.0,60.0,100.0,415.0,0.0,0.0,0.0,0.0,0.0
933,"2022","Andhra Pradesh","28","Vizianagaram","521","Vizianagaram",14.0,5.0,4.0,23.0,148.0,18.0,6.0,5.0,29.0,217.0,0.0,0.0,0.0,0.0,0.0
934,"2022","Andhra Pradesh","28","West Godavari","523","West Godavari",2.0,5.0,12.0,19.0,148.0,7.0,34.0,54.0,95.0,248.0,0.0,0.0,0.0,0.0,0.0
935,"2022","Andhra Pradesh","28","Y.S.R.","504","Ysr",7.0,25.0,12.0,44.0,118.0,30.0,62.0,72.0,164.0,272.0,0.0,0.0,0.0,0.0,0.0
936,"2022","Arunachal Pradesh","12","Anjaw","628","Anjaw",0.0,0.0,0.0,0.0,2.0,0.0,0.0,0.0,0.0,0.0,0.0,0.0,0.0,0.0,0.0
937,"2022","Arunachal Pradesh","12","Changlang","229","Changlang",2.0,2.0,0.0,4.0,3.0,2.0,0.0,0.0,2.0,5.0,0.0,0.0,0.0,0.0,0.0
938,"2022","Arunachal Pradesh","12","Papum Pare","237","Crime Branch",0.0,0.0,0.0,0.0,0.0,0.0,0.0,0.0,0.0,0.0,0.0,0.0,0.0,0.0,0.0
939,"2022","Arunachal Pradesh","12","Dibang Valley","230","Dibang Valley",0.0,0.0,0.0,0.0,0.0,0.0,0.0,0.0,0.0,0.0,0.0,0.0,0.0,0.0,0.0
940,"2022","Arunachal Pradesh","12","East Kameng","231","Kameng East",0.0,0.0,0.0,0.0,0.0,0.0,0.0,0.0,0.0,0.0,0.0,0.0,0.0,0.0,0.0
941,"2022","Arunachal Pradesh","12","West Kameng","242","Kameng West",0.0,0.0,0.0,0.0,0.0,0.0,0.0,0.0,0.0,0.0,0.0,0.0,0.0,0.0,0.0
942,"2022","Arunachal Pradesh","12","Kurung Kumey","233","Kurung Kumey",1.0,0.0,0.0,1.0,23.0,0.0,0.0,1.0,1.0,1.0,0.0,0.0,0.0,0.0,0.0
943,"2022","Arunachal Pradesh","12","Lohit","234","Lohit",0.0,0.0,0.0,0.0,0.0,0.0,0.0,0.0,0.0,0.0,0.0,0.0,0.0,0.0,0.0
944,"2022","Arunachal Pradesh","12","Longding","666","Longding",0.0,0.0,0.0,0.0,0.0,0.0,0.0,0.0,0.0,0.0,0.0,0.0,0.0,0.0,0.0
945,"2022","Arunachal Pradesh","12","Lower Dibang Valley","235","Lower Dibang Valley",0.0,0.0,0.0,0.0,0.0,0.0,0.0,0.0,0.0,0.0,0.0,0.0,0.0,0.0,0.0
946,"2022","Arunachal Pradesh","12","Papum Pare","237","Papum Pare City",0.0,0.0,0.0,0.0,0.0,0.0,0.0,0.0,0.0,0.0,0.0,0.0,0.0,0.0,0.0
947,"2022","Arunachal Pradesh","12","Papum Pare","237","Papum Pare Rural",0.0,0.0,0.0,0.0,0.0,0.0,0.0,0.0,0.0,0.0,0.0,0.0,0.0,0.0,0.0
948,"2022","Arunachal Pradesh","12","East Siang","232","Siang East",0.0,0.0,0.0,0.0,0.0,0.0,0.0,0.0,0.0,0.0,0.0,0.0,0.0,0.0,0.0
949,"2022","Arunachal Pradesh","12","Upper Siang","240","Siang Upper",0.0,0.0,0.0,0.0,0.0,0.0,0.0,0.0,0.0,0.0,0.0,0.0,0.0,0.0,0.0
950,"2022","Arunachal Pradesh","12","West Siang","243","Siang West",0.0,0.0,0.0,0.0,0.0,0.0,0.0,0.0,0.0,0.0,0.0,0.0,0.0,0.0,0.0
951,"2022","Arunachal Pradesh","12","Lower Subansiri","236","Subansiri Lower",0.0,2.0,0.0,2.0,0.0,0.0,0.0,0.0,0.0,0.0,0.0,0.0,0.0,0.0,0.0
952,"2022","Arunachal Pradesh","12","Upper Subansiri","241","Subansiri Upper",0.0,0.0,0.0,0.0,0.0,0.0,0.0,0.0,0.0,0.0,0.0,0.0,0.0,0.0,0.0
953,"2022","Arunachal Pradesh","12","Tawang","238","Tawang",0.0,0.0,0.0,0.0,0.0,0.0,0.0,0.0,0.0,0.0,0.0,0.0,0.0,0.0,0.0
954,"2022","Arunachal Pradesh","12","Tirap","239","Tirap",0.0,0.0,2.0,2.0,3.0,0.0,0.0,0.0,0.0,5.0,0.0,0.0,0.0,0.0,0.0
955,"2022","Arunachal Pradesh","12","Namsai","678","Namsai",0.0,0.0,0.0,0.0,0.0,1.0,0.0,1.0,2.0,0.0,0.0,0.0,0.0,0.0,0.0
956,"2022","Arunachal Pradesh","12","Siang","679","Siang",0.0,0.0,0.0,0.0,0.0,0.0,0.0,0.0,0.0,0.0,0.0,0.0,0.0,0.0,0.0
957,"2022","Arunachal Pradesh","12","Kamle","718","Kamle",0.0,0.0,0.0,0.0,0.0,0.0,0.0,0.0,0.0,0.0,0.0,0.0,0.0,0.0,0.0
958,"2022","Arunachal Pradesh","12","Kra Daadi","677","Kra Dadi",0.0,0.0,0.0,0.0,0.0,0.0,0.0,0.0,0.0,0.0,0.0,0.0,0.0,0.0,0.0
959,"2022","Arunachal Pradesh","12","Lower Siang","719","Lower Siang",0.0,0.0,0.0,0.0,0.0,0.0,0.0,0.0,0.0,0.0,0.0,0.0,0.0,0.0,0.0
960,"2022","Arunachal Pradesh","12","Leparada","724","Leparada",0.0,0.0,0.0,0.0,0.0,0.0,0.0,0.0,0.0,0.0,0.0,0.0,0.0,0.0,0.0
961,"2022","Arunachal Pradesh","12","Shi Yomi","725","Shiyomi",0.0,0.0,0.0,0.0,0.0,0.0,0.0,0.0,0.0,0.0,0.0,0.0,0.0,0.0,0.0
962,"2022","Arunachal Pradesh","12","Pakke Kessang","723","Pakkessang",0.0,0.0,0.0,0.0,0.0,0.0,0.0,0.0,0.0,0.0,0.0,0.0,0.0,0.0,0.0
963,"2022","Assam","18","Kamrup Metro","618","Bieo",0.0,0.0,0.0,0.0,0.0,0.0,0.0,0.0,0.0,0.0,0.0,0.0,0.0,0.0,0.0
964,"2022","Assam","18","Barpeta","280","Barpeta",0.0,0.0,0.0,0.0,28.0,0.0,0.0,0.0,0.0,49.0,0.0,0.0,0.0,0.0,0.0
965,"2022","Assam","18","Baksa","616","Baksa",4.0,1.0,0.0,5.0,27.0,7.0,4.0,0.0,11.0,103.0,0.0,0.0,0.0,0.0,0.0
966,"2022","Assam","18","Bongaigaon","281","Bongaigaon",2.0,3.0,3.0,8.0,33.0,9.0,9.0,13.0,31.0,160.0,0.0,0.0,0.0,0.0,0.0
967,"2022","Assam","18","Kamrup Metro","618","Cid",0.0,0.0,0.0,0.0,0.0,0.0,0.0,0.0,0.0,0.0,0.0,0.0,0.0,0.0,0.0
968,"2022","Assam","18","Cachar","282","Cachar",0.0,0.0,0.0,0.0,0.0,0.0,0.0,0.0,0.0,0.0,0.0,0.0,0.0,0.0,0.0
969,"2022","Assam","18","Chirang","612","Chirang",17.0,0.0,0.0,17.0,13.0,0.0,0.0,11.0,11.0,29.0,0.0,0.0,0.0,0.0,0.0
970,"2022","Assam","18","Darrang","283","Darrang",4.0,3.0,0.0,7.0,20.0,1.0,1.0,9.0,11.0,68.0,0.0,0.0,0.0,0.0,0.0
971,"2022","Assam","18","Dhemaji","284","Dhemaji",0.0,5.0,5.0,10.0,34.0,0.0,2.0,9.0,11.0,95.0,0.0,0.0,0.0,0.0,0.0
972,"2022","Assam","18","Dhubri","285","Dhubri",10.0,14.0,8.0,32.0,35.0,14.0,69.0,93.0,176.0,38.0,0.0,0.0,0.0,0.0,0.0
973,"2022","Assam","18","Dibrugarh","286","Dibrugarh",0.0,5.0,0.0,5.0,2.0,0.0,0.0,2.0,2.0,5.0,0.0,0.0,0.0,0.0,0.0
974,"2022","Assam","18","Kamrup Metro","618","Grp",0.0,0.0,0.0,0.0,0.0,0.0,0.0,0.0,0.0,0.0,0.0,0.0,0.0,0.0,0.0
975,"2022","Assam","18","Goalpara","287","Goalpara",0.0,0.0,0.0,0.0,0.0,0.0,0.0,0.0,0.0,0.0,0.0,0.0,0.0,0.0,0.0
976,"2022","Assam","18","Golaghat","288","Golaghat",0.0,0.0,4.0,4.0,0.0,0.0,0.0,7.0,7.0,73.0,0.0,0.0,0.0,0.0,0.0
977,"2022","Assam","18","Kamrup Metro","618","Guwahati City",2.0,33.0,57.0,92.0,500.0,6.0,26.0,86.0,118.0,629.0,0.0,0.0,0.0,0.0,0.0
978,"2022","Assam","18","Hailakandi","289","Hailakandi",2.0,26.0,48.0,76.0,116.0,0.0,21.0,39.0,60.0,164.0,0.0,0.0,0.0,0.0,0.0
979,"2022","Assam","18","West Karbi Anglong","710","Hamren",2.0,1.0,0.0,3.0,3.0,2.0,2.0,0.0,4.0,6.0,0.0,0.0,0.0,0.0,0.0
980,"2022","Assam","18","Jorhat","290","Jorhat",1.0,0.0,1.0,2.0,19.0,7.0,23.0,0.0,30.0,56.0,0.0,0.0,0.0,0.0,0.0
981,"2022","Assam","18","Kamrup","291","Kamrup",6.0,13.0,16.0,35.0,27.0,11.0,49.0,78.0,138.0,46.0,0.0,0.0,0.0,0.0,0.0
982,"2022","Assam","18","Karbi Anglong","292","Karbi Anglong",0.0,0.0,0.0,0.0,0.0,0.0,0.0,0.0,0.0,0.0,0.0,0.0,0.0,0.0,0.0
983,"2022","Assam","18","Karimganj","293","Karimganj",0.0,0.0,0.0,0.0,0.0,0.0,0.0,0.0,0.0,0.0,0.0,0.0,0.0,0.0,0.0
984,"2022","Assam","18","Kokrajhar","294","Kokrajhar",0.0,0.0,0.0,0.0,0.0,0.0,20.0,7.0,27.0,42.0,0.0,0.0,0.0,0.0,0.0
985,"2022","Assam","18","Lakhimpur","295","Lakhimpur",0.0,0.0,0.0,0.0,0.0,0.0,0.0,0.0,0.0,0.0,0.0,0.0,0.0,0.0,0.0
986,"2022","Assam","18","Marigaon","296","Morigaon",0.0,0.0,0.0,0.0,0.0,0.0,0.0,0.0,0.0,0.0,0.0,0.0,0.0,0.0,0.0
987,"2022","Assam","18","Dima Hasao","299","Dima Hasao",0.0,0.0,0.0,0.0,0.0,0.0,0.0,0.0,0.0,0.0,0.0,0.0,0.0,0.0,0.0
988,"2022","Assam","18","Nagaon","297","Nagaon",5.0,6.0,6.0,17.0,15.0,17.0,20.0,24.0,61.0,53.0,0.0,0.0,0.0,0.0,0.0
989,"2022","Assam","18","Nalbari","298","Nalbari",0.0,0.0,0.0,0.0,0.0,0.0,0.0,0.0,0.0,0.0,0.0,0.0,0.0,0.0,0.0
990,"2022","Assam","18","Kamrup Metro","618","Rpo",0.0,0.0,0.0,0.0,0.0,0.0,0.0,0.0,0.0,0.0,0.0,0.0,0.0,0.0,0.0
991,"2022","Assam","18","Kamrup Metro","618","Sou",0.0,0.0,0.0,0.0,0.0,0.0,0.0,0.0,0.0,0.0,0.0,0.0,0.0,0.0,0.0
992,"2022","Assam","18","Kamrup Metro","618","Stf",0.0,0.0,0.0,0.0,0.0,0.0,0.0,0.0,0.0,0.0,0.0,0.0,0.0,0.0,0.0
993,"2022","Assam","18","Sivasagar","300","Sibsagar",0.0,0.0,0.0,0.0,0.0,0.0,0.0,0.0,0.0,0.0,0.0,0.0,0.0,0.0,0.0
994,"2022","Assam","18","Sonitpur","301","Sonitpur",0.0,0.0,0.0,0.0,0.0,0.0,0.0,0.0,0.0,0.0,0.0,0.0,0.0,0.0,0.0
995,"2022","Assam","18","Tinsukia","302","Tinsukia",1.0,0.0,5.0,6.0,83.0,1.0,0.0,21.0,22.0,154.0,0.0,0.0,0.0,0.0,0.0
996,"2022","Assam","18","Udalguri","617","Udalguri",2.0,4.0,2.0,8.0,32.0,2.0,5.0,2.0,9.0,128.0,0.0,0.0,0.0,0.0,0.0
997,"2022","Assam","18","Tinsukia","302","Sadia",0.0,0.0,0.0,0.0,0.0,0.0,0.0,0.0,0.0,0.0,0.0,0.0,0.0,0.0,0.0
998,"2022","Assam","18","Majuli","706","Majuli",1.0,0.0,1.0,2.0,4.0,1.0,0.0,4.0,5.0,11.0,0.0,0.0,0.0,0.0,0.0
999,"2022","Assam","18","Biswanath","705","Biswanath",0.0,0.0,0.0,0.0,0.0,0.0,0.0,0.0,0.0,0.0,0.0,0.0,0.0,0.0,0.0
1000,"2022","Assam","18","Hojai","709","Hojai",0.0,0.0,0.0,0.0,0.0,0.0,0.0,0.0,0.0,0.0,0.0,0.0,0.0,0.0,0.0
1001,"2022","Assam","18","South Salmara Mancachar","707","South Salmara",1.0,3.0,3.0,7.0,15.0,3.0,10.0,8.0,21.0,78.0,0.0,0.0,0.0,0.0,0.0
1002,"2022","Assam","18","Charaideo","708","Charaideo",4.0,7.0,8.0,19.0,27.0,4.0,24.0,25.0,53.0,105.0,0.0,0.0,0.0,0.0,0.0
1003,"2022","Assam","18","Bajali","739","Bajali",0.0,0.0,3.0,3.0,14.0,0.0,0.0,32.0,32.0,36.0,0.0,0.0,0.0,0.0,0.0
1004,"2022","Assam","18","Tamulpur","756","Tamulpur",0.0,0.0,0.0,0.0,0.0,0.0,0.0,0.0,0.0,0.0,0.0,0.0,0.0,0.0,0.0
1005,"2022","Bihar","10","Araria","188","Araria",12.0,5.0,0.0,17.0,19.0,3.0,59.0,100.0,162.0,85.0,0.0,0.0,0.0,0.0,0.0
1006,"2022","Bihar","10","Arwal","611","Arwal",2.0,3.0,2.0,7.0,0.0,1.0,5.0,23.0,29.0,13.0,0.0,0.0,0.0,0.0,0.0
1007,"2022","Bihar","10","Aurangabad","189","Aurangabad",7.0,4.0,7.0,18.0,14.0,0.0,0.0,1.0,1.0,4.0,0.0,0.0,0.0,0.0,0.0
1008,"2022","Bihar","10","Pashchim Champaran","211","Bagaha",0.0,1.0,0.0,1.0,5.0,0.0,3.0,13.0,16.0,11.0,0.0,0.0,0.0,0.0,0.0
1009,"2022","Bihar","10","Banka","190","Banka",2.0,2.0,1.0,5.0,8.0,10.0,64.0,20.0,94.0,28.0,0.0,0.0,0.0,0.0,0.0
1010,"2022","Bihar","10","Begusarai","191","Begusarai",3.0,9.0,12.0,24.0,20.0,3.0,23.0,197.0,223.0,37.0,0.0,0.0,0.0,0.0,0.0
1011,"2022","Bihar","10","Pashchim Champaran","211","Bettiah",14.0,7.0,0.0,21.0,12.0,3.0,5.0,0.0,8.0,5.0,0.0,0.0,0.0,0.0,0.0
1012,"2022","Bihar","10","Kaimur (Bhabua)","200","Kaimur(Bhabhua)",1.0,5.0,6.0,12.0,6.0,0.0,9.0,55.0,64.0,31.0,0.0,0.0,0.0,0.0,0.0
1013,"2022","Bihar","10","Bhagalpur","192","Bhagalpur",12.0,16.0,0.0,28.0,38.0,23.0,0.0,138.0,161.0,161.0,0.0,0.0,0.0,0.0,0.0
1014,"2022","Bihar","10","Bhojpur","193","Bhojpur",3.0,16.0,0.0,19.0,20.0,1.0,8.0,0.0,9.0,3.0,0.0,0.0,0.0,0.0,0.0
1015,"2022","Bihar","10","Buxar","194","Buxar",2.0,2.0,2.0,6.0,6.0,0.0,0.0,4.0,4.0,6.0,0.0,0.0,0.0,0.0,0.0
1016,"2022","Bihar","10","Darbhanga","195","Darbhanga",0.0,6.0,8.0,14.0,17.0,0.0,25.0,150.0,175.0,67.0,0.0,0.0,0.0,0.0,0.0
1017,"2022","Bihar","10","Gaya","196","Gaya",5.0,9.0,8.0,22.0,12.0,3.0,11.0,2.0,16.0,17.0,0.0,0.0,0.0,0.0,0.0
1018,"2022","Bihar","10","Gopalganj","197","Gopalganj",5.0,1.0,2.0,8.0,16.0,6.0,149.0,30.0,185.0,130.0,0.0,0.0,0.0,0.0,0.0
1019,"2022","Bihar","10","Munger","207","Jamalpur Railway",0.0,0.0,0.0,0.0,0.0,0.0,0.0,0.0,0.0,2.0,0.0,0.0,0.0,0.0,0.0
1020,"2022","Bihar","10","Jamui","198","Jamui",6.0,6.0,4.0,16.0,9.0,10.0,5.0,63.0,78.0,30.0,0.0,0.0,0.0,0.0,0.0
1021,"2022","Bihar","10","Jehanabad","199","Jehanabad",2.0,5.0,3.0,10.0,3.0,0.0,9.0,43.0,52.0,32.0,0.0,0.0,0.0,0.0,0.0
1022,"2022","Bihar","10","Katihar","201","Katihar",0.0,9.0,4.0,13.0,7.0,0.0,37.0,110.0,147.0,68.0,0.0,0.0,0.0,0.0,0.0
1023,"2022","Bihar","10","Katihar","201","Katihar Railway",0.0,0.0,0.0,0.0,0.0,0.0,1.0,1.0,2.0,0.0,0.0,0.0,0.0,0.0,0.0
1024,"2022","Bihar","10","Khagaria","202","Khagaria",0.0,10.0,0.0,10.0,13.0,0.0,14.0,43.0,57.0,153.0,0.0,0.0,0.0,0.0,0.0
1025,"2022","Bihar","10","Kishanganj","203","Kishanganj",5.0,9.0,2.0,16.0,12.0,3.0,35.0,19.0,57.0,36.0,0.0,0.0,0.0,0.0,0.0
1026,"2022","Bihar","10","Lakhisarai","204","Lakhisarai",0.0,3.0,1.0,4.0,3.0,0.0,10.0,56.0,66.0,35.0,0.0,0.0,0.0,0.0,0.0
1027,"2022","Bihar","10","Madhepura","205","Madhepura",0.0,0.0,0.0,0.0,0.0,0.0,0.0,0.0,0.0,0.0,0.0,0.0,0.0,0.0,0.0
1028,"2022","Bihar","10","Madhubani","206","Madhubani",3.0,1.0,6.0,10.0,12.0,16.0,98.0,74.0,188.0,15.0,0.0,0.0,0.0,0.0,0.0
1029,"2022","Bihar","10","Purbi Champaran","213","Motihari",1.0,3.0,0.0,4.0,3.0,1.0,47.0,163.0,211.0,104.0,0.0,0.0,0.0,0.0,0.0
1030,"2022","Bihar","10","Munger","207","Munger",8.0,15.0,3.0,26.0,25.0,6.0,40.0,71.0,117.0,80.0,0.0,0.0,0.0,0.0,0.0
1031,"2022","Bihar","10","Muzaffarpur","208","Muzaffarpur",1.0,13.0,24.0,38.0,27.0,0.0,24.0,378.0,402.0,296.0,0.0,0.0,0.0,0.0,0.0
1032,"2022","Bihar","10","Muzaffarpur","208","Muzaffarpur Railway",0.0,1.0,0.0,1.0,0.0,0.0,0.0,5.0,5.0,2.0,0.0,0.0,0.0,0.0,0.0
1033,"2022","Bihar","10","Nalanda","209","Nalanda",12.0,30.0,13.0,55.0,57.0,8.0,105.0,131.0,244.0,161.0,0.0,0.0,0.0,0.0,0.0
1034,"2022","Bihar","10","Bhagalpur","192","Naugachia",5.0,1.0,2.0,8.0,0.0,4.0,19.0,9.0,32.0,0.0,0.0,0.0,0.0,0.0,0.0
1035,"2022","Bihar","10","Nawada","210","Nawadah",18.0,6.0,6.0,30.0,23.0,27.0,75.0,30.0,132.0,63.0,0.0,0.0,0.0,0.0,0.0
1036,"2022","Bihar","10","Patna","212","Patna",2.0,73.0,78.0,153.0,176.0,3.0,137.0,515.0,655.0,343.0,0.0,0.0,0.0,0.0,0.0
1037,"2022","Bihar","10","Patna","212","Patna Railway",0.0,0.0,0.0,0.0,0.0,0.0,0.0,0.0,0.0,0.0,0.0,0.0,0.0,0.0,0.0
1038,"2022","Bihar","10","Purnia","214","Purnea",0.0,0.0,4.0,4.0,3.0,8.0,9.0,8.0,25.0,18.0,0.0,0.0,0.0,0.0,0.0
1039,"2022","Bihar","10","Rohtas","215","Rohtas",2.0,3.0,12.0,17.0,17.0,4.0,5.0,22.0,31.0,22.0,0.0,0.0,0.0,0.0,0.0
1040,"2022","Bihar","10","Saharsa","216","Saharsa",0.0,0.0,0.0,0.0,0.0,0.0,0.0,0.0,0.0,0.0,0.0,0.0,0.0,0.0,0.0
1041,"2022","Bihar","10","Samastipur","217","Samastipur",0.0,0.0,0.0,0.0,5.0,32.0,46.0,111.0,189.0,146.0,0.0,0.0,0.0,0.0,0.0
1042,"2022","Bihar","10","Saran","218","Saran",20.0,17.0,20.0,57.0,31.0,72.0,273.0,122.0,467.0,27.0,0.0,0.0,0.0,0.0,0.0
1043,"2022","Bihar","10","Sheikhpura","219","Sheikhpura",0.0,7.0,0.0,7.0,12.0,1.0,15.0,32.0,48.0,22.0,0.0,0.0,0.0,0.0,0.0
1044,"2022","Bihar","10","Sheohar","220","Sheohar",0.0,2.0,0.0,2.0,3.0,0.0,3.0,30.0,33.0,12.0,0.0,0.0,0.0,0.0,0.0
1045,"2022","Bihar","10","Sitamarhi","221","Sitamarhi",8.0,8.0,8.0,24.0,35.0,41.0,50.0,179.0,270.0,145.0,0.0,0.0,0.0,0.0,0.0
1046,"2022","Bihar","10","Siwan","222","Siwan",0.0,10.0,11.0,21.0,21.0,1.0,30.0,157.0,188.0,76.0,0.0,0.0,0.0,0.0,0.0
1047,"2022","Bihar","10","Supaul","223","Supaul",1.0,3.0,1.0,5.0,5.0,1.0,15.0,68.0,84.0,46.0,0.0,0.0,0.0,0.0,0.0
1048,"2022","Bihar","10","Vaishali","224","Vaishali",45.0,0.0,18.0,63.0,53.0,53.0,0.0,224.0,277.0,167.0,0.0,0.0,0.0,0.0,0.0
1049,"2022","Bihar","10","Patna","212","Economic Offences Unit",0.0,0.0,0.0,0.0,0.0,0.0,0.0,0.0,0.0,0.0,0.0,0.0,0.0,0.0,0.0
1050,"2022","Bihar","10","Patna","212","Anti Terrorist Squad",0.0,0.0,0.0,0.0,0.0,0.0,0.0,0.0,0.0,0.0,0.0,0.0,0.0,0.0,0.0
1051,"2022","Chhattisgarh","22","Balod","646","Balod",0.0,1.0,3.0,4.0,112.0,0.0,2.0,61.0,63.0,324.0,0.0,0.0,0.0,0.0,0.0
1052,"2022","Chhattisgarh","22","Baloda Bazar","644","Balodbazar",6.0,10.0,7.0,23.0,149.0,3.0,51.0,128.0,182.0,472.0,0.0,0.0,0.0,0.0,0.0
1053,"2022","Chhattisgarh","22","Balrampur","649","Balrampur",3.0,8.0,6.0,17.0,54.0,0.0,27.0,44.0,71.0,131.0,0.0,0.0,0.0,0.0,0.0
1054,"2022","Chhattisgarh","22","Bemetara","650","Bemetra",1.0,7.0,2.0,10.0,88.0,0.0,26.0,44.0,70.0,279.0,0.0,0.0,0.0,0.0,0.0
1055,"2022","Chhattisgarh","22","Bilaspur","375","Bilaspur",0.0,0.0,0.0,0.0,0.0,0.0,0.0,0.0,0.0,0.0,0.0,0.0,0.0,0.0,0.0
1056,"2022","Chhattisgarh","22","Bijapur","636","Bizapur",0.0,0.0,0.0,0.0,21.0,1.0,6.0,5.0,12.0,25.0,0.0,0.0,0.0,0.0,0.0
1057,"2022","Chhattisgarh","22","Dantewada","376","Dantewara",0.0,2.0,2.0,4.0,28.0,3.0,14.0,5.0,22.0,52.0,0.0,0.0,0.0,0.0,0.0
1058,"2022","Chhattisgarh","22","Dhamtari","377","Dhamtari",1.0,5.0,4.0,10.0,108.0,1.0,16.0,35.0,52.0,348.0,0.0,0.0,0.0,0.0,0.0
1059,"2022","Chhattisgarh","22","Durg","378","Durg",4.0,18.0,21.0,43.0,385.0,1.0,84.0,149.0,234.0,784.0,0.0,0.0,0.0,0.0,0.0
1060,"2022","Chhattisgarh","22","Gariyaband","645","Gariyaband",2.0,5.0,1.0,8.0,88.0,0.0,16.0,21.0,37.0,212.0,0.0,0.0,0.0,0.0,0.0
1061,"2022","Chhattisgarh","22","Raipur","387","Grp Raipur",0.0,1.0,1.0,2.0,6.0,0.0,1.0,3.0,4.0,15.0,0.0,0.0,0.0,0.0,0.0
1062,"2022","Chhattisgarh","22","Bastar","374","Jagdalpur",3.0,1.0,7.0,11.0,84.0,0.0,25.0,43.0,68.0,222.0,0.0,0.0,0.0,0.0,0.0
1063,"2022","Chhattisgarh","22","Janjgir-Champa","379","Janjgir",14.0,19.0,12.0,45.0,230.0,1.0,106.0,168.0,275.0,634.0,0.0,0.0,0.0,0.0,0.0
1064,"2022","Chhattisgarh","22","Jashpur","380","Jashpur",0.0,7.0,9.0,16.0,73.0,1.0,41.0,52.0,94.0,256.0,0.0,0.0,0.0,0.0,0.0
1065,"2022","Chhattisgarh","22","Kabirdham","382","Kabirdham",2.0,5.0,8.0,15.0,110.0,2.0,31.0,58.0,91.0,283.0,0.0,0.0,0.0,0.0,0.0
1066,"2022","Chhattisgarh","22","Kanker","381","Kanker",2.0,3.0,3.0,8.0,95.0,2.0,3.0,61.0,66.0,273.0,0.0,0.0,0.0,0.0,0.0
1067,"2022","Chhattisgarh","22","Kondagaon","643","Kondagaon",0.0,4.0,5.0,9.0,53.0,1.0,21.0,31.0,53.0,167.0,0.0,0.0,0.0,0.0,0.0
1068,"2022","Chhattisgarh","22","Korba","383","Korba",9.0,15.0,15.0,39.0,161.0,1.0,30.0,98.0,129.0,467.0,0.0,0.0,0.0,0.0,0.0
1069,"2022","Chhattisgarh","22","Korea","384","Koriya",1.0,1.0,2.0,4.0,23.0,2.0,11.0,14.0,27.0,91.0,0.0,0.0,0.0,0.0,0.0
1070,"2022","Chhattisgarh","22","Mahasamund","385","Mahasamund",168.0,4.0,8.0,180.0,150.0,0.0,0.0,0.0,0.0,560.0,0.0,0.0,0.0,0.0,0.0
1071,"2022","Chhattisgarh","22","Mungeli","647","Mungali",0.0,2.0,2.0,4.0,69.0,2.0,23.0,45.0,70.0,235.0,0.0,0.0,0.0,0.0,0.0
1072,"2022","Chhattisgarh","22","Narayanpur","637","Narayanpur",0.0,2.0,2.0,4.0,7.0,1.0,9.0,4.0,14.0,37.0,0.0,0.0,0.0,0.0,0.0
1073,"2022","Chhattisgarh","22","Raigarh","386","Raigarh",3.0,14.0,11.0,28.0,228.0,2.0,54.0,95.0,151.0,456.0,0.0,0.0,0.0,0.0,0.0
1074,"2022","Chhattisgarh","22","Raipur","387","Raipur",5.0,27.0,71.0,103.0,737.0,0.0,36.0,353.0,389.0,1473.0,0.0,0.0,0.0,0.0,0.0
1075,"2022","Chhattisgarh","22","Rajnandgaon","388","Rajnandgaon",0.0,4.0,4.0,8.0,178.0,0.0,28.0,71.0,99.0,419.0,0.0,0.0,0.0,0.0,0.0
1076,"2022","Chhattisgarh","22","Surguja","389","Sarguja",0.0,12.0,8.0,20.0,129.0,4.0,42.0,72.0,118.0,307.0,0.0,0.0,0.0,0.0,0.0
1077,"2022","Chhattisgarh","22","Sukma","642","Sukma",2.0,2.0,2.0,6.0,14.0,0.0,4.0,10.0,14.0,24.0,0.0,0.0,0.0,0.0,0.0
1078,"2022","Chhattisgarh","22","Surajpur","648","Surajpur",2.0,4.0,3.0,9.0,74.0,3.0,28.0,34.0,65.0,191.0,0.0,0.0,0.0,0.0,0.0
1079,"2022","Chhattisgarh","22","Gaurella Pendra Marwahi","734","Gaurela-Pendra-Marwari",0.0,10.0,4.0,14.0,41.0,3.0,21.0,32.0,56.0,121.0,0.0,0.0,0.0,0.0,0.0
1080,"2022","Chhattisgarh","22","Khairgarh Chhuikhadan Gandai","759","Khairagarh - Chhuikhadan-Gandai",1.0,4.0,2.0,7.0,59.0,2.0,14.0,48.0,64.0,150.0,0.0,0.0,0.0,0.0,0.0
1081,"2022","Chhattisgarh","22","Manendragarh Chirimiri Bharatpur","760","Manendragarh-Chirmiri-Bharatpur",1.0,5.0,0.0,6.0,43.0,0.0,43.0,32.0,75.0,179.0,0.0,0.0,0.0,0.0,0.0
1082,"2022","Chhattisgarh","22","Mohla Manpur Ambagarh Chouki","761","Mohla-Manpur-Ambagarh Chouki",0.0,1.0,2.0,3.0,29.0,1.0,8.0,20.0,29.0,98.0,0.0,0.0,0.0,0.0,0.0
1083,"2022","Chhattisgarh","22","Sakti","762","Sakti",0.0,0.0,0.0,0.0,0.0,0.0,0.0,0.0,0.0,0.0,0.0,0.0,0.0,0.0,0.0
1084,"2022","Chhattisgarh","22","Sarangarh Bilaigarh","763","Sarangarh-Bilaigarh",3.0,2.0,2.0,7.0,74.0,6.0,34.0,26.0,66.0,266.0,0.0,5.0,2.0,7.0,0.0
1085,"2022","Goa","30","North Goa","551","North Goa",9.0,0.0,0.0,9.0,168.0,4.0,0.0,0.0,4.0,126.0,0.0,0.0,0.0,0.0,13.0
1086,"2022","Goa","30","South Goa","552","South Goa",6.0,1.0,0.0,7.0,145.0,5.0,0.0,1.0,6.0,147.0,0.0,0.0,0.0,0.0,1.0
1087,"2022","Goa","30","North Goa","551","Cid",0.0,0.0,0.0,0.0,12.0,0.0,0.0,0.0,0.0,0.0,0.0,0.0,0.0,0.0,0.0
1088,"2022","Gujarat","24","Ahmadabad","438","Ahmedabad City",11.0,49.0,16.0,76.0,1156.0,13.0,207.0,107.0,327.0,2384.0,0.0,0.0,0.0,0.0,0.0
1089,"2022","Gujarat","24","Ahmadabad","438","Ahmedabad Rural",7.0,0.0,0.0,7.0,66.0,4.0,0.0,1.0,5.0,118.0,0.0,0.0,0.0,0.0,0.0
1090,"2022","Gujarat","24","Amreli","439","Amreli",0.0,0.0,0.0,0.0,28.0,0.0,0.0,0.0,0.0,78.0,0.0,0.0,0.0,0.0,0.0
1091,"2022","Gujarat","24","Anand","440","Anand",0.0,0.0,0.0,0.0,134.0,0.0,0.0,0.0,0.0,302.0,0.0,0.0,0.0,0.0,0.0
1092,"2022","Gujarat","24","Arvalli","672","Arvalli",4.0,10.0,0.0,14.0,113.0,1.0,7.0,6.0,14.0,144.0,0.0,0.0,0.0,0.0,0.0
1093,"2022","Gujarat","24","Banas Kantha","441","Banaskantha",4.0,8.0,0.0,12.0,111.0,0.0,6.0,94.0,100.0,302.0,0.0,0.0,0.0,0.0,0.0
1094,"2022","Gujarat","24","Bharuch","442","Bharuch",18.0,1.0,1.0,20.0,182.0,11.0,3.0,0.0,14.0,206.0,0.0,0.0,0.0,0.0,0.0
1095,"2022","Gujarat","24","Bhavnagar","443","Bhavnagar",1.0,1.0,5.0,7.0,55.0,0.0,0.0,16.0,16.0,136.0,0.0,0.0,0.0,0.0,0.0
1096,"2022","Gujarat","24","Botad","676","Botad",0.0,0.0,0.0,0.0,27.0,0.0,15.0,26.0,41.0,77.0,0.0,0.0,0.0,0.0,0.0
1097,"2022","Gujarat","24","Chhotaudepur","668","Chhotaudepur",2.0,0.0,0.0,2.0,19.0,2.0,1.0,0.0,3.0,26.0,0.0,0.0,0.0,0.0,0.0
1098,"2022","Gujarat","24","Gandhinagar","446","Cid Crime",0.0,0.0,0.0,0.0,0.0,0.0,0.0,0.0,0.0,0.0,0.0,0.0,0.0,0.0,0.0
1099,"2022","Gujarat","24","Dohad","445","Dahod",2.0,2.0,2.0,6.0,25.0,7.0,61.0,101.0,169.0,74.0,0.0,0.0,0.0,0.0,0.0
1100,"2022","Gujarat","24","Dang","444","Dang",0.0,0.0,0.0,0.0,0.0,0.0,0.0,0.0,0.0,0.0,0.0,0.0,0.0,0.0,0.0
1101,"2022","Gujarat","24","Devbhumi Dwarka","674","Devbhumi Dwarka",0.0,2.0,0.0,2.0,33.0,0.0,0.0,0.0,0.0,54.0,0.0,0.0,0.0,0.0,0.0
1102,"2022","Gujarat","24","Gandhinagar","446","Gandhinagar",19.0,2.0,0.0,21.0,206.0,23.0,2.0,4.0,29.0,456.0,0.0,0.0,0.0,0.0,0.0
1103,"2022","Gujarat","24","Gir Somnath","675","Gir Somnath",2.0,0.0,0.0,2.0,9.0,0.0,5.0,21.0,26.0,15.0,0.0,0.0,0.0,0.0,0.0
1104,"2022","Gujarat","24","Jamnagar","447","Jamnagar",1.0,5.0,12.0,18.0,63.0,0.0,2.0,4.0,6.0,107.0,0.0,0.0,0.0,0.0,0.0
1105,"2022","Gujarat","24","Junagadh","448","Junagadh",2.0,0.0,0.0,2.0,29.0,2.0,0.0,0.0,2.0,33.0,0.0,0.0,0.0,0.0,0.0
1106,"2022","Gujarat","24","Kachchh","449","Kachchh East(G)",0.0,4.0,1.0,5.0,130.0,4.0,28.0,43.0,75.0,272.0,0.0,0.0,0.0,0.0,0.0
1107,"2022","Gujarat","24","Kachchh","449","Kachchh West(B)",2.0,6.0,4.0,12.0,132.0,4.0,22.0,28.0,54.0,252.0,0.0,0.0,0.0,0.0,0.0
1108,"2022","Gujarat","24","Kheda","450","Kheda",12.0,0.0,0.0,12.0,88.0,20.0,0.0,0.0,20.0,207.0,0.0,0.0,0.0,0.0,0.0
1109,"2022","Gujarat","24","Mahisagar","669","Mahisagar",5.0,1.0,1.0,7.0,20.0,2.0,1.0,59.0,62.0,0.0,0.0,0.0,0.0,0.0,0.0
1110,"2022","Gujarat","24","Mahesana","451","Mehsana",2.0,0.0,0.0,2.0,138.0,1.0,0.0,0.0,1.0,410.0,0.0,0.0,0.0,0.0,0.0
1111,"2022","Gujarat","24","Morbi","673","Morbi",0.0,0.0,0.0,0.0,16.0,0.0,0.0,0.0,0.0,23.0,0.0,0.0,0.0,0.0,0.0
1112,"2022","Gujarat","24","Narmada","452","Narmada",1.0,0.0,0.0,1.0,14.0,1.0,0.0,0.0,1.0,30.0,0.0,0.0,0.0,0.0,0.0
1113,"2022","Gujarat","24","Navsari","453","Navsari",4.0,0.0,0.0,4.0,77.0,5.0,1.0,0.0,6.0,72.0,0.0,0.0,0.0,0.0,0.0
1114,"2022","Gujarat","24","Panch Mahals","454","Panchmahal",6.0,0.0,0.0,6.0,51.0,9.0,0.0,0.0,9.0,87.0,0.0,0.0,0.0,0.0,0.0
1115,"2022","Gujarat","24","Patan","455","Patan",0.0,0.0,0.0,0.0,83.0,0.0,0.0,0.0,0.0,347.0,0.0,0.0,0.0,0.0,0.0
1116,"2022","Gujarat","24","Porbandar","456","Porbandar",4.0,0.0,0.0,4.0,8.0,2.0,1.0,1.0,4.0,25.0,0.0,0.0,0.0,0.0,0.0
1117,"2022","Gujarat","24","Rajkot","457","Rajkot City",0.0,0.0,9.0,9.0,264.0,0.0,0.0,12.0,12.0,426.0,0.0,0.0,0.0,0.0,0.0
1118,"2022","Gujarat","24","Rajkot","457","Rajkot Rural",3.0,2.0,0.0,5.0,96.0,1.0,26.0,37.0,64.0,342.0,0.0,0.0,0.0,0.0,0.0
1119,"2022","Gujarat","24","Sabar Kantha","458","Sabarkantha",2.0,0.0,0.0,2.0,72.0,4.0,0.0,0.0,4.0,208.0,0.0,0.0,0.0,0.0,0.0
1120,"2022","Gujarat","24","Surat","459","Surat City",213.0,23.0,34.0,270.0,849.0,106.0,12.0,99.0,217.0,1344.0,0.0,0.0,0.0,0.0,0.0
1121,"2022","Gujarat","24","Surat","459","Surat Rural",5.0,1.0,0.0,6.0,67.0,8.0,0.0,0.0,8.0,87.0,0.0,0.0,0.0,0.0,0.0
1122,"2022","Gujarat","24","Surendranagar","460","Surendranagar",1.0,0.0,0.0,1.0,23.0,3.0,0.0,0.0,3.0,37.0,0.0,0.0,0.0,0.0,0.0
1123,"2022","Gujarat","24","Tapi","641","Tapi",0.0,0.0,0.0,0.0,16.0,0.0,0.0,0.0,0.0,14.0,0.0,0.0,0.0,0.0,0.0
1124,"2022","Gujarat","24","Vadodara","461","Vadodara City",0.0,0.0,1.0,1.0,259.0,0.0,0.0,0.0,0.0,334.0,0.0,0.0,0.0,0.0,0.0
1125,"2022","Gujarat","24","Vadodara","461","Vadodara Rural",0.0,0.0,0.0,0.0,67.0,0.0,0.0,0.0,0.0,131.0,0.0,0.0,0.0,0.0,0.0
1126,"2022","Gujarat","24","Valsad","462","Valsad",10.0,3.0,2.0,15.0,73.0,8.0,1.0,1.0,10.0,124.0,0.0,0.0,0.0,0.0,0.0
1127,"2022","Gujarat","24","Ahmadabad","438","W.Rly Ahmedabad",0.0,0.0,0.0,0.0,10.0,0.0,0.0,0.0,0.0,5.0,0.0,0.0,0.0,0.0,0.0
1128,"2022","Gujarat","24","Vadodara","461","W.Rly Vadodara",0.0,0.0,0.0,0.0,10.0,0.0,1.0,3.0,4.0,11.0,0.0,0.0,0.0,0.0,0.0
1129,"2022","Gujarat","24","Ahmadabad","438","Cyber Ahmedabad Range",0.0,0.0,0.0,0.0,0.0,0.0,0.0,0.0,0.0,0.0,0.0,0.0,0.0,0.0,0.0
1130,"2022","Gujarat","24","Bhavnagar","443","Cyber Bhavnagar Range",0.0,0.0,0.0,0.0,0.0,0.0,0.0,0.0,0.0,0.0,0.0,0.0,0.0,0.0,0.0
1131,"2022","Gujarat","24","Cyber Border Range","9999","Cyber Border Range",0.0,0.0,0.0,0.0,0.0,0.0,0.0,0.0,0.0,0.0,0.0,0.0,0.0,0.0,0.0
1132,"2022","Gujarat","24","Gandhinagar","446","Cyber Gandhinagar Range",0.0,0.0,0.0,0.0,0.0,0.0,0.0,0.0,0.0,0.0,0.0,0.0,0.0,0.0,0.0
1133,"2022","Gujarat","24","Junagadh","448","Cyber Junagadh Range",0.0,0.0,0.0,0.0,0.0,0.0,0.0,0.0,0.0,0.0,0.0,0.0,0.0,0.0,0.0
1134,"2022","Gujarat","24","Panch Mahals","454","Cyber Panchmahal Range",0.0,0.0,0.0,0.0,0.0,0.0,0.0,0.0,0.0,0.0,0.0,0.0,0.0,0.0,0.0
1135,"2022","Gujarat","24","Rajkot","457","Cyber Rajkot Range",0.0,0.0,0.0,0.0,0.0,0.0,0.0,0.0,0.0,0.0,0.0,0.0,0.0,0.0,0.0
1136,"2022","Gujarat","24","Surat","459","Cyber Surat Range",0.0,0.0,0.0,0.0,0.0,0.0,0.0,0.0,0.0,0.0,0.0,0.0,0.0,0.0,0.0
1137,"2022","Gujarat","24","Vadodara","461","Cyber Vadodara Range",0.0,0.0,0.0,0.0,0.0,0.0,0.0,0.0,0.0,0.0,0.0,0.0,0.0,0.0,0.0
1138,"2022","Haryana","6","Ambala","58","Ambala",3.0,2.0,7.0,12.0,201.0,2.0,0.0,2.0,4.0,250.0,0.0,0.0,0.0,0.0,0.0
1139,"2022","Haryana","6","Bhiwani","59","Bhiwani",3.0,18.0,8.0,29.0,144.0,2.0,10.0,18.0,30.0,30.0,0.0,0.0,0.0,0.0,0.0
1140,"2022","Haryana","6","Faridabad","60","Faridabad",34.0,3.0,8.0,45.0,413.0,50.0,1.0,3.0,54.0,668.0,0.0,0.0,0.0,0.0,0.0
1141,"2022","Haryana","6","Fatehabad","61","Fatehabad",26.0,3.0,2.0,31.0,154.0,23.0,4.0,9.0,36.0,319.0,0.0,0.0,0.0,0.0,0.0
1142,"2022","Haryana","6","Ambala","58","Grp",1.0,1.0,1.0,3.0,18.0,4.0,0.0,0.0,4.0,13.0,0.0,0.0,0.0,0.0,0.0
1143,"2022","Haryana","6","Gurugram","62","Gurugram",6.0,18.0,14.0,38.0,189.0,8.0,92.0,113.0,213.0,347.0,0.0,0.0,0.0,0.0,0.0
1144,"2022","Haryana","6","Hisar","63","Hissar",8.0,20.0,22.0,50.0,310.0,1.0,12.0,27.0,40.0,607.0,0.0,0.0,0.0,0.0,0.0
1145,"2022","Haryana","6","Jhajjar","64","Jhajjar",15.0,6.0,12.0,33.0,146.0,12.0,1.0,17.0,30.0,358.0,0.0,0.0,0.0,0.0,0.0
1146,"2022","Haryana","6","Jind","65","Jind",0.0,1.0,0.0,1.0,28.0,0.0,0.0,2.0,2.0,28.0,0.0,0.0,0.0,0.0,0.0
1147,"2022","Haryana","6","Kaithal","66","Kaithal",24.0,10.0,5.0,39.0,148.0,15.0,8.0,11.0,34.0,233.0,0.0,0.0,0.0,0.0,0.0
1148,"2022","Haryana","6","Karnal","67","Karnal",4.0,18.0,36.0,58.0,462.0,8.0,27.0,36.0,71.0,695.0,0.0,0.0,0.0,0.0,0.0
1149,"2022","Haryana","6","Kurukshetra","68","Kurukshetra",12.0,20.0,12.0,44.0,220.0,9.0,30.0,29.0,68.0,336.0,0.0,0.0,0.0,0.0,0.0
1150,"2022","Haryana","6","Mahendragarh","69","Mahendergarh",15.0,13.0,11.0,39.0,94.0,17.0,1.0,7.0,25.0,271.0,0.0,0.0,0.0,0.0,0.0
1151,"2022","Haryana","6","Nuh","604","Nuh",7.0,11.0,1.0,19.0,48.0,5.0,1.0,2.0,8.0,85.0,0.0,0.0,0.0,0.0,0.0
1152,"2022","Haryana","6","Palwal","619","Palwal",16.0,20.0,19.0,55.0,140.0,9.0,8.0,13.0,30.0,257.0,0.0,0.0,0.0,0.0,0.0
1153,"2022","Haryana","6","Panchkula","70","Panchkula",5.0,11.0,1.0,17.0,105.0,2.0,59.0,26.0,87.0,213.0,0.0,0.0,0.0,0.0,0.0
1154,"2022","Haryana","6","Panipat","71","Panipat",110.0,88.0,54.0,252.0,247.0,81.0,81.0,107.0,269.0,269.0,0.0,0.0,0.0,0.0,0.0
1155,"2022","Haryana","6","Rewari","72","Rewari",24.0,12.0,18.0,54.0,131.0,16.0,19.0,23.0,58.0,282.0,0.0,0.0,0.0,0.0,0.0
1156,"2022","Haryana","6","Rohtak","73","Rohtak",4.0,26.0,52.0,82.0,454.0,6.0,28.0,21.0,55.0,309.0,0.0,0.0,0.0,0.0,0.0
1157,"2022","Haryana","6","Sirsa","74","Sirsa",2.0,7.0,10.0,19.0,173.0,5.0,32.0,81.0,118.0,451.0,0.0,0.0,0.0,0.0,0.0
1158,"2022","Haryana","6","Sonipat","75","Sonipat",47.0,34.0,25.0,106.0,292.0,36.0,52.0,67.0,155.0,645.0,0.0,0.0,0.0,0.0,1.0
1159,"2022","Haryana","6","Yamunanagar","76","Yamunanagar",39.0,19.0,16.0,74.0,276.0,19.0,29.0,64.0,112.0,362.0,0.0,0.0,0.0,0.0,0.0
1160,"2022","Haryana","6","Gurugram","62","Irrigation & Power",0.0,0.0,0.0,0.0,0.0,0.0,0.0,0.0,0.0,0.0,0.0,0.0,0.0,0.0,0.0
1161,"2022","Haryana","6","Charki Dadri","701","Charkhi Dadri",0.0,3.0,10.0,13.0,53.0,0.0,0.0,0.0,0.0,111.0,0.0,0.0,0.0,0.0,0.0
1162,"2022","Haryana","6","Hisar","63","Hansi",0.0,8.0,3.0,11.0,74.0,2.0,7.0,4.0,13.0,190.0,0.0,0.0,0.0,0.0,0.0
1163,"2022","Himachal Pradesh","2","Solan","25","Baddi",0.0,2.0,0.0,2.0,85.0,1.0,10.0,18.0,29.0,232.0,0.0,0.0,0.0,0.0,0.0
1164,"2022","Himachal Pradesh","2","Bilaspur","15","Bilaspur",1.0,1.0,4.0,6.0,55.0,0.0,3.0,18.0,21.0,124.0,0.0,0.0,0.0,0.0,0.0
1165,"2022","Himachal Pradesh","2","Chamba","16","Chamba",0.0,0.0,0.0,0.0,35.0,0.0,0.0,25.0,25.0,89.0,0.0,0.0,0.0,0.0,0.0
1166,"2022","Himachal Pradesh","2","Shimla","23","Cid",0.0,0.0,0.0,0.0,0.0,0.0,0.0,0.0,0.0,0.0,0.0,0.0,0.0,0.0,0.0
1167,"2022","Himachal Pradesh","2","Shimla","23","Grp",0.0,0.0,0.0,0.0,0.0,0.0,0.0,0.0,0.0,0.0,0.0,0.0,0.0,0.0,0.0
1168,"2022","Himachal Pradesh","2","Hamirpur","17","Hamirpur",1.0,4.0,3.0,8.0,52.0,1.0,2.0,3.0,6.0,78.0,0.0,0.0,0.0,0.0,0.0
1169,"2022","Himachal Pradesh","2","Kangra","18","Kangra",0.0,5.0,3.0,8.0,154.0,2.0,15.0,10.0,27.0,261.0,0.0,0.0,0.0,0.0,0.0
1170,"2022","Himachal Pradesh","2","Kinnaur","19","Kinnaur",0.0,1.0,0.0,1.0,26.0,0.0,3.0,3.0,6.0,26.0,0.0,0.0,0.0,0.0,0.0
1171,"2022","Himachal Pradesh","2","Kullu","20","Kullu",0.0,2.0,1.0,3.0,64.0,0.0,5.0,9.0,14.0,58.0,0.0,0.0,0.0,0.0,0.0
1172,"2022","Himachal Pradesh","2","Lahul And Spiti","21","Lahaul & Spiti",0.0,0.0,0.0,0.0,8.0,0.0,0.0,0.0,0.0,2.0,0.0,0.0,0.0,0.0,0.0
1173,"2022","Himachal Pradesh","2","Mandi","22","Mandi",0.0,9.0,4.0,13.0,87.0,1.0,12.0,30.0,43.0,235.0,0.0,0.0,0.0,0.0,0.0
1174,"2022","Himachal Pradesh","2","Shimla","23","Shimla",0.0,14.0,2.0,16.0,1.0,5.0,22.0,11.0,38.0,0.0,0.0,0.0,0.0,0.0,0.0
1175,"2022","Himachal Pradesh","2","Sirmaur","24","Sirmaur",0.0,4.0,1.0,5.0,53.0,5.0,3.0,10.0,18.0,117.0,0.0,0.0,0.0,0.0,0.0
1176,"2022","Himachal Pradesh","2","Solan","25","Solan",0.0,7.0,4.0,11.0,61.0,0.0,20.0,21.0,41.0,85.0,0.0,0.0,0.0,0.0,0.0
1177,"2022","Himachal Pradesh","2","Una","26","Una",0.0,2.0,0.0,2.0,16.0,0.0,10.0,18.0,28.0,6.0,0.0,0.0,0.0,0.0,0.0
1178,"2022","Himachal Pradesh","2","Shimla","23","Cyber",0.0,0.0,0.0,0.0,0.0,0.0,0.0,0.0,0.0,0.0,0.0,0.0,0.0,0.0,0.0
1179,"2022","Jharkhand","20","Bokaro","322","Bokaro",0.0,0.0,0.0,0.0,5.0,6.0,8.0,12.0,26.0,0.0,0.0,0.0,0.0,0.0,0.0
1180,"2022","Jharkhand","20","West Singhbhum","343","Chaibasa",1.0,17.0,0.0,18.0,23.0,0.0,19.0,2.0,21.0,42.0,0.0,0.0,0.0,0.0,0.0
1181,"2022","Jharkhand","20","Chatra","323","Chatra",3.0,2.0,4.0,9.0,28.0,3.0,2.0,2.0,7.0,57.0,0.0,0.0,0.0,0.0,0.0
1182,"2022","Jharkhand","20","Deoghar","324","Deoghar",1.0,8.0,1.0,10.0,0.0,0.0,0.0,3.0,3.0,0.0,0.0,0.0,0.0,0.0,0.0
1183,"2022","Jharkhand","20","Dhanbad","325","Dhanbad",0.0,0.0,0.0,0.0,0.0,0.0,0.0,0.0,0.0,0.0,0.0,0.0,0.0,0.0,0.0
1184,"2022","Jharkhand","20","Dhanbad","325","Dhanbad Railway",0.0,0.0,0.0,0.0,2.0,2.0,0.0,0.0,2.0,4.0,0.0,0.0,0.0,0.0,0.0
1185,"2022","Jharkhand","20","Dumka","326","Dumka",0.0,0.0,0.0,0.0,0.0,0.0,4.0,0.0,4.0,13.0,0.0,0.0,0.0,0.0,0.0
1186,"2022","Jharkhand","20","Garhwa","328","Garhwa",0.0,0.0,0.0,0.0,0.0,0.0,0.0,0.0,0.0,0.0,0.0,0.0,0.0,0.0,0.0
1187,"2022","Jharkhand","20","Giridih","329","Giridih",0.0,10.0,0.0,10.0,30.0,0.0,16.0,0.0,16.0,50.0,0.0,0.0,0.0,0.0,0.0
1188,"2022","Jharkhand","20","Godda","330","Godda",0.0,0.0,8.0,8.0,14.0,0.0,0.0,3.0,3.0,29.0,0.0,0.0,0.0,0.0,0.0
1189,"2022","Jharkhand","20","Gumla","331","Gumla",0.0,8.0,6.0,14.0,31.0,12.0,11.0,15.0,38.0,53.0,0.0,0.0,0.0,0.0,0.0
1190,"2022","Jharkhand","20","Hazaribagh","332","Hazaribagh",10.0,3.0,2.0,15.0,32.0,5.0,5.0,5.0,15.0,61.0,0.0,0.0,0.0,0.0,0.0
1191,"2022","Jharkhand","20","East Singhbum","327","Jamshedpur",3.0,6.0,5.0,14.0,43.0,2.0,3.0,2.0,7.0,40.0,0.0,0.0,0.0,0.0,0.0
1192,"2022","Jharkhand","20","East Singhbum","327","Jamshedpur Railway",1.0,0.0,0.0,1.0,5.0,0.0,0.0,0.0,0.0,2.0,0.0,0.0,0.0,0.0,0.0
1193,"2022","Jharkhand","20","Jamtara","333","Jamtara",0.0,0.0,6.0,6.0,16.0,0.0,0.0,4.0,4.0,34.0,0.0,0.0,0.0,0.0,0.0
1194,"2022","Jharkhand","20","Khunti","606","Khunti",0.0,1.0,0.0,1.0,0.0,0.0,11.0,0.0,11.0,0.0,0.0,0.0,0.0,0.0,0.0
1195,"2022","Jharkhand","20","Koderma","334","Koderma",0.0,2.0,2.0,4.0,5.0,0.0,1.0,2.0,3.0,7.0,0.0,0.0,0.0,0.0,0.0
1196,"2022","Jharkhand","20","Latehar","335","Latehar",1.0,7.0,1.0,9.0,19.0,2.0,14.0,4.0,20.0,5.0,0.0,0.0,0.0,0.0,0.0
1197,"2022","Jharkhand","20","Lohardaga","336","Lohardagga",4.0,6.0,4.0,14.0,26.0,4.0,17.0,26.0,47.0,60.0,0.0,0.0,0.0,0.0,0.0
1198,"2022","Jharkhand","20","Pakur","337","Pakur",1.0,0.0,0.0,1.0,3.0,0.0,0.0,0.0,0.0,2.0,0.0,0.0,0.0,0.0,0.0
1199,"2022","Jharkhand","20","Palamu","338","Palamu",2.0,2.0,1.0,5.0,0.0,0.0,2.0,3.0,5.0,2.0,0.0,0.0,0.0,0.0,0.0
1200,"2022","Jharkhand","20","Ramgarh","607","Ramgarh",0.0,0.0,0.0,0.0,0.0,0.0,0.0,0.0,0.0,0.0,0.0,0.0,0.0,0.0,0.0
1201,"2022","Jharkhand","20","Ranchi","339","Ranchi",0.0,15.0,0.0,15.0,42.0,0.0,14.0,0.0,14.0,67.0,0.0,0.0,0.0,0.0,0.0
1202,"2022","Jharkhand","20","Sahebganj","340","Sahebganj",0.0,1.0,2.0,3.0,3.0,0.0,3.0,1.0,4.0,4.0,0.0,0.0,0.0,0.0,0.0
1203,"2022","Jharkhand","20","Saraikela Kharsawan","341","Saraikela",0.0,0.0,0.0,0.0,0.0,0.0,0.0,0.0,0.0,0.0,0.0,0.0,0.0,0.0,0.0
1204,"2022","Jharkhand","20","Simdega","342","Simdega",0.0,0.0,0.0,0.0,0.0,0.0,0.0,0.0,0.0,0.0,0.0,0.0,0.0,0.0,0.0
1205,"2022","Karnataka","29","Bagalkote","524","Bagalkot",11.0,2.0,0.0,13.0,92.0,10.0,3.0,0.0,13.0,171.0,0.0,0.0,0.0,0.0,0.0
1206,"2022","Karnataka","29","Bengaluru Urban","525","Bengaluru City",95.0,11.0,1.0,107.0,1902.0,103.0,6.0,5.0,114.0,2729.0,0.0,0.0,0.0,0.0,0.0
1207,"2022","Karnataka","29","Bengaluru Urban","525","Bengaluru District",22.0,2.0,0.0,24.0,339.0,33.0,1.0,1.0,35.0,642.0,0.0,0.0,0.0,0.0,0.0
1208,"2022","Karnataka","29","Belagavi","527","Belagavi District",27.0,0.0,1.0,28.0,169.0,26.0,4.0,0.0,30.0,405.0,0.0,0.0,0.0,0.0,0.0
1209,"2022","Karnataka","29","Ballari","528","Ballari",7.0,1.0,2.0,10.0,111.0,12.0,1.0,0.0,13.0,110.0,0.0,0.0,0.0,0.0,0.0
1210,"2022","Karnataka","29","Bidar","529","Bidar",9.0,0.0,0.0,9.0,62.0,3.0,0.0,6.0,9.0,99.0,0.0,0.0,0.0,0.0,0.0
1211,"2022","Karnataka","29","Vijayapura","530","Vijayapura",18.0,2.0,0.0,20.0,119.0,11.0,0.0,0.0,11.0,247.0,0.0,0.0,0.0,0.0,0.0
1212,"2022","Karnataka","29","Chikkaballapura","630","Chikkaballapura",10.0,2.0,0.0,12.0,121.0,9.0,1.0,0.0,10.0,394.0,0.0,0.0,0.0,0.0,0.0
1213,"2022","Karnataka","29","Chamarajanagara","531","Chamarajnagar",0.0,5.0,8.0,13.0,88.0,0.0,2.0,10.0,12.0,164.0,0.0,0.0,0.0,0.0,0.0
1214,"2022","Karnataka","29","Chikkamagaluru","532","Chikkamagaluru",2.0,0.0,12.0,14.0,138.0,3.0,0.0,17.0,20.0,277.0,0.0,0.0,0.0,0.0,0.0
1215,"2022","Karnataka","29","Chitradurga","533","Chitradurga",9.0,7.0,0.0,16.0,158.0,9.0,3.0,0.0,12.0,493.0,0.0,0.0,0.0,0.0,0.0
1216,"2022","Karnataka","29","Dakshina Kannada","534","Dakshina Kannada",10.0,0.0,0.0,10.0,80.0,5.0,0.0,1.0,6.0,81.0,0.0,0.0,0.0,0.0,0.0
1217,"2022","Karnataka","29","Davangere","535","Davanagere",11.0,2.0,0.0,13.0,235.0,17.0,2.0,0.0,19.0,449.0,0.0,0.0,0.0,0.0,0.0
1218,"2022","Karnataka","29","Dharwad","536","Dharwad",4.0,0.0,0.0,4.0,77.0,4.0,1.0,0.0,5.0,89.0,0.0,0.0,0.0,0.0,0.0
1219,"2022","Karnataka","29","Gadag","537","Gadag",7.0,0.0,0.0,7.0,62.0,6.0,0.0,0.0,6.0,135.0,0.0,0.0,0.0,0.0,0.0
1220,"2022","Karnataka","29","Kalaburagi","538","Kalaburgi",10.0,0.0,0.0,10.0,47.0,7.0,0.0,0.0,7.0,115.0,0.0,0.0,0.0,0.0,0.0
1221,"2022","Karnataka","29","Hassan","539","Hassan",1.0,0.0,0.0,1.0,126.0,6.0,3.0,0.0,9.0,244.0,0.0,0.0,0.0,0.0,0.0
1222,"2022","Karnataka","29","Haveri","540","Haveri",3.0,4.0,0.0,7.0,100.0,9.0,8.0,0.0,17.0,264.0,0.0,0.0,0.0,0.0,0.0
1223,"2022","Karnataka","29","Dharwad","536","Hubballi Dharwad City",6.0,1.0,0.0,7.0,124.0,10.0,0.0,0.0,10.0,180.0,0.0,0.0,0.0,0.0,0.0
1224,"2022","Karnataka","29","Belagavi","527","K.G.F.",5.0,4.0,0.0,9.0,44.0,7.0,2.0,0.0,9.0,164.0,0.0,0.0,0.0,0.0,0.0
1225,"2022","Karnataka","29","Kodagu","541","Kodagu",0.0,2.0,4.0,6.0,54.0,0.0,4.0,3.0,7.0,88.0,0.0,0.0,0.0,0.0,0.0
1226,"2022","Karnataka","29","Kolar","542","Kolar",20.0,1.0,0.0,21.0,143.0,11.0,0.0,1.0,12.0,378.0,0.0,0.0,0.0,0.0,0.0
1227,"2022","Karnataka","29","Koppal","543","Koppal",10.0,0.0,0.0,10.0,66.0,8.0,0.0,0.0,8.0,174.0,0.0,0.0,0.0,0.0,0.0
1228,"2022","Karnataka","29","Mandya","544","Mandya",10.0,4.0,8.0,22.0,234.0,16.0,6.0,8.0,30.0,467.0,0.0,0.0,0.0,0.0,0.0
1229,"2022","Karnataka","29","Dakshina Kannada","534","Mangaluru City",10.0,0.0,0.0,10.0,88.0,1.0,0.0,0.0,1.0,85.0,0.0,0.0,0.0,0.0,0.0
1230,"2022","Karnataka","29","Mysuru","545","Mysuru City",9.0,0.0,0.0,9.0,193.0,9.0,2.0,0.0,11.0,243.0,0.0,0.0,0.0,0.0,0.0
1231,"2022","Karnataka","29","Mysuru","545","Mysuru District",0.0,10.0,15.0,25.0,254.0,8.0,6.0,8.0,22.0,446.0,0.0,0.0,0.0,0.0,0.0
1232,"2022","Karnataka","29","Raichur","546","Raichur",7.0,1.0,1.0,9.0,79.0,3.0,0.0,0.0,3.0,163.0,0.0,0.0,0.0,0.0,0.0
1233,"2022","Karnataka","29","Bengaluru Urban","525","K.Railways",0.0,0.0,0.0,0.0,11.0,0.0,0.0,0.0,0.0,9.0,0.0,0.0,0.0,0.0,0.0
1234,"2022","Karnataka","29","Ramanagara","631","Ramanagara",13.0,2.0,0.0,15.0,262.0,17.0,2.0,0.0,19.0,425.0,0.0,0.0,0.0,0.0,0.0
1235,"2022","Karnataka","29","Shivamogga","547","Shimoga",21.0,1.0,0.0,22.0,283.0,21.0,3.0,0.0,24.0,542.0,0.0,0.0,0.0,0.0,0.0
1236,"2022","Karnataka","29","Tumakuru","548","Tumakuru",27.0,0.0,1.0,28.0,185.0,14.0,2.0,0.0,16.0,499.0,0.0,0.0,0.0,0.0,0.0
1237,"2022","Karnataka","29","Udupi","549","Udupi",0.0,1.0,2.0,3.0,119.0,5.0,0.0,0.0,5.0,126.0,0.0,0.0,0.0,0.0,0.0
1238,"2022","Karnataka","29","Uttara Kannada","550","Uttara Kannada",11.0,2.0,0.0,13.0,136.0,14.0,2.0,0.0,16.0,205.0,0.0,0.0,0.0,0.0,0.0
1239,"2022","Karnataka","29","Yadgir","635","Yadgiri",0.0,0.0,0.0,0.0,27.0,0.0,0.0,0.0,0.0,61.0,0.0,0.0,0.0,0.0,0.0
1240,"2022","Karnataka","29","Belagavi","527","Belagavi City",2.0,0.0,0.0,2.0,84.0,3.0,0.0,1.0,4.0,132.0,0.0,0.0,0.0,0.0,0.0
1241,"2022","Karnataka","29","Kalaburagi","538","Kalaburgi City",5.0,0.0,0.0,5.0,56.0,9.0,0.0,0.0,9.0,95.0,0.0,0.0,0.0,0.0,0.0
1242,"2022","Karnataka","29","Vijayanagar","738","Vijayanagara",0.0,7.0,1.0,8.0,80.0,7.0,7.0,0.0,14.0,124.0,0.0,0.0,0.0,0.0,0.0
1243,"2022","Kerala","32","Alappuzha","554","Alapuzha",5.0,15.0,31.0,51.0,233.0,9.0,13.0,40.0,62.0,453.0,0.0,0.0,0.0,0.0,0.0
1244,"2022","Kerala","32","Ernakulam","555","Ernakulam Commr.",4.0,10.0,11.0,25.0,168.0,6.0,7.0,14.0,27.0,206.0,0.0,0.0,0.0,0.0,0.0
1245,"2022","Kerala","32","Ernakulam","555","Ernakulam Rural",7.0,14.0,11.0,32.0,231.0,15.0,14.0,29.0,58.0,343.0,0.0,0.0,0.0,0.0,0.0
1246,"2022","Kerala","32","Idukki","556","Idukki",15.0,15.0,9.0,39.0,154.0,5.0,7.0,43.0,55.0,231.0,0.0,0.0,0.0,0.0,0.0
1247,"2022","Kerala","32","Kannur","557","Kannur City",8.0,6.0,10.0,24.0,72.0,8.0,2.0,16.0,26.0,97.0,0.0,0.0,0.0,0.0,0.0
1248,"2022","Kerala","32","Kasaragod","558","Kasargod",16.0,6.0,9.0,31.0,112.0,8.0,7.0,11.0,26.0,160.0,0.0,0.0,0.0,0.0,0.0
1249,"2022","Kerala","32","Kollam","559","Kollam Commr.",21.0,14.0,32.0,67.0,180.0,21.0,11.0,33.0,65.0,405.0,0.0,0.0,0.0,0.0,0.0
1250,"2022","Kerala","32","Kollam","559","Kollam Rural",14.0,11.0,7.0,32.0,108.0,8.0,8.0,11.0,27.0,304.0,0.0,0.0,0.0,0.0,0.0
1251,"2022","Kerala","32","Kottayam","560","Kottayam",5.0,17.0,16.0,38.0,256.0,7.0,22.0,26.0,55.0,297.0,0.0,0.0,0.0,0.0,0.0
1252,"2022","Kerala","32","Kozhikode","561","Kozhikode Commr.",10.0,27.0,25.0,62.0,168.0,7.0,12.0,25.0,44.0,178.0,0.0,0.0,0.0,0.0,0.0
1253,"2022","Kerala","32","Kozhikode","561","Kozhikode Rural",13.0,23.0,18.0,54.0,186.0,17.0,9.0,19.0,45.0,340.0,0.0,0.0,0.0,0.0,0.0
1254,"2022","Kerala","32","Malappuram","562","Malappuram",25.0,36.0,24.0,85.0,177.0,26.0,10.0,33.0,69.0,275.0,0.0,0.0,0.0,0.0,0.0
1255,"2022","Kerala","32","Palakkad","563","Palakkad",8.0,16.0,32.0,56.0,193.0,11.0,24.0,35.0,70.0,324.0,0.0,0.0,0.0,0.0,0.0
1256,"2022","Kerala","32","Pathanamthitta","564","Pathanamthitta",17.0,19.0,2.0,38.0,118.0,12.0,11.0,17.0,40.0,342.0,0.0,0.0,0.0,0.0,0.0
1257,"2022","Kerala","32","Thiruvananthapuram","565","Railways",0.0,0.0,2.0,2.0,16.0,0.0,0.0,0.0,0.0,4.0,0.0,0.0,0.0,0.0,0.0
1258,"2022","Kerala","32","Thrissur","566","Thrissur Rural",7.0,12.0,5.0,24.0,210.0,13.0,9.0,14.0,36.0,253.0,0.0,0.0,0.0,0.0,0.0
1259,"2022","Kerala","32","Thiruvananthapuram","565","Trivandrum Commr.",6.0,5.0,10.0,21.0,146.0,4.0,11.0,19.0,34.0,229.0,0.0,0.0,0.0,0.0,0.0
1260,"2022","Kerala","32","Thiruvananthapuram","565","Trivandrum Rural",21.0,15.0,27.0,63.0,279.0,28.0,15.0,61.0,104.0,573.0,0.0,0.0,0.0,0.0,0.0
1261,"2022","Kerala","32","Wayanad","567","Wayanadu",0.0,9.0,10.0,19.0,102.0,3.0,8.0,23.0,34.0,128.0,0.0,0.0,0.0,0.0,0.0
1262,"2022","Kerala","32","Thiruvananthapuram","565","Crime Branch",0.0,0.0,0.0,0.0,0.0,0.0,0.0,0.0,0.0,0.0,0.0,0.0,0.0,0.0,0.0
1263,"2022","Kerala","32","Kannur","557","Kannur Rural",12.0,3.0,6.0,21.0,67.0,12.0,2.0,5.0,19.0,112.0,0.0,0.0,0.0,0.0,0.0
1264,"2022","Madhya Pradesh","23","Agar Malwa","667","Agar",0.0,4.0,5.0,9.0,79.0,0.0,14.0,24.0,38.0,181.0,0.0,0.0,0.0,0.0,0.0
1265,"2022","Madhya Pradesh","23","Alirajpur","639","Alirajpur",0.0,1.0,2.0,3.0,41.0,0.0,33.0,31.0,64.0,318.0,0.0,0.0,0.0,0.0,0.0
1266,"2022","Madhya Pradesh","23","Anuppur","390","Anuppur",8.0,15.0,12.0,35.0,136.0,1.0,52.0,84.0,137.0,349.0,0.0,0.0,0.0,0.0,0.0
1267,"2022","Madhya Pradesh","23","Ashoknagar","391","Ashok Nagar",6.0,9.0,19.0,34.0,137.0,1.0,20.0,67.0,88.0,298.0,0.0,0.0,0.0,0.0,0.0
1268,"2022","Madhya Pradesh","23","Balaghat","392","Balaghat",7.0,5.0,11.0,23.0,321.0,8.0,59.0,148.0,215.0,849.0,0.0,0.0,0.0,0.0,0.0
1269,"2022","Madhya Pradesh","23","Barwani","393","Barwani",3.0,3.0,4.0,10.0,149.0,2.0,22.0,133.0,157.0,517.0,0.0,0.0,0.0,0.0,0.0
1270,"2022","Madhya Pradesh","23","Betul","394","Betul",13.0,7.0,9.0,29.0,266.0,9.0,53.0,107.0,169.0,836.0,0.0,0.0,0.0,0.0,0.0
1271,"2022","Madhya Pradesh","23","Bhind","395","Bhind",4.0,16.0,9.0,29.0,0.0,2.0,56.0,37.0,95.0,0.0,0.0,0.0,0.0,0.0,0.0
1272,"2022","Madhya Pradesh","23","Bhopal","396","Bhopal Commissionarate",17.0,85.0,66.0,168.0,4.0,28.0,136.0,229.0,393.0,8.0,0.0,0.0,0.0,0.0,0.0
1273,"2022","Madhya Pradesh","23","Bhopal","396","Bhopal Railway",0.0,3.0,0.0,3.0,46.0,1.0,5.0,0.0,6.0,38.0,0.0,0.0,0.0,0.0,0.0
1274,"2022","Madhya Pradesh","23","Burhanpur","397","Burhanpur",11.0,8.0,3.0,22.0,135.0,11.0,39.0,39.0,89.0,234.0,0.0,0.0,0.0,0.0,0.0
1275,"2022","Madhya Pradesh","23","Chhatarpur","398","Chhatarpur",3.0,37.0,20.0,60.0,271.0,0.0,71.0,123.0,194.0,564.0,0.0,0.0,0.0,0.0,0.0
1276,"2022","Madhya Pradesh","23","Chhindwara","399","Chhindwara",2.0,7.0,6.0,15.0,407.0,1.0,58.0,16.0,75.0,1118.0,0.0,0.0,0.0,0.0,0.0
1277,"2022","Madhya Pradesh","23","Damoh","400","Damoh",3.0,21.0,7.0,31.0,0.0,6.0,75.0,62.0,143.0,0.0,0.0,0.0,0.0,0.0,0.0
1278,"2022","Madhya Pradesh","23","Datia","401","Datia",4.0,12.0,2.0,18.0,121.0,3.0,33.0,25.0,61.0,209.0,0.0,0.0,0.0,0.0,0.0
1279,"2022","Madhya Pradesh","23","Dewas","402","Dewas",0.0,0.0,0.0,0.0,0.0,0.0,0.0,0.0,0.0,0.0,0.0,0.0,0.0,0.0,0.0
1280,"2022","Madhya Pradesh","23","Dhar","403","Dhar",7.0,26.0,15.0,48.0,357.0,12.0,227.0,275.0,514.0,1297.0,0.0,0.0,0.0,0.0,0.0
1281,"2022","Madhya Pradesh","23","Dindori","404","Dindori",1.0,5.0,5.0,11.0,62.0,0.0,31.0,74.0,105.0,278.0,0.0,0.0,0.0,0.0,0.0
1282,"2022","Madhya Pradesh","23","Guna","406","Guna",1.0,3.0,15.0,19.0,231.0,2.0,44.0,64.0,110.0,311.0,0.0,0.0,0.0,0.0,0.0
1283,"2022","Madhya Pradesh","23","Gwalior","407","Gwalior",9.0,53.0,51.0,113.0,692.0,7.0,91.0,167.0,265.0,971.0,0.0,0.0,0.0,0.0,0.0
1284,"2022","Madhya Pradesh","23","Harda","408","Harda",3.0,4.0,3.0,10.0,152.0,1.0,57.0,76.0,134.0,427.0,0.0,0.0,0.0,0.0,0.0
1285,"2022","Madhya Pradesh","23","Narmadapuram","409","Narmadapuram",8.0,18.0,65.0,91.0,278.0,10.0,24.0,45.0,79.0,312.0,0.0,0.0,0.0,0.0,0.0
1286,"2022","Madhya Pradesh","23","Indore","410","Indore Commissionarate",21.0,84.0,61.0,166.0,1294.0,22.0,252.0,352.0,626.0,1931.0,0.0,0.0,0.0,0.0,0.0
1287,"2022","Madhya Pradesh","23","Indore","410","Indore Railway",4.0,0.0,0.0,4.0,13.0,4.0,1.0,0.0,5.0,27.0,0.0,0.0,0.0,0.0,0.0
1288,"2022","Madhya Pradesh","23","Jabalpur","411","Jabalpur",26.0,42.0,83.0,151.0,935.0,5.0,82.0,374.0,461.0,1515.0,0.0,0.0,0.0,0.0,0.0
1289,"2022","Madhya Pradesh","23","Jabalpur","411","Jabalpur Railway",1.0,0.0,1.0,2.0,30.0,0.0,1.0,2.0,3.0,31.0,0.0,0.0,0.0,0.0,0.0
1290,"2022","Madhya Pradesh","23","Jhabua","412","Jhabua",5.0,2.0,1.0,8.0,102.0,10.0,61.0,114.0,185.0,489.0,0.0,0.0,0.0,0.0,0.0
1291,"2022","Madhya Pradesh","23","Katni","413","Katni",5.0,31.0,24.0,60.0,297.0,2.0,69.0,140.0,211.0,590.0,0.0,0.0,0.0,0.0,0.0
1292,"2022","Madhya Pradesh","23","Indore","410","Khandwa",4.0,8.0,12.0,24.0,270.0,13.0,44.0,154.0,211.0,818.0,0.0,0.0,0.0,0.0,0.0
1293,"2022","Madhya Pradesh","23","Khargone","414","Khargone",28.0,17.0,9.0,54.0,287.0,37.0,121.0,151.0,309.0,902.0,0.0,0.0,0.0,0.0,0.0
1294,"2022","Madhya Pradesh","23","Mandla","415","Mandla",1.0,4.0,10.0,15.0,175.0,1.0,63.0,108.0,172.0,475.0,0.0,0.0,0.0,0.0,0.0
1295,"2022","Madhya Pradesh","23","Mandsaur","416","Mandsaur",0.0,10.0,18.0,28.0,0.0,1.0,39.0,92.0,132.0,2.0,0.0,0.0,0.0,0.0,0.0
1296,"2022","Madhya Pradesh","23","Morena","417","Morena",7.0,30.0,30.0,67.0,239.0,7.0,36.0,73.0,116.0,307.0,0.0,0.0,0.0,0.0,0.0
1297,"2022","Madhya Pradesh","23","Narsinghpur","418","Narsinghpur",0.0,0.0,0.0,0.0,349.0,0.0,0.0,0.0,0.0,563.0,0.0,0.0,0.0,0.0,0.0
1298,"2022","Madhya Pradesh","23","Neemuch","419","Neemuch",0.0,12.0,0.0,12.0,173.0,0.0,44.0,44.0,88.0,433.0,0.0,0.0,0.0,0.0,0.0
1299,"2022","Madhya Pradesh","23","Panna","420","Panna",6.0,12.0,17.0,35.0,163.0,4.0,57.0,91.0,152.0,330.0,0.0,0.0,0.0,0.0,0.0
1300,"2022","Madhya Pradesh","23","Raisen","421","Raisen",6.0,25.0,29.0,60.0,338.0,0.0,21.0,198.0,219.0,534.0,0.0,0.0,0.0,0.0,0.0
1301,"2022","Madhya Pradesh","23","Rajgarh","422","Rajgarh",0.0,0.0,0.0,0.0,0.0,0.0,0.0,0.0,0.0,0.0,0.0,0.0,0.0,0.0,0.0
1302,"2022","Madhya Pradesh","23","Ratlam","423","Ratlam",3.0,28.0,6.0,37.0,361.0,8.0,192.0,109.0,309.0,951.0,0.0,0.0,0.0,0.0,0.0
1303,"2022","Madhya Pradesh","23","Rewa","424","Rewa",16.0,45.0,73.0,134.0,10.0,7.0,101.0,269.0,377.0,0.0,0.0,0.0,0.0,0.0,0.0
1304,"2022","Madhya Pradesh","23","Sagar","425","Sagar",19.0,60.0,14.0,93.0,762.0,31.0,244.0,108.0,383.0,1212.0,0.0,0.0,0.0,0.0,0.0
1305,"2022","Madhya Pradesh","23","Satna","426","Satna",19.0,54.0,51.0,124.0,434.0,79.0,91.0,135.0,305.0,915.0,0.0,0.0,0.0,0.0,0.0
1306,"2022","Madhya Pradesh","23","Seoni","428","Seoni",12.0,10.0,10.0,32.0,291.0,11.0,48.0,133.0,192.0,675.0,0.0,0.0,0.0,0.0,0.0
1307,"2022","Madhya Pradesh","23","Shahdol","429","Shahdol",8.0,27.0,19.0,54.0,254.0,4.0,77.0,91.0,172.0,447.0,0.0,0.0,0.0,0.0,0.0
1308,"2022","Madhya Pradesh","23","Shajapur","430","Shajapur",2.0,10.0,10.0,22.0,115.0,1.0,22.0,50.0,73.0,337.0,0.0,0.0,0.0,0.0,0.0
1309,"2022","Madhya Pradesh","23","Sheopur","431","Sheopur",3.0,7.0,2.0,12.0,53.0,0.0,12.0,16.0,28.0,129.0,0.0,0.0,0.0,0.0,0.0
1310,"2022","Madhya Pradesh","23","Shivpuri","432","Shivpuri",13.0,27.0,19.0,59.0,220.0,5.0,59.0,113.0,177.0,491.0,0.0,0.0,0.0,0.0,0.0
1311,"2022","Madhya Pradesh","23","Sidhi","433","Sidhi",0.0,0.0,0.0,0.0,0.0,0.0,0.0,0.0,0.0,0.0,0.0,0.0,0.0,0.0,0.0
1312,"2022","Madhya Pradesh","23","Sehore","427","Sehore",6.0,16.0,8.0,30.0,285.0,9.0,68.0,74.0,151.0,603.0,0.0,0.0,0.0,0.0,0.0
1313,"2022","Madhya Pradesh","23","Singrauli","638","Singrauli",2.0,16.0,8.0,26.0,126.0,4.0,36.0,88.0,128.0,280.0,0.0,0.0,0.0,0.0,0.0
1314,"2022","Madhya Pradesh","23","Tikamgarh","434","Tikamgarh",2.0,12.0,2.0,16.0,61.0,2.0,56.0,58.0,116.0,136.0,0.0,0.0,0.0,0.0,0.0
1315,"2022","Madhya Pradesh","23","Ujjain","435","Ujjain",12.0,5.0,42.0,59.0,389.0,20.0,21.0,90.0,131.0,803.0,0.0,0.0,0.0,0.0,0.0
1316,"2022","Madhya Pradesh","23","Umaria","436","Umaria",1.0,9.0,9.0,19.0,0.0,2.0,35.0,11.0,48.0,4.0,0.0,0.0,0.0,0.0,0.0
1317,"2022","Madhya Pradesh","23","Vidisha","437","Vidisha",11.0,20.0,27.0,58.0,405.0,20.0,89.0,98.0,207.0,621.0,0.0,0.0,0.0,0.0,0.0
1318,"2022","Madhya Pradesh","23","Bhopal","396","Cyber Crime Cell",0.0,0.0,0.0,0.0,0.0,0.0,0.0,0.0,0.0,0.0,0.0,0.0,0.0,0.0,0.0
1319,"2022","Madhya Pradesh","23","Niwari","722","Niwari",1.0,2.0,3.0,6.0,47.0,1.0,9.0,20.0,30.0,111.0,0.0,0.0,0.0,0.0,0.0
1320,"2022","Madhya Pradesh","23","Bhopal","396","Bhopal Rural",0.0,3.0,13.0,16.0,1.0,0.0,11.0,40.0,51.0,51.0,0.0,0.0,0.0,0.0,0.0
1321,"2022","Madhya Pradesh","23","Indore","410","Indore Rural",1.0,14.0,7.0,22.0,268.0,1.0,80.0,86.0,167.0,532.0,0.0,0.0,0.0,0.0,0.0
1322,"2022","Maharashtra","27","Ahmednagar","466","Ahmednagar",0.0,0.0,86.0,86.0,1053.0,0.0,0.0,104.0,104.0,1666.0,0.0,0.0,0.0,0.0,0.0
1323,"2022","Maharashtra","27","Akola","467","Akola",0.0,0.0,0.0,0.0,381.0,0.0,0.0,0.0,0.0,553.0,0.0,0.0,0.0,0.0,0.0
1324,"2022","Maharashtra","27","Amravati","468","Amravati Commr.",0.0,0.0,0.0,0.0,335.0,0.0,0.0,0.0,0.0,450.0,0.0,0.0,0.0,0.0,0.0
1325,"2022","Maharashtra","27","Amravati","468","Amravati Rural",8.0,2.0,0.0,10.0,404.0,16.0,0.0,0.0,16.0,782.0,0.0,0.0,0.0,0.0,0.0
1326,"2022","Maharashtra","27","Aurangabad","469","Aurangabad Commr.",7.0,12.0,14.0,33.0,721.0,9.0,6.0,21.0,36.0,800.0,0.0,0.0,0.0,0.0,0.0
1327,"2022","Maharashtra","27","Aurangabad","469","Aurangabad Rural",0.0,0.0,0.0,0.0,428.0,0.0,0.0,0.0,0.0,484.0,0.0,0.0,0.0,0.0,0.0
1328,"2022","Maharashtra","27","Beed","470","Beed",2.0,7.0,18.0,27.0,391.0,5.0,29.0,60.0,94.0,525.0,0.0,0.0,0.0,0.0,0.0
1329,"2022","Maharashtra","27","Bhandara","471","Bhandara",0.0,0.0,0.0,0.0,247.0,0.0,0.0,0.0,0.0,475.0,0.0,0.0,0.0,0.0,0.0
1330,"2022","Maharashtra","27","Buldhana","472","Buldhana",53.0,5.0,1.0,59.0,434.0,50.0,4.0,1.0,55.0,648.0,0.0,0.0,0.0,0.0,0.0
1331,"2022","Maharashtra","27","Chandrapur","473","Chandrapur",0.0,0.0,0.0,0.0,620.0,0.0,0.0,0.0,0.0,997.0,0.0,0.0,0.0,0.0,0.0
1332,"2022","Maharashtra","27","Dhule","474","Dhule",0.0,0.0,0.0,0.0,381.0,0.0,0.0,0.0,0.0,596.0,0.0,0.0,0.0,0.0,0.0
1333,"2022","Maharashtra","27","Gadchiroli","475","Gadchiroli",7.0,6.0,3.0,16.0,155.0,7.0,3.0,24.0,34.0,322.0,0.0,0.0,0.0,0.0,0.0
1334,"2022","Maharashtra","27","Gondia","476","Gondia",0.0,0.0,0.0,0.0,222.0,0.0,0.0,0.0,0.0,399.0,0.0,0.0,0.0,0.0,0.0
1335,"2022","Maharashtra","27","Hingoli","477","Hingoli",0.0,0.0,0.0,0.0,186.0,0.0,0.0,0.0,0.0,175.0,0.0,0.0,0.0,0.0,0.0
1336,"2022","Maharashtra","27","Jalgaon","478","Jalgaon",31.0,41.0,20.0,92.0,781.0,34.0,42.0,15.0,91.0,1242.0,0.0,0.0,0.0,0.0,0.0
1337,"2022","Maharashtra","27","Jalna","479","Jalna",0.0,0.0,0.0,0.0,264.0,0.0,0.0,0.0,0.0,50.0,0.0,0.0,0.0,0.0,0.0
1338,"2022","Maharashtra","27","Kolhapur","480","Kolhapur",39.0,6.0,2.0,47.0,764.0,43.0,6.0,1.0,50.0,1452.0,0.0,0.0,0.0,0.0,0.0
1339,"2022","Maharashtra","27","Latur","481","Latur",0.0,0.0,0.0,0.0,303.0,0.0,0.0,0.0,0.0,455.0,0.0,0.0,0.0,0.0,0.0
1340,"2022","Maharashtra","27","Mumbai","482","Mumbai Commr.",140.0,19.0,13.0,172.0,4178.0,146.0,21.0,10.0,177.0,4437.0,0.0,0.0,0.0,0.0,0.0
1341,"2022","Maharashtra","27","Mumbai","482","Mumbai Railway",4.0,1.0,0.0,5.0,86.0,5.0,0.0,0.0,5.0,59.0,0.0,0.0,0.0,0.0,0.0
1342,"2022","Maharashtra","27","Nagpur","484","Nagpur Commr.",1.0,0.0,0.0,1.0,1523.0,2.0,0.0,0.0,2.0,1546.0,0.0,0.0,0.0,0.0,0.0
1343,"2022","Maharashtra","27","Nagpur","484","Nagpur Railway",0.0,0.0,0.0,0.0,20.0,0.0,0.0,0.0,0.0,14.0,0.0,0.0,0.0,0.0,0.0
1344,"2022","Maharashtra","27","Nagpur","484","Nagpur Rural",0.0,0.0,0.0,0.0,463.0,0.0,0.0,0.0,0.0,843.0,0.0,0.0,0.0,0.0,0.0
1345,"2022","Maharashtra","27","Nanded","485","Nanded",39.0,2.0,0.0,41.0,508.0,35.0,2.0,0.0,37.0,535.0,0.0,0.0,0.0,0.0,0.0
1346,"2022","Maharashtra","27","Nandurbar","486","Nandurbar",6.0,3.0,2.0,11.0,170.0,5.0,9.0,1.0,15.0,320.0,0.0,0.0,0.0,0.0,0.0
1347,"2022","Maharashtra","27","Nashik","487","Nasik Commr.",24.0,10.0,2.0,36.0,567.0,17.0,11.0,2.0,30.0,851.0,0.0,0.0,0.0,0.0,0.0
1348,"2022","Maharashtra","27","Nashik","487","Nasik Rural",2.0,0.0,3.0,5.0,910.0,1.0,2.0,3.0,6.0,1324.0,0.0,0.0,0.0,0.0,0.0
1349,"2022","Maharashtra","27","Mumbai Suburban","483","Navi Mumbai",65.0,0.0,0.0,65.0,793.0,41.0,0.0,0.0,41.0,912.0,0.0,0.0,0.0,0.0,0.0
1350,"2022","Maharashtra","27","Osmanabad","488","Osmanabad",11.0,20.0,0.0,31.0,204.0,15.0,9.0,0.0,24.0,352.0,0.0,0.0,0.0,0.0,0.0
1351,"2022","Maharashtra","27","Palghar","665","Palghar",5.0,0.0,0.0,5.0,222.0,4.0,0.0,0.0,4.0,416.0,0.0,0.0,0.0,0.0,0.0
1352,"2022","Maharashtra","27","Parbhani","489","Parbhani",0.0,0.0,0.0,0.0,226.0,0.0,0.0,0.0,0.0,270.0,0.0,0.0,0.0,0.0,0.0
1353,"2022","Maharashtra","27","Pune","490","Pune Commr.",7.0,27.0,23.0,57.0,1363.0,6.0,29.0,33.0,68.0,1482.0,0.0,0.0,0.0,0.0,0.0
1354,"2022","Maharashtra","27","Pune","490","Pune Railway",2.0,0.0,0.0,2.0,17.0,0.0,0.0,0.0,0.0,10.0,0.0,0.0,0.0,0.0,0.0
1355,"2022","Maharashtra","27","Pune","490","Pune Rural",69.0,42.0,13.0,124.0,1025.0,59.0,49.0,37.0,145.0,1549.0,0.0,0.0,0.0,0.0,0.0
1356,"2022","Maharashtra","27","Raigad","491","Raigad",2.0,0.0,0.0,2.0,240.0,7.0,2.0,0.0,9.0,300.0,0.0,0.0,0.0,0.0,0.0
1357,"2022","Maharashtra","27","Ratnagiri","492","Ratnagiri",0.0,0.0,0.0,0.0,241.0,0.0,0.0,0.0,0.0,258.0,0.0,0.0,0.0,0.0,0.0
1358,"2022","Maharashtra","27","Sangli","493","Sangli",33.0,4.0,1.0,38.0,684.0,40.0,1.0,0.0,41.0,1080.0,0.0,0.0,0.0,0.0,0.0
1359,"2022","Maharashtra","27","Satara","494","Satara",56.0,5.0,1.0,62.0,552.0,50.0,8.0,0.0,58.0,1133.0,0.0,0.0,0.0,0.0,0.0
1360,"2022","Maharashtra","27","Sindhudurg","495","Sindhudurg",4.0,0.0,0.0,4.0,82.0,4.0,1.0,0.0,5.0,124.0,0.0,0.0,0.0,0.0,0.0
1361,"2022","Maharashtra","27","Solapur","496","Solapur Commr.",2.0,4.0,2.0,8.0,334.0,1.0,3.0,3.0,7.0,422.0,0.0,0.0,0.0,0.0,0.0
1362,"2022","Maharashtra","27","Solapur","496","Solapur Rural",0.0,0.0,0.0,0.0,677.0,0.0,0.0,0.0,0.0,1073.0,0.0,0.0,0.0,0.0,0.0
1363,"2022","Maharashtra","27","Thane","497","Thane Commr.",126.0,46.0,8.0,180.0,2113.0,122.0,43.0,19.0,184.0,2462.0,0.0,0.0,0.0,0.0,0.0
1364,"2022","Maharashtra","27","Thane","497","Thane Rural",28.0,3.0,0.0,31.0,285.0,29.0,6.0,1.0,36.0,392.0,0.0,0.0,0.0,0.0,0.0
1365,"2022","Maharashtra","27","Wardha","498","Wardha",0.0,0.0,0.0,0.0,458.0,0.0,0.0,0.0,0.0,673.0,0.0,0.0,0.0,0.0,0.0
1366,"2022","Maharashtra","27","Washim","499","Washim",0.0,0.0,0.0,0.0,231.0,0.0,0.0,0.0,0.0,290.0,0.0,0.0,0.0,0.0,0.0
1367,"2022","Maharashtra","27","Yavatmal","500","Yavatmal",0.0,0.0,0.0,0.0,430.0,0.0,0.0,0.0,0.0,759.0,0.0,0.0,0.0,0.0,0.0
1368,"2022","Maharashtra","27","Pune","490","Pimpri Chinchwad City",15.0,9.0,79.0,103.0,1206.0,1.0,3.0,123.0,127.0,1614.0,0.0,0.0,0.0,0.0,0.0
1369,"2022","Maharashtra","27","Aurangabad","469","Aurangabad Railway",0.0,0.0,0.0,0.0,32.0,0.0,0.0,0.0,0.0,19.0,0.0,0.0,0.0,0.0,0.0
1370,"2022","Maharashtra","27","Thane","497","Mira Bhayandar Vasai Virar Commr.",31.0,3.0,61.0,95.0,997.0,42.0,7.0,71.0,120.0,1190.0,0.0,0.0,0.0,0.0,0.0
1371,"2022","Manipur","14","Bishnupur","252","Bishnupur",0.0,2.0,0.0,2.0,12.0,0.0,0.0,1.0,1.0,24.0,0.0,0.0,0.0,0.0,0.0
1372,"2022","Manipur","14","Chandel","253","Chandel",0.0,0.0,0.0,0.0,0.0,0.0,0.0,0.0,0.0,0.0,0.0,0.0,0.0,0.0,0.0
1373,"2022","Manipur","14","Churachandpur","254","Churachandpur",0.0,0.0,0.0,0.0,0.0,0.0,0.0,0.0,0.0,0.0,0.0,0.0,0.0,0.0,0.0
1374,"2022","Manipur","14","Imphal West","256","Cid",0.0,0.0,0.0,0.0,0.0,0.0,0.0,0.0,0.0,0.0,0.0,0.0,0.0,0.0,0.0
1375,"2022","Manipur","14","Imphal East","255","Imphal East",0.0,5.0,5.0,10.0,31.0,0.0,2.0,3.0,5.0,34.0,0.0,0.0,0.0,0.0,0.0
1376,"2022","Manipur","14","Imphal West","256","Imphal West",1.0,1.0,2.0,4.0,19.0,2.0,2.0,6.0,10.0,13.0,0.0,0.0,0.0,0.0,0.0
1377,"2022","Manipur","14","Senapati","257","Senapati",0.0,0.0,0.0,0.0,0.0,0.0,0.0,0.0,0.0,0.0,0.0,0.0,0.0,0.0,0.0
1378,"2022","Manipur","14","Tamenglong","258","Tamenglong",0.0,0.0,0.0,0.0,0.0,0.0,0.0,0.0,0.0,0.0,0.0,0.0,0.0,0.0,0.0
1379,"2022","Manipur","14","Thoubal","259","Thoubal",0.0,0.0,2.0,2.0,11.0,1.0,6.0,1.0,8.0,11.0,0.0,0.0,0.0,0.0,0.0
1380,"2022","Manipur","14","Ukhrul","260","Ukhrul",0.0,0.0,0.0,0.0,0.0,0.0,0.0,0.0,0.0,0.0,0.0,0.0,0.0,0.0,0.0
1381,"2022","Manipur","14","Kakching","711","Kakching",0.0,1.0,10.0,11.0,14.0,2.0,2.0,1.0,5.0,31.0,0.0,0.0,0.0,0.0,0.0
1382,"2022","Manipur","14","Kamjong","717","Kamjong",0.0,0.0,0.0,0.0,0.0,0.0,0.0,0.0,0.0,0.0,0.0,0.0,0.0,0.0,0.0
1383,"2022","Manipur","14","Kangpokpi","712","Kangpokpi",0.0,0.0,0.0,0.0,0.0,0.0,0.0,0.0,0.0,0.0,0.0,0.0,0.0,0.0,0.0
1384,"2022","Manipur","14","Jiribam","713","Jiribam",0.0,0.0,0.0,0.0,8.0,0.0,2.0,0.0,2.0,7.0,0.0,0.0,0.0,0.0,0.0
1385,"2022","Manipur","14","Noney","714","Noney",0.0,0.0,0.0,0.0,0.0,0.0,0.0,0.0,0.0,0.0,0.0,0.0,0.0,0.0,0.0
1386,"2022","Manipur","14","Pherzawl","715","Pherzawl",0.0,0.0,0.0,0.0,0.0,0.0,0.0,0.0,0.0,0.0,0.0,0.0,0.0,0.0,0.0
1387,"2022","Manipur","14","Tengnoupal","716","Tengnoupal",0.0,0.0,0.0,0.0,0.0,0.0,0.0,0.0,0.0,0.0,0.0,0.0,0.0,0.0,0.0
1388,"2022","Manipur","14","Imphal West","256","Narcotic",0.0,0.0,0.0,0.0,0.0,0.0,0.0,0.0,0.0,0.0,0.0,0.0,0.0,0.0,0.0
1389,"2022","Meghalaya","17","East Garo Hills","273","Garo Hills East",0.0,0.0,0.0,0.0,0.0,0.0,0.0,1.0,1.0,0.0,0.0,0.0,0.0,0.0,1.0
1390,"2022","Meghalaya","17","North Garo Hills","656","Garo Hills North",0.0,0.0,0.0,0.0,0.0,0.0,0.0,0.0,0.0,0.0,0.0,0.0,0.0,0.0,0.0
1391,"2022","Meghalaya","17","South Garo Hills","277","Garo Hills South",0.0,0.0,0.0,0.0,0.0,0.0,0.0,0.0,0.0,0.0,0.0,0.0,0.0,0.0,0.0
1392,"2022","Meghalaya","17","South West Garo Hills","663","Garo Hills South West",0.0,0.0,2.0,2.0,0.0,0.0,0.0,0.0,0.0,0.0,0.0,0.0,0.0,0.0,0.0
1393,"2022","Meghalaya","17","West Garo Hills","278","Garo Hills West",0.0,0.0,0.0,0.0,0.0,0.0,0.0,0.0,0.0,0.0,0.0,0.0,0.0,0.0,0.0
1394,"2022","Meghalaya","17","West Jaintia Hills","275","Jaintia Hills West",1.0,0.0,2.0,3.0,1.0,0.0,1.0,0.0,1.0,0.0,0.0,0.0,0.0,0.0,0.0
1395,"2022","Meghalaya","17","East Jaintia Hills","657","Jaintia Hills East",1.0,0.0,5.0,6.0,1.0,0.0,0.0,0.0,0.0,0.0,0.0,0.0,0.0,0.0,0.0
1396,"2022","Meghalaya","17","East Khasi Hills","274","Khasi Hills East",0.0,0.0,0.0,0.0,0.0,0.0,0.0,0.0,0.0,0.0,0.0,0.0,0.0,0.0,0.0
1397,"2022","Meghalaya","17","South West Khasi Hills","658","Khasi Hills South West",1.0,0.0,0.0,1.0,0.0,0.0,0.0,0.0,0.0,0.0,0.0,0.0,0.0,0.0,0.0
1398,"2022","Meghalaya","17","West Khasi Hills","279","Khasi Hills West",0.0,0.0,0.0,0.0,0.0,0.0,0.0,0.0,0.0,0.0,0.0,0.0,0.0,0.0,0.0
1399,"2022","Meghalaya","17","Ri Bhoi","276","Ri-Bhoi",0.0,3.0,8.0,11.0,0.0,0.0,0.0,0.0,0.0,0.0,0.0,0.0,0.0,0.0,0.0
1400,"2022","Meghalaya","17","East Khasi Hills","274","Cyber Cell",0.0,0.0,0.0,0.0,0.0,0.0,0.0,0.0,0.0,0.0,0.0,0.0,0.0,0.0,0.0
1401,"2022","Meghalaya","17","Eastern West Khasi Hills","740","Khasi Hills Eastern West",0.0,0.0,0.0,0.0,0.0,0.0,0.0,0.0,0.0,0.0,0.0,0.0,0.0,0.0,0.0
1402,"2022","Mizoram","15","Aizawl","261","Aizawl",0.0,0.0,0.0,0.0,0.0,0.0,0.0,0.0,0.0,0.0,0.0,0.0,0.0,0.0,0.0
1403,"2022","Mizoram","15","Champhai","262","Champhai",0.0,0.0,0.0,0.0,0.0,0.0,0.0,0.0,0.0,0.0,0.0,0.0,0.0,0.0,0.0
1404,"2022","Mizoram","15","Kolasib","263","Kolasib",0.0,0.0,0.0,0.0,0.0,0.0,1.0,0.0,1.0,0.0,0.0,0.0,0.0,0.0,0.0
1405,"2022","Mizoram","15","Lawngtlai","264","Lawngtlai",0.0,0.0,0.0,0.0,0.0,0.0,0.0,0.0,0.0,0.0,0.0,0.0,0.0,0.0,0.0
1406,"2022","Mizoram","15","Lunglei","265","Lunglei",0.0,0.0,0.0,0.0,0.0,0.0,0.0,0.0,0.0,0.0,0.0,0.0,0.0,0.0,0.0
1407,"2022","Mizoram","15","Mamit","266","Mamit",0.0,0.0,0.0,0.0,0.0,0.0,0.0,0.0,0.0,0.0,0.0,0.0,0.0,0.0,0.0
1408,"2022","Mizoram","15","Saiha","267","Saiha",0.0,0.0,0.0,0.0,0.0,0.0,0.0,0.0,0.0,0.0,0.0,0.0,0.0,0.0,0.0
1409,"2022","Mizoram","15","Serchhip","268","Serchhip",0.0,0.0,0.0,0.0,0.0,0.0,0.0,0.0,0.0,0.0,0.0,0.0,0.0,0.0,0.0
1410,"2022","Mizoram","15","Aizawl","261","Spl Narcotic",0.0,0.0,0.0,0.0,0.0,0.0,0.0,0.0,0.0,0.0,0.0,0.0,0.0,0.0,0.0
1411,"2022","Mizoram","15","Saitual","727","Saitual",0.0,0.0,0.0,0.0,0.0,0.0,0.0,0.0,0.0,0.0,0.0,0.0,0.0,0.0,0.0
1412,"2022","Mizoram","15","Khawzawl","728","Khawzawl",0.0,0.0,0.0,0.0,0.0,0.0,0.0,0.0,0.0,0.0,0.0,0.0,0.0,0.0,0.0
1413,"2022","Mizoram","15","Hnahthial","726","Hnahthial",0.0,0.0,0.0,0.0,0.0,0.0,0.0,0.0,0.0,0.0,0.0,0.0,0.0,0.0,0.0
1414,"2022","Mizoram","15","Aizawl","261","Cyber",0.0,0.0,0.0,0.0,0.0,0.0,0.0,0.0,0.0,0.0,0.0,0.0,0.0,0.0,0.0
1415,"2022","Nagaland","13","Dimapur","244","Dimapur",1.0,0.0,0.0,1.0,0.0,0.0,1.0,1.0,2.0,0.0,0.0,0.0,0.0,0.0,0.0
1416,"2022","Nagaland","13","Kiphire","614","Kiphire",0.0,0.0,0.0,0.0,0.0,0.0,0.0,0.0,0.0,0.0,0.0,0.0,0.0,0.0,0.0
1417,"2022","Nagaland","13","Kohima","245","Kohima",2.0,0.0,0.0,2.0,0.0,1.0,18.0,16.0,35.0,5.0,0.0,0.0,0.0,0.0,0.0
1418,"2022","Nagaland","13","Longleng","615","Longleng",0.0,0.0,0.0,0.0,0.0,0.0,0.0,0.0,0.0,0.0,0.0,0.0,0.0,0.0,0.0
1419,"2022","Nagaland","13","Mokokchung","246","Mokokchung",0.0,0.0,0.0,0.0,0.0,0.0,0.0,0.0,0.0,0.0,0.0,0.0,0.0,0.0,0.0
1420,"2022","Nagaland","13","Mon","247","Mon",0.0,0.0,0.0,0.0,0.0,0.0,0.0,0.0,0.0,0.0,0.0,0.0,0.0,0.0,0.0
1421,"2022","Nagaland","13","Peren","613","Peren",0.0,0.0,0.0,0.0,0.0,0.0,0.0,0.0,0.0,0.0,0.0,0.0,0.0,0.0,0.0
1422,"2022","Nagaland","13","Phek","248","Phek",0.0,0.0,0.0,0.0,0.0,0.0,0.0,0.0,0.0,0.0,0.0,0.0,0.0,0.0,0.0
1423,"2022","Nagaland","13","Tuensang","249","Tuensang",0.0,0.0,0.0,0.0,0.0,0.0,0.0,0.0,0.0,0.0,0.0,0.0,0.0,0.0,0.0
1424,"2022","Nagaland","13","Wokha","250","Wokha",0.0,0.0,0.0,0.0,0.0,0.0,0.0,0.0,0.0,0.0,0.0,0.0,0.0,0.0,0.0
1425,"2022","Nagaland","13","Zunheboto","251","Zunheboto",0.0,0.0,1.0,1.0,0.0,0.0,0.0,0.0,0.0,0.0,0.0,0.0,0.0,0.0,0.0
1426,"2022","Odisha","21","Anugul","344","Angul",0.0,0.0,0.0,0.0,0.0,0.0,0.0,0.0,0.0,0.0,0.0,0.0,0.0,0.0,0.0
1427,"2022","Odisha","21","Baleshwar","346","Balasore",0.0,0.0,0.0,0.0,0.0,0.0,0.0,0.0,0.0,0.0,0.0,0.0,0.0,0.0,0.0
1428,"2022","Odisha","21","Bargarh","347","Baragarh",0.0,0.0,0.0,0.0,0.0,0.0,0.0,0.0,0.0,0.0,0.0,0.0,0.0,0.0,0.0
1429,"2022","Odisha","21","Baleshwar","346","Berhampur",0.0,0.0,0.0,0.0,0.0,0.0,0.0,0.0,0.0,0.0,0.0,0.0,0.0,0.0,0.0
1430,"2022","Odisha","21","Bhadrak","348","Bhadrak",0.0,0.0,0.0,0.0,0.0,0.0,0.0,0.0,0.0,0.0,0.0,0.0,0.0,0.0,0.0
1431,"2022","Odisha","21","Balangir","345","Bolangir",0.0,0.0,0.0,0.0,0.0,0.0,0.0,0.0,0.0,0.0,0.0,0.0,0.0,0.0,0.0
1432,"2022","Odisha","21","Boudh","349","Boudh",0.0,0.0,0.0,0.0,0.0,0.0,0.0,0.0,0.0,0.0,0.0,0.0,0.0,0.0,0.0
1433,"2022","Odisha","21","Cuttack","350","Cuttack",0.0,0.0,0.0,0.0,0.0,0.0,0.0,0.0,0.0,0.0,0.0,0.0,0.0,0.0,0.0
1434,"2022","Odisha","21","Khordha","362","Dcp Bbsr",0.0,0.0,0.0,0.0,0.0,0.0,0.0,0.0,0.0,0.0,0.0,0.0,0.0,0.0,0.0
1435,"2022","Odisha","21","Cuttack","350","Dcp Ctc",0.0,0.0,0.0,0.0,0.0,0.0,0.0,0.0,0.0,0.0,0.0,0.0,0.0,0.0,0.0
1436,"2022","Odisha","21","Deogarh","351","Deogarh",0.0,0.0,0.0,0.0,0.0,0.0,0.0,0.0,0.0,0.0,0.0,0.0,0.0,0.0,0.0
1437,"2022","Odisha","21","Dhenkanal","352","Dhenkanal",0.0,0.0,0.0,0.0,0.0,0.0,0.0,0.0,0.0,0.0,0.0,0.0,0.0,0.0,0.0
1438,"2022","Odisha","21","Gajapati","353","Gajapati",0.0,0.0,0.0,0.0,0.0,0.0,0.0,0.0,0.0,0.0,0.0,0.0,0.0,0.0,0.0
1439,"2022","Odisha","21","Ganjam","354","Ganjam",0.0,0.0,0.0,0.0,0.0,0.0,0.0,0.0,0.0,0.0,0.0,0.0,0.0,0.0,0.0
1440,"2022","Odisha","21","Jagatsinghapur","355","Jagatsinghpur",0.0,0.0,0.0,0.0,0.0,0.0,0.0,0.0,0.0,0.0,0.0,0.0,0.0,0.0,0.0
1441,"2022","Odisha","21","Jajapur","356","Jajpur",0.0,0.0,0.0,0.0,0.0,0.0,0.0,0.0,0.0,0.0,0.0,0.0,0.0,0.0,0.0
1442,"2022","Odisha","21","Jharsuguda","357","Jharsuguda",0.0,0.0,0.0,0.0,0.0,0.0,0.0,0.0,0.0,0.0,0.0,0.0,0.0,0.0,0.0
1443,"2022","Odisha","21","Kalahandi","358","Kalahandi",0.0,0.0,0.0,0.0,0.0,0.0,0.0,0.0,0.0,0.0,0.0,0.0,0.0,0.0,0.0
1444,"2022","Odisha","21","Kandhamal","359","Kandhamal",0.0,0.0,0.0,0.0,0.0,0.0,0.0,0.0,0.0,0.0,0.0,0.0,0.0,0.0,0.0
1445,"2022","Odisha","21","Kendrapara","360","Kendrapara",0.0,0.0,0.0,0.0,0.0,0.0,0.0,0.0,0.0,0.0,0.0,0.0,0.0,0.0,0.0
1446,"2022","Odisha","21","Kendujhar","361","Keonjhar",0.0,0.0,0.0,0.0,0.0,0.0,0.0,0.0,0.0,0.0,0.0,0.0,0.0,0.0,0.0
1447,"2022","Odisha","21","Khordha","362","Khurda",0.0,0.0,0.0,0.0,0.0,0.0,0.0,0.0,0.0,0.0,0.0,0.0,0.0,0.0,0.0
1448,"2022","Odisha","21","Koraput","363","Koraput",0.0,0.0,0.0,0.0,0.0,0.0,0.0,0.0,0.0,0.0,0.0,0.0,0.0,0.0,0.0
1449,"2022","Odisha","21","Malkangiri","364","Malkangiri",0.0,0.0,0.0,0.0,0.0,0.0,0.0,0.0,0.0,0.0,0.0,0.0,0.0,0.0,0.0
1450,"2022","Odisha","21","Mayurbhanj","365","Mayurbhanj",0.0,0.0,0.0,0.0,0.0,0.0,0.0,0.0,0.0,0.0,0.0,0.0,0.0,0.0,0.0
1451,"2022","Odisha","21","Nayagarh","367","Nayagarh",0.0,0.0,0.0,0.0,0.0,0.0,0.0,0.0,0.0,0.0,0.0,0.0,0.0,0.0,0.0
1452,"2022","Odisha","21","Nabarangpur","366","Nabarangpur",0.0,0.0,0.0,0.0,0.0,0.0,0.0,0.0,0.0,0.0,0.0,0.0,0.0,0.0,0.0
1453,"2022","Odisha","21","Nuapada","368","Nuapada",0.0,0.0,0.0,0.0,0.0,0.0,0.0,0.0,0.0,0.0,0.0,0.0,0.0,0.0,0.0
1454,"2022","Odisha","21","Puri","369","Puri",0.0,0.0,0.0,0.0,0.0,0.0,0.0,0.0,0.0,0.0,0.0,0.0,0.0,0.0,0.0
1455,"2022","Odisha","21","Rayagada","370","Rayagada",0.0,0.0,0.0,0.0,0.0,0.0,0.0,0.0,0.0,0.0,0.0,0.0,0.0,0.0,0.0
1456,"2022","Odisha","21","Sundargarh","373","Rourkela",0.0,0.0,0.0,0.0,0.0,0.0,0.0,0.0,0.0,0.0,0.0,0.0,0.0,0.0,0.0
1457,"2022","Odisha","21","Sambalpur","371","Sambalpur",0.0,0.0,0.0,0.0,0.0,0.0,0.0,0.0,0.0,0.0,0.0,0.0,0.0,0.0,0.0
1458,"2022","Odisha","21","Sonepur","372","Sonepur",0.0,0.0,0.0,0.0,0.0,0.0,0.0,0.0,0.0,0.0,0.0,0.0,0.0,0.0,0.0
1459,"2022","Odisha","21","Cuttack","350","Srp(Cuttack)",0.0,0.0,0.0,0.0,0.0,0.0,0.0,0.0,0.0,0.0,0.0,0.0,0.0,0.0,0.0
1460,"2022","Odisha","21","Sundargarh","373","Srp(Rourkela)",0.0,0.0,0.0,0.0,0.0,0.0,0.0,0.0,0.0,0.0,0.0,0.0,0.0,0.0,0.0
1461,"2022","Odisha","21","Sundargarh","373","Sundargarh",0.0,0.0,0.0,0.0,0.0,0.0,0.0,0.0,0.0,0.0,0.0,0.0,0.0,0.0,0.0
1462,"2022","Odisha","21","Cuttack","350","Cid Cb",75.0,150.0,282.0,507.0,4010.0,427.0,902.0,2921.0,4250.0,9820.0,0.0,0.0,0.0,0.0,0.0
1463,"2022","Punjab","3","Amritsar","27","Amritsar Rural",1.0,5.0,0.0,6.0,42.0,3.0,47.0,31.0,81.0,43.0,0.0,0.0,0.0,0.0,0.0
1464,"2022","Punjab","3","Barnala","605","Barnala",0.0,0.0,0.0,0.0,0.0,0.0,0.0,0.0,0.0,0.0,0.0,0.0,0.0,0.0,0.0
1465,"2022","Punjab","3","Gurdaspur","32","Batala",0.0,0.0,0.0,0.0,27.0,0.0,0.0,0.0,0.0,0.0,0.0,0.0,0.0,0.0,0.0
1466,"2022","Punjab","3","Bathinda","28","Bathinda",4.0,7.0,0.0,11.0,49.0,1.0,24.0,54.0,79.0,51.0,0.0,0.0,0.0,0.0,0.0
1467,"2022","Punjab","3","Amritsar","27","Cp Amritsar",3.0,2.0,2.0,7.0,44.0,3.0,27.0,15.0,45.0,38.0,0.0,0.0,0.0,0.0,0.0
1468,"2022","Punjab","3","Jalandhar","34","Cp Jalandhar",3.0,9.0,3.0,15.0,180.0,1.0,34.0,41.0,76.0,289.0,0.0,0.0,0.0,0.0,0.0
1469,"2022","Punjab","3","Ludhiana","36","Cp Ludhiana",8.0,14.0,3.0,25.0,31.0,4.0,25.0,16.0,45.0,32.0,0.0,0.0,0.0,0.0,0.0
1470,"2022","Punjab","3","Faridkot","29","Faridkot",0.0,1.0,0.0,1.0,2.0,0.0,16.0,5.0,21.0,0.0,0.0,0.0,0.0,0.0,0.0
1471,"2022","Punjab","3","Fatehgarh Sahib","30","Fatehgarh Sahib",0.0,0.0,2.0,2.0,3.0,0.0,28.0,14.0,42.0,24.0,0.0,0.0,0.0,0.0,0.0
1472,"2022","Punjab","3","Fazilka","651","Fazilka",6.0,2.0,3.0,11.0,59.0,4.0,3.0,20.0,27.0,46.0,0.0,0.0,0.0,0.0,0.0
1473,"2022","Punjab","3","Ferozepur","31","Ferozepur",0.0,0.0,0.0,0.0,47.0,1.0,26.0,19.0,46.0,38.0,0.0,0.0,0.0,0.0,0.0
1474,"2022","Punjab","3","Patiala","41","Grp",1.0,1.0,1.0,3.0,7.0,0.0,1.0,1.0,2.0,1.0,0.0,0.0,0.0,0.0,0.0
1475,"2022","Punjab","3","Gurdaspur","32","Gurdaspur",1.0,1.0,1.0,3.0,15.0,0.0,6.0,19.0,25.0,10.0,0.0,0.0,0.0,0.0,0.0
1476,"2022","Punjab","3","Hoshiarpur","33","Hoshiarpur",0.0,2.0,9.0,11.0,95.0,0.0,34.0,58.0,92.0,132.0,0.0,0.0,0.0,0.0,0.0
1477,"2022","Punjab","3","Jalandhar","34","Jalandhar Rural",2.0,3.0,0.0,5.0,91.0,3.0,4.0,0.0,7.0,136.0,0.0,0.0,0.0,0.0,0.0
1478,"2022","Punjab","3","Kapurthala","35","Kapurthala",2.0,7.0,0.0,9.0,19.0,0.0,5.0,2.0,7.0,33.0,0.0,0.0,0.0,0.0,0.0
1479,"2022","Punjab","3","Ludhiana","36","Khanna",2.0,3.0,3.0,8.0,68.0,9.0,1.0,12.0,22.0,62.0,0.0,0.0,0.0,0.0,0.0
1480,"2022","Punjab","3","Ludhiana","36","Ludhiana Rural",0.0,1.0,1.0,2.0,17.0,2.0,17.0,26.0,45.0,30.0,0.0,0.0,0.0,0.0,0.0
1481,"2022","Punjab","3","Mansa","37","Mansa",0.0,1.0,2.0,3.0,51.0,0.0,1.0,0.0,1.0,21.0,0.0,0.0,0.0,0.0,0.0
1482,"2022","Punjab","3","Moga","38","Moga",0.0,1.0,1.0,2.0,78.0,1.0,0.0,0.0,1.0,48.0,0.0,0.0,0.0,0.0,0.0
1483,"2022","Punjab","3","Sri Muktsar Sahib","39","Muktsar",2.0,3.0,0.0,5.0,54.0,3.0,0.0,2.0,5.0,136.0,0.0,0.0,0.0,0.0,0.0
1484,"2022","Punjab","3","Pathankot","662","Pathankot",1.0,3.0,3.0,7.0,38.0,0.0,0.0,4.0,4.0,33.0,0.0,0.0,0.0,0.0,0.0
1485,"2022","Punjab","3","Patiala","41","Patiala",10.0,9.0,5.0,24.0,24.0,7.0,42.0,72.0,121.0,51.0,0.0,0.0,0.0,0.0,0.0
1486,"2022","Punjab","3","Rupnagar","42","Ropar",3.0,4.0,1.0,8.0,40.0,2.0,5.0,19.0,26.0,30.0,0.0,0.0,0.0,0.0,0.0
1487,"2022","Punjab","3","Sangrur","43","Sangrur",1.0,6.0,4.0,11.0,7.0,4.0,29.0,22.0,55.0,19.0,0.0,0.0,0.0,0.0,0.0
1488,"2022","Punjab","3","S.A.S Nagar","608","Sas Nagar",0.0,0.0,0.0,0.0,0.0,0.0,0.0,0.0,0.0,0.0,0.0,0.0,0.0,0.0,0.0
1489,"2022","Punjab","3","Shahid Bhagat Singh Nagar","40","Sbs Nagar",1.0,4.0,0.0,5.0,0.0,2.0,17.0,14.0,33.0,0.0,0.0,0.0,0.0,0.0,0.0
1490,"2022","Punjab","3","Tarn Taran","609","Tarn Taran",0.0,1.0,0.0,1.0,51.0,0.0,0.0,2.0,2.0,61.0,0.0,0.0,0.0,0.0,0.0
1491,"2022","Punjab","3","S.A.S Nagar","608","Bureau Of Investigation",0.0,0.0,0.0,0.0,0.0,0.0,0.0,0.0,0.0,0.0,0.0,0.0,0.0,0.0,0.0
1492,"2022","Punjab","3","S.A.S Nagar","608","Intelligence Wing",0.0,0.0,0.0,0.0,0.0,0.0,0.0,0.0,0.0,0.0,0.0,0.0,0.0,0.0,0.0
1493,"2022","Punjab","3","S.A.S Nagar","608","Nri Wing",0.0,0.0,0.0,0.0,0.0,0.0,0.0,0.0,0.0,0.0,0.0,0.0,0.0,0.0,0.0
1494,"2022","Punjab","3","Amritsar","27","Special Task Force",0.0,0.0,0.0,0.0,0.0,0.0,0.0,0.0,0.0,0.0,0.0,0.0,0.0,0.0,0.0
1495,"2022","Punjab","3","Malerkotla","737","Malerkotla",1.0,0.0,0.0,1.0,6.0,3.0,5.0,9.0,17.0,6.0,0.0,0.0,0.0,0.0,0.0
1496,"2022","Rajasthan","8","Ajmer","86","Ajmer",14.0,27.0,22.0,63.0,411.0,25.0,97.0,146.0,268.0,1118.0,0.0,0.0,0.0,0.0,0.0
1497,"2022","Rajasthan","8","Alwar","87","Alwar",12.0,16.0,23.0,51.0,209.0,8.0,36.0,80.0,124.0,364.0,0.0,0.0,0.0,0.0,0.0
1498,"2022","Rajasthan","8","Banswara","88","Banswara",0.0,3.0,3.0,6.0,162.0,0.0,51.0,180.0,231.0,438.0,0.0,0.0,0.0,0.0,0.0
1499,"2022","Rajasthan","8","Baran","89","Baran",10.0,9.0,1.0,20.0,134.0,3.0,45.0,88.0,136.0,492.0,0.0,0.0,0.0,0.0,0.0
1500,"2022","Rajasthan","8","Barmer","90","Barmer",1.0,9.0,6.0,16.0,92.0,1.0,22.0,39.0,62.0,251.0,0.0,0.0,0.0,0.0,0.0
1501,"2022","Rajasthan","8","Bharatpur","91","Bharatpur",4.0,5.0,14.0,23.0,151.0,0.0,6.0,13.0,19.0,218.0,0.0,0.0,0.0,0.0,0.0
1502,"2022","Rajasthan","8","Bhilwara","92","Bhilwara",1.0,10.0,19.0,30.0,276.0,0.0,24.0,337.0,361.0,1081.0,0.0,0.0,0.0,0.0,0.0
1503,"2022","Rajasthan","8","Bikaner","93","Bikaner",2.0,15.0,6.0,23.0,211.0,4.0,53.0,28.0,85.0,85.0,0.0,0.0,0.0,0.0,0.0
1504,"2022","Rajasthan","8","Bundi","94","Bundi",2.0,13.0,7.0,22.0,144.0,6.0,65.0,57.0,128.0,550.0,0.0,0.0,0.0,0.0,0.0
1505,"2022","Rajasthan","8","Chittorgarh","95","Chittorgarh",2.0,14.0,3.0,19.0,192.0,3.0,131.0,104.0,238.0,828.0,0.0,0.0,0.0,0.0,0.0
1506,"2022","Rajasthan","8","Churu","96","Churu",0.0,8.0,12.0,20.0,106.0,0.0,20.0,57.0,77.0,414.0,0.0,0.0,0.0,0.0,0.0
1507,"2022","Rajasthan","8","Dausa","97","Dausa",3.0,19.0,17.0,39.0,119.0,2.0,32.0,27.0,61.0,168.0,0.0,0.0,0.0,0.0,0.0
1508,"2022","Rajasthan","8","Dholpur","98","Dholpur",0.0,9.0,10.0,19.0,78.0,0.0,1.0,8.0,9.0,122.0,0.0,0.0,0.0,0.0,0.0
1509,"2022","Rajasthan","8","Dungarpur","99","Dungarpur",0.0,2.0,6.0,8.0,76.0,7.0,97.0,126.0,230.0,448.0,0.0,0.0,0.0,0.0,0.0
1510,"2022","Rajasthan","8","Ajmer","86","Grp Ajmer",0.0,0.0,0.0,0.0,13.0,0.0,1.0,1.0,2.0,15.0,0.0,0.0,0.0,0.0,0.0
1511,"2022","Rajasthan","8","Jodhpur","107","Grp Jodhpur",1.0,0.0,1.0,2.0,6.0,0.0,3.0,0.0,3.0,5.0,0.0,0.0,0.0,0.0,0.0
1512,"2022","Rajasthan","8","Ganganagar","100","Ganganagar",5.0,7.0,10.0,22.0,326.0,10.0,45.0,88.0,143.0,861.0,0.0,0.0,0.0,0.0,0.0
1513,"2022","Rajasthan","8","Hanumangarh","101","Hanumangarh",4.0,8.0,2.0,14.0,191.0,4.0,49.0,57.0,110.0,501.0,0.0,0.0,0.0,0.0,0.0
1514,"2022","Rajasthan","8","Jaipur","102","Jaipur East",11.0,23.0,17.0,51.0,286.0,7.0,43.0,67.0,117.0,452.0,0.0,0.0,0.0,0.0,0.0
1515,"2022","Rajasthan","8","Jaipur","102","Jaipur North",4.0,17.0,15.0,36.0,251.0,0.0,35.0,58.0,93.0,388.0,0.0,0.0,0.0,0.0,0.0
1516,"2022","Rajasthan","8","Jaipur (Gramin)","783","Jaipur Rural",4.0,22.0,5.0,31.0,171.0,4.0,66.0,32.0,102.0,380.0,0.0,0.0,0.0,0.0,0.0
1517,"2022","Rajasthan","8","Jaipur","102","Jaipur South",4.0,10.0,25.0,39.0,288.0,2.0,31.0,82.0,115.0,413.0,0.0,0.0,0.0,0.0,0.0
1518,"2022","Rajasthan","8","Jaipur","102","Jaipur West",20.0,26.0,28.0,74.0,374.0,30.0,57.0,71.0,158.0,597.0,0.0,0.0,0.0,0.0,0.0
1519,"2022","Rajasthan","8","Jaisalmer","103","Jaisalmer",0.0,1.0,0.0,1.0,31.0,0.0,1.0,7.0,8.0,33.0,0.0,0.0,0.0,0.0,0.0
1520,"2022","Rajasthan","8","Jalore","104","Jalore",2.0,7.0,6.0,15.0,94.0,2.0,26.0,52.0,80.0,404.0,0.0,0.0,0.0,0.0,0.0
1521,"2022","Rajasthan","8","Jhalawar","105","Jhalawar",4.0,9.0,9.0,22.0,169.0,5.0,34.0,117.0,156.0,518.0,0.0,0.0,0.0,0.0,0.0
1522,"2022","Rajasthan","8","Jhunjhunu","106","Jhunjhunu",5.0,13.0,13.0,31.0,134.0,2.0,54.0,47.0,103.0,624.0,0.0,0.0,0.0,0.0,0.0
1523,"2022","Rajasthan","8","Jodhpur","107","Jodhpur East",9.0,17.0,7.0,33.0,172.0,1.0,28.0,27.0,56.0,270.0,0.0,0.0,0.0,0.0,0.0
1524,"2022","Rajasthan","8","Jodhpur","107","Jodhpur West",6.0,8.0,15.0,29.0,239.0,1.0,34.0,53.0,88.0,359.0,0.0,0.0,0.0,0.0,0.0
1525,"2022","Rajasthan","8","Jodhpur","107","Jodhpur Rural",6.0,10.0,1.0,17.0,66.0,2.0,9.0,53.0,64.0,230.0,0.0,0.0,0.0,0.0,0.0
1526,"2022","Rajasthan","8","Karauli","108","Karauli",3.0,9.0,15.0,27.0,69.0,1.0,6.0,8.0,15.0,122.0,0.0,0.0,0.0,0.0,0.0
1527,"2022","Rajasthan","8","Kota","109","Kota City",5.0,41.0,16.0,62.0,296.0,2.0,101.0,55.0,158.0,642.0,0.0,0.0,0.0,0.0,0.0
1528,"2022","Rajasthan","8","Kota","109","Kota Rural",1.0,11.0,4.0,16.0,109.0,2.0,38.0,40.0,80.0,460.0,0.0,0.0,0.0,0.0,0.0
1529,"2022","Rajasthan","8","Nagaur","110","Nagaur",1.0,10.0,13.0,24.0,173.0,5.0,60.0,76.0,141.0,605.0,0.0,0.0,0.0,0.0,0.0
1530,"2022","Rajasthan","8","Pali","111","Pali",2.0,10.0,11.0,23.0,162.0,0.0,31.0,123.0,154.0,947.0,0.0,0.0,0.0,0.0,0.0
1531,"2022","Rajasthan","8","Pratapgarh","629","Pratapgarh",2.0,2.0,1.0,5.0,96.0,1.0,20.0,107.0,128.0,385.0,0.0,0.0,0.0,0.0,0.0
1532,"2022","Rajasthan","8","Rajsamand","112","Rajsamand",1.0,6.0,5.0,12.0,133.0,0.0,46.0,95.0,141.0,697.0,0.0,0.0,0.0,0.0,0.0
1533,"2022","Rajasthan","8","Sawai Madhopur","113","Sawai Madhopur",8.0,16.0,5.0,29.0,91.0,4.0,6.0,6.0,16.0,156.0,0.0,0.0,0.0,0.0,0.0
1534,"2022","Rajasthan","8","Sikar","114","Sikar",3.0,16.0,25.0,44.0,173.0,4.0,47.0,88.0,139.0,691.0,0.0,0.0,0.0,0.0,0.0
1535,"2022","Rajasthan","8","Sirohi","115","Sirohi",0.0,2.0,6.0,8.0,82.0,1.0,20.0,58.0,79.0,447.0,0.0,0.0,0.0,0.0,0.0
1536,"2022","Rajasthan","8","Tonk","116","Tonk",0.0,7.0,3.0,10.0,101.0,1.0,18.0,25.0,44.0,334.0,0.0,0.0,0.0,0.0,0.0
1537,"2022","Rajasthan","8","Udaipur","117","Udaipur",3.0,19.0,26.0,48.0,299.0,7.0,114.0,312.0,433.0,1318.0,0.0,0.0,0.0,0.0,0.0
1538,"2022","Rajasthan","8","Jaipur","102","Jaipur Metro",0.0,0.0,0.0,0.0,0.0,0.0,0.0,0.0,0.0,0.0,0.0,0.0,0.0,0.0,0.0
1539,"2022","Rajasthan","8","Jaipur","102","Scrb",0.0,0.0,0.0,0.0,0.0,0.0,0.0,0.0,0.0,0.0,0.0,0.0,0.0,0.0,0.0
1540,"2022","Rajasthan","8","Jaipur","102","Sog",0.0,0.0,0.0,0.0,0.0,0.0,0.0,0.0,0.0,0.0,0.0,0.0,0.0,0.0,0.0
1541,"2022","Rajasthan","8","Jaipur","102","Ssb",0.0,0.0,0.0,0.0,0.0,0.0,0.0,0.0,0.0,0.0,0.0,0.0,0.0,0.0,0.0
1542,"2022","Rajasthan","8","Jaipur","102","Jaipur Crime",0.0,0.0,0.0,0.0,0.0,0.0,0.0,0.0,0.0,0.0,0.0,0.0,0.0,0.0,0.0
1543,"2022","Rajasthan","8","Khairthal-Tijara","770","Bhiwadi",6.0,28.0,3.0,37.0,185.0,13.0,71.0,34.0,118.0,301.0,0.0,0.0,0.0,0.0,0.0
1544,"2022","Sikkim","11","Gangtok","225","Gangtok (East)",0.0,2.0,1.0,3.0,16.0,0.0,1.0,0.0,1.0,40.0,0.0,0.0,0.0,0.0,0.0
1545,"2022","Sikkim","11","Mangan","226","Mangan (North)",0.0,1.0,6.0,7.0,7.0,0.0,0.0,1.0,1.0,1.0,0.0,0.0,0.0,0.0,0.0
1546,"2022","Sikkim","11","Namchi","227","Namchi (South)",0.0,0.0,0.0,0.0,11.0,0.0,2.0,1.0,3.0,19.0,0.0,0.0,0.0,0.0,0.0
1547,"2022","Sikkim","11","Soreng","742","Soreng (West)",0.0,0.0,0.0,0.0,5.0,0.0,0.0,0.0,0.0,6.0,0.0,0.0,0.0,0.0,0.0
1548,"2022","Sikkim","11","Pakyong","741","Pakyong (East)",0.0,0.0,0.0,0.0,11.0,0.0,1.0,0.0,1.0,13.0,0.0,0.0,0.0,0.0,0.0
1549,"2022","Sikkim","11","Gyalshing","228","Gyalshing (West)",0.0,0.0,0.0,0.0,0.0,0.0,0.0,0.0,0.0,0.0,0.0,0.0,0.0,0.0,0.0
1550,"2022","Tamil Nadu","33","Ariyalur","610","Ariyalur",13.0,5.0,4.0,22.0,31.0,14.0,9.0,46.0,69.0,144.0,0.0,0.0,0.0,0.0,0.0
1551,"2022","Tamil Nadu","33","Chennai","568","Chennai",60.0,54.0,51.0,165.0,866.0,59.0,137.0,245.0,441.0,1345.0,0.0,0.0,0.0,0.0,0.0
1552,"2022","Tamil Nadu","33","Coimbatore","569","Coimbatore",37.0,11.0,13.0,61.0,196.0,51.0,28.0,69.0,148.0,490.0,0.0,0.0,0.0,0.0,0.0
1553,"2022","Tamil Nadu","33","Coimbatore","569","Coimbatore City",15.0,36.0,33.0,84.0,241.0,26.0,34.0,47.0,107.0,448.0,0.0,0.0,0.0,0.0,0.0
1554,"2022","Tamil Nadu","33","Cuddalore","570","Cuddalore",6.0,10.0,3.0,19.0,197.0,4.0,23.0,27.0,54.0,730.0,0.0,0.0,0.0,0.0,0.0
1555,"2022","Tamil Nadu","33","Dharmapuri","571","Dharmapuri",8.0,8.0,5.0,21.0,36.0,12.0,14.0,72.0,98.0,157.0,0.0,0.0,0.0,0.0,0.0
1556,"2022","Tamil Nadu","33","Dindigul","572","Dindigul",32.0,15.0,13.0,60.0,140.0,43.0,27.0,147.0,217.0,409.0,0.0,0.0,0.0,0.0,0.0
1557,"2022","Tamil Nadu","33","Erode","573","Erode",25.0,22.0,7.0,54.0,96.0,25.0,69.0,92.0,186.0,161.0,0.0,0.0,0.0,0.0,0.0
1558,"2022","Tamil Nadu","33","Kanchipuram","574","Kanchipuram",5.0,0.0,8.0,13.0,84.0,3.0,3.0,48.0,54.0,249.0,0.0,0.0,0.0,0.0,0.0
1559,"2022","Tamil Nadu","33","Kanniyakumari","575","Kanyakumari",40.0,3.0,2.0,45.0,147.0,42.0,0.0,8.0,50.0,235.0,0.0,0.0,0.0,0.0,0.0
1560,"2022","Tamil Nadu","33","Karur","576","Karur",13.0,5.0,9.0,27.0,45.0,10.0,14.0,51.0,75.0,175.0,0.0,0.0,0.0,0.0,0.0
1561,"2022","Tamil Nadu","33","Krishnagiri","577","Krishnagiri",22.0,10.0,12.0,44.0,131.0,14.0,29.0,67.0,110.0,182.0,0.0,0.0,0.0,0.0,0.0
1562,"2022","Tamil Nadu","33","Madurai","578","Madurai",12.0,21.0,21.0,54.0,150.0,18.0,39.0,143.0,200.0,401.0,0.0,0.0,0.0,0.0,0.0
1563,"2022","Tamil Nadu","33","Madurai","578","Madurai City",43.0,19.0,17.0,79.0,234.0,42.0,25.0,64.0,131.0,445.0,0.0,0.0,0.0,0.0,0.0
1564,"2022","Tamil Nadu","33","Nagapattinam","579","Nagapattinam",15.0,12.0,6.0,33.0,88.0,17.0,15.0,51.0,83.0,264.0,0.0,0.0,0.0,0.0,0.0
1565,"2022","Tamil Nadu","33","Namakkal","580","Namakkal",27.0,16.0,14.0,57.0,116.0,34.0,17.0,63.0,114.0,309.0,0.0,0.0,0.0,0.0,0.0
1566,"2022","Tamil Nadu","33","The Nilgiris","587","Nilgiris",3.0,5.0,1.0,9.0,33.0,9.0,17.0,17.0,43.0,69.0,0.0,0.0,0.0,0.0,0.0
1567,"2022","Tamil Nadu","33","Perambalur","581","Perambalur",10.0,0.0,2.0,12.0,35.0,3.0,14.0,27.0,44.0,105.0,0.0,0.0,0.0,0.0,0.0
1568,"2022","Tamil Nadu","33","Pudukkottai","582","Pudukottai",3.0,10.0,7.0,20.0,128.0,0.0,26.0,51.0,77.0,474.0,0.0,0.0,0.0,0.0,0.0
1569,"2022","Tamil Nadu","33","Ramanathapuram","583","Ramnathapuram",14.0,3.0,5.0,22.0,62.0,15.0,2.0,11.0,28.0,206.0,0.0,0.0,0.0,0.0,0.0
1570,"2022","Tamil Nadu","33","Chennai","568","Railway Chennai",1.0,0.0,0.0,1.0,11.0,1.0,1.0,3.0,5.0,10.0,0.0,0.0,0.0,0.0,0.0
1571,"2022","Tamil Nadu","33","Tiruchirappalli","591","Railway Trichy",2.0,0.0,0.0,2.0,7.0,0.0,0.0,2.0,2.0,10.0,0.0,0.0,0.0,0.0,0.0
1572,"2022","Tamil Nadu","33","Salem","584","Salem",21.0,16.0,7.0,44.0,80.0,44.0,68.0,48.0,160.0,285.0,0.0,0.0,0.0,0.0,0.0
1573,"2022","Tamil Nadu","33","Salem","584","Salem City",23.0,17.0,3.0,43.0,137.0,22.0,16.0,9.0,47.0,285.0,0.0,0.0,0.0,0.0,1.0
1574,"2022","Tamil Nadu","33","Sivaganga","585","Sivagangai",15.0,6.0,10.0,31.0,75.0,19.0,25.0,55.0,99.0,270.0,0.0,0.0,0.0,0.0,0.0
1575,"2022","Tamil Nadu","33","Thanjavur","586","Thanjavur",36.0,15.0,9.0,60.0,154.0,27.0,14.0,119.0,160.0,454.0,0.0,0.0,0.0,0.0,0.0
1576,"2022","Tamil Nadu","33","Theni","588","Theni",29.0,13.0,10.0,52.0,133.0,24.0,52.0,69.0,145.0,297.0,0.0,0.0,0.0,0.0,0.0
1577,"2022","Tamil Nadu","33","Tirunelveli","592","Thirunelveli",6.0,10.0,9.0,25.0,64.0,10.0,8.0,60.0,78.0,157.0,0.0,0.0,0.0,0.0,0.0
1578,"2022","Tamil Nadu","33","Tirunelveli","592","Thirunelveli City",7.0,2.0,12.0,21.0,51.0,1.0,11.0,13.0,25.0,95.0,0.0,0.0,0.0,0.0,0.0
1579,"2022","Tamil Nadu","33","Thiruvallur","589","Thiruvallur",31.0,16.0,5.0,52.0,129.0,25.0,50.0,47.0,122.0,452.0,0.0,0.0,0.0,0.0,0.0
1580,"2022","Tamil Nadu","33","Tiruvannamalai","593","Thiruvannamalai",27.0,12.0,10.0,49.0,105.0,27.0,25.0,150.0,202.0,400.0,0.0,0.0,0.0,0.0,0.0
1581,"2022","Tamil Nadu","33","Thiruvarur","590","Thiruvarur",0.0,12.0,0.0,12.0,21.0,0.0,15.0,20.0,35.0,131.0,0.0,0.0,0.0,0.0,0.0
1582,"2022","Tamil Nadu","33","Tuticorin","594","Thoothukudi",25.0,5.0,13.0,43.0,169.0,35.0,19.0,54.0,108.0,404.0,0.0,0.0,0.0,0.0,0.0
1583,"2022","Tamil Nadu","33","Tiruppur","634","Tiruppur",0.0,7.0,13.0,20.0,118.0,0.0,14.0,108.0,122.0,296.0,0.0,0.0,0.0,0.0,0.0
1584,"2022","Tamil Nadu","33","Tiruppur","634","Tiruppur City",3.0,16.0,30.0,49.0,129.0,21.0,28.0,37.0,86.0,241.0,0.0,0.0,0.0,0.0,0.0
1585,"2022","Tamil Nadu","33","Tiruchirappalli","591","Trichy",17.0,3.0,15.0,35.0,100.0,28.0,17.0,60.0,105.0,287.0,0.0,0.0,0.0,0.0,0.0
1586,"2022","Tamil Nadu","33","Tiruchirappalli","591","Trichy City",12.0,11.0,4.0,27.0,99.0,11.0,32.0,37.0,80.0,175.0,0.0,0.0,0.0,0.0,0.0
1587,"2022","Tamil Nadu","33","Vellore","595","Vellore",21.0,10.0,11.0,42.0,84.0,23.0,29.0,90.0,142.0,240.0,0.0,0.0,0.0,0.0,0.0
1588,"2022","Tamil Nadu","33","Villupuram","596","Villupuram",0.0,6.0,19.0,25.0,178.0,0.0,6.0,44.0,50.0,546.0,0.0,0.0,0.0,0.0,0.0
1589,"2022","Tamil Nadu","33","Virudhunagar","597","Virudhunagar",19.0,37.0,25.0,81.0,153.0,17.0,67.0,92.0,176.0,416.0,0.0,0.0,0.0,0.0,0.0
1590,"2022","Tamil Nadu","33","Chennai","568","Cyber Cell",0.0,0.0,0.0,0.0,0.0,0.0,0.0,0.0,0.0,0.0,0.0,0.0,0.0,0.0,0.0
1591,"2022","Tamil Nadu","33","Chennai","568","Other Units",0.0,0.0,0.0,0.0,0.0,0.0,0.0,0.0,0.0,0.0,0.0,0.0,0.0,0.0,0.0
1592,"2022","Tamil Nadu","33","Chengalpattu","730","Chengalpattu",22.0,9.0,6.0,37.0,89.0,14.0,22.0,29.0,65.0,314.0,0.0,0.0,0.0,0.0,0.0
1593,"2022","Tamil Nadu","33","Kallakurichi","729","Kallakurichi",2.0,4.0,7.0,13.0,57.0,2.0,32.0,55.0,89.0,218.0,0.0,0.0,0.0,0.0,0.0
1594,"2022","Tamil Nadu","33","Ranipet","731","Ranipet",6.0,1.0,4.0,11.0,57.0,11.0,12.0,52.0,75.0,177.0,0.0,0.0,0.0,0.0,0.0
1595,"2022","Tamil Nadu","33","Tirupathur","732","Tiruppattur",17.0,13.0,10.0,40.0,66.0,22.0,14.0,66.0,102.0,225.0,0.0,0.0,0.0,0.0,0.0
1596,"2022","Tamil Nadu","33","Tenkasi","733","Tenkasi",47.0,16.0,6.0,69.0,114.0,28.0,47.0,49.0,124.0,379.0,0.0,0.0,0.0,0.0,0.0
1597,"2022","Tamil Nadu","33","Thiruvallur","589","Avadi",63.0,35.0,24.0,122.0,451.0,41.0,53.0,112.0,206.0,752.0,0.0,0.0,0.0,0.0,2.0
1598,"2022","Tamil Nadu","33","Chengalpattu","730","Tambaram",21.0,12.0,11.0,44.0,199.0,36.0,30.0,53.0,119.0,363.0,0.0,0.0,0.0,0.0,0.0
1599,"2022","Telangana","36","Hyderabad","507","Cyberabad Commissionerate",222.0,71.0,47.0,340.0,1579.0,206.0,51.0,71.0,328.0,2146.0,0.0,0.0,0.0,0.0,0.0
1600,"2022","Telangana","36","Hyderabad","507","Hyderabad Commissionerate",56.0,109.0,11.0,176.0,1498.0,48.0,108.0,8.0,164.0,1835.0,0.0,0.0,0.0,0.0,0.0
1601,"2022","Telangana","36","Karimnagar","508","Karimnagar Commissionerate",15.0,5.0,4.0,24.0,109.0,8.0,3.0,48.0,59.0,227.0,0.0,0.0,0.0,0.0,0.0
1602,"2022","Telangana","36","Khammam","509","Khammam Commissionerate",26.0,0.0,1.0,27.0,131.0,10.0,4.0,25.0,39.0,306.0,0.0,0.0,0.0,0.0,0.0
1603,"2022","Telangana","36","Nizamabad","516","Nizamabad Commissionerate",36.0,19.0,8.0,63.0,294.0,33.0,12.0,29.0,74.0,362.0,0.0,0.0,0.0,0.0,0.0
1604,"2022","Telangana","36","Yadadri Bhuvanagiri","697","Rachakonda Commissionerate",52.0,84.0,120.0,256.0,1531.0,74.0,46.0,93.0,213.0,1922.0,0.0,0.0,0.0,0.0,0.0
1605,"2022","Telangana","36","Peddapalli","682","Ramagundam Commissionerate",0.0,27.0,3.0,30.0,227.0,0.0,26.0,2.0,28.0,432.0,0.0,0.0,0.0,0.0,0.0
1606,"2022","Telangana","36","Siddipet","692","Siddipet Commissionerate",27.0,2.0,0.0,29.0,139.0,29.0,2.0,0.0,31.0,274.0,0.0,0.0,0.0,0.0,0.0
1607,"2022","Telangana","36","Warangal","522","Warangal Commissionerate",23.0,19.0,13.0,55.0,304.0,23.0,43.0,136.0,202.0,619.0,0.0,0.0,0.0,0.0,0.0
1608,"2022","Telangana","36","Adilabad","501","Adilabad",4.0,2.0,3.0,9.0,69.0,1.0,1.0,1.0,3.0,114.0,0.0,0.0,0.0,0.0,0.0
1609,"2022","Telangana","36","Bhadradri Kothagudem","690","Bhadradri Kothagudem",3.0,22.0,0.0,25.0,98.0,6.0,66.0,65.0,137.0,273.0,0.0,0.0,0.0,0.0,0.0
1610,"2022","Telangana","36","Jagitial","681","Jagityal",0.0,4.0,7.0,11.0,85.0,5.0,12.0,28.0,45.0,230.0,0.0,0.0,0.0,0.0,0.0
1611,"2022","Telangana","36","Jayashankar Bhupalapally","687","Jayashankar Bhupalpalli",4.0,0.0,1.0,5.0,27.0,3.0,0.0,0.0,3.0,98.0,0.0,0.0,0.0,0.0,0.0
1612,"2022","Telangana","36","Jogulamba Gadwal","695","Jogulamba Gadwal",0.0,18.0,0.0,18.0,62.0,0.0,0.0,15.0,15.0,100.0,0.0,0.0,0.0,0.0,0.0
1613,"2022","Telangana","36","Kamareddy","685","Kamareddy ",3.0,20.0,23.0,46.0,185.0,4.0,38.0,57.0,99.0,265.0,0.0,0.0,0.0,0.0,0.0
1614,"2022","Telangana","36","Kumuram Bheem Asifabad","699","Kumaram Bheem Asifabad",3.0,0.0,4.0,7.0,35.0,2.0,0.0,3.0,5.0,51.0,0.0,0.0,0.0,0.0,0.0
1615,"2022","Telangana","36","Mahabubabad","688","Mahabubabad",0.0,4.0,1.0,5.0,48.0,0.0,54.0,16.0,70.0,143.0,0.0,0.0,0.0,0.0,0.0
1616,"2022","Telangana","36","Mahabubnagar","512","Mahabubnagar",27.0,9.0,3.0,39.0,135.0,22.0,3.0,4.0,29.0,307.0,0.0,0.0,0.0,0.0,0.0
1617,"2022","Telangana","36","Medak","513","Medak",15.0,5.0,0.0,20.0,94.0,20.0,8.0,0.0,28.0,206.0,0.0,0.0,0.0,0.0,0.0
1618,"2022","Telangana","36","Nagarkurnool","694","Nagarkurnool",14.0,6.0,2.0,22.0,69.0,15.0,6.0,15.0,36.0,203.0,0.0,0.0,0.0,0.0,0.0
1619,"2022","Telangana","36","Nalgonda","514","Nalgonda",19.0,11.0,7.0,37.0,128.0,8.0,14.0,18.0,40.0,323.0,0.0,0.0,0.0,0.0,0.0
1620,"2022","Telangana","36","Nirmal","680","Nirmal",0.0,3.0,15.0,18.0,87.0,0.0,13.0,25.0,38.0,117.0,0.0,0.0,0.0,0.0,0.0
1621,"2022","Telangana","36","Rajanna Sircilla","683","Rajanna Siricilla",0.0,0.0,8.0,8.0,43.0,0.0,0.0,14.0,14.0,139.0,0.0,0.0,0.0,0.0,0.0
1622,"2022","Telangana","36","Sangareddy","691","Sangareddy",40.0,24.0,16.0,80.0,241.0,34.0,63.0,88.0,185.0,351.0,0.0,0.0,0.0,0.0,0.0
1623,"2022","Telangana","36","Suryapet","696","Suryapet",17.0,3.0,9.0,29.0,92.0,6.0,21.0,2.0,29.0,237.0,0.0,0.0,0.0,0.0,0.0
1624,"2022","Telangana","36","Vikarabad","698","Vikarabad",28.0,4.0,1.0,33.0,87.0,17.0,3.0,4.0,24.0,196.0,0.0,0.0,0.0,0.0,0.0
1625,"2022","Telangana","36","Wanaparthy","693","Wanaparthy",3.0,3.0,11.0,17.0,31.0,3.0,1.0,45.0,49.0,119.0,0.0,0.0,0.0,0.0,0.0
1626,"2022","Telangana","36","Hyderabad","507","Railway Police Secunderabad",3.0,0.0,1.0,4.0,17.0,0.0,1.0,0.0,1.0,13.0,0.0,0.0,0.0,0.0,0.0
1627,"2022","Telangana","36","Mulugu","720","Mulug",4.0,0.0,0.0,4.0,20.0,4.0,1.0,0.0,5.0,58.0,0.0,0.0,0.0,0.0,0.0
1628,"2022","Telangana","36","Narayanpet","721","Narayanpet",8.0,3.0,0.0,11.0,22.0,2.0,0.0,0.0,2.0,105.0,0.0,0.0,0.0,0.0,0.0
1629,"2022","Tripura","16","Dhalai","269","Dhalai",0.0,1.0,0.0,1.0,44.0,0.0,1.0,2.0,3.0,113.0,0.0,0.0,0.0,0.0,0.0
1630,"2022","Tripura","16","Gomati","654","Gomati",0.0,0.0,0.0,0.0,48.0,1.0,0.0,10.0,11.0,163.0,0.0,0.0,0.0,0.0,0.0
1631,"2022","Tripura","16","West Tripura","272","Grp",0.0,0.0,0.0,0.0,0.0,0.0,0.0,0.0,0.0,0.0,0.0,0.0,0.0,0.0,0.0
1632,"2022","Tripura","16","Khowai","652","Kowai",0.0,0.0,0.0,0.0,35.0,0.0,0.0,0.0,0.0,64.0,0.0,0.0,0.0,0.0,0.0
1633,"2022","Tripura","16","North Tripura","270","North",0.0,0.0,2.0,2.0,7.0,0.0,0.0,8.0,8.0,6.0,0.0,0.0,0.0,0.0,0.0
1634,"2022","Tripura","16","Sepahijala","653","Sipahijala",0.0,2.0,0.0,2.0,29.0,0.0,5.0,7.0,12.0,71.0,0.0,0.0,0.0,0.0,0.0
1635,"2022","Tripura","16","South Tripura","271","South",10.0,0.0,2.0,12.0,40.0,0.0,6.0,10.0,16.0,139.0,0.0,0.0,0.0,0.0,0.0
1636,"2022","Tripura","16","Unakoti","655","Unakoti",0.0,1.0,0.0,1.0,15.0,0.0,3.0,9.0,12.0,44.0,0.0,0.0,0.0,0.0,0.0
1637,"2022","Tripura","16","West Tripura","272","West",2.0,3.0,1.0,6.0,156.0,3.0,23.0,14.0,40.0,431.0,0.0,0.0,0.0,0.0,0.0
1638,"2022","Uttar Pradesh","9","Agra","118","Agra",0.0,0.0,0.0,0.0,0.0,0.0,0.0,0.0,0.0,0.0,0.0,0.0,0.0,0.0,0.0
1639,"2022","Uttar Pradesh","9","Aligarh","119","Aligarh",4.0,4.0,3.0,11.0,62.0,0.0,8.0,4.0,12.0,100.0,0.0,0.0,0.0,0.0,0.0
1640,"2022","Uttar Pradesh","9","Prayagraj","120","Prayagraj",1.0,11.0,8.0,20.0,138.0,1.0,26.0,39.0,66.0,181.0,0.0,0.0,0.0,0.0,0.0
1641,"2022","Uttar Pradesh","9","Ambedkar Nagar","121","Ambedkar Nagar",0.0,13.0,16.0,29.0,0.0,0.0,0.0,0.0,0.0,100.0,0.0,0.0,0.0,0.0,0.0
1642,"2022","Uttar Pradesh","9","Amethi","640","Amethi",1.0,3.0,3.0,7.0,20.0,0.0,6.0,11.0,17.0,21.0,0.0,0.0,0.0,0.0,0.0
1643,"2022","Uttar Pradesh","9","Auraiya","122","Auraiya",0.0,2.0,0.0,2.0,22.0,0.0,2.0,2.0,4.0,23.0,0.0,0.0,0.0,0.0,0.0
1644,"2022","Uttar Pradesh","9","Azamgarh","123","Azamgarh",2.0,0.0,1.0,3.0,79.0,0.0,0.0,10.0,10.0,189.0,0.0,0.0,0.0,0.0,0.0
1645,"2022","Uttar Pradesh","9","Budaun","133","Badaun",2.0,11.0,1.0,14.0,62.0,4.0,14.0,6.0,24.0,98.0,0.0,0.0,0.0,0.0,0.0
1646,"2022","Uttar Pradesh","9","Baghpat","124","Baghpat",1.0,8.0,1.0,10.0,64.0,0.0,7.0,8.0,15.0,111.0,0.0,0.0,0.0,0.0,0.0
1647,"2022","Uttar Pradesh","9","Bahraich","125","Bahraich",10.0,33.0,12.0,55.0,63.0,2.0,20.0,26.0,48.0,97.0,0.0,0.0,0.0,0.0,0.0
1648,"2022","Uttar Pradesh","9","Ballia","126","Ballia",9.0,5.0,4.0,18.0,114.0,6.0,12.0,10.0,28.0,197.0,0.0,0.0,0.0,0.0,0.0
1649,"2022","Uttar Pradesh","9","Balrampur","127","Balrampur",1.0,3.0,14.0,18.0,1.0,1.0,9.0,12.0,22.0,154.0,0.0,0.0,0.0,0.0,0.0
1650,"2022","Uttar Pradesh","9","Banda","128","Banda",1.0,5.0,1.0,7.0,15.0,0.0,7.0,20.0,27.0,35.0,0.0,0.0,0.0,0.0,0.0
1651,"2022","Uttar Pradesh","9","Barabanki","129","Barabanki",14.0,41.0,3.0,58.0,42.0,10.0,43.0,15.0,68.0,53.0,0.0,0.0,0.0,0.0,0.0
1652,"2022","Uttar Pradesh","9","Bareilly","130","Bareilly",3.0,9.0,6.0,18.0,63.0,1.0,6.0,6.0,13.0,74.0,0.0,0.0,0.0,0.0,0.0
1653,"2022","Uttar Pradesh","9","Basti","131","Basti",2.0,5.0,2.0,9.0,36.0,3.0,7.0,11.0,21.0,91.0,0.0,0.0,0.0,0.0,0.0
1654,"2022","Uttar Pradesh","9","Bijnor","132","Bijnor",2.0,1.0,11.0,14.0,88.0,0.0,12.0,15.0,27.0,139.0,0.0,0.0,0.0,0.0,0.0
1655,"2022","Uttar Pradesh","9","Bulandshahr","134","Bulandshahar",1.0,1.0,2.0,4.0,56.0,0.0,0.0,17.0,17.0,79.0,0.0,0.0,0.0,0.0,0.0
1656,"2022","Uttar Pradesh","9","Chandauli","135","Chandoli",0.0,0.0,0.0,0.0,0.0,0.0,0.0,0.0,0.0,0.0,0.0,0.0,0.0,0.0,0.0
1657,"2022","Uttar Pradesh","9","Chitrakoot","136","Chitrakoot",1.0,2.0,2.0,5.0,4.0,1.0,3.0,3.0,7.0,9.0,0.0,0.0,0.0,0.0,0.0
1658,"2022","Uttar Pradesh","9","Deoria","137","Deoria",0.0,0.0,0.0,0.0,0.0,0.0,0.0,4.0,4.0,0.0,0.0,0.0,0.0,0.0,0.0
1659,"2022","Uttar Pradesh","9","Etah","138","Etah",0.0,5.0,0.0,5.0,20.0,0.0,3.0,3.0,6.0,40.0,0.0,0.0,0.0,0.0,0.0
1660,"2022","Uttar Pradesh","9","Etawah","139","Etawah",7.0,18.0,9.0,34.0,37.0,1.0,8.0,36.0,45.0,96.0,0.0,0.0,0.0,0.0,0.0
1661,"2022","Uttar Pradesh","9","Ayodhya","140","Ayodhya",3.0,5.0,3.0,11.0,31.0,0.0,21.0,4.0,25.0,45.0,0.0,0.0,0.0,0.0,0.0
1662,"2022","Uttar Pradesh","9","Farrukhabad","141","Fatehgarh",0.0,0.0,0.0,0.0,0.0,0.0,0.0,0.0,0.0,0.0,0.0,0.0,0.0,0.0,0.0
1663,"2022","Uttar Pradesh","9","Fatehpur","142","Fatehpur",62.0,5.0,0.0,67.0,55.0,0.0,16.0,0.0,16.0,127.0,0.0,0.0,0.0,0.0,0.0
1664,"2022","Uttar Pradesh","9","Firozabad","143","Firozabad",0.0,0.0,2.0,2.0,0.0,0.0,1.0,5.0,6.0,0.0,0.0,0.0,0.0,0.0,0.0
1665,"2022","Uttar Pradesh","9","Lucknow","162","Grp",6.0,0.0,0.0,6.0,15.0,4.0,1.0,0.0,5.0,26.0,0.0,0.0,0.0,0.0,0.0
1666,"2022","Uttar Pradesh","9","Gautam Buddha Nagar","144","Gautambudh Nagar",10.0,11.0,4.0,25.0,225.0,3.0,40.0,52.0,95.0,410.0,0.0,0.0,0.0,0.0,0.0
1667,"2022","Uttar Pradesh","9","Ghaziabad","145","Ghaziabad",3.0,21.0,2.0,26.0,154.0,4.0,26.0,41.0,71.0,195.0,0.0,0.0,0.0,0.0,0.0
1668,"2022","Uttar Pradesh","9","Ghazipur","146","Ghazipur",35.0,22.0,14.0,71.0,77.0,10.0,82.0,57.0,149.0,130.0,0.0,0.0,0.0,0.0,0.0
1669,"2022","Uttar Pradesh","9","Gonda","147","Gonda",0.0,1.0,0.0,1.0,35.0,0.0,5.0,14.0,19.0,56.0,0.0,0.0,0.0,0.0,0.0
1670,"2022","Uttar Pradesh","9","Gorakhpur","148","Gorakhpur",1.0,4.0,1.0,6.0,104.0,2.0,7.0,2.0,11.0,151.0,0.0,0.0,0.0,0.0,0.0
1671,"2022","Uttar Pradesh","9","Hamirpur","149","Hamirpur",1.0,5.0,7.0,13.0,8.0,0.0,41.0,72.0,113.0,52.0,0.0,0.0,0.0,0.0,0.0
1672,"2022","Uttar Pradesh","9","Hapur","661","Hapur",10.0,12.0,5.0,27.0,71.0,2.0,25.0,22.0,49.0,88.0,0.0,0.0,0.0,0.0,0.0
1673,"2022","Uttar Pradesh","9","Hardoi","150","Hardoi",3.0,4.0,3.0,10.0,46.0,1.0,11.0,21.0,33.0,61.0,0.0,0.0,0.0,0.0,0.0
1674,"2022","Uttar Pradesh","9","Hathras","163","Hathras",5.0,3.0,0.0,8.0,22.0,1.0,4.0,5.0,10.0,51.0,0.0,0.0,0.0,0.0,0.0
1675,"2022","Uttar Pradesh","9","Jalaun","151","Jalaun",0.0,0.0,0.0,0.0,28.0,0.0,2.0,0.0,2.0,0.0,0.0,0.0,0.0,0.0,0.0
1676,"2022","Uttar Pradesh","9","Jaunpur","152","Jaunpur",2.0,2.0,2.0,6.0,19.0,1.0,1.0,9.0,11.0,49.0,0.0,0.0,0.0,0.0,0.0
1677,"2022","Uttar Pradesh","9","Jhansi","153","Jhansi",5.0,17.0,6.0,28.0,209.0,1.0,10.0,13.0,24.0,184.0,0.0,0.0,0.0,0.0,0.0
1678,"2022","Uttar Pradesh","9","Kannauj","155","Kannauj",4.0,7.0,4.0,15.0,43.0,5.0,22.0,38.0,65.0,60.0,0.0,0.0,0.0,0.0,0.0
1679,"2022","Uttar Pradesh","9","Kanpur Dehat","156","Kanpur Dehat",0.0,3.0,0.0,3.0,0.0,0.0,4.0,0.0,4.0,4.0,0.0,0.0,0.0,0.0,0.0
1680,"2022","Uttar Pradesh","9","Kanpur Nagar","157","Kanpur Commissionarate",12.0,48.0,58.0,118.0,228.0,9.0,63.0,71.0,143.0,281.0,0.0,0.0,0.0,0.0,0.0
1681,"2022","Uttar Pradesh","9","Kasganj","633","Kasganj",0.0,0.0,0.0,0.0,0.0,0.0,0.0,0.0,0.0,0.0,0.0,0.0,0.0,0.0,0.0
1682,"2022","Uttar Pradesh","9","Kaushambi","158","Kaushambi",0.0,0.0,0.0,0.0,0.0,0.0,9.0,45.0,54.0,0.0,0.0,58.0,98.0,156.0,0.0
1683,"2022","Uttar Pradesh","9","Kheri","159","Khiri",0.0,0.0,0.0,0.0,0.0,0.0,0.0,0.0,0.0,0.0,0.0,0.0,0.0,0.0,0.0
1684,"2022","Uttar Pradesh","9","Kushi Nagar","160","Kushi Nagar",0.0,1.0,1.0,2.0,6.0,1.0,8.0,5.0,14.0,21.0,0.0,0.0,0.0,0.0,0.0
1685,"2022","Uttar Pradesh","9","Lalitpur","161","Lalitpur",0.0,19.0,2.0,21.0,0.0,0.0,62.0,41.0,103.0,0.0,0.0,0.0,0.0,0.0,0.0
1686,"2022","Uttar Pradesh","9","Lucknow","162","Lucknow Commissionarate",47.0,96.0,14.0,157.0,0.0,19.0,125.0,36.0,180.0,0.0,0.0,0.0,0.0,0.0,0.0
1687,"2022","Uttar Pradesh","9","Maharajganj","164","Maharajganj",0.0,0.0,0.0,0.0,0.0,0.0,0.0,0.0,0.0,0.0,0.0,0.0,0.0,0.0,0.0
1688,"2022","Uttar Pradesh","9","Mahoba","165","Mahoba",3.0,6.0,2.0,11.0,0.0,6.0,13.0,6.0,25.0,0.0,0.0,0.0,0.0,0.0,0.0
1689,"2022","Uttar Pradesh","9","Mainpuri","166","Mainpuri",0.0,0.0,0.0,0.0,0.0,0.0,0.0,0.0,0.0,0.0,0.0,0.0,0.0,0.0,0.0
1690,"2022","Uttar Pradesh","9","Mathura","167","Mathura",0.0,0.0,0.0,0.0,0.0,0.0,0.0,0.0,0.0,0.0,0.0,0.0,0.0,0.0,0.0
1691,"2022","Uttar Pradesh","9","Mau","168","Mau",1.0,0.0,2.0,3.0,17.0,0.0,0.0,2.0,2.0,33.0,0.0,0.0,0.0,0.0,0.0
1692,"2022","Uttar Pradesh","9","Meerut","169","Meerut",4.0,4.0,3.0,11.0,111.0,2.0,7.0,3.0,12.0,100.0,0.0,0.0,0.0,0.0,0.0
1693,"2022","Uttar Pradesh","9","Mirzapur","170","Mirzapur",3.0,5.0,3.0,11.0,45.0,1.0,11.0,20.0,32.0,99.0,0.0,0.0,0.0,0.0,0.0
1694,"2022","Uttar Pradesh","9","Moradabad","171","Moradabad",0.0,0.0,0.0,0.0,0.0,0.0,7.0,0.0,7.0,65.0,0.0,0.0,0.0,0.0,0.0
1695,"2022","Uttar Pradesh","9","Muzaffarnagar","172","Muzaffarnagar",0.0,0.0,0.0,0.0,0.0,0.0,0.0,0.0,0.0,0.0,0.0,0.0,0.0,0.0,0.0
1696,"2022","Uttar Pradesh","9","Pilibhit","173","Pilibhit",1.0,3.0,1.0,5.0,99.0,0.0,0.0,0.0,0.0,93.0,0.0,0.0,0.0,0.0,0.0
1697,"2022","Uttar Pradesh","9","Pratapgarh","174","Pratapgarh",0.0,0.0,0.0,0.0,0.0,0.0,0.0,0.0,0.0,0.0,0.0,0.0,0.0,0.0,0.0
1698,"2022","Uttar Pradesh","9","Rae Bareli","175","Raibareilly",0.0,3.0,5.0,8.0,35.0,0.0,10.0,22.0,32.0,61.0,0.0,0.0,0.0,0.0,0.0
1699,"2022","Uttar Pradesh","9","Rampur","176","Rampur",0.0,0.0,0.0,0.0,0.0,0.0,0.0,0.0,0.0,0.0,0.0,0.0,0.0,0.0,0.0
1700,"2022","Uttar Pradesh","9","Saharanpur","177","Saharanpur",3.0,4.0,5.0,12.0,97.0,2.0,2.0,8.0,12.0,100.0,0.0,0.0,0.0,0.0,0.0
1701,"2022","Uttar Pradesh","9","Sambhal","659","Sambhal",2.0,0.0,2.0,4.0,24.0,0.0,3.0,6.0,9.0,36.0,0.0,0.0,0.0,0.0,0.0
1702,"2022","Uttar Pradesh","9","Sant Kabeer Nagar","178","Sant Kabirnagar",1.0,3.0,2.0,6.0,21.0,3.0,22.0,23.0,48.0,88.0,0.0,0.0,0.0,0.0,0.0
1703,"2022","Uttar Pradesh","9","Shahjahanpur","180","Shahjahanpur",3.0,10.0,5.0,18.0,44.0,3.0,10.0,20.0,33.0,83.0,0.0,0.0,0.0,0.0,0.0
1704,"2022","Uttar Pradesh","9","Shamli","660","Shamli",0.0,3.0,1.0,4.0,45.0,1.0,1.0,2.0,4.0,44.0,0.0,0.0,0.0,0.0,0.0
1705,"2022","Uttar Pradesh","9","Shravasti","181","Shrawasti",4.0,7.0,0.0,11.0,12.0,1.0,4.0,2.0,7.0,33.0,0.0,0.0,0.0,0.0,0.0
1706,"2022","Uttar Pradesh","9","Siddharth Nagar","182","Sidharthnagar",0.0,3.0,2.0,5.0,48.0,0.0,2.0,4.0,6.0,157.0,0.0,0.0,0.0,0.0,0.0
1707,"2022","Uttar Pradesh","9","Sitapur","183","Sitapur",4.0,12.0,17.0,33.0,140.0,1.0,11.0,13.0,25.0,144.0,0.0,0.0,0.0,0.0,0.0
1708,"2022","Uttar Pradesh","9","Sonbhadra","184","Sonbhadra",1.0,6.0,4.0,11.0,56.0,3.0,7.0,14.0,24.0,121.0,0.0,0.0,0.0,0.0,0.0
1709,"2022","Uttar Pradesh","9","Bhadohi","179","Bhadohi",1.0,14.0,7.0,22.0,0.0,0.0,27.0,5.0,32.0,0.0,0.0,0.0,0.0,0.0,0.0
1710,"2022","Uttar Pradesh","9","Sultanpur","185","Sultanpur",2.0,3.0,0.0,5.0,20.0,0.0,0.0,3.0,3.0,8.0,0.0,0.0,0.0,0.0,0.0
1711,"2022","Uttar Pradesh","9","Unnao","186","Unnao",0.0,0.0,0.0,0.0,0.0,0.0,0.0,0.0,0.0,0.0,0.0,0.0,0.0,0.0,0.0
1712,"2022","Uttar Pradesh","9","Varanasi","187","Varanasi Commissionarate",0.0,14.0,19.0,33.0,191.0,0.0,31.0,34.0,65.0,174.0,0.0,0.0,0.0,0.0,0.0
1713,"2022","Uttar Pradesh","9","Lucknow","162","Lucknow Grameen",0.0,0.0,0.0,0.0,0.0,0.0,0.0,0.0,0.0,0.0,0.0,0.0,0.0,0.0,0.0
1714,"2022","Uttar Pradesh","9","Kanpur Dehat","156","Kanpur Outer",0.0,0.0,0.0,0.0,0.0,0.0,0.0,0.0,0.0,0.0,0.0,0.0,0.0,0.0,0.0
1715,"2022","Uttar Pradesh","9","Varanasi","187","Vasanasi Dehat",0.0,0.0,0.0,0.0,0.0,0.0,0.0,0.0,0.0,0.0,0.0,0.0,0.0,0.0,0.0
1716,"2022","Uttarakhand","5","Almora","45","Almora",0.0,0.0,6.0,6.0,42.0,0.0,3.0,10.0,13.0,44.0,0.0,0.0,0.0,0.0,0.0
1717,"2022","Uttarakhand","5","Bageshwar","46","Bageshwar",0.0,2.0,3.0,5.0,23.0,0.0,6.0,2.0,8.0,26.0,0.0,0.0,0.0,0.0,0.0
1718,"2022","Uttarakhand","5","Chamoli","47","Chamoli",0.0,0.0,3.0,3.0,23.0,0.0,0.0,9.0,9.0,26.0,0.0,0.0,0.0,0.0,0.0
1719,"2022","Uttarakhand","5","Champawat","48","Champawat",0.0,5.0,5.0,10.0,41.0,0.0,7.0,10.0,17.0,48.0,0.0,0.0,0.0,0.0,0.0
1720,"2022","Uttarakhand","5","Dehradun","49","Dehradun",1.0,7.0,1.0,9.0,375.0,0.0,5.0,4.0,9.0,430.0,0.0,0.0,0.0,0.0,0.0
1721,"2022","Uttarakhand","5","Haridwar","50","Haridwar",6.0,46.0,44.0,96.0,396.0,0.0,53.0,50.0,103.0,314.0,0.0,0.0,0.0,0.0,0.0
1722,"2022","Uttarakhand","5","Nainital","51","Nainital",0.0,4.0,20.0,24.0,170.0,0.0,3.0,60.0,63.0,165.0,0.0,0.0,0.0,0.0,0.0
1723,"2022","Uttarakhand","5","Pauri Garhwal","52","Pauri Garhwal",0.0,6.0,2.0,8.0,40.0,0.0,8.0,0.0,8.0,58.0,0.0,0.0,0.0,0.0,0.0
1724,"2022","Uttarakhand","5","Pithoragarh","53","Pithoragarh",0.0,5.0,5.0,10.0,16.0,0.0,8.0,14.0,22.0,18.0,0.0,0.0,0.0,0.0,0.0
1725,"2022","Uttarakhand","5","Rudra Prayag","54","Rudra Prayag",0.0,1.0,0.0,1.0,12.0,0.0,0.0,6.0,6.0,15.0,0.0,0.0,0.0,0.0,0.0
1726,"2022","Uttarakhand","5","Tehri Garhwal","55","Tehri Garhwal",1.0,5.0,1.0,7.0,30.0,2.0,6.0,10.0,18.0,49.0,0.0,0.0,0.0,0.0,0.0
1727,"2022","Uttarakhand","5","Udam Singh Nagar","56","Udhamsingh Nagar",0.0,13.0,30.0,43.0,241.0,2.0,54.0,90.0,146.0,415.0,0.0,0.0,0.0,0.0,0.0
1728,"2022","Uttarakhand","5","Uttar Kashi","57","Uttarkashi",0.0,1.0,2.0,3.0,26.0,0.0,0.0,3.0,3.0,23.0,0.0,0.0,0.0,0.0,0.0
1729,"2022","Uttarakhand","5","Dehradun","49","Grp",0.0,0.0,0.0,0.0,3.0,0.0,0.0,0.0,0.0,1.0,0.0,0.0,0.0,0.0,0.0
1730,"2022","Uttarakhand","5","Cyber Cell","9999","Cyber Cell",0.0,0.0,0.0,0.0,0.0,0.0,0.0,0.0,0.0,0.0,0.0,0.0,0.0,0.0,0.0
1731,"2022","West Bengal","19","Alipurduar","664","Alipurduar",5.0,10.0,10.0,25.0,327.0,1.0,44.0,100.0,145.0,790.0,0.0,0.0,0.0,0.0,0.0
1732,"2022","West Bengal","19","Paschim Bardhaman","704","Asansol-Durgapur Pc",9.0,16.0,16.0,41.0,715.0,5.0,40.0,93.0,138.0,761.0,0.0,0.0,0.0,0.0,0.0
1733,"2022","West Bengal","19","Bankura","305","Bankura",0.0,4.0,5.0,9.0,428.0,0.0,70.0,168.0,238.0,797.0,0.0,0.0,0.0,0.0,0.0
1734,"2022","West Bengal","19","24 Paraganas North","303","Barrackpur Pc",22.0,50.0,43.0,115.0,1190.0,11.0,200.0,179.0,390.0,1391.0,0.0,0.0,0.0,0.0,0.0
1735,"2022","West Bengal","19","24 Paraganas North","303","Bidhannagar Pc",12.0,23.0,11.0,46.0,364.0,2.0,65.0,54.0,121.0,450.0,0.0,0.0,0.0,0.0,0.0
1736,"2022","West Bengal","19","Birbhum","307","Birbhum",4.0,10.0,4.0,18.0,357.0,4.0,33.0,54.0,91.0,664.0,0.0,0.0,0.0,0.0,0.0
1737,"2022","West Bengal","19","Coochbehar","308","Coochbehar",3.0,22.0,25.0,50.0,495.0,5.0,30.0,486.0,521.0,1273.0,0.0,0.0,0.0,0.0,0.0
1738,"2022","West Bengal","19","Dinajpur Dakshin","310","Dakshin Dinajpur",9.0,14.0,20.0,43.0,334.0,14.0,138.0,219.0,371.0,992.0,0.0,0.0,0.0,0.0,0.0
1739,"2022","West Bengal","19","Darjeeling","309","Darjeeling",3.0,0.0,1.0,4.0,117.0,4.0,6.0,15.0,25.0,253.0,0.0,0.0,0.0,0.0,0.0
1740,"2022","West Bengal","19","Hooghly","312","Hooghly Rural Police",3.0,8.0,13.0,24.0,422.0,6.0,96.0,149.0,251.0,893.0,0.0,0.0,0.0,0.0,0.0
1741,"2022","West Bengal","19","Howrah","313","Howrah Grp",0.0,0.0,0.0,0.0,10.0,0.0,0.0,0.0,0.0,7.0,0.0,0.0,0.0,0.0,0.0
1742,"2022","West Bengal","19","Howrah","313","Howrah Pc",27.0,34.0,28.0,89.0,808.0,13.0,126.0,156.0,295.0,863.0,0.0,0.0,0.0,0.0,0.0
1743,"2022","West Bengal","19","Howrah","313","Howrah Rural",8.0,12.0,4.0,24.0,350.0,6.0,111.0,178.0,295.0,743.0,0.0,0.0,0.0,0.0,0.0
1744,"2022","West Bengal","19","Jalpaiguri","314","Jalpaiguri",2.0,5.0,14.0,21.0,325.0,4.0,68.0,132.0,204.0,826.0,0.0,0.0,0.0,0.0,0.0
1745,"2022","West Bengal","19","Jhargram","703","Jhargram",2.0,4.0,0.0,6.0,111.0,2.0,30.0,83.0,115.0,254.0,0.0,0.0,0.0,0.0,0.0
1746,"2022","West Bengal","19","Medinipur West","318","Kharagpur Grp",0.0,0.0,0.0,0.0,14.0,0.0,0.0,0.0,0.0,1.0,0.0,0.0,0.0,0.0,0.0
1747,"2022","West Bengal","19","Kolkata","315","Kolkata",55.0,124.0,72.0,251.0,1977.0,30.0,240.0,282.0,552.0,1674.0,0.0,0.0,0.0,0.0,0.0
1748,"2022","West Bengal","19","Maldah","316","Malda",14.0,49.0,43.0,106.0,562.0,152.0,333.0,175.0,660.0,1433.0,0.0,0.0,0.0,0.0,0.0
1749,"2022","West Bengal","19","Murshidabad","319","Murshidabad Police District",21.0,43.0,122.0,186.0,588.0,49.0,127.0,209.0,385.0,1355.0,0.0,0.0,0.0,0.0,0.0
1750,"2022","West Bengal","19","Medinipur West","318","Paschim Medinipur",10.0,22.0,20.0,52.0,625.0,11.0,338.0,519.0,868.0,1389.0,0.0,0.0,0.0,0.0,0.0
1751,"2022","West Bengal","19","Medinipur East","317","Purab Medinipur",42.0,11.0,13.0,66.0,507.0,41.0,361.0,461.0,863.0,1471.0,0.0,0.0,0.0,0.0,0.0
1752,"2022","West Bengal","19","Purulia","321","Purulia",3.0,8.0,5.0,16.0,204.0,1.0,32.0,58.0,91.0,399.0,0.0,0.0,0.0,0.0,0.0
1753,"2022","West Bengal","19","Kolkata","315","Sealdah Grp",2.0,1.0,0.0,3.0,19.0,1.0,4.0,1.0,6.0,12.0,0.0,0.0,0.0,0.0,0.0
1754,"2022","West Bengal","19","Darjeeling","309","Siliguri Grp",0.0,0.0,0.0,0.0,3.0,0.0,0.0,0.0,0.0,1.0,0.0,0.0,0.0,0.0,0.0
1755,"2022","West Bengal","19","Darjeeling","309","Siliguri Pc",16.0,21.0,24.0,61.0,499.0,27.0,98.0,138.0,263.0,754.0,0.0,0.0,0.0,0.0,0.0
1756,"2022","West Bengal","19","24 Paraganas South","304","Baruipur Police",16.0,32.0,18.0,66.0,666.0,14.0,232.0,254.0,500.0,1122.0,0.0,0.0,0.0,0.0,0.0
1757,"2022","West Bengal","19","Hooghly","312","Chandannagar Pc",5.0,16.0,13.0,34.0,416.0,5.0,36.0,51.0,92.0,448.0,0.0,0.0,0.0,0.0,0.0
1758,"2022","West Bengal","19","24 Paraganas South","304","Diamond Harbour Police",5.0,16.0,9.0,30.0,592.0,2.0,96.0,107.0,205.0,1023.0,0.0,0.0,0.0,0.0,0.0
1759,"2022","West Bengal","19","Kalimpong","702","Kalimpong",0.0,0.0,0.0,0.0,0.0,0.0,0.0,0.0,0.0,0.0,0.0,0.0,0.0,0.0,0.0
1760,"2022","West Bengal","19","Purba Bardhaman","306","Purba Bardhaman",14.0,18.0,14.0,46.0,726.0,10.0,228.0,383.0,621.0,1560.0,0.0,0.0,0.0,0.0,0.0
1761,"2022","West Bengal","19","24 Paraganas South","304","Sundarban Police",12.0,9.0,17.0,38.0,241.0,14.0,125.0,205.0,344.0,723.0,0.0,0.0,0.0,0.0,0.0
1762,"2022","West Bengal","19","24 Paraganas North","303","Barasat",20.0,45.0,19.0,84.0,710.0,89.0,241.0,106.0,436.0,1230.0,0.0,0.0,0.0,0.0,0.0
1763,"2022","West Bengal","19","24 Paraganas North","303","Basirhat",0.0,25.0,0.0,25.0,333.0,0.0,387.0,0.0,387.0,387.0,0.0,0.0,0.0,0.0,0.0
1764,"2022","West Bengal","19","24 Paraganas North","303","Bangaon",5.0,13.0,12.0,30.0,252.0,14.0,25.0,243.0,282.0,812.0,0.0,0.0,0.0,0.0,0.0
1765,"2022","West Bengal","19","Dinajpur Uttar","311","Islampur",0.0,0.0,19.0,19.0,178.0,0.0,0.0,117.0,117.0,403.0,0.0,0.0,0.0,0.0,0.0
1766,"2022","West Bengal","19","Murshidabad","319","Jangipur Police District",0.0,3.0,4.0,7.0,337.0,0.0,7.0,10.0,17.0,506.0,0.0,0.0,0.0,0.0,0.0
1767,"2022","West Bengal","19","Nadia","320","Krishnagar",2.0,8.0,21.0,31.0,227.0,7.0,192.0,387.0,586.0,1495.0,0.0,0.0,0.0,0.0,0.0
1768,"2022","West Bengal","19","Dinajpur Uttar","311","Raiganj",3.0,8.0,3.0,14.0,162.0,1.0,29.0,34.0,64.0,476.0,0.0,0.0,0.0,0.0,0.0
1769,"2022","West Bengal","19","Nadia","320","Ranaghat",0.0,11.0,193.0,204.0,71.0,0.0,17.0,15.0,32.0,523.0,0.0,0.0,0.0,0.0,0.0
1770,"2022","Andaman And Nicobar Islands                   ","35","South Andamans","602","South Andaman",2.0,2.0,4.0,8.0,52.0,6.0,8.0,8.0,22.0,50.0,0.0,0.0,0.0,0.0,0.0
1771,"2022","Andaman And Nicobar Islands                   ","35","North And Middle Andaman","632","North And Middle Andaman",2.0,0.0,1.0,3.0,10.0,1.0,2.0,1.0,4.0,8.0,0.0,0.0,0.0,0.0,0.0
1772,"2022","Andaman And Nicobar Islands                   ","35","Nicobars","603","Nicobar",0.0,0.0,0.0,0.0,4.0,0.0,0.0,0.0,0.0,1.0,0.0,0.0,0.0,0.0,0.0
1773,"2022","Chandigarh","4","Chandigarh","44","Chandigarh",11.0,14.0,10.0,35.0,274.0,9.0,48.0,76.0,133.0,340.0,0.0,0.0,0.0,0.0,1.0
1774,"2022","The Dadra And Nagar Haveli And Daman And Diu","38","Dadra And Nagar Haveli","465","Dadra And Nagar Haveli",0.0,0.0,0.0,0.0,28.0,0.0,0.0,0.0,0.0,65.0,0.0,0.0,0.0,0.0,0.0
1775,"2022","The Dadra And Nagar Haveli And Daman And Diu","38","Daman","463","Daman",0.0,0.0,1.0,1.0,42.0,0.0,3.0,3.0,6.0,59.0,0.0,0.0,0.0,0.0,0.0
1776,"2022","The Dadra And Nagar Haveli And Daman And Diu","38","Diu","464","Diu",0.0,0.0,3.0,3.0,6.0,0.0,0.0,1.0,1.0,4.0,0.0,0.0,0.0,0.0,0.0
1777,"2022","Delhi","7","Central","77","Central",38.0,40.0,18.0,96.0,352.0,22.0,74.0,89.0,185.0,302.0,0.0,0.0,0.0,0.0,0.0
1778,"2022","Delhi","7","North West","82","Crime Branch",0.0,0.0,0.0,0.0,0.0,0.0,0.0,0.0,0.0,0.0,0.0,0.0,0.0,0.0,0.0
1779,"2022","Delhi","7","East","78","East",23.0,35.0,14.0,72.0,443.0,7.0,138.0,68.0,213.0,520.0,0.0,0.0,0.0,0.0,0.0
1780,"2022","Delhi","7","New Delhi","79","Eow",0.0,0.0,0.0,0.0,0.0,0.0,0.0,0.0,0.0,0.0,0.0,0.0,0.0,0.0,0.0
1781,"2022","Delhi","7","New Delhi","79","Igi Airport",0.0,0.0,0.0,0.0,26.0,0.0,0.0,0.0,0.0,3.0,0.0,0.0,0.0,0.0,0.0
1782,"2022","Delhi","7","North West","82","Metro",0.0,1.0,0.0,1.0,8.0,2.0,1.0,1.0,4.0,6.0,0.0,0.0,0.0,0.0,0.0
1783,"2022","Delhi","7","New Delhi","79","New Delhi",1.0,8.0,7.0,16.0,58.0,3.0,4.0,13.0,20.0,42.0,0.0,0.0,0.0,0.0,0.0
1784,"2022","Delhi","7","North","80","North",30.0,44.0,39.0,113.0,445.0,73.0,107.0,33.0,213.0,403.0,0.0,0.0,0.0,0.0,0.0
1785,"2022","Delhi","7","North East","81","North-East",50.0,95.0,35.0,180.0,868.0,19.0,220.0,110.0,349.0,965.0,0.0,0.0,0.0,0.0,0.0
1786,"2022","Delhi","7","North West","82","North-West",26.0,60.0,17.0,103.0,428.0,23.0,142.0,76.0,241.0,465.0,0.0,0.0,0.0,0.0,0.0
1787,"2022","Delhi","7","North West","82","Outer",22.0,73.0,48.0,143.0,773.0,17.0,132.0,187.0,336.0,1026.0,0.0,0.0,0.0,0.0,0.0
1788,"2022","Delhi","7","New Delhi","79","Railway",4.0,0.0,0.0,4.0,34.0,3.0,6.0,2.0,11.0,34.0,0.0,0.0,0.0,0.0,0.0
1789,"2022","Delhi","7","South","83","South",15.0,41.0,35.0,91.0,493.0,9.0,134.0,146.0,289.0,662.0,2.0,4.0,4.0,10.0,18.0
1790,"2022","Delhi","7","South East","670","South-East",36.0,84.0,42.0,162.0,606.0,13.0,171.0,216.0,400.0,736.0,0.0,0.0,0.0,0.0,0.0
1791,"2022","Delhi","7","South West","84","South-West",31.0,52.0,15.0,98.0,479.0,21.0,170.0,71.0,262.0,597.0,0.0,0.0,0.0,0.0,0.0
1792,"2022","Delhi","7","North West","82","Spl Cell",0.0,0.0,0.0,0.0,0.0,0.0,0.0,0.0,0.0,0.0,0.0,0.0,0.0,0.0,0.0
1793,"2022","Delhi","7","New Delhi","79","Spuwac",0.0,0.0,0.0,0.0,0.0,0.0,0.0,0.0,0.0,0.0,0.0,0.0,0.0,0.0,0.0
1794,"2022","Delhi","7","New Delhi","79","Vigilance",0.0,0.0,0.0,0.0,0.0,0.0,0.0,0.0,0.0,0.0,0.0,0.0,0.0,0.0,0.0
1795,"2022","Delhi","7","West","85","West",17.0,30.0,24.0,71.0,546.0,21.0,133.0,113.0,267.0,619.0,0.0,0.0,0.0,0.0,0.0
1796,"2022","Delhi","7","North West","82","Rohini",71.0,61.0,47.0,179.0,606.0,60.0,129.0,149.0,338.0,674.0,0.0,0.0,0.0,0.0,0.0
1797,"2022","Delhi","7","Shahdara","671","Shahdara",25.0,58.0,10.0,93.0,506.0,15.0,121.0,59.0,195.0,540.0,0.0,0.0,0.0,0.0,0.0
1798,"2022","Delhi","7","South West","84","Dwarka",44.0,74.0,21.0,139.0,697.0,22.0,241.0,91.0,354.0,919.0,0.0,0.0,0.0,0.0,0.0
1799,"2022","Delhi","7","New Delhi","79","Outer North",134.0,122.0,35.0,291.0,737.0,85.0,399.0,127.0,611.0,1082.0,0.0,0.0,0.0,0.0,0.0
1800,"2022","Jammu And Kashmir","1","Anantnag","1","Anantnag",1.0,1.0,1.0,3.0,69.0,1.0,0.0,14.0,15.0,49.0,0.0,0.0,0.0,0.0,0.0
1801,"2022","Jammu And Kashmir","1","Pulwama","11","Awantipora",0.0,1.0,0.0,1.0,15.0,0.0,0.0,0.0,0.0,13.0,0.0,0.0,0.0,0.0,0.0
1802,"2022","Jammu And Kashmir","1","Bandipora","623","Bandipora",1.0,4.0,3.0,8.0,14.0,0.0,1.0,1.0,2.0,31.0,0.0,0.0,0.0,0.0,0.0
1803,"2022","Jammu And Kashmir","1","Baramulla","3","Baramulla",0.0,0.0,0.0,0.0,0.0,0.0,0.0,25.0,25.0,27.0,0.0,0.0,0.0,0.0,0.0
1804,"2022","Jammu And Kashmir","1","Budgam","2","Budgam",0.0,0.0,0.0,0.0,43.0,0.0,0.0,0.0,0.0,68.0,0.0,0.0,0.0,0.0,0.0
1805,"2022","Jammu And Kashmir","1","Jammu","5","Special Crime Wing Jammu",0.0,0.0,0.0,0.0,0.0,0.0,0.0,0.0,0.0,0.0,0.0,0.0,0.0,0.0,0.0
1806,"2022","Jammu And Kashmir","1","Jammu","5","Special Crime Wing Kashmir",0.0,0.0,0.0,0.0,0.0,0.0,0.0,0.0,0.0,0.0,0.0,0.0,0.0,0.0,0.0
1807,"2022","Jammu And Kashmir","1","Doda","4","Doda",0.0,1.0,0.0,1.0,18.0,0.0,5.0,0.0,5.0,68.0,0.0,0.0,0.0,0.0,0.0
1808,"2022","Jammu And Kashmir","1","Ganderbal","626","Ganderbal",0.0,2.0,6.0,8.0,34.0,0.0,1.0,6.0,7.0,33.0,0.0,0.0,0.0,0.0,0.0
1809,"2022","Jammu And Kashmir","1","Kupwara","8","Handwara",0.0,0.0,0.0,0.0,0.0,0.0,0.0,0.0,0.0,0.0,0.0,0.0,0.0,0.0,0.0
1810,"2022","Jammu And Kashmir","1","Jammu","5","Jammu",0.0,0.0,0.0,0.0,393.0,0.0,0.0,0.0,0.0,256.0,0.0,0.0,0.0,0.0,0.0
1811,"2022","Jammu And Kashmir","1","Kathua","7","Kathua",2.0,4.0,4.0,10.0,35.0,10.0,5.0,29.0,44.0,164.0,0.0,0.0,0.0,0.0,0.0
1812,"2022","Jammu And Kashmir","1","Kishtwar","620","Kishtwar",2.0,2.0,0.0,4.0,11.0,0.0,0.0,0.0,0.0,40.0,0.0,0.0,0.0,0.0,0.0
1813,"2022","Jammu And Kashmir","1","Kulgam","622","Kulgam",0.0,0.0,0.0,0.0,26.0,1.0,0.0,0.0,1.0,15.0,0.0,0.0,0.0,0.0,0.0
1814,"2022","Jammu And Kashmir","1","Kupwara","8","Kupwara",2.0,3.0,0.0,5.0,31.0,0.0,0.0,0.0,0.0,67.0,0.0,0.0,0.0,0.0,0.0
1815,"2022","Jammu And Kashmir","1","Poonch","10","Poonch",1.0,2.0,1.0,4.0,22.0,1.0,0.0,0.0,1.0,101.0,0.0,0.0,0.0,0.0,0.0
1816,"2022","Jammu And Kashmir","1","Pulwama","11","Pulwama",0.0,0.0,0.0,0.0,41.0,0.0,0.0,0.0,0.0,19.0,0.0,0.0,0.0,0.0,0.0
1817,"2022","Jammu And Kashmir","1","Jammu","5","Railways Jammu",0.0,0.0,1.0,1.0,6.0,0.0,0.0,0.0,0.0,2.0,0.0,0.0,0.0,0.0,0.0
1818,"2022","Jammu And Kashmir","1","Jammu","5","Railways Kashmir",0.0,0.0,0.0,0.0,0.0,0.0,0.0,0.0,0.0,0.0,0.0,0.0,0.0,0.0,0.0
1819,"2022","Jammu And Kashmir","1","Reasi","627","Railways Katra",0.0,0.0,0.0,0.0,0.0,0.0,0.0,0.0,0.0,0.0,0.0,0.0,0.0,0.0,0.0
1820,"2022","Jammu And Kashmir","1","Rajouri","12","Rajouri",0.0,2.0,0.0,2.0,33.0,0.0,1.0,1.0,2.0,116.0,0.0,0.0,0.0,0.0,0.0
1821,"2022","Jammu And Kashmir","1","Ramban","621","Ramban",0.0,3.0,5.0,8.0,6.0,0.0,9.0,24.0,33.0,12.0,0.0,0.0,0.0,0.0,0.0
1822,"2022","Jammu And Kashmir","1","Reasi","627","Reasi",0.0,2.0,3.0,5.0,51.0,0.0,10.0,13.0,23.0,85.0,0.0,0.0,0.0,0.0,0.0
1823,"2022","Jammu And Kashmir","1","Samba","624","Samba",0.0,0.0,4.0,4.0,45.0,2.0,2.0,19.0,23.0,97.0,0.0,0.0,0.0,0.0,0.0
1824,"2022","Jammu And Kashmir","1","Shopian","625","Shopian",0.0,0.0,4.0,4.0,19.0,0.0,7.0,9.0,16.0,13.0,0.0,0.0,0.0,0.0,0.0
1825,"2022","Jammu And Kashmir","1","Baramulla","3","Sopore",0.0,3.0,0.0,3.0,0.0,0.0,0.0,7.0,7.0,8.0,0.0,0.0,0.0,0.0,0.0
1826,"2022","Jammu And Kashmir","1","Srinagar","13","Srinagar",1.0,9.0,2.0,12.0,186.0,0.0,4.0,7.0,11.0,130.0,0.0,0.0,0.0,0.0,0.0
1827,"2022","Jammu And Kashmir","1","Udhampur","14","Udhampur",2.0,2.0,4.0,8.0,68.0,2.0,10.0,20.0,32.0,105.0,0.0,0.0,0.0,0.0,0.0
1828,"2022","Jammu And Kashmir","1","Jammu","5","Cyber Crime Jammu",0.0,0.0,0.0,0.0,0.0,0.0,0.0,0.0,0.0,0.0,0.0,0.0,0.0,0.0,0.0
1829,"2022","Jammu And Kashmir","1","Jammu","5","Cyber Crime Kashmir",0.0,0.0,0.0,0.0,0.0,0.0,0.0,0.0,0.0,0.0,0.0,0.0,0.0,0.0,0.0
1830,"2022","Jammu And Kashmir","1","Jammu","5","Anti Narcotic Task Force Jammu",0.0,0.0,0.0,0.0,0.0,0.0,0.0,0.0,0.0,0.0,0.0,0.0,0.0,0.0,0.0
1831,"2022","Jammu And Kashmir","1","Srinagar","13","Anti Narcotic Task Force Kashmir",0.0,0.0,0.0,0.0,0.0,0.0,0.0,0.0,0.0,0.0,0.0,0.0,0.0,0.0,0.0
1832,"2022","Jammu And Kashmir","1","Jammu","5","Eow Jammu",0.0,0.0,0.0,0.0,0.0,0.0,0.0,0.0,0.0,0.0,0.0,0.0,0.0,0.0,0.0
1833,"2022","Jammu And Kashmir","1","Srinagar","13","Eow Kashmir",0.0,0.0,0.0,0.0,0.0,0.0,0.0,0.0,0.0,0.0,0.0,0.0,0.0,0.0,0.0
1834,"2022","Jammu And Kashmir","1","Jammu","5","Cice Jammu",0.0,0.0,0.0,0.0,0.0,0.0,0.0,0.0,0.0,0.0,0.0,0.0,0.0,0.0,0.0
1835,"2022","Jammu And Kashmir","1","Jammu","5","Cice Kashmir",0.0,0.0,0.0,0.0,0.0,0.0,0.0,0.0,0.0,0.0,0.0,0.0,0.0,0.0,0.0
1836,"2022","Ladakh","37","Kargil","6","Kargil",0.0,0.0,0.0,0.0,5.0,0.0,0.0,0.0,0.0,2.0,0.0,0.0,0.0,0.0,0.0
1837,"2022","Ladakh","37","Leh Ladakh","9","Leh",0.0,0.0,0.0,0.0,11.0,0.0,0.0,0.0,0.0,5.0,0.0,0.0,0.0,0.0,0.0
1838,"2022","Lakshadweep","31","Lakshadweep District","553","Lakshadweep",0.0,0.0,0.0,0.0,0.0,0.0,0.0,0.0,0.0,0.0,0.0,0.0,0.0,0.0,0.0
1839,"2022","Puducherry","34","Karaikal","598","Karaikal",0.0,0.0,0.0,0.0,0.0,0.0,0.0,0.0,0.0,0.0,0.0,0.0,0.0,0.0,0.0
1840,"2022","Puducherry","34","Pondicherry","600","Puducherry",4.0,3.0,7.0,14.0,77.0,3.0,7.0,14.0,24.0,134.0,0.0,0.0,0.0,0.0,0.0
