district_code,state_name,year,registration_circles,state_code,district_name,id
502,Andhra Pradesh,2017,Anantapur,28,Anantapur,0
503,Andhra Pradesh,2017,Chittoor,28,Chittoor,1
504,Andhra Pradesh,2017,Cuddapah,28,Y.S.R.,2
505,Andhra Pradesh,2017,East Godavari,28,East Godavari,3
502,Andhra Pradesh,2017,Guntakal Railway,28,Anantapur,4
506,Andhra Pradesh,2017,Guntur,28,Guntur,5
506,Andhra Pradesh,2017,Guntur Urban,28,Guntur,6
510,Andhra Pradesh,2017,Krishna,28,Krishna,7
511,Andhra Pradesh,2017,Kurnool,28,Kurnool,8
515,Andhra Pradesh,2017,Nellore,28,Spsr Nellore,9
517,Andhra Pradesh,2017,Prakasham,28,Prakasam,10
505,Andhra Pradesh,2017,Rajahmundry,28,East Godavari,11
519,Andhra Pradesh,2017,Srikakulam,28,Srikakulam,12
752,Andhra Pradesh,2017,Tirupathi Urban,28,Tirupati,13
749,Andhra Pradesh,2017,Vijayawada City,28,Ntr,14
749,Andhra Pradesh,2017,Vijayawada Railway,28,Ntr,15
520,Andhra Pradesh,2017,Visakha Rural,28,Visakhapatanam,16
520,Andhra Pradesh,2017,Visakhapatnam,28,Visakhapatanam,17
521,Andhra Pradesh,2017,Vizianagaram,28,Vizianagaram,18
523,Andhra Pradesh,2017,West Godavari,28,West Godavari,19
628,Arunachal Pradesh,2017,Anjaw,12,Anjaw,20
229,Arunachal Pradesh,2017,Changlang,12,Changlang,21
237,Arunachal Pradesh,2017,Crime Branch,12,Papum Pare,22
230,Arunachal Pradesh,2017,Dibang Valley,12,Dibang Valley,23
231,Arunachal Pradesh,2017,Kameng East,12,East Kameng,24
242,Arunachal Pradesh,2017,Kameng West,12,West Kameng,25
233,Arunachal Pradesh,2017,Kurung Kumey,12,Kurung Kumey,26
234,Arunachal Pradesh,2017,Lohit,12,Lohit,27
666,Arunachal Pradesh,2017,Longding,12,Longding,28
235,Arunachal Pradesh,2017,Lower Dibang Valley,12,Lower Dibang Valley,29
237,Arunachal Pradesh,2017,Papum Pare City,12,Papum Pare,30
237,Arunachal Pradesh,2017,Papum Pare Rural,12,Papum Pare,31
232,Arunachal Pradesh,2017,Siang East,12,East Siang,32
240,Arunachal Pradesh,2017,Siang Upper,12,Upper Siang,33
243,Arunachal Pradesh,2017,Siang West,12,West Siang,34
236,Arunachal Pradesh,2017,Subansiri Lower,12,Lower Subansiri,35
241,Arunachal Pradesh,2017,Subansiri Upper,12,Upper Subansiri,36
238,Arunachal Pradesh,2017,Tawang,12,Tawang,37
239,Arunachal Pradesh,2017,Tirap,12,Tirap,38
678,Arunachal Pradesh,2017,Namsai,12,Namsai,39
679,Arunachal Pradesh,2017,Siang,12,Siang,40
718,Arunachal Pradesh,2017,Kamle,12,Kamle,41
719,Arunachal Pradesh,2017,Lower Siang,12,Lower Siang,42
618,Assam,2017,Bieo,18,Kamrup Metro,43
280,Assam,2017,Barpeta,18,Barpeta,44
616,Assam,2017,Baksa,18,Baksa,45
281,Assam,2017,Bongaigaon,18,Bongaigaon,46
618,Assam,2017,Cid,18,Kamrup Metro,47
282,Assam,2017,Cachar,18,Cachar,48
612,Assam,2017,Chirang,18,Chirang,49
283,Assam,2017,Darrang,18,Darrang,50
284,Assam,2017,Dhemaji,18,Dhemaji,51
285,Assam,2017,Dhubri,18,Dhubri,52
286,Assam,2017,Dibrugarh,18,Dibrugarh,53
618,Assam,2017,Grp,18,Kamrup Metro,54
287,Assam,2017,Goalpara,18,Goalpara,55
288,Assam,2017,Golaghat,18,Golaghat,56
618,Assam,2017,Guwahati City,18,Kamrup Metro,57
289,Assam,2017,Hailakandi,18,Hailakandi,58
710,Assam,2017,Hamren,18,West Karbi Anglong,59
290,Assam,2017,Jorhat,18,Jorhat,60
291,Assam,2017,Kamrup,18,Kamrup,61
292,Assam,2017,Karbi Anglong,18,Karbi Anglong,62
293,Assam,2017,Karimganj,18,Karimganj,63
294,Assam,2017,Kokrajhar,18,Kokrajhar,64
295,Assam,2017,Lakhimpur,18,Lakhimpur,65
296,Assam,2017,Morigaon,18,Marigaon,66
299,Assam,2017,Dima Hasao,18,Dima Hasao,67
297,Assam,2017,Nagaon,18,Nagaon,68
298,Assam,2017,Nalbari,18,Nalbari,69
618,Assam,2017,Rpo,18,Kamrup Metro,70
618,Assam,2017,Sou,18,Kamrup Metro,71
618,Assam,2017,Stf,18,Kamrup Metro,72
300,Assam,2017,Sibsagar,18,Sivasagar,73
301,Assam,2017,Sonitpur,18,Sonitpur,74
302,Assam,2017,Tinsukia,18,Tinsukia,75
617,Assam,2017,Udalguri,18,Udalguri,76
302,Assam,2017,Sadia,18,Tinsukia,77
706,Assam,2017,Majuli,18,Majuli,78
705,Assam,2017,Biswanath,18,Biswanath,79
709,Assam,2017,Hojai,18,Hojai,80
707,Assam,2017,South Salmara,18,South Salmara Mancachar,81
708,Assam,2017,Charaideo,18,Charaideo,82
188,Bihar,2017,Araria,10,Araria,83
611,Bihar,2017,Arwal,10,Arwal,84
189,Bihar,2017,Aurangabad,10,Aurangabad,85
211,Bihar,2017,Bagaha,10,Pashchim Champaran,86
190,Bihar,2017,Banka,10,Banka,87
191,Bihar,2017,Begusarai,10,Begusarai,88
211,Bihar,2017,Bettiah,10,Pashchim Champaran,89
200,Bihar,2017,Bhabhua,10,Kaimur (Bhabua),90
192,Bihar,2017,Bhagalpur,10,Bhagalpur,91
193,Bihar,2017,Bhojpur,10,Bhojpur,92
194,Bihar,2017,Buxar,10,Buxar,93
195,Bihar,2017,Darbhanga,10,Darbhanga,94
196,Bihar,2017,Gaya,10,Gaya,95
197,Bihar,2017,Gopalganj,10,Gopalganj,96
207,Bihar,2017,Jamalpur Railway,10,Munger,97
198,Bihar,2017,Jamui,10,Jamui,98
199,Bihar,2017,Jehanabad,10,Jehanabad,99
201,Bihar,2017,Katihar,10,Katihar,100
201,Bihar,2017,Katihar Railway,10,Katihar,101
202,Bihar,2017,Khagaria,10,Khagaria,102
203,Bihar,2017,Kishanganj,10,Kishanganj,103
204,Bihar,2017,Lakhisarai,10,Lakhisarai,104
205,Bihar,2017,Madhepura,10,Madhepura,105
206,Bihar,2017,Madhubani,10,Madhubani,106
213,Bihar,2017,Motihari,10,Purbi Champaran,107
207,Bihar,2017,Munger,10,Munger,108
208,Bihar,2017,Muzaffarpur,10,Muzaffarpur,109
208,Bihar,2017,Muzaffarpur Railway,10,Muzaffarpur,110
209,Bihar,2017,Nalanda,10,Nalanda,111
192,Bihar,2017,Naugachia,10,Bhagalpur,112
210,Bihar,2017,Nawadah,10,Nawada,113
212,Bihar,2017,Patna,10,Patna,114
212,Bihar,2017,Patna Railway,10,Patna,115
214,Bihar,2017,Purnea,10,Purnia,116
215,Bihar,2017,Rohtas,10,Rohtas,117
216,Bihar,2017,Saharsa,10,Saharsa,118
217,Bihar,2017,Samastipur,10,Samastipur,119
218,Bihar,2017,Saran,10,Saran,120
219,Bihar,2017,Sheikhpura,10,Sheikhpura,121
220,Bihar,2017,Sheohar,10,Sheohar,122
221,Bihar,2017,Sitamarhi,10,Sitamarhi,123
222,Bihar,2017,Siwan,10,Siwan,124
223,Bihar,2017,Supaul,10,Supaul,125
224,Bihar,2017,Vaishali,10,Vaishali,126
212,Bihar,2017,Economic Offences Unit,10,Patna,127
212,Bihar,2017,Anti Terrorist Squad,10,Patna,128
646,Chhattisgarh,2017,Balod,22,Balod,129
644,Chhattisgarh,2017,Balodbazar,22,Baloda Bazar,130
649,Chhattisgarh,2017,Balrampur,22,Balrampur,131
650,Chhattisgarh,2017,Bemetra,22,Bemetara,132
375,Chhattisgarh,2017,Bilaspur,22,Bilaspur,133
636,Chhattisgarh,2017,Bizapur,22,Bijapur,134
376,Chhattisgarh,2017,Dantewara,22,Dantewada,135
377,Chhattisgarh,2017,Dhamtari,22,Dhamtari,136
378,Chhattisgarh,2017,Durg,22,Durg,137
645,Chhattisgarh,2017,Gariyaband,22,Gariyaband,138
387,Chhattisgarh,2017,Grp Raipur,22,Raipur,139
374,Chhattisgarh,2017,Jagdalpur,22,Bastar,140
379,Chhattisgarh,2017,Janjgir,22,Janjgir-Champa,141
380,Chhattisgarh,2017,Jashpur,22,Jashpur,142
382,Chhattisgarh,2017,Kabirdham,22,Kabirdham,143
381,Chhattisgarh,2017,Kanker,22,Kanker,144
643,Chhattisgarh,2017,Kondagaon,22,Kondagaon,145
383,Chhattisgarh,2017,Korba,22,Korba,146
384,Chhattisgarh,2017,Koriya,22,Korea,147
385,Chhattisgarh,2017,Mahasamund,22,Mahasamund,148
647,Chhattisgarh,2017,Mungali,22,Mungeli,149
637,Chhattisgarh,2017,Narayanpur,22,Narayanpur,150
386,Chhattisgarh,2017,Raigarh,22,Raigarh,151
387,Chhattisgarh,2017,Raipur,22,Raipur,152
388,Chhattisgarh,2017,Rajnandgaon,22,Rajnandgaon,153
389,Chhattisgarh,2017,Sarguja,22,Surguja,154
642,Chhattisgarh,2017,Sukma,22,Sukma,155
648,Chhattisgarh,2017,Surajpur,22,Surajpur,156
551,Goa,2017,North Goa,30,North Goa,157
552,Goa,2017,South Goa,30,South Goa,158
551,Goa,2017,Cid,30,North Goa,159
438,Gujarat,2017,Ahmedabad City,24,Ahmadabad,160
438,Gujarat,2017,Ahmedabad Rural,24,Ahmadabad,161
439,Gujarat,2017,Amreli,24,Amreli,162
440,Gujarat,2017,Anand,24,Anand,163
672,Gujarat,2017,Arvalli,24,Arvalli,164
441,Gujarat,2017,Banaskantha,24,Banas Kantha,165
442,Gujarat,2017,Bharuch,24,Bharuch,166
443,Gujarat,2017,Bhavnagar,24,Bhavnagar,167
676,Gujarat,2017,Botad,24,Botad,168
668,Gujarat,2017,Chhotaudepur,24,Chhotaudepur,169
446,Gujarat,2017,Cid Crime,24,Gandhinagar,170
445,Gujarat,2017,Dahod,24,Dohad,171
444,Gujarat,2017,Dang,24,Dang,172
674,Gujarat,2017,Devbhumi Dwarka,24,Devbhumi Dwarka,173
446,Gujarat,2017,Gandhinagar,24,Gandhinagar,174
675,Gujarat,2017,Gir Somnath,24,Gir Somnath,175
447,Gujarat,2017,Jamnagar,24,Jamnagar,176
448,Gujarat,2017,Junagadh,24,Junagadh,177
449,Gujarat,2017,Kachchh East(G),24,Kachchh,178
449,Gujarat,2017,Kachchh West(B),24,Kachchh,179
450,Gujarat,2017,Kheda,24,Kheda,180
669,Gujarat,2017,Mahisagar,24,Mahisagar,181
451,Gujarat,2017,Mehsana,24,Mahesana,182
673,Gujarat,2017,Morbi,24,Morbi,183
452,Gujarat,2017,Narmada,24,Narmada,184
453,Gujarat,2017,Navsari,24,Navsari,185
454,Gujarat,2017,Panchmahal,24,Panch Mahals,186
455,Gujarat,2017,Patan,24,Patan,187
456,Gujarat,2017,Porbandar,24,Porbandar,188
457,Gujarat,2017,Rajkot City,24,Rajkot,189
457,Gujarat,2017,Rajkot Rural,24,Rajkot,190
458,Gujarat,2017,Sabarkantha,24,Sabar Kantha,191
459,Gujarat,2017,Surat City,24,Surat,192
459,Gujarat,2017,Surat Rural,24,Surat,193
460,Gujarat,2017,Surendranagar,24,Surendranagar,194
641,Gujarat,2017,Tapi,24,Tapi,195
461,Gujarat,2017,Vadodara City,24,Vadodara,196
461,Gujarat,2017,Vadodara Rural,24,Vadodara,197
462,Gujarat,2017,Valsad,24,Valsad,198
438,Gujarat,2017,W.Rly Ahmedabad,24,Ahmadabad,199
461,Gujarat,2017,W.Rly Vadodara,24,Vadodara,200
58,Haryana,2017,Ambala,6,Ambala,201
59,Haryana,2017,Bhiwani,6,Bhiwani,202
60,Haryana,2017,Faridabad,6,Faridabad,203
61,Haryana,2017,Fatehabad,6,Fatehabad,204
58,Haryana,2017,Grp,6,Ambala,205
62,Haryana,2017,Gurugram,6,Gurugram,206
63,Haryana,2017,Hissar,6,Hisar,207
64,Haryana,2017,Jhajjar,6,Jhajjar,208
65,Haryana,2017,Jind,6,Jind,209
66,Haryana,2017,Kaithal,6,Kaithal,210
67,Haryana,2017,Karnal,6,Karnal,211
68,Haryana,2017,Kurukshetra,6,Kurukshetra,212
69,Haryana,2017,Mahendergarh,6,Mahendragarh,213
604,Haryana,2017,Mewat,6,Nuh,214
619,Haryana,2017,Palwal,6,Palwal,215
70,Haryana,2017,Panchkula,6,Panchkula,216
71,Haryana,2017,Panipat,6,Panipat,217
72,Haryana,2017,Rewari,6,Rewari,218
73,Haryana,2017,Rohtak,6,Rohtak,219
74,Haryana,2017,Sirsa,6,Sirsa,220
75,Haryana,2017,Sonipat,6,Sonipat,221
76,Haryana,2017,Yamunanagar,6,Yamunanagar,222
62,Haryana,2017,Irrigation And Power,6,Gurugram,223
701,Haryana,2017,Charkhi Dadri,6,Charki Dadri,224
63,Haryana,2017,Hansi,6,Hisar,225
25,Himachal Pradesh,2017,Baddi,2,Solan,226
15,Himachal Pradesh,2017,Bilaspur,2,Bilaspur,227
16,Himachal Pradesh,2017,Chamba,2,Chamba,228
23,Himachal Pradesh,2017,Cid,2,Shimla,229
23,Himachal Pradesh,2017,Grp,2,Shimla,230
17,Himachal Pradesh,2017,Hamirpur,2,Hamirpur,231
18,Himachal Pradesh,2017,Kangra,2,Kangra,232
19,Himachal Pradesh,2017,Kinnaur,2,Kinnaur,233
20,Himachal Pradesh,2017,Kullu,2,Kullu,234
21,Himachal Pradesh,2017,Lahaul And Spiti,2,Lahul And Spiti,235
22,Himachal Pradesh,2017,Mandi,2,Mandi,236
23,Himachal Pradesh,2017,Shimla,2,Shimla,237
24,Himachal Pradesh,2017,Sirmaur,2,Sirmaur,238
25,Himachal Pradesh,2017,Solan,2,Solan,239
26,Himachal Pradesh,2017,Una,2,Una,240
23,Himachal Pradesh,2017,Cyber,2,Shimla,241
1,Jammu And Kashmir,2017,Anantnag,1,Anantnag,242
11,Jammu And Kashmir,2017,Awantipora,1,Pulwama,243
623,Jammu And Kashmir,2017,Bandipora,1,Bandipora,244
3,Jammu And Kashmir,2017,Baramulla,1,Baramulla,245
2,Jammu And Kashmir,2017,Budgam,1,Budgam,246
5,Jammu And Kashmir,2017,Crime Jammu,1,Jammu,247
5,Jammu And Kashmir,2017,Crime Srinagar,1,Jammu,248
4,Jammu And Kashmir,2017,Doda,1,Doda,249
626,Jammu And Kashmir,2017,Ganderbal,1,Ganderbal,250
8,Jammu And Kashmir,2017,Handwara,1,Kupwara,251
5,Jammu And Kashmir,2017,Jammu,1,Jammu,252
6,Jammu And Kashmir,2017,Kargil,1,Kargil,253
7,Jammu And Kashmir,2017,Kathua,1,Kathua,254
620,Jammu And Kashmir,2017,Kishtwar,1,Kishtwar,255
622,Jammu And Kashmir,2017,Kulgam,1,Kulgam,256
8,Jammu And Kashmir,2017,Kupwara,1,Kupwara,257
9,Jammu And Kashmir,2017,Leh,1,Leh Ladakh,258
10,Jammu And Kashmir,2017,Poonch,1,Poonch,259
11,Jammu And Kashmir,2017,Pulwama,1,Pulwama,260
5,Jammu And Kashmir,2017,Railways Jammu,1,Jammu,261
5,Jammu And Kashmir,2017,Railways Kashmir,1,Jammu,262
627,Jammu And Kashmir,2017,Railways Katra,1,Reasi,263
12,Jammu And Kashmir,2017,Rajouri,1,Rajouri,264
621,Jammu And Kashmir,2017,Ramban,1,Ramban,265
627,Jammu And Kashmir,2017,Reasi,1,Reasi,266
624,Jammu And Kashmir,2017,Samba,1,Samba,267
625,Jammu And Kashmir,2017,Shopian,1,Shopian,268
3,Jammu And Kashmir,2017,Sopore,1,Baramulla,269
13,Jammu And Kashmir,2017,Srinagar,1,Srinagar,270
14,Jammu And Kashmir,2017,Udhampur,1,Udhampur,271
322,Jharkhand,2017,Bokaro,20,Bokaro,272
343,Jharkhand,2017,Chaibasa,20,West Singhbhum,273
323,Jharkhand,2017,Chatra,20,Chatra,274
324,Jharkhand,2017,Deoghar,20,Deoghar,275
325,Jharkhand,2017,Dhanbad,20,Dhanbad,276
325,Jharkhand,2017,Dhanbad Railway,20,Dhanbad,277
326,Jharkhand,2017,Dumka,20,Dumka,278
328,Jharkhand,2017,Garhwa,20,Garhwa,279
329,Jharkhand,2017,Giridih,20,Giridih,280
330,Jharkhand,2017,Godda,20,Godda,281
331,Jharkhand,2017,Gumla,20,Gumla,282
332,Jharkhand,2017,Hazaribagh,20,Hazaribagh,283
327,Jharkhand,2017,Jamshedpur,20,East Singhbum,284
327,Jharkhand,2017,Jamshedpur Railway,20,East Singhbum,285
333,Jharkhand,2017,Jamtara,20,Jamtara,286
606,Jharkhand,2017,Khunti,20,Khunti,287
334,Jharkhand,2017,Koderma,20,Koderma,288
335,Jharkhand,2017,Latehar,20,Latehar,289
336,Jharkhand,2017,Lohardagga,20,Lohardaga,290
337,Jharkhand,2017,Pakur,20,Pakur,291
338,Jharkhand,2017,Palamu,20,Palamu,292
607,Jharkhand,2017,Ramgarh,20,Ramgarh,293
339,Jharkhand,2017,Ranchi,20,Ranchi,294
340,Jharkhand,2017,Sahebganj,20,Sahebganj,295
341,Jharkhand,2017,Saraikela,20,Saraikela Kharsawan,296
342,Jharkhand,2017,Simdega,20,Simdega,297
524,Karnataka,2017,Bagalkot,29,Bagalkote,298
525,Karnataka,2017,Bengaluru City,29,Bengaluru Urban,299
525,Karnataka,2017,Bengaluru District,29,Bengaluru Urban,300
527,Karnataka,2017,Belagavi District,29,Belagavi,301
528,Karnataka,2017,Ballari,29,Ballari,302
529,Karnataka,2017,Bidar,29,Bidar,303
530,Karnataka,2017,Vijayapura,29,Vijayapura,304
630,Karnataka,2017,Chikkaballapura,29,Chikkaballapura,305
531,Karnataka,2017,Chamarajnagar,29,Chamarajanagara,306
532,Karnataka,2017,Chikkamagaluru,29,Chikkamagaluru,307
533,Karnataka,2017,Chitradurga,29,Chitradurga,308
534,Karnataka,2017,Dakshina Kannada,29,Dakshina Kannada,309
535,Karnataka,2017,Davanagere,29,Davangere,310
536,Karnataka,2017,Dharwad,29,Dharwad,311
537,Karnataka,2017,Gadag,29,Gadag,312
538,Karnataka,2017,Kalaburgi,29,Kalaburagi,313
539,Karnataka,2017,Hassan,29,Hassan,314
540,Karnataka,2017,Haveri,29,Haveri,315
536,Karnataka,2017,Hubballi Dharwad City,29,Dharwad,316
527,Karnataka,2017,K.G.F.,29,Belagavi,317
541,Karnataka,2017,Kodagu,29,Kodagu,318
542,Karnataka,2017,Kolar,29,Kolar,319
543,Karnataka,2017,Koppal,29,Koppal,320
544,Karnataka,2017,Mandya,29,Mandya,321
534,Karnataka,2017,Mangaluru City,29,Dakshina Kannada,322
545,Karnataka,2017,Mysuru City,29,Mysuru,323
545,Karnataka,2017,Mysuru District,29,Mysuru,324
546,Karnataka,2017,Raichur,29,Raichur,325
525,Karnataka,2017,K.Railways,29,Bengaluru Urban,326
631,Karnataka,2017,Ramanagara,29,Ramanagara,327
547,Karnataka,2017,Shimoga,29,Shivamogga,328
548,Karnataka,2017,Tumakuru,29,Tumakuru,329
549,Karnataka,2017,Udupi,29,Udupi,330
550,Karnataka,2017,Uttara Kannada,29,Uttara Kannada,331
635,Karnataka,2017,Yadgiri,29,Yadgir,332
527,Karnataka,2017,Belagavi City,29,Belagavi,333
554,Kerala,2017,Alapuzha,32,Alappuzha,334
555,Kerala,2017,Ernakulam Commr.,32,Ernakulam,335
555,Kerala,2017,Ernakulam Rural,32,Ernakulam,336
556,Kerala,2017,Idukki,32,Idukki,337
557,Kerala,2017,Kannur,32,Kannur,338
558,Kerala,2017,Kasargod,32,Kasaragod,339
559,Kerala,2017,Kollam Commr.,32,Kollam,340
559,Kerala,2017,Kollam Rural,32,Kollam,341
560,Kerala,2017,Kottayam,32,Kottayam,342
561,Kerala,2017,Kozhikode Commr.,32,Kozhikode,343
561,Kerala,2017,Kozhikode Rural,32,Kozhikode,344
562,Kerala,2017,Malappuram,32,Malappuram,345
563,Kerala,2017,Palakkad,32,Palakkad,346
564,Kerala,2017,Pathanamthitta,32,Pathanamthitta,347
565,Kerala,2017,Railways,32,Thiruvananthapuram,348
566,Kerala,2017,Thrissur Commr.,32,Thrissur,349
566,Kerala,2017,Thrissur Rural,32,Thrissur,350
565,Kerala,2017,Trivandrum Commr.,32,Thiruvananthapuram,351
565,Kerala,2017,Trivandrum Rural,32,Thiruvananthapuram,352
567,Kerala,2017,Wayanadu,32,Wayanad,353
565,Kerala,2017,Crime Branch,32,Thiruvananthapuram,354
667,Madhya Pradesh,2017,Agar,23,Agar Malwa,355
639,Madhya Pradesh,2017,Alirajpur,23,Alirajpur,356
390,Madhya Pradesh,2017,Anuppur,23,Anuppur,357
391,Madhya Pradesh,2017,Ashok Nagar,23,Ashoknagar,358
392,Madhya Pradesh,2017,Balaghat,23,Balaghat,359
393,Madhya Pradesh,2017,Barwani,23,Barwani,360
394,Madhya Pradesh,2017,Betul,23,Betul,361
395,Madhya Pradesh,2017,Bhind,23,Bhind,362
396,Madhya Pradesh,2017,Bhopal,23,Bhopal,363
396,Madhya Pradesh,2017,Bhopal Railway,23,Bhopal,364
397,Madhya Pradesh,2017,Burhanpur,23,Burhanpur,365
398,Madhya Pradesh,2017,Chhatarpur,23,Chhatarpur,366
399,Madhya Pradesh,2017,Chhindwara,23,Chhindwara,367
400,Madhya Pradesh,2017,Damoh,23,Damoh,368
401,Madhya Pradesh,2017,Datia,23,Datia,369
402,Madhya Pradesh,2017,Dewas,23,Dewas,370
403,Madhya Pradesh,2017,Dhar,23,Dhar,371
404,Madhya Pradesh,2017,Dindori,23,Dindori,372
406,Madhya Pradesh,2017,Guna,23,Guna,373
407,Madhya Pradesh,2017,Gwalior,23,Gwalior,374
408,Madhya Pradesh,2017,Harda,23,Harda,375
409,Madhya Pradesh,2017,Hoshangabad,23,Narmadapuram,376
410,Madhya Pradesh,2017,Indore,23,Indore,377
410,Madhya Pradesh,2017,Indore Railway,23,Indore,378
411,Madhya Pradesh,2017,Jabalpur,23,Jabalpur,379
411,Madhya Pradesh,2017,Jabalpur Railway,23,Jabalpur,380
412,Madhya Pradesh,2017,Jhabua,23,Jhabua,381
413,Madhya Pradesh,2017,Katni,23,Katni,382
410,Madhya Pradesh,2017,Khandwa,23,Indore,383
414,Madhya Pradesh,2017,Khargone,23,Khargone,384
415,Madhya Pradesh,2017,Mandla,23,Mandla,385
416,Madhya Pradesh,2017,Mandsaur,23,Mandsaur,386
417,Madhya Pradesh,2017,Morena,23,Morena,387
418,Madhya Pradesh,2017,Narsinghpur,23,Narsinghpur,388
419,Madhya Pradesh,2017,Neemuch,23,Neemuch,389
420,Madhya Pradesh,2017,Panna,23,Panna,390
421,Madhya Pradesh,2017,Raisen,23,Raisen,391
422,Madhya Pradesh,2017,Rajgarh,23,Rajgarh,392
423,Madhya Pradesh,2017,Ratlam,23,Ratlam,393
424,Madhya Pradesh,2017,Rewa,23,Rewa,394
425,Madhya Pradesh,2017,Sagar,23,Sagar,395
426,Madhya Pradesh,2017,Satna,23,Satna,396
428,Madhya Pradesh,2017,Seoni,23,Seoni,397
429,Madhya Pradesh,2017,Shahdol,23,Shahdol,398
430,Madhya Pradesh,2017,Shajapur,23,Shajapur,399
431,Madhya Pradesh,2017,Sheopur,23,Sheopur,400
432,Madhya Pradesh,2017,Shivpuri,23,Shivpuri,401
433,Madhya Pradesh,2017,Sidhi,23,Sidhi,402
427,Madhya Pradesh,2017,Sehore,23,Sehore,403
638,Madhya Pradesh,2017,Singrauli,23,Singrauli,404
434,Madhya Pradesh,2017,Tikamgarh,23,Tikamgarh,405
435,Madhya Pradesh,2017,Ujjain,23,Ujjain,406
436,Madhya Pradesh,2017,Umaria,23,Umaria,407
437,Madhya Pradesh,2017,Vidisha,23,Vidisha,408
9999,Madhya Pradesh,2017,Cyber Crime Cell,23,Cyber Crime Cell,409
466,Maharashtra,2017,Ahmednagar,27,Cyber Crime Cell,410
467,Maharashtra,2017,Akola,27,Cyber Crime Cell,411
468,Maharashtra,2017,Amravati Commr.,27,Cyber Border Range,412
468,Maharashtra,2017,Amravati Rural,27,Cyber Crime Cell,413
469,Maharashtra,2017,Aurangabad Commr.,27,Aurangabad,414
469,Maharashtra,2017,Aurangabad Rural,27,Aurangabad,415
470,Maharashtra,2017,Beed,27,Beed,416
471,Maharashtra,2017,Bhandara,27,Bhandara,417
472,Maharashtra,2017,Buldhana,27,Buldhana,418
473,Maharashtra,2017,Chandrapur,27,Chandrapur,419
474,Maharashtra,2017,Dhule,27,Dhule,420
475,Maharashtra,2017,Gadchiroli,27,Gadchiroli,421
476,Maharashtra,2017,Gondia,27,Gondia,422
477,Maharashtra,2017,Hingoli,27,Hingoli,423
478,Maharashtra,2017,Jalgaon,27,Jalgaon,424
479,Maharashtra,2017,Jalna,27,Jalna,425
480,Maharashtra,2017,Kolhapur,27,Kolhapur,426
481,Maharashtra,2017,Latur,27,Latur,427
482,Maharashtra,2017,Mumbai Commr.,27,Mumbai,428
482,Maharashtra,2017,Mumbai Railway,27,Mumbai,429
484,Maharashtra,2017,Nagpur Commr.,27,Nagpur,430
484,Maharashtra,2017,Nagpur Railway,27,Nagpur,431
484,Maharashtra,2017,Nagpur Rural,27,Nagpur,432
485,Maharashtra,2017,Nanded,27,Nanded,433
486,Maharashtra,2017,Nandurbar,27,Nandurbar,434
487,Maharashtra,2017,Nasik Commr.,27,Nashik,435
487,Maharashtra,2017,Nasik Rural,27,Nashik,436
483,Maharashtra,2017,Navi Mumbai,27,Mumbai Suburban,437
488,Maharashtra,2017,Osmanabad,27,Osmanabad,438
665,Maharashtra,2017,Palghar,27,Palghar,439
489,Maharashtra,2017,Parbhani,27,Parbhani,440
490,Maharashtra,2017,Pune Commr.,27,Pune,441
490,Maharashtra,2017,Pune Railway,27,Pune,442
490,Maharashtra,2017,Pune Rural,27,Pune,443
491,Maharashtra,2017,Raigad,27,Raigad,444
492,Maharashtra,2017,Ratnagiri,27,Ratnagiri,445
493,Maharashtra,2017,Sangli,27,Sangli,446
494,Maharashtra,2017,Satara,27,Satara,447
495,Maharashtra,2017,Sindhudurg,27,Sindhudurg,448
496,Maharashtra,2017,Solapur Commr.,27,Solapur,449
496,Maharashtra,2017,Solapur Rural,27,Solapur,450
497,Maharashtra,2017,Thane Commr.,27,Thane,451
497,Maharashtra,2017,Thane Rural,27,Thane,452
498,Maharashtra,2017,Wardha,27,Wardha,453
499,Maharashtra,2017,Washim,27,Washim,454
500,Maharashtra,2017,Yavatmal,27,Yavatmal,455
252,Manipur,2017,Bishnupur,14,Bishnupur,456
253,Manipur,2017,Chandel,14,Chandel,457
254,Manipur,2017,Churachandpur,14,Churachandpur,458
256,Manipur,2017,Cid,14,Imphal West,459
255,Manipur,2017,Imphal East,14,Imphal East,460
256,Manipur,2017,Imphal West,14,Imphal West,461
257,Manipur,2017,Senapati,14,Senapati,462
258,Manipur,2017,Tamenglong,14,Tamenglong,463
259,Manipur,2017,Thoubal,14,Thoubal,464
260,Manipur,2017,Ukhrul,14,Ukhrul,465
273,Meghalaya,2017,Garo Hills East,17,East Garo Hills,466
656,Meghalaya,2017,Garo Hills North,17,North Garo Hills,467
277,Meghalaya,2017,Garo Hills South,17,South Garo Hills,468
663,Meghalaya,2017,Garo Hills South West,17,South West Garo Hills,469
278,Meghalaya,2017,Garo Hills West,17,West Garo Hills,470
275,Meghalaya,2017,Jaintia Hills West,17,West Jaintia Hills,471
657,Meghalaya,2017,Jaintia Hills East,17,East Jaintia Hills,472
274,Meghalaya,2017,Khasi Hills East,17,East Khasi Hills,473
658,Meghalaya,2017,Khasi Hills South West,17,South West Khasi Hills,474
279,Meghalaya,2017,Khasi Hills West,17,West Khasi Hills,475
276,Meghalaya,2017,Ri-Bhoi,17,Ri Bhoi,476
261,Mizoram,2017,Aizawl,15,Aizawl,477
262,Mizoram,2017,Champhai,15,Champhai,478
263,Mizoram,2017,Kolasib,15,Kolasib,479
264,Mizoram,2017,Lawngtlai,15,Lawngtlai,480
265,Mizoram,2017,Lunglei,15,Lunglei,481
266,Mizoram,2017,Mamit,15,Mamit,482
267,Mizoram,2017,Saiha,15,Saiha,483
268,Mizoram,2017,Serchhip,15,Serchhip,484
261,Mizoram,2017,Spl Narcotic,15,Aizawl,485
244,Nagaland,2017,Dimapur,13,Dimapur,486
614,Nagaland,2017,Kiphire,13,Kiphire,487
245,Nagaland,2017,Kohima,13,Kohima,488
615,Nagaland,2017,Longleng,13,Longleng,489
246,Nagaland,2017,Mokokchung,13,Mokokchung,490
247,Nagaland,2017,Mon,13,Mon,491
613,Nagaland,2017,Peren,13,Peren,492
248,Nagaland,2017,Phek,13,Phek,493
249,Nagaland,2017,Tuensang,13,Tuensang,494
250,Nagaland,2017,Wokha,13,Wokha,495
251,Nagaland,2017,Zunheboto,13,Zunheboto,496
344,Odisha,2017,Angul,21,Anugul,497
346,Odisha,2017,Balasore,21,Baleshwar,498
347,Odisha,2017,Baragarh,21,Bargarh,499
346,Odisha,2017,Berhampur,21,Baleshwar,500
348,Odisha,2017,Bhadrak,21,Bhadrak,501
345,Odisha,2017,Bolangir,21,Balangir,502
349,Odisha,2017,Boudh,21,Boudh,503
350,Odisha,2017,Cuttack,21,Cuttack,504
362,Odisha,2017,Dcp Bbsr,21,Khordha,505
350,Odisha,2017,Dcp Ctc,21,Cuttack,506
351,Odisha,2017,Deogarh,21,Deogarh,507
352,Odisha,2017,Dhenkanal,21,Dhenkanal,508
353,Odisha,2017,Gajapati,21,Gajapati,509
354,Odisha,2017,Ganjam,21,Ganjam,510
355,Odisha,2017,Jagatsinghpur,21,Jagatsinghapur,511
356,Odisha,2017,Jajpur,21,Jajapur,512
357,Odisha,2017,Jharsuguda,21,Jharsuguda,513
358,Odisha,2017,Kalahandi,21,Kalahandi,514
359,Odisha,2017,Kandhamal,21,Kandhamal,515
360,Odisha,2017,Kendrapara,21,Kendrapara,516
361,Odisha,2017,Keonjhar,21,Kendujhar,517
362,Odisha,2017,Khurda,21,Khordha,518
363,Odisha,2017,Koraput,21,Koraput,519
364,Odisha,2017,Malkangiri,21,Malkangiri,520
365,Odisha,2017,Mayurbhanj,21,Mayurbhanj,521
367,Odisha,2017,Nayagarh,21,Nayagarh,522
366,Odisha,2017,Nabarangpur,21,Nabarangpur,523
368,Odisha,2017,Nuapada,21,Nuapada,524
369,Odisha,2017,Puri,21,Puri,525
370,Odisha,2017,Rayagada,21,Rayagada,526
373,Odisha,2017,Rourkela,21,Sundargarh,527
371,Odisha,2017,Sambalpur,21,Sambalpur,528
372,Odisha,2017,Sonepur,21,Sonepur,529
350,Odisha,2017,Srp(Cuttack),21,Cuttack,530
373,Odisha,2017,Srp(Rourkela),21,Sundargarh,531
373,Odisha,2017,Sundargarh,21,Sundargarh,532
350,Odisha,2017,Cid Cb,21,Cuttack,533
27,Punjab,2017,Amritsar Rural,3,Amritsar,534
605,Punjab,2017,Barnala,3,Barnala,535
32,Punjab,2017,Batala,3,Gurdaspur,536
28,Punjab,2017,Bathinda,3,Bathinda,537
27,Punjab,2017,Cp Amritsar,3,Amritsar,538
34,Punjab,2017,Cp Jalandhar,3,Jalandhar,539
36,Punjab,2017,Cp Ludhiana,3,Ludhiana,540
29,Punjab,2017,Faridkot,3,Faridkot,541
30,Punjab,2017,Fatehgarh Sahib,3,Fatehgarh Sahib,542
651,Punjab,2017,Fazilka,3,Fazilka,543
31,Punjab,2017,Ferozepur,3,Ferozepur,544
41,Punjab,2017,Grp,3,Patiala,545
32,Punjab,2017,Gurdaspur,3,Gurdaspur,546
33,Punjab,2017,Hoshiarpur,3,Hoshiarpur,547
34,Punjab,2017,Jalandhar Rural,3,Jalandhar,548
35,Punjab,2017,Kapurthala,3,Kapurthala,549
36,Punjab,2017,Khanna,3,Ludhiana,550
36,Punjab,2017,Ludhiana Rural,3,Ludhiana,551
37,Punjab,2017,Mansa,3,Mansa,552
38,Punjab,2017,Moga,3,Moga,553
39,Punjab,2017,Muktsar,3,Sri Muktsar Sahib,554
662,Punjab,2017,Pathankot,3,Pathankot,555
41,Punjab,2017,Patiala,3,Patiala,556
42,Punjab,2017,Ropar,3,Rupnagar,557
43,Punjab,2017,Sangrur,3,Sangrur,558
608,Punjab,2017,Sas Nagar,3,S.A.S Nagar,559
40,Punjab,2017,Sbs Nagar,3,Shahid Bhagat Singh Nagar,560
609,Punjab,2017,Tarn Taran,3,Tarn Taran,561
608,Punjab,2017,Bureau Of Investigation,3,S.A.S Nagar,562
608,Punjab,2017,Intelligence Wing,3,S.A.S Nagar,563
608,Punjab,2017,Nri Wing,3,S.A.S Nagar,564
27,Punjab,2017,Special Task Force,3,Amritsar,565
86,Rajasthan,2017,Ajmer,8,Ajmer,566
87,Rajasthan,2017,Alwar,8,Alwar,567
88,Rajasthan,2017,Banswara,8,Banswara,568
89,Rajasthan,2017,Baran,8,Baran,569
90,Rajasthan,2017,Barmer,8,Barmer,570
91,Rajasthan,2017,Bharatpur,8,Bharatpur,571
92,Rajasthan,2017,Bhilwara,8,Bhilwara,572
93,Rajasthan,2017,Bikaner,8,Bikaner,573
94,Rajasthan,2017,Bundi,8,Bundi,574
95,Rajasthan,2017,Chittorgarh,8,Chittorgarh,575
96,Rajasthan,2017,Churu,8,Churu,576
97,Rajasthan,2017,Dausa,8,Dausa,577
98,Rajasthan,2017,Dholpur,8,Dholpur,578
99,Rajasthan,2017,Dungarpur,8,Dungarpur,579
86,Rajasthan,2017,Grp Ajmer,8,Ajmer,580
107,Rajasthan,2017,Grp Jodhpur,8,Jodhpur,581
100,Rajasthan,2017,Ganganagar,8,Ganganagar,582
101,Rajasthan,2017,Hanumangarh,8,Hanumangarh,583
102,Rajasthan,2017,Jaipur East,8,Jaipur,584
102,Rajasthan,2017,Jaipur North,8,Jaipur,585
783,Rajasthan,2017,Jaipur Rural,8,Jaipur (Gramin),586
102,Rajasthan,2017,Jaipur South,8,Jaipur,587
102,Rajasthan,2017,Jaipur West,8,Jaipur,588
103,Rajasthan,2017,Jaisalmer,8,Jaisalmer,589
104,Rajasthan,2017,Jalore,8,Jalore,590
105,Rajasthan,2017,Jhalawar,8,Jhalawar,591
106,Rajasthan,2017,Jhunjhunu,8,Jhunjhunu,592
107,Rajasthan,2017,Jodhpur East,8,Jodhpur,593
107,Rajasthan,2017,Jodhpur West,8,Jodhpur,594
107,Rajasthan,2017,Jodhpur Rural,8,Jodhpur,595
108,Rajasthan,2017,Karauli,8,Karauli,596
109,Rajasthan,2017,Kota City,8,Kota,597
109,Rajasthan,2017,Kota Rural,8,Kota,598
110,Rajasthan,2017,Nagaur,8,Nagaur,599
111,Rajasthan,2017,Pali,8,Pali,600
629,Rajasthan,2017,Pratapgarh,8,Pratapgarh,601
112,Rajasthan,2017,Rajsamand,8,Rajsamand,602
113,Rajasthan,2017,Sawai Madhopur,8,Sawai Madhopur,603
114,Rajasthan,2017,Sikar,8,Sikar,604
115,Rajasthan,2017,Sirohi,8,Sirohi,605
116,Rajasthan,2017,Tonk,8,Tonk,606
117,Rajasthan,2017,Udaipur,8,Udaipur,607
102,Rajasthan,2017,Jaipur Metro,8,Jaipur,608
102,Rajasthan,2017,Scrb,8,Jaipur,609
102,Rajasthan,2017,Sog,8,Jaipur,610
102,Rajasthan,2017,Ssb,8,Jaipur,611
225,Sikkim,2017,East,11,Gangtok,612
226,Sikkim,2017,North,11,Mangan,613
227,Sikkim,2017,South,11,Namchi,614
228,Sikkim,2017,West,11,Gyalshing,615
610,Tamil Nadu,2017,Ariyalur,33,Ariyalur,616
568,Tamil Nadu,2017,Chennai,33,Chennai,617
569,Tamil Nadu,2017,Coimbatore,33,Coimbatore,618
569,Tamil Nadu,2017,Coimbatore City,33,Coimbatore,619
570,Tamil Nadu,2017,Cuddalore,33,Cuddalore,620
571,Tamil Nadu,2017,Dharmapuri,33,Dharmapuri,621
572,Tamil Nadu,2017,Dindigul,33,Dindigul,622
573,Tamil Nadu,2017,Erode,33,Erode,623
574,Tamil Nadu,2017,Kanchipuram,33,Kanchipuram,624
575,Tamil Nadu,2017,Kanyakumari,33,Kanniyakumari,625
576,Tamil Nadu,2017,Karur,33,Karur,626
577,Tamil Nadu,2017,Krishnagiri,33,Krishnagiri,627
578,Tamil Nadu,2017,Madurai,33,Madurai,628
578,Tamil Nadu,2017,Madurai City,33,Madurai,629
579,Tamil Nadu,2017,Nagapattinam,33,Nagapattinam,630
580,Tamil Nadu,2017,Namakkal,33,Namakkal,631
587,Tamil Nadu,2017,Nilgiris,33,The Nilgiris,632
581,Tamil Nadu,2017,Perambalur,33,Perambalur,633
582,Tamil Nadu,2017,Pudukottai,33,Pudukkottai,634
583,Tamil Nadu,2017,Ramnathapuram,33,Ramanathapuram,635
568,Tamil Nadu,2017,Railway Chennai,33,Chennai,636
591,Tamil Nadu,2017,Railway Trichy,33,Tiruchirappalli,637
584,Tamil Nadu,2017,Salem,33,Salem,638
584,Tamil Nadu,2017,Salem City,33,Salem,639
585,Tamil Nadu,2017,Sivagangai,33,Sivaganga,640
586,Tamil Nadu,2017,Thanjavur,33,Thanjavur,641
588,Tamil Nadu,2017,Theni,33,Theni,642
592,Tamil Nadu,2017,Thirunelveli,33,Tirunelveli,643
592,Tamil Nadu,2017,Thirunelveli City,33,Tirunelveli,644
589,Tamil Nadu,2017,Thiruvallur,33,Thiruvallur,645
593,Tamil Nadu,2017,Thiruvannamalai,33,Tiruvannamalai,646
590,Tamil Nadu,2017,Thiruvarur,33,Thiruvarur,647
594,Tamil Nadu,2017,Thoothukudi,33,Tuticorin,648
634,Tamil Nadu,2017,Tiruppur,33,Tiruppur,649
634,Tamil Nadu,2017,Tiruppur City,33,Tiruppur,650
591,Tamil Nadu,2017,Trichy,33,Tiruchirappalli,651
591,Tamil Nadu,2017,Trichy City,33,Tiruchirappalli,652
595,Tamil Nadu,2017,Vellore,33,Vellore,653
596,Tamil Nadu,2017,Villupuram,33,Villupuram,654
597,Tamil Nadu,2017,Virudhunagar,33,Virudhunagar,655
568,Tamil Nadu,2017,Cyber Cell,33,Chennai,656
568,Tamil Nadu,2017,Other Units,33,Chennai,657
518,Telangana,2017,Cyberabad Commissionerate,36,Ranga Reddy,658
507,Telangana,2017,Hyderabad Commissionerate,36,Hyderabad,659
508,Telangana,2017,Karimnagar Commissionerate,36,Karimnagar,660
509,Telangana,2017,Khammam Commissionerate,36,Khammam,661
516,Telangana,2017,Nizamabad Commissionerate,36,Nizamabad,662
697,Telangana,2017,Rachakonda Commissionerate,36,Yadadri Bhuvanagiri,663
682,Telangana,2017,Ramagundam Commissionerate,36,Peddapalli,664
692,Telangana,2017,Siddipet Commissionerate,36,Siddipet,665
522,Telangana,2017,Warangal Commissionerate,36,Warangal,666
501,Telangana,2017,Adilabad,36,Adilabad,667
690,Telangana,2017,Bhadradri Kothagudem,36,Bhadradri Kothagudem,668
681,Telangana,2017,Jagityal,36,Jagitial,669
687,Telangana,2017,Jayashankar Bhupalpalli,36,Jayashankar Bhupalapally,670
695,Telangana,2017,Jogulamba Gadwal,36,Jogulamba Gadwal,671
685,Telangana,2017,Kamareddy ,36,Kamareddy,672
699,Telangana,2017,Kumaram Bheem Asifabad,36,Kumuram Bheem Asifabad,673
688,Telangana,2017,Mahabubabad,36,Mahabubabad,674
512,Telangana,2017,Mahabubnagar,36,Mahabubnagar,675
513,Telangana,2017,Medak,36,Medak,676
694,Telangana,2017,Nagarkurnool,36,Nagarkurnool,677
514,Telangana,2017,Nalgonda,36,Nalgonda,678
680,Telangana,2017,Nirmal,36,Nirmal,679
683,Telangana,2017,Rajanna Siricilla,36,Rajanna Sircilla,680
691,Telangana,2017,Sangareddy,36,Sangareddy,681
696,Telangana,2017,Suryapet,36,Suryapet,682
698,Telangana,2017,Vikarabad,36,Vikarabad,683
693,Telangana,2017,Wanaparthy,36,Wanaparthy,684
507,Telangana,2017,Railway Police Secunderabad,36,Hyderabad,685
269,Tripura,2017,Dhalai,16,Dhalai,686
654,Tripura,2017,Gomati,16,Gomati,687
272,Tripura,2017,Grp,16,West Tripura,688
652,Tripura,2017,Kowai,16,Khowai,689
270,Tripura,2017,North,16,North Tripura,690
653,Tripura,2017,Sipahijala,16,Sepahijala,691
271,Tripura,2017,South,16,South Tripura,692
655,Tripura,2017,Unakoti,16,Unakoti,693
272,Tripura,2017,West,16,West Tripura,694
118,Uttar Pradesh,2017,Agra,9,Agra,695
119,Uttar Pradesh,2017,Aligarh,9,Aligarh,696
120,Uttar Pradesh,2017,Prayagraj,9,Prayagraj,697
121,Uttar Pradesh,2017,Ambedkar Nagar,9,Ambedkar Nagar,698
640,Uttar Pradesh,2017,Amethi,9,Amethi,699
154,Uttar Pradesh,2017,Amroha,9,Amroha,700
122,Uttar Pradesh,2017,Auraiya,9,Auraiya,701
123,Uttar Pradesh,2017,Azamgarh,9,Azamgarh,702
133,Uttar Pradesh,2017,Badaun,9,Budaun,703
124,Uttar Pradesh,2017,Baghpat,9,Baghpat,704
125,Uttar Pradesh,2017,Bahraich,9,Bahraich,705
126,Uttar Pradesh,2017,Ballia,9,Ballia,706
127,Uttar Pradesh,2017,Balrampur,9,Balrampur,707
128,Uttar Pradesh,2017,Banda,9,Banda,708
129,Uttar Pradesh,2017,Barabanki,9,Barabanki,709
130,Uttar Pradesh,2017,Bareilly,9,Bareilly,710
131,Uttar Pradesh,2017,Basti,9,Basti,711
132,Uttar Pradesh,2017,Bijnor,9,Bijnor,712
134,Uttar Pradesh,2017,Bulandshahar,9,Bulandshahr,713
135,Uttar Pradesh,2017,Chandoli,9,Chandauli,714
136,Uttar Pradesh,2017,Chitrakoot,9,Chitrakoot,715
137,Uttar Pradesh,2017,Deoria,9,Deoria,716
138,Uttar Pradesh,2017,Etah,9,Etah,717
139,Uttar Pradesh,2017,Etawah,9,Etawah,718
140,Uttar Pradesh,2017,Ayodhya,9,Ayodhya,719
141,Uttar Pradesh,2017,Fatehgarh,9,Farrukhabad,720
142,Uttar Pradesh,2017,Fatehpur,9,Fatehpur,721
143,Uttar Pradesh,2017,Firozabad,9,Firozabad,722
144,Uttar Pradesh,2017,Gautambudh Nagar,9,Gautam Buddha Nagar,723
145,Uttar Pradesh,2017,Ghaziabad,9,Ghaziabad,724
146,Uttar Pradesh,2017,Ghazipur,9,Ghazipur,725
147,Uttar Pradesh,2017,Gonda,9,Gonda,726
148,Uttar Pradesh,2017,Gorakhpur,9,Gorakhpur,727
149,Uttar Pradesh,2017,Hamirpur,9,Hamirpur,728
661,Uttar Pradesh,2017,Hapur,9,Hapur,729
150,Uttar Pradesh,2017,Hardoi,9,Hardoi,730
163,Uttar Pradesh,2017,Hathras,9,Hathras,731
151,Uttar Pradesh,2017,Jalaun,9,Jalaun,732
152,Uttar Pradesh,2017,Jaunpur,9,Jaunpur,733
153,Uttar Pradesh,2017,Jhansi,9,Jhansi,734
155,Uttar Pradesh,2017,Kannauj,9,Kannauj,735
156,Uttar Pradesh,2017,Kanpur Dehat,9,Kanpur Dehat,736
157,Uttar Pradesh,2017,Kanpur Nagar,9,Kanpur Nagar,737
633,Uttar Pradesh,2017,Kasganj,9,Kasganj,738
158,Uttar Pradesh,2017,Kaushambi,9,Kaushambi,739
159,Uttar Pradesh,2017,Khiri,9,Kheri,740
160,Uttar Pradesh,2017,Kushi Nagar,9,Kushi Nagar,741
161,Uttar Pradesh,2017,Lalitpur,9,Lalitpur,742
162,Uttar Pradesh,2017,Lucknow,9,Lucknow,743
164,Uttar Pradesh,2017,Maharajganj,9,Maharajganj,744
165,Uttar Pradesh,2017,Mahoba,9,Mahoba,745
166,Uttar Pradesh,2017,Mainpuri,9,Mainpuri,746
167,Uttar Pradesh,2017,Mathura,9,Mathura,747
168,Uttar Pradesh,2017,Mau,9,Mau,748
169,Uttar Pradesh,2017,Meerut,9,Meerut,749
170,Uttar Pradesh,2017,Mirzapur,9,Mirzapur,750
171,Uttar Pradesh,2017,Moradabad,9,Moradabad,751
172,Uttar Pradesh,2017,Muzaffarnagar,9,Muzaffarnagar,752
173,Uttar Pradesh,2017,Pilibhit,9,Pilibhit,753
174,Uttar Pradesh,2017,Pratapgarh,9,Pratapgarh,754
175,Uttar Pradesh,2017,Raibareilly,9,Rae Bareli,755
176,Uttar Pradesh,2017,Rampur,9,Rampur,756
177,Uttar Pradesh,2017,Saharanpur,9,Saharanpur,757
659,Uttar Pradesh,2017,Sambhal,9,Sambhal,758
178,Uttar Pradesh,2017,Sant Kabirnagar,9,Sant Kabeer Nagar,759
180,Uttar Pradesh,2017,Shahjahanpur,9,Shahjahanpur,760
660,Uttar Pradesh,2017,Shamli,9,Shamli,761
181,Uttar Pradesh,2017,Shrawasti,9,Shravasti,762
182,Uttar Pradesh,2017,Sidharthnagar,9,Siddharth Nagar,763
183,Uttar Pradesh,2017,Sitapur,9,Sitapur,764
184,Uttar Pradesh,2017,Sonbhadra,9,Sonbhadra,765
179,Uttar Pradesh,2017,Bhadohi,9,Bhadohi,766
185,Uttar Pradesh,2017,Sultanpur,9,Sultanpur,767
186,Uttar Pradesh,2017,Unnao,9,Unnao,768
187,Uttar Pradesh,2017,Varanasi,9,Varanasi,769
45,Uttarakhand,2017,Almora,5,Almora,770
46,Uttarakhand,2017,Bageshwar,5,Bageshwar,771
47,Uttarakhand,2017,Chamoli,5,Chamoli,772
48,Uttarakhand,2017,Champawat,5,Champawat,773
49,Uttarakhand,2017,Dehradun,5,Dehradun,774
50,Uttarakhand,2017,Haridwar,5,Haridwar,775
51,Uttarakhand,2017,Nainital,5,Nainital,776
52,Uttarakhand,2017,Pauri Garhwal,5,Pauri Garhwal,777
53,Uttarakhand,2017,Pithoragarh,5,Pithoragarh,778
54,Uttarakhand,2017,Rudra Prayag,5,Rudra Prayag,779
55,Uttarakhand,2017,Tehri Garhwal,5,Tehri Garhwal,780
56,Uttarakhand,2017,Udhamsingh Nagar,5,Udam Singh Nagar,781
57,Uttarakhand,2017,Uttarkashi,5,Uttar Kashi,782
49,Uttarakhand,2017,Grp,5,Dehradun,783
664,West Bengal,2017,Alipurduar,19,Alipurduar,784
704,West Bengal,2017,Asansol-Durgapur Pc,19,Paschim Bardhaman,785
305,West Bengal,2017,Bankura,19,Bankura,786
303,West Bengal,2017,Barrackpur Pc,19,24 Paraganas North,787
303,West Bengal,2017,Bidhannagar Pc,19,24 Paraganas North,788
307,West Bengal,2017,Birbhum,19,Birbhum,789
308,West Bengal,2017,Coochbehar,19,Coochbehar,790
310,West Bengal,2017,Dakshin Dinajpur,19,Dinajpur Dakshin,791
309,West Bengal,2017,Darjeeling,19,Darjeeling,792
312,West Bengal,2017,Hooghly Rural Police,19,Hooghly,793
313,West Bengal,2017,Howrah Grp,19,Howrah,794
313,West Bengal,2017,Howrah Pc,19,Howrah,795
313,West Bengal,2017,Howrah Rural,19,Howrah,796
314,West Bengal,2017,Jalpaiguri,19,Jalpaiguri,797
703,West Bengal,2017,Jhargram,19,Jhargram,798
318,West Bengal,2017,Kharagpur Grp,19,Medinipur West,799
315,West Bengal,2017,Kolkata,19,Kolkata,800
316,West Bengal,2017,Malda,19,Maldah,801
319,West Bengal,2017,Murshidabad,19,Murshidabad,802
320,West Bengal,2017,Nadia,19,Nadia,803
318,West Bengal,2017,Paschim Medinipur,19,Medinipur West,804
317,West Bengal,2017,Purab Medinipur,19,Medinipur East,805
321,West Bengal,2017,Purulia,19,Purulia,806
315,West Bengal,2017,Sealdah Grp,19,Kolkata,807
309,West Bengal,2017,Siliguri Grp,19,Darjeeling,808
309,West Bengal,2017,Siliguri Pc,19,Darjeeling,809
311,West Bengal,2017,Uttar Dinajpur,19,Dinajpur Uttar,810
304,West Bengal,2017,Baruipur Police,19,24 Paraganas South,811
312,West Bengal,2017,Chandannagar Pc,19,Hooghly,812
304,West Bengal,2017,Diamond Harbour Police,19,24 Paraganas South,813
702,West Bengal,2017,Kalimpong,19,Kalimpong,814
306,West Bengal,2017,Purba Bardhaman,19,Purba Bardhaman,815
304,West Bengal,2017,Sundarban Police,19,24 Paraganas South,816
303,West Bengal,2017,Barasat,19,24 Paraganas North,817
303,West Bengal,2017,Basirhat,19,24 Paraganas North,818
602,Andaman And Nicobar Islands,2017,South Andaman,35,South Andamans,819
632,Andaman And Nicobar Islands,2017,North And Middle Andaman,35,North And Middle Andaman,820
603,Andaman And Nicobar Islands,2017,Nicobar,35,Nicobars,821
44,Chandigarh,2017,Chandigarh,4,Chandigarh,822
465,The Dadra And Nagar Haveli And Daman And Diu,2017,Dadra And Nagar Haveli,38,Dadra And Nagar Haveli,823
463,The Dadra And Nagar Haveli And Daman And Diu,2017,Daman,38,Daman,824
464,The Dadra And Nagar Haveli And Daman And Diu,2017,Diu,38,Diu,825
77,Delhi,2017,Central,7,Central,826
82,Delhi,2017,Crime Branch,7,North West,827
78,Delhi,2017,East,7,East,828
79,Delhi,2017,Eow,7,New Delhi,829
79,Delhi,2017,Igi Airport,7,New Delhi,830
82,Delhi,2017,Metro,7,North West,831
79,Delhi,2017,New Delhi,7,New Delhi,832
80,Delhi,2017,North,7,North,833
81,Delhi,2017,North-East,7,North East,834
82,Delhi,2017,North-West,7,North West,835
82,Delhi,2017,Outer,7,North West,836
79,Delhi,2017,Railway,7,New Delhi,837
83,Delhi,2017,South,7,South,838
670,Delhi,2017,South-East,7,South East,839
84,Delhi,2017,South-West,7,South West,840
82,Delhi,2017,Spl Cell,7,North West,841
79,Delhi,2017,Spuwac,7,New Delhi,842
79,Delhi,2017,Vigilance,7,New Delhi,843
85,Delhi,2017,West,7,West,844
82,Delhi,2017,Rohini,7,North West,845
671,Delhi,2017,Shahdara,7,Shahdara,846
84,Delhi,2017,Dwarka,7,South West,847
553,Lakshadweep,2017,Lakshadweep,31,Lakshadweep District,848
598,Puducherry,2017,Karaikal,34,Karaikal,849
600,Puducherry,2017,Puducherry,34,Pondicherry,850
502,Andhra Pradesh,2018,Anantapur,28,Anantapur,851
503,Andhra Pradesh,2018,Chittoor,28,Chittoor,852
504,Andhra Pradesh,2018,Cuddapah,28,Y.S.R.,853
505,Andhra Pradesh,2018,East Godavari,28,East Godavari,854
502,Andhra Pradesh,2018,Guntakal Railway,28,Anantapur,855
506,Andhra Pradesh,2018,Guntur,28,Guntur,856
506,Andhra Pradesh,2018,Guntur Urban,28,Guntur,857
510,Andhra Pradesh,2018,Krishna,28,Krishna,858
511,Andhra Pradesh,2018,Kurnool,28,Kurnool,859
515,Andhra Pradesh,2018,Nellore,28,Spsr Nellore,860
517,Andhra Pradesh,2018,Prakasham,28,Prakasam,861
505,Andhra Pradesh,2018,Rajahmundry,28,East Godavari,862
519,Andhra Pradesh,2018,Srikakulam,28,Srikakulam,863
752,Andhra Pradesh,2018,Tirupathi Urban,28,Tirupati,864
749,Andhra Pradesh,2018,Vijayawada City,28,Ntr,865
749,Andhra Pradesh,2018,Vijayawada Railway,28,Ntr,866
520,Andhra Pradesh,2018,Visakha Rural,28,Visakhapatanam,867
520,Andhra Pradesh,2018,Visakhapatnam,28,Visakhapatanam,868
521,Andhra Pradesh,2018,Vizianagaram,28,Vizianagaram,869
523,Andhra Pradesh,2018,West Godavari,28,West Godavari,870
628,Arunachal Pradesh,2018,Anjaw,12,Anjaw,871
229,Arunachal Pradesh,2018,Changlang,12,Changlang,872
237,Arunachal Pradesh,2018,Crime Branch,12,Papum Pare,873
230,Arunachal Pradesh,2018,Dibang Valley,12,Dibang Valley,874
231,Arunachal Pradesh,2018,Kameng East,12,East Kameng,875
242,Arunachal Pradesh,2018,Kameng West,12,West Kameng,876
233,Arunachal Pradesh,2018,Kurung Kumey,12,Kurung Kumey,877
234,Arunachal Pradesh,2018,Lohit,12,Lohit,878
666,Arunachal Pradesh,2018,Longding,12,Longding,879
235,Arunachal Pradesh,2018,Lower Dibang Valley,12,Lower Dibang Valley,880
237,Arunachal Pradesh,2018,Papum Pare City,12,Papum Pare,881
237,Arunachal Pradesh,2018,Papum Pare Rural,12,Papum Pare,882
232,Arunachal Pradesh,2018,Siang East,12,East Siang,883
240,Arunachal Pradesh,2018,Siang Upper,12,Upper Siang,884
243,Arunachal Pradesh,2018,Siang West,12,West Siang,885
236,Arunachal Pradesh,2018,Subansiri Lower,12,Lower Subansiri,886
241,Arunachal Pradesh,2018,Subansiri Upper,12,Upper Subansiri,887
238,Arunachal Pradesh,2018,Tawang,12,Tawang,888
239,Arunachal Pradesh,2018,Tirap,12,Tirap,889
678,Arunachal Pradesh,2018,Namsai,12,Namsai,890
679,Arunachal Pradesh,2018,Siang,12,Siang,891
718,Arunachal Pradesh,2018,Kamle,12,Kamle,892
719,Arunachal Pradesh,2018,Lower Siang,12,Lower Siang,893
724,Arunachal Pradesh,2018,Leparada,12,Leparada,894
618,Assam,2018,Bieo,18,Kamrup Metro,895
280,Assam,2018,Barpeta,18,Barpeta,896
616,Assam,2018,Baksa,18,Baksa,897
281,Assam,2018,Bongaigaon,18,Bongaigaon,898
618,Assam,2018,Cid,18,Kamrup Metro,899
282,Assam,2018,Cachar,18,Cachar,900
612,Assam,2018,Chirang,18,Chirang,901
283,Assam,2018,Darrang,18,Darrang,902
284,Assam,2018,Dhemaji,18,Dhemaji,903
285,Assam,2018,Dhubri,18,Dhubri,904
286,Assam,2018,Dibrugarh,18,Dibrugarh,905
618,Assam,2018,Grp,18,Kamrup Metro,906
287,Assam,2018,Goalpara,18,Goalpara,907
288,Assam,2018,Golaghat,18,Golaghat,908
618,Assam,2018,Guwahati City,18,Kamrup Metro,909
289,Assam,2018,Hailakandi,18,Hailakandi,910
710,Assam,2018,Hamren,18,West Karbi Anglong,911
290,Assam,2018,Jorhat,18,Jorhat,912
291,Assam,2018,Kamrup,18,Kamrup,913
292,Assam,2018,Karbi Anglong,18,Karbi Anglong,914
293,Assam,2018,Karimganj,18,Karimganj,915
294,Assam,2018,Kokrajhar,18,Kokrajhar,916
295,Assam,2018,Lakhimpur,18,Lakhimpur,917
296,Assam,2018,Morigaon,18,Marigaon,918
299,Assam,2018,Dima Hasao,18,Dima Hasao,919
297,Assam,2018,Nagaon,18,Nagaon,920
298,Assam,2018,Nalbari,18,Nalbari,921
618,Assam,2018,Rpo,18,Kamrup Metro,922
618,Assam,2018,Sou,18,Kamrup Metro,923
618,Assam,2018,Stf,18,Kamrup Metro,924
300,Assam,2018,Sibsagar,18,Sivasagar,925
301,Assam,2018,Sonitpur,18,Sonitpur,926
302,Assam,2018,Tinsukia,18,Tinsukia,927
617,Assam,2018,Udalguri,18,Udalguri,928
302,Assam,2018,Sadia,18,Tinsukia,929
706,Assam,2018,Majuli,18,Majuli,930
705,Assam,2018,Biswanath,18,Biswanath,931
709,Assam,2018,Hojai,18,Hojai,932
707,Assam,2018,South Salmara,18,South Salmara Mancachar,933
708,Assam,2018,Charaideo,18,Charaideo,934
188,Bihar,2018,Araria,10,Araria,935
611,Bihar,2018,Arwal,10,Arwal,936
189,Bihar,2018,Aurangabad,10,Aurangabad,937
211,Bihar,2018,Bagaha,10,Pashchim Champaran,938
190,Bihar,2018,Banka,10,Banka,939
191,Bihar,2018,Begusarai,10,Begusarai,940
211,Bihar,2018,Bettiah,10,Pashchim Champaran,941
200,Bihar,2018,Bhabhua,10,Kaimur (Bhabua),942
192,Bihar,2018,Bhagalpur,10,Bhagalpur,943
193,Bihar,2018,Bhojpur,10,Bhojpur,944
194,Bihar,2018,Buxar,10,Buxar,945
195,Bihar,2018,Darbhanga,10,Darbhanga,946
196,Bihar,2018,Gaya,10,Gaya,947
197,Bihar,2018,Gopalganj,10,Gopalganj,948
207,Bihar,2018,Jamalpur Railway,10,Munger,949
198,Bihar,2018,Jamui,10,Jamui,950
199,Bihar,2018,Jehanabad,10,Jehanabad,951
201,Bihar,2018,Katihar,10,Katihar,952
201,Bihar,2018,Katihar Railway,10,Katihar,953
202,Bihar,2018,Khagaria,10,Khagaria,954
203,Bihar,2018,Kishanganj,10,Kishanganj,955
204,Bihar,2018,Lakhisarai,10,Lakhisarai,956
205,Bihar,2018,Madhepura,10,Madhepura,957
206,Bihar,2018,Madhubani,10,Madhubani,958
213,Bihar,2018,Motihari,10,Purbi Champaran,959
207,Bihar,2018,Munger,10,Munger,960
208,Bihar,2018,Muzaffarpur,10,Muzaffarpur,961
208,Bihar,2018,Muzaffarpur Railway,10,Muzaffarpur,962
209,Bihar,2018,Nalanda,10,Nalanda,963
192,Bihar,2018,Naugachia,10,Bhagalpur,964
210,Bihar,2018,Nawadah,10,Nawada,965
212,Bihar,2018,Patna,10,Patna,966
212,Bihar,2018,Patna Railway,10,Patna,967
214,Bihar,2018,Purnea,10,Purnia,968
215,Bihar,2018,Rohtas,10,Rohtas,969
216,Bihar,2018,Saharsa,10,Saharsa,970
217,Bihar,2018,Samastipur,10,Samastipur,971
218,Bihar,2018,Saran,10,Saran,972
219,Bihar,2018,Sheikhpura,10,Sheikhpura,973
220,Bihar,2018,Sheohar,10,Sheohar,974
221,Bihar,2018,Sitamarhi,10,Sitamarhi,975
222,Bihar,2018,Siwan,10,Siwan,976
223,Bihar,2018,Supaul,10,Supaul,977
224,Bihar,2018,Vaishali,10,Vaishali,978
212,Bihar,2018,Economic Offences Unit,10,Patna,979
212,Bihar,2018,Anti Terrorist Squad,10,Patna,980
646,Chhattisgarh,2018,Balod,22,Balod,981
644,Chhattisgarh,2018,Balodbazar,22,Baloda Bazar,982
649,Chhattisgarh,2018,Balrampur,22,Balrampur,983
650,Chhattisgarh,2018,Bemetra,22,Bemetara,984
375,Chhattisgarh,2018,Bilaspur,22,Bilaspur,985
636,Chhattisgarh,2018,Bizapur,22,Bijapur,986
376,Chhattisgarh,2018,Dantewara,22,Dantewada,987
377,Chhattisgarh,2018,Dhamtari,22,Dhamtari,988
378,Chhattisgarh,2018,Durg,22,Durg,989
645,Chhattisgarh,2018,Gariyaband,22,Gariyaband,990
387,Chhattisgarh,2018,Grp Raipur,22,Raipur,991
374,Chhattisgarh,2018,Jagdalpur,22,Bastar,992
379,Chhattisgarh,2018,Janjgir,22,Janjgir-Champa,993
380,Chhattisgarh,2018,Jashpur,22,Jashpur,994
382,Chhattisgarh,2018,Kabirdham,22,Kabirdham,995
381,Chhattisgarh,2018,Kanker,22,Kanker,996
643,Chhattisgarh,2018,Kondagaon,22,Kondagaon,997
383,Chhattisgarh,2018,Korba,22,Korba,998
384,Chhattisgarh,2018,Koriya,22,Korea,999
385,Chhattisgarh,2018,Mahasamund,22,Mahasamund,1000
647,Chhattisgarh,2018,Mungali,22,Mungeli,1001
637,Chhattisgarh,2018,Narayanpur,22,Narayanpur,1002
386,Chhattisgarh,2018,Raigarh,22,Raigarh,1003
387,Chhattisgarh,2018,Raipur,22,Raipur,1004
388,Chhattisgarh,2018,Rajnandgaon,22,Rajnandgaon,1005
389,Chhattisgarh,2018,Sarguja,22,Surguja,1006
642,Chhattisgarh,2018,Sukma,22,Sukma,1007
648,Chhattisgarh,2018,Surajpur,22,Surajpur,1008
551,Goa,2018,North Goa,30,North Goa,1009
552,Goa,2018,South Goa,30,South Goa,1010
551,Goa,2018,Cid,30,North Goa,1011
438,Gujarat,2018,Ahmedabad City,24,Ahmadabad,1012
438,Gujarat,2018,Ahmedabad Rural,24,Ahmadabad,1013
439,Gujarat,2018,Amreli,24,Amreli,1014
440,Gujarat,2018,Anand,24,Anand,1015
672,Gujarat,2018,Arvalli,24,Arvalli,1016
441,Gujarat,2018,Banaskantha,24,Banas Kantha,1017
442,Gujarat,2018,Bharuch,24,Bharuch,1018
443,Gujarat,2018,Bhavnagar,24,Bhavnagar,1019
676,Gujarat,2018,Botad,24,Botad,1020
668,Gujarat,2018,Chhotaudepur,24,Chhotaudepur,1021
446,Gujarat,2018,Cid Crime,24,Gandhinagar,1022
445,Gujarat,2018,Dahod,24,Dohad,1023
444,Gujarat,2018,Dang,24,Dang,1024
674,Gujarat,2018,Devbhumi Dwarka,24,Devbhumi Dwarka,1025
446,Gujarat,2018,Gandhinagar,24,Gandhinagar,1026
675,Gujarat,2018,Gir Somnath,24,Gir Somnath,1027
447,Gujarat,2018,Jamnagar,24,Jamnagar,1028
448,Gujarat,2018,Junagadh,24,Junagadh,1029
449,Gujarat,2018,Kachchh East(G),24,Kachchh,1030
449,Gujarat,2018,Kachchh West(B),24,Kachchh,1031
450,Gujarat,2018,Kheda,24,Kheda,1032
669,Gujarat,2018,Mahisagar,24,Mahisagar,1033
451,Gujarat,2018,Mehsana,24,Mahesana,1034
673,Gujarat,2018,Morbi,24,Morbi,1035
452,Gujarat,2018,Narmada,24,Narmada,1036
453,Gujarat,2018,Navsari,24,Navsari,1037
454,Gujarat,2018,Panchmahal,24,Panch Mahals,1038
455,Gujarat,2018,Patan,24,Patan,1039
456,Gujarat,2018,Porbandar,24,Porbandar,1040
457,Gujarat,2018,Rajkot City,24,Rajkot,1041
457,Gujarat,2018,Rajkot Rural,24,Rajkot,1042
458,Gujarat,2018,Sabarkantha,24,Sabar Kantha,1043
459,Gujarat,2018,Surat City,24,Surat,1044
459,Gujarat,2018,Surat Rural,24,Surat,1045
460,Gujarat,2018,Surendranagar,24,Surendranagar,1046
641,Gujarat,2018,Tapi,24,Tapi,1047
461,Gujarat,2018,Vadodara City,24,Vadodara,1048
461,Gujarat,2018,Vadodara Rural,24,Vadodara,1049
462,Gujarat,2018,Valsad,24,Valsad,1050
438,Gujarat,2018,W.Rly Ahmedabad,24,Ahmadabad,1051
461,Gujarat,2018,W.Rly Vadodara,24,Vadodara,1052
58,Haryana,2018,Ambala,6,Ambala,1053
59,Haryana,2018,Bhiwani,6,Bhiwani,1054
60,Haryana,2018,Faridabad,6,Faridabad,1055
61,Haryana,2018,Fatehabad,6,Fatehabad,1056
58,Haryana,2018,Grp,6,Ambala,1057
62,Haryana,2018,Gurugram,6,Gurugram,1058
63,Haryana,2018,Hissar,6,Hisar,1059
64,Haryana,2018,Jhajjar,6,Jhajjar,1060
65,Haryana,2018,Jind,6,Jind,1061
66,Haryana,2018,Kaithal,6,Kaithal,1062
67,Haryana,2018,Karnal,6,Karnal,1063
68,Haryana,2018,Kurukshetra,6,Kurukshetra,1064
69,Haryana,2018,Mahendergarh,6,Mahendragarh,1065
604,Haryana,2018,Mewat,6,Nuh,1066
619,Haryana,2018,Palwal,6,Palwal,1067
70,Haryana,2018,Panchkula,6,Panchkula,1068
71,Haryana,2018,Panipat,6,Panipat,1069
72,Haryana,2018,Rewari,6,Rewari,1070
73,Haryana,2018,Rohtak,6,Rohtak,1071
74,Haryana,2018,Sirsa,6,Sirsa,1072
75,Haryana,2018,Sonipat,6,Sonipat,1073
76,Haryana,2018,Yamunanagar,6,Yamunanagar,1074
62,Haryana,2018,Irrigation And Power,6,Gurugram,1075
701,Haryana,2018,Charkhi Dadri,6,Charki Dadri,1076
63,Haryana,2018,Hansi,6,Hisar,1077
25,Himachal Pradesh,2018,Baddi,2,Solan,1078
15,Himachal Pradesh,2018,Bilaspur,2,Bilaspur,1079
16,Himachal Pradesh,2018,Chamba,2,Chamba,1080
23,Himachal Pradesh,2018,Cid,2,Shimla,1081
23,Himachal Pradesh,2018,Grp,2,Shimla,1082
17,Himachal Pradesh,2018,Hamirpur,2,Hamirpur,1083
18,Himachal Pradesh,2018,Kangra,2,Kangra,1084
19,Himachal Pradesh,2018,Kinnaur,2,Kinnaur,1085
20,Himachal Pradesh,2018,Kullu,2,Kullu,1086
21,Himachal Pradesh,2018,Lahaul And Spiti,2,Lahul And Spiti,1087
22,Himachal Pradesh,2018,Mandi,2,Mandi,1088
23,Himachal Pradesh,2018,Shimla,2,Shimla,1089
24,Himachal Pradesh,2018,Sirmaur,2,Sirmaur,1090
25,Himachal Pradesh,2018,Solan,2,Solan,1091
26,Himachal Pradesh,2018,Una,2,Una,1092
23,Himachal Pradesh,2018,Cyber,2,Shimla,1093
1,Jammu And Kashmir,2018,Anantnag,1,Anantnag,1094
11,Jammu And Kashmir,2018,Awantipora,1,Pulwama,1095
623,Jammu And Kashmir,2018,Bandipora,1,Bandipora,1096
3,Jammu And Kashmir,2018,Baramulla,1,Baramulla,1097
2,Jammu And Kashmir,2018,Budgam,1,Budgam,1098
5,Jammu And Kashmir,2018,Crime Jammu,1,Jammu,1099
5,Jammu And Kashmir,2018,Crime Srinagar,1,Jammu,1100
4,Jammu And Kashmir,2018,Doda,1,Doda,1101
626,Jammu And Kashmir,2018,Ganderbal,1,Ganderbal,1102
8,Jammu And Kashmir,2018,Handwara,1,Kupwara,1103
5,Jammu And Kashmir,2018,Jammu,1,Jammu,1104
6,Jammu And Kashmir,2018,Kargil,1,Kargil,1105
7,Jammu And Kashmir,2018,Kathua,1,Kathua,1106
620,Jammu And Kashmir,2018,Kishtwar,1,Kishtwar,1107
622,Jammu And Kashmir,2018,Kulgam,1,Kulgam,1108
8,Jammu And Kashmir,2018,Kupwara,1,Kupwara,1109
9,Jammu And Kashmir,2018,Leh,1,Leh Ladakh,1110
10,Jammu And Kashmir,2018,Poonch,1,Poonch,1111
11,Jammu And Kashmir,2018,Pulwama,1,Pulwama,1112
5,Jammu And Kashmir,2018,Railways Jammu,1,Jammu,1113
5,Jammu And Kashmir,2018,Railways Kashmir,1,Jammu,1114
627,Jammu And Kashmir,2018,Railways Katra,1,Reasi,1115
12,Jammu And Kashmir,2018,Rajouri,1,Rajouri,1116
621,Jammu And Kashmir,2018,Ramban,1,Ramban,1117
627,Jammu And Kashmir,2018,Reasi,1,Reasi,1118
624,Jammu And Kashmir,2018,Samba,1,Samba,1119
625,Jammu And Kashmir,2018,Shopian,1,Shopian,1120
3,Jammu And Kashmir,2018,Sopore,1,Baramulla,1121
13,Jammu And Kashmir,2018,Srinagar,1,Srinagar,1122
14,Jammu And Kashmir,2018,Udhampur,1,Udhampur,1123
322,Jharkhand,2018,Bokaro,20,Bokaro,1124
343,Jharkhand,2018,Chaibasa,20,West Singhbhum,1125
323,Jharkhand,2018,Chatra,20,Chatra,1126
324,Jharkhand,2018,Deoghar,20,Deoghar,1127
325,Jharkhand,2018,Dhanbad,20,Dhanbad,1128
325,Jharkhand,2018,Dhanbad Railway,20,Dhanbad,1129
326,Jharkhand,2018,Dumka,20,Dumka,1130
328,Jharkhand,2018,Garhwa,20,Garhwa,1131
329,Jharkhand,2018,Giridih,20,Giridih,1132
330,Jharkhand,2018,Godda,20,Godda,1133
331,Jharkhand,2018,Gumla,20,Gumla,1134
332,Jharkhand,2018,Hazaribagh,20,Hazaribagh,1135
327,Jharkhand,2018,Jamshedpur,20,East Singhbum,1136
327,Jharkhand,2018,Jamshedpur Railway,20,East Singhbum,1137
333,Jharkhand,2018,Jamtara,20,Jamtara,1138
606,Jharkhand,2018,Khunti,20,Khunti,1139
334,Jharkhand,2018,Koderma,20,Koderma,1140
335,Jharkhand,2018,Latehar,20,Latehar,1141
336,Jharkhand,2018,Lohardagga,20,Lohardaga,1142
337,Jharkhand,2018,Pakur,20,Pakur,1143
338,Jharkhand,2018,Palamu,20,Palamu,1144
607,Jharkhand,2018,Ramgarh,20,Ramgarh,1145
339,Jharkhand,2018,Ranchi,20,Ranchi,1146
340,Jharkhand,2018,Sahebganj,20,Sahebganj,1147
341,Jharkhand,2018,Saraikela,20,Saraikela Kharsawan,1148
342,Jharkhand,2018,Simdega,20,Simdega,1149
524,Karnataka,2018,Bagalkot,29,Bagalkote,1150
525,Karnataka,2018,Bengaluru City,29,Bengaluru Urban,1151
525,Karnataka,2018,Bengaluru District,29,Bengaluru Urban,1152
527,Karnataka,2018,Belagavi District,29,Belagavi,1153
528,Karnataka,2018,Ballari,29,Ballari,1154
529,Karnataka,2018,Bidar,29,Bidar,1155
530,Karnataka,2018,Vijayapura,29,Vijayapura,1156
630,Karnataka,2018,Chikkaballapura,29,Chikkaballapura,1157
531,Karnataka,2018,Chamarajnagar,29,Chamarajanagara,1158
532,Karnataka,2018,Chikkamagaluru,29,Chikkamagaluru,1159
533,Karnataka,2018,Chitradurga,29,Chitradurga,1160
534,Karnataka,2018,Dakshina Kannada,29,Dakshina Kannada,1161
535,Karnataka,2018,Davanagere,29,Davangere,1162
536,Karnataka,2018,Dharwad,29,Dharwad,1163
537,Karnataka,2018,Gadag,29,Gadag,1164
538,Karnataka,2018,Kalaburgi,29,Kalaburagi,1165
539,Karnataka,2018,Hassan,29,Hassan,1166
540,Karnataka,2018,Haveri,29,Haveri,1167
536,Karnataka,2018,Hubballi Dharwad City,29,Dharwad,1168
527,Karnataka,2018,K.G.F.,29,Belagavi,1169
541,Karnataka,2018,Kodagu,29,Kodagu,1170
542,Karnataka,2018,Kolar,29,Kolar,1171
543,Karnataka,2018,Koppal,29,Koppal,1172
544,Karnataka,2018,Mandya,29,Mandya,1173
534,Karnataka,2018,Mangaluru City,29,Dakshina Kannada,1174
545,Karnataka,2018,Mysuru City,29,Mysuru,1175
545,Karnataka,2018,Mysuru District,29,Mysuru,1176
546,Karnataka,2018,Raichur,29,Raichur,1177
525,Karnataka,2018,K.Railways,29,Bengaluru Urban,1178
631,Karnataka,2018,Ramanagara,29,Ramanagara,1179
547,Karnataka,2018,Shimoga,29,Shivamogga,1180
548,Karnataka,2018,Tumakuru,29,Tumakuru,1181
549,Karnataka,2018,Udupi,29,Udupi,1182
550,Karnataka,2018,Uttara Kannada,29,Uttara Kannada,1183
635,Karnataka,2018,Yadgiri,29,Yadgir,1184
527,Karnataka,2018,Belagavi City,29,Belagavi,1185
554,Kerala,2018,Alapuzha,32,Alappuzha,1186
555,Kerala,2018,Ernakulam Commr.,32,Ernakulam,1187
555,Kerala,2018,Ernakulam Rural,32,Ernakulam,1188
556,Kerala,2018,Idukki,32,Idukki,1189
557,Kerala,2018,Kannur,32,Kannur,1190
558,Kerala,2018,Kasargod,32,Kasaragod,1191
559,Kerala,2018,Kollam Commr.,32,Kollam,1192
559,Kerala,2018,Kollam Rural,32,Kollam,1193
560,Kerala,2018,Kottayam,32,Kottayam,1194
561,Kerala,2018,Kozhikode Commr.,32,Kozhikode,1195
561,Kerala,2018,Kozhikode Rural,32,Kozhikode,1196
562,Kerala,2018,Malappuram,32,Malappuram,1197
563,Kerala,2018,Palakkad,32,Palakkad,1198
564,Kerala,2018,Pathanamthitta,32,Pathanamthitta,1199
565,Kerala,2018,Railways,32,Thiruvananthapuram,1200
566,Kerala,2018,Thrissur Commr.,32,Thrissur,1201
566,Kerala,2018,Thrissur Rural,32,Thrissur,1202
565,Kerala,2018,Trivandrum Commr.,32,Thiruvananthapuram,1203
565,Kerala,2018,Trivandrum Rural,32,Thiruvananthapuram,1204
567,Kerala,2018,Wayanadu,32,Wayanad,1205
565,Kerala,2018,Crime Branch,32,Thiruvananthapuram,1206
667,Madhya Pradesh,2018,Agar,23,Agar Malwa,1207
639,Madhya Pradesh,2018,Alirajpur,23,Alirajpur,1208
390,Madhya Pradesh,2018,Anuppur,23,Anuppur,1209
391,Madhya Pradesh,2018,Ashok Nagar,23,Ashoknagar,1210
392,Madhya Pradesh,2018,Balaghat,23,Balaghat,1211
393,Madhya Pradesh,2018,Barwani,23,Barwani,1212
394,Madhya Pradesh,2018,Betul,23,Betul,1213
395,Madhya Pradesh,2018,Bhind,23,Bhind,1214
396,Madhya Pradesh,2018,Bhopal,23,Bhopal,1215
396,Madhya Pradesh,2018,Bhopal Railway,23,Bhopal,1216
397,Madhya Pradesh,2018,Burhanpur,23,Burhanpur,1217
398,Madhya Pradesh,2018,Chhatarpur,23,Chhatarpur,1218
399,Madhya Pradesh,2018,Chhindwara,23,Chhindwara,1219
400,Madhya Pradesh,2018,Damoh,23,Damoh,1220
401,Madhya Pradesh,2018,Datia,23,Datia,1221
402,Madhya Pradesh,2018,Dewas,23,Dewas,1222
403,Madhya Pradesh,2018,Dhar,23,Dhar,1223
404,Madhya Pradesh,2018,Dindori,23,Dindori,1224
406,Madhya Pradesh,2018,Guna,23,Guna,1225
407,Madhya Pradesh,2018,Gwalior,23,Gwalior,1226
408,Madhya Pradesh,2018,Harda,23,Harda,1227
409,Madhya Pradesh,2018,Hoshangabad,23,Narmadapuram,1228
410,Madhya Pradesh,2018,Indore,23,Indore,1229
410,Madhya Pradesh,2018,Indore Railway,23,Indore,1230
411,Madhya Pradesh,2018,Jabalpur,23,Jabalpur,1231
411,Madhya Pradesh,2018,Jabalpur Railway,23,Jabalpur,1232
412,Madhya Pradesh,2018,Jhabua,23,Jhabua,1233
413,Madhya Pradesh,2018,Katni,23,Katni,1234
410,Madhya Pradesh,2018,Khandwa,23,Indore,1235
414,Madhya Pradesh,2018,Khargone,23,Khargone,1236
415,Madhya Pradesh,2018,Mandla,23,Mandla,1237
416,Madhya Pradesh,2018,Mandsaur,23,Mandsaur,1238
417,Madhya Pradesh,2018,Morena,23,Morena,1239
418,Madhya Pradesh,2018,Narsinghpur,23,Narsinghpur,1240
419,Madhya Pradesh,2018,Neemuch,23,Neemuch,1241
420,Madhya Pradesh,2018,Panna,23,Panna,1242
421,Madhya Pradesh,2018,Raisen,23,Raisen,1243
422,Madhya Pradesh,2018,Rajgarh,23,Rajgarh,1244
423,Madhya Pradesh,2018,Ratlam,23,Ratlam,1245
424,Madhya Pradesh,2018,Rewa,23,Rewa,1246
425,Madhya Pradesh,2018,Sagar,23,Sagar,1247
426,Madhya Pradesh,2018,Satna,23,Satna,1248
428,Madhya Pradesh,2018,Seoni,23,Seoni,1249
429,Madhya Pradesh,2018,Shahdol,23,Shahdol,1250
430,Madhya Pradesh,2018,Shajapur,23,Shajapur,1251
431,Madhya Pradesh,2018,Sheopur,23,Sheopur,1252
432,Madhya Pradesh,2018,Shivpuri,23,Shivpuri,1253
433,Madhya Pradesh,2018,Sidhi,23,Sidhi,1254
427,Madhya Pradesh,2018,Sehore,23,Sehore,1255
638,Madhya Pradesh,2018,Singrauli,23,Singrauli,1256
434,Madhya Pradesh,2018,Tikamgarh,23,Tikamgarh,1257
435,Madhya Pradesh,2018,Ujjain,23,Ujjain,1258
436,Madhya Pradesh,2018,Umaria,23,Umaria,1259
437,Madhya Pradesh,2018,Vidisha,23,Vidisha,1260
9999,Madhya Pradesh,2018,Cyber Crime Cell,23,Cyber Crime Cell,1261
466,Maharashtra,2018,Ahmednagar,27,Cyber Crime Cell,1262
467,Maharashtra,2018,Akola,27,Cyber Crime Cell,1263
468,Maharashtra,2018,Amravati Commr.,27,Cyber Border Range,1264
468,Maharashtra,2018,Amravati Rural,27,Cyber Crime Cell,1265
469,Maharashtra,2018,Aurangabad Commr.,27,Aurangabad,1266
469,Maharashtra,2018,Aurangabad Rural,27,Aurangabad,1267
470,Maharashtra,2018,Beed,27,Beed,1268
471,Maharashtra,2018,Bhandara,27,Bhandara,1269
472,Maharashtra,2018,Buldhana,27,Buldhana,1270
473,Maharashtra,2018,Chandrapur,27,Chandrapur,1271
474,Maharashtra,2018,Dhule,27,Dhule,1272
475,Maharashtra,2018,Gadchiroli,27,Gadchiroli,1273
476,Maharashtra,2018,Gondia,27,Gondia,1274
477,Maharashtra,2018,Hingoli,27,Hingoli,1275
478,Maharashtra,2018,Jalgaon,27,Jalgaon,1276
479,Maharashtra,2018,Jalna,27,Jalna,1277
480,Maharashtra,2018,Kolhapur,27,Kolhapur,1278
481,Maharashtra,2018,Latur,27,Latur,1279
482,Maharashtra,2018,Mumbai Commr.,27,Mumbai,1280
482,Maharashtra,2018,Mumbai Railway,27,Mumbai,1281
484,Maharashtra,2018,Nagpur Commr.,27,Nagpur,1282
484,Maharashtra,2018,Nagpur Railway,27,Nagpur,1283
484,Maharashtra,2018,Nagpur Rural,27,Nagpur,1284
485,Maharashtra,2018,Nanded,27,Nanded,1285
486,Maharashtra,2018,Nandurbar,27,Nandurbar,1286
487,Maharashtra,2018,Nasik Commr.,27,Nashik,1287
487,Maharashtra,2018,Nasik Rural,27,Nashik,1288
483,Maharashtra,2018,Navi Mumbai,27,Mumbai Suburban,1289
488,Maharashtra,2018,Osmanabad,27,Osmanabad,1290
665,Maharashtra,2018,Palghar,27,Palghar,1291
489,Maharashtra,2018,Parbhani,27,Parbhani,1292
490,Maharashtra,2018,Pune Commr.,27,Pune,1293
490,Maharashtra,2018,Pune Railway,27,Pune,1294
490,Maharashtra,2018,Pune Rural,27,Pune,1295
491,Maharashtra,2018,Raigad,27,Raigad,1296
492,Maharashtra,2018,Ratnagiri,27,Ratnagiri,1297
493,Maharashtra,2018,Sangli,27,Sangli,1298
494,Maharashtra,2018,Satara,27,Satara,1299
495,Maharashtra,2018,Sindhudurg,27,Sindhudurg,1300
496,Maharashtra,2018,Solapur Commr.,27,Solapur,1301
496,Maharashtra,2018,Solapur Rural,27,Solapur,1302
497,Maharashtra,2018,Thane Commr.,27,Thane,1303
497,Maharashtra,2018,Thane Rural,27,Thane,1304
498,Maharashtra,2018,Wardha,27,Wardha,1305
499,Maharashtra,2018,Washim,27,Washim,1306
500,Maharashtra,2018,Yavatmal,27,Yavatmal,1307
490,Maharashtra,2018,Pimpri Chinchwad City,27,Pune,1308
469,Maharashtra,2018,Aurangabad Railway,27,Aurangabad,1309
252,Manipur,2018,Bishnupur,14,Bishnupur,1310
253,Manipur,2018,Chandel,14,Chandel,1311
254,Manipur,2018,Churachandpur,14,Churachandpur,1312
256,Manipur,2018,Cid,14,Imphal West,1313
255,Manipur,2018,Imphal East,14,Imphal East,1314
256,Manipur,2018,Imphal West,14,Imphal West,1315
257,Manipur,2018,Senapati,14,Senapati,1316
258,Manipur,2018,Tamenglong,14,Tamenglong,1317
259,Manipur,2018,Thoubal,14,Thoubal,1318
260,Manipur,2018,Ukhrul,14,Ukhrul,1319
273,Meghalaya,2018,Garo Hills East,17,East Garo Hills,1320
656,Meghalaya,2018,Garo Hills North,17,North Garo Hills,1321
277,Meghalaya,2018,Garo Hills South,17,South Garo Hills,1322
663,Meghalaya,2018,Garo Hills South West,17,South West Garo Hills,1323
278,Meghalaya,2018,Garo Hills West,17,West Garo Hills,1324
275,Meghalaya,2018,Jaintia Hills West,17,West Jaintia Hills,1325
657,Meghalaya,2018,Jaintia Hills East,17,East Jaintia Hills,1326
274,Meghalaya,2018,Khasi Hills East,17,East Khasi Hills,1327
658,Meghalaya,2018,Khasi Hills South West,17,South West Khasi Hills,1328
279,Meghalaya,2018,Khasi Hills West,17,West Khasi Hills,1329
276,Meghalaya,2018,Ri-Bhoi,17,Ri Bhoi,1330
274,Meghalaya,2018,Cyber Cell,17,East Khasi Hills,1331
261,Mizoram,2018,Aizawl,15,Aizawl,1332
262,Mizoram,2018,Champhai,15,Champhai,1333
263,Mizoram,2018,Kolasib,15,Kolasib,1334
264,Mizoram,2018,Lawngtlai,15,Lawngtlai,1335
265,Mizoram,2018,Lunglei,15,Lunglei,1336
266,Mizoram,2018,Mamit,15,Mamit,1337
267,Mizoram,2018,Saiha,15,Saiha,1338
268,Mizoram,2018,Serchhip,15,Serchhip,1339
261,Mizoram,2018,Spl Narcotic,15,Aizawl,1340
244,Nagaland,2018,Dimapur,13,Dimapur,1341
614,Nagaland,2018,Kiphire,13,Kiphire,1342
245,Nagaland,2018,Kohima,13,Kohima,1343
615,Nagaland,2018,Longleng,13,Longleng,1344
246,Nagaland,2018,Mokokchung,13,Mokokchung,1345
247,Nagaland,2018,Mon,13,Mon,1346
613,Nagaland,2018,Peren,13,Peren,1347
248,Nagaland,2018,Phek,13,Phek,1348
249,Nagaland,2018,Tuensang,13,Tuensang,1349
250,Nagaland,2018,Wokha,13,Wokha,1350
251,Nagaland,2018,Zunheboto,13,Zunheboto,1351
344,Odisha,2018,Angul,21,Anugul,1352
346,Odisha,2018,Balasore,21,Baleshwar,1353
347,Odisha,2018,Baragarh,21,Bargarh,1354
346,Odisha,2018,Berhampur,21,Baleshwar,1355
348,Odisha,2018,Bhadrak,21,Bhadrak,1356
345,Odisha,2018,Bolangir,21,Balangir,1357
349,Odisha,2018,Boudh,21,Boudh,1358
350,Odisha,2018,Cuttack,21,Cuttack,1359
362,Odisha,2018,Dcp Bbsr,21,Khordha,1360
350,Odisha,2018,Dcp Ctc,21,Cuttack,1361
351,Odisha,2018,Deogarh,21,Deogarh,1362
352,Odisha,2018,Dhenkanal,21,Dhenkanal,1363
353,Odisha,2018,Gajapati,21,Gajapati,1364
354,Odisha,2018,Ganjam,21,Ganjam,1365
355,Odisha,2018,Jagatsinghpur,21,Jagatsinghapur,1366
356,Odisha,2018,Jajpur,21,Jajapur,1367
357,Odisha,2018,Jharsuguda,21,Jharsuguda,1368
358,Odisha,2018,Kalahandi,21,Kalahandi,1369
359,Odisha,2018,Kandhamal,21,Kandhamal,1370
360,Odisha,2018,Kendrapara,21,Kendrapara,1371
361,Odisha,2018,Keonjhar,21,Kendujhar,1372
362,Odisha,2018,Khurda,21,Khordha,1373
363,Odisha,2018,Koraput,21,Koraput,1374
364,Odisha,2018,Malkangiri,21,Malkangiri,1375
365,Odisha,2018,Mayurbhanj,21,Mayurbhanj,1376
367,Odisha,2018,Nayagarh,21,Nayagarh,1377
366,Odisha,2018,Nabarangpur,21,Nabarangpur,1378
368,Odisha,2018,Nuapada,21,Nuapada,1379
369,Odisha,2018,Puri,21,Puri,1380
370,Odisha,2018,Rayagada,21,Rayagada,1381
373,Odisha,2018,Rourkela,21,Sundargarh,1382
371,Odisha,2018,Sambalpur,21,Sambalpur,1383
372,Odisha,2018,Sonepur,21,Sonepur,1384
350,Odisha,2018,Srp(Cuttack),21,Cuttack,1385
373,Odisha,2018,Srp(Rourkela),21,Sundargarh,1386
373,Odisha,2018,Sundargarh,21,Sundargarh,1387
350,Odisha,2018,Cid Cb,21,Cuttack,1388
27,Punjab,2018,Amritsar Rural,3,Amritsar,1389
605,Punjab,2018,Barnala,3,Barnala,1390
32,Punjab,2018,Batala,3,Gurdaspur,1391
28,Punjab,2018,Bathinda,3,Bathinda,1392
27,Punjab,2018,Cp Amritsar,3,Amritsar,1393
34,Punjab,2018,Cp Jalandhar,3,Jalandhar,1394
36,Punjab,2018,Cp Ludhiana,3,Ludhiana,1395
29,Punjab,2018,Faridkot,3,Faridkot,1396
30,Punjab,2018,Fatehgarh Sahib,3,Fatehgarh Sahib,1397
651,Punjab,2018,Fazilka,3,Fazilka,1398
31,Punjab,2018,Ferozepur,3,Ferozepur,1399
41,Punjab,2018,Grp,3,Patiala,1400
32,Punjab,2018,Gurdaspur,3,Gurdaspur,1401
33,Punjab,2018,Hoshiarpur,3,Hoshiarpur,1402
34,Punjab,2018,Jalandhar Rural,3,Jalandhar,1403
35,Punjab,2018,Kapurthala,3,Kapurthala,1404
36,Punjab,2018,Khanna,3,Ludhiana,1405
36,Punjab,2018,Ludhiana Rural,3,Ludhiana,1406
37,Punjab,2018,Mansa,3,Mansa,1407
38,Punjab,2018,Moga,3,Moga,1408
39,Punjab,2018,Muktsar,3,Sri Muktsar Sahib,1409
662,Punjab,2018,Pathankot,3,Pathankot,1410
41,Punjab,2018,Patiala,3,Patiala,1411
42,Punjab,2018,Ropar,3,Rupnagar,1412
43,Punjab,2018,Sangrur,3,Sangrur,1413
608,Punjab,2018,Sas Nagar,3,S.A.S Nagar,1414
40,Punjab,2018,Sbs Nagar,3,Shahid Bhagat Singh Nagar,1415
609,Punjab,2018,Tarn Taran,3,Tarn Taran,1416
608,Punjab,2018,Bureau Of Investigation,3,S.A.S Nagar,1417
608,Punjab,2018,Intelligence Wing,3,S.A.S Nagar,1418
608,Punjab,2018,Nri Wing,3,S.A.S Nagar,1419
27,Punjab,2018,Special Task Force,3,Amritsar,1420
86,Rajasthan,2018,Ajmer,8,Ajmer,1421
87,Rajasthan,2018,Alwar,8,Alwar,1422
88,Rajasthan,2018,Banswara,8,Banswara,1423
89,Rajasthan,2018,Baran,8,Baran,1424
90,Rajasthan,2018,Barmer,8,Barmer,1425
91,Rajasthan,2018,Bharatpur,8,Bharatpur,1426
92,Rajasthan,2018,Bhilwara,8,Bhilwara,1427
93,Rajasthan,2018,Bikaner,8,Bikaner,1428
94,Rajasthan,2018,Bundi,8,Bundi,1429
95,Rajasthan,2018,Chittorgarh,8,Chittorgarh,1430
96,Rajasthan,2018,Churu,8,Churu,1431
97,Rajasthan,2018,Dausa,8,Dausa,1432
98,Rajasthan,2018,Dholpur,8,Dholpur,1433
99,Rajasthan,2018,Dungarpur,8,Dungarpur,1434
86,Rajasthan,2018,Grp Ajmer,8,Ajmer,1435
107,Rajasthan,2018,Grp Jodhpur,8,Jodhpur,1436
100,Rajasthan,2018,Ganganagar,8,Ganganagar,1437
101,Rajasthan,2018,Hanumangarh,8,Hanumangarh,1438
102,Rajasthan,2018,Jaipur East,8,Jaipur,1439
102,Rajasthan,2018,Jaipur North,8,Jaipur,1440
783,Rajasthan,2018,Jaipur Rural,8,Jaipur (Gramin),1441
102,Rajasthan,2018,Jaipur South,8,Jaipur,1442
102,Rajasthan,2018,Jaipur West,8,Jaipur,1443
103,Rajasthan,2018,Jaisalmer,8,Jaisalmer,1444
104,Rajasthan,2018,Jalore,8,Jalore,1445
105,Rajasthan,2018,Jhalawar,8,Jhalawar,1446
106,Rajasthan,2018,Jhunjhunu,8,Jhunjhunu,1447
107,Rajasthan,2018,Jodhpur East,8,Jodhpur,1448
107,Rajasthan,2018,Jodhpur West,8,Jodhpur,1449
107,Rajasthan,2018,Jodhpur Rural,8,Jodhpur,1450
108,Rajasthan,2018,Karauli,8,Karauli,1451
109,Rajasthan,2018,Kota City,8,Kota,1452
109,Rajasthan,2018,Kota Rural,8,Kota,1453
110,Rajasthan,2018,Nagaur,8,Nagaur,1454
111,Rajasthan,2018,Pali,8,Pali,1455
629,Rajasthan,2018,Pratapgarh,8,Pratapgarh,1456
112,Rajasthan,2018,Rajsamand,8,Rajsamand,1457
113,Rajasthan,2018,Sawai Madhopur,8,Sawai Madhopur,1458
114,Rajasthan,2018,Sikar,8,Sikar,1459
115,Rajasthan,2018,Sirohi,8,Sirohi,1460
116,Rajasthan,2018,Tonk,8,Tonk,1461
117,Rajasthan,2018,Udaipur,8,Udaipur,1462
102,Rajasthan,2018,Jaipur Metro,8,Jaipur,1463
102,Rajasthan,2018,Scrb,8,Jaipur,1464
102,Rajasthan,2018,Sog,8,Jaipur,1465
102,Rajasthan,2018,Ssb,8,Jaipur,1466
225,Sikkim,2018,East,11,Gangtok,1467
226,Sikkim,2018,North,11,Mangan,1468
227,Sikkim,2018,South,11,Namchi,1469
228,Sikkim,2018,West,11,Gyalshing,1470
610,Tamil Nadu,2018,Ariyalur,33,Ariyalur,1471
568,Tamil Nadu,2018,Chennai,33,Chennai,1472
569,Tamil Nadu,2018,Coimbatore,33,Coimbatore,1473
569,Tamil Nadu,2018,Coimbatore City,33,Coimbatore,1474
570,Tamil Nadu,2018,Cuddalore,33,Cuddalore,1475
571,Tamil Nadu,2018,Dharmapuri,33,Dharmapuri,1476
572,Tamil Nadu,2018,Dindigul,33,Dindigul,1477
573,Tamil Nadu,2018,Erode,33,Erode,1478
574,Tamil Nadu,2018,Kanchipuram,33,Kanchipuram,1479
575,Tamil Nadu,2018,Kanyakumari,33,Kanniyakumari,1480
576,Tamil Nadu,2018,Karur,33,Karur,1481
577,Tamil Nadu,2018,Krishnagiri,33,Krishnagiri,1482
578,Tamil Nadu,2018,Madurai,33,Madurai,1483
578,Tamil Nadu,2018,Madurai City,33,Madurai,1484
579,Tamil Nadu,2018,Nagapattinam,33,Nagapattinam,1485
580,Tamil Nadu,2018,Namakkal,33,Namakkal,1486
587,Tamil Nadu,2018,Nilgiris,33,The Nilgiris,1487
581,Tamil Nadu,2018,Perambalur,33,Perambalur,1488
582,Tamil Nadu,2018,Pudukottai,33,Pudukkottai,1489
583,Tamil Nadu,2018,Ramnathapuram,33,Ramanathapuram,1490
568,Tamil Nadu,2018,Railway Chennai,33,Chennai,1491
591,Tamil Nadu,2018,Railway Trichy,33,Tiruchirappalli,1492
584,Tamil Nadu,2018,Salem,33,Salem,1493
584,Tamil Nadu,2018,Salem City,33,Salem,1494
585,Tamil Nadu,2018,Sivagangai,33,Sivaganga,1495
586,Tamil Nadu,2018,Thanjavur,33,Thanjavur,1496
588,Tamil Nadu,2018,Theni,33,Theni,1497
592,Tamil Nadu,2018,Thirunelveli,33,Tirunelveli,1498
592,Tamil Nadu,2018,Thirunelveli City,33,Tirunelveli,1499
589,Tamil Nadu,2018,Thiruvallur,33,Thiruvallur,1500
593,Tamil Nadu,2018,Thiruvannamalai,33,Tiruvannamalai,1501
590,Tamil Nadu,2018,Thiruvarur,33,Thiruvarur,1502
594,Tamil Nadu,2018,Thoothukudi,33,Tuticorin,1503
634,Tamil Nadu,2018,Tiruppur,33,Tiruppur,1504
634,Tamil Nadu,2018,Tiruppur City,33,Tiruppur,1505
591,Tamil Nadu,2018,Trichy,33,Tiruchirappalli,1506
591,Tamil Nadu,2018,Trichy City,33,Tiruchirappalli,1507
595,Tamil Nadu,2018,Vellore,33,Vellore,1508
596,Tamil Nadu,2018,Villupuram,33,Villupuram,1509
597,Tamil Nadu,2018,Virudhunagar,33,Virudhunagar,1510
568,Tamil Nadu,2018,Cyber Cell,33,Chennai,1511
568,Tamil Nadu,2018,Other Units,33,Chennai,1512
518,Telangana,2018,Cyberabad Commissionerate,36,Ranga Reddy,1513
507,Telangana,2018,Hyderabad Commissionerate,36,Hyderabad,1514
508,Telangana,2018,Karimnagar Commissionerate,36,Karimnagar,1515
509,Telangana,2018,Khammam Commissionerate,36,Khammam,1516
516,Telangana,2018,Nizamabad Commissionerate,36,Nizamabad,1517
697,Telangana,2018,Rachakonda Commissionerate,36,Yadadri Bhuvanagiri,1518
682,Telangana,2018,Ramagundam Commissionerate,36,Peddapalli,1519
692,Telangana,2018,Siddipet Commissionerate,36,Siddipet,1520
522,Telangana,2018,Warangal Commissionerate,36,Warangal,1521
501,Telangana,2018,Adilabad,36,Adilabad,1522
690,Telangana,2018,Bhadradri Kothagudem,36,Bhadradri Kothagudem,1523
681,Telangana,2018,Jagityal,36,Jagitial,1524
687,Telangana,2018,Jayashankar Bhupalpalli,36,Jayashankar Bhupalapally,1525
695,Telangana,2018,Jogulamba Gadwal,36,Jogulamba Gadwal,1526
685,Telangana,2018,Kamareddy ,36,Kamareddy,1527
699,Telangana,2018,Kumaram Bheem Asifabad,36,Kumuram Bheem Asifabad,1528
688,Telangana,2018,Mahabubabad,36,Mahabubabad,1529
512,Telangana,2018,Mahabubnagar,36,Mahabubnagar,1530
513,Telangana,2018,Medak,36,Medak,1531
694,Telangana,2018,Nagarkurnool,36,Nagarkurnool,1532
514,Telangana,2018,Nalgonda,36,Nalgonda,1533
680,Telangana,2018,Nirmal,36,Nirmal,1534
683,Telangana,2018,Rajanna Siricilla,36,Rajanna Sircilla,1535
691,Telangana,2018,Sangareddy,36,Sangareddy,1536
696,Telangana,2018,Suryapet,36,Suryapet,1537
698,Telangana,2018,Vikarabad,36,Vikarabad,1538
693,Telangana,2018,Wanaparthy,36,Wanaparthy,1539
507,Telangana,2018,Railway Police Secunderabad,36,Hyderabad,1540
269,Tripura,2018,Dhalai,16,Dhalai,1541
654,Tripura,2018,Gomati,16,Gomati,1542
272,Tripura,2018,Grp,16,West Tripura,1543
652,Tripura,2018,Kowai,16,Khowai,1544
270,Tripura,2018,North,16,North Tripura,1545
653,Tripura,2018,Sipahijala,16,Sepahijala,1546
271,Tripura,2018,South,16,South Tripura,1547
655,Tripura,2018,Unakoti,16,Unakoti,1548
272,Tripura,2018,West,16,West Tripura,1549
118,Uttar Pradesh,2018,Agra,9,Agra,1550
119,Uttar Pradesh,2018,Aligarh,9,Aligarh,1551
120,Uttar Pradesh,2018,Prayagraj,9,Prayagraj,1552
121,Uttar Pradesh,2018,Ambedkar Nagar,9,Ambedkar Nagar,1553
640,Uttar Pradesh,2018,Amethi,9,Amethi,1554
154,Uttar Pradesh,2018,Amroha,9,Amroha,1555
122,Uttar Pradesh,2018,Auraiya,9,Auraiya,1556
123,Uttar Pradesh,2018,Azamgarh,9,Azamgarh,1557
133,Uttar Pradesh,2018,Badaun,9,Budaun,1558
124,Uttar Pradesh,2018,Baghpat,9,Baghpat,1559
125,Uttar Pradesh,2018,Bahraich,9,Bahraich,1560
126,Uttar Pradesh,2018,Ballia,9,Ballia,1561
127,Uttar Pradesh,2018,Balrampur,9,Balrampur,1562
128,Uttar Pradesh,2018,Banda,9,Banda,1563
129,Uttar Pradesh,2018,Barabanki,9,Barabanki,1564
130,Uttar Pradesh,2018,Bareilly,9,Bareilly,1565
131,Uttar Pradesh,2018,Basti,9,Basti,1566
132,Uttar Pradesh,2018,Bijnor,9,Bijnor,1567
134,Uttar Pradesh,2018,Bulandshahar,9,Bulandshahr,1568
135,Uttar Pradesh,2018,Chandoli,9,Chandauli,1569
136,Uttar Pradesh,2018,Chitrakoot,9,Chitrakoot,1570
137,Uttar Pradesh,2018,Deoria,9,Deoria,1571
138,Uttar Pradesh,2018,Etah,9,Etah,1572
139,Uttar Pradesh,2018,Etawah,9,Etawah,1573
140,Uttar Pradesh,2018,Ayodhya,9,Ayodhya,1574
141,Uttar Pradesh,2018,Fatehgarh,9,Farrukhabad,1575
142,Uttar Pradesh,2018,Fatehpur,9,Fatehpur,1576
143,Uttar Pradesh,2018,Firozabad,9,Firozabad,1577
162,Uttar Pradesh,2018,Grp,9,Lucknow,1578
144,Uttar Pradesh,2018,Gautambudh Nagar,9,Gautam Buddha Nagar,1579
145,Uttar Pradesh,2018,Ghaziabad,9,Ghaziabad,1580
146,Uttar Pradesh,2018,Ghazipur,9,Ghazipur,1581
147,Uttar Pradesh,2018,Gonda,9,Gonda,1582
148,Uttar Pradesh,2018,Gorakhpur,9,Gorakhpur,1583
149,Uttar Pradesh,2018,Hamirpur,9,Hamirpur,1584
661,Uttar Pradesh,2018,Hapur,9,Hapur,1585
150,Uttar Pradesh,2018,Hardoi,9,Hardoi,1586
163,Uttar Pradesh,2018,Hathras,9,Hathras,1587
151,Uttar Pradesh,2018,Jalaun,9,Jalaun,1588
152,Uttar Pradesh,2018,Jaunpur,9,Jaunpur,1589
153,Uttar Pradesh,2018,Jhansi,9,Jhansi,1590
155,Uttar Pradesh,2018,Kannauj,9,Kannauj,1591
156,Uttar Pradesh,2018,Kanpur Dehat,9,Kanpur Dehat,1592
157,Uttar Pradesh,2018,Kanpur Nagar,9,Kanpur Nagar,1593
633,Uttar Pradesh,2018,Kasganj,9,Kasganj,1594
158,Uttar Pradesh,2018,Kaushambi,9,Kaushambi,1595
159,Uttar Pradesh,2018,Khiri,9,Kheri,1596
160,Uttar Pradesh,2018,Kushi Nagar,9,Kushi Nagar,1597
161,Uttar Pradesh,2018,Lalitpur,9,Lalitpur,1598
162,Uttar Pradesh,2018,Lucknow,9,Lucknow,1599
164,Uttar Pradesh,2018,Maharajganj,9,Maharajganj,1600
165,Uttar Pradesh,2018,Mahoba,9,Mahoba,1601
166,Uttar Pradesh,2018,Mainpuri,9,Mainpuri,1602
167,Uttar Pradesh,2018,Mathura,9,Mathura,1603
168,Uttar Pradesh,2018,Mau,9,Mau,1604
169,Uttar Pradesh,2018,Meerut,9,Meerut,1605
170,Uttar Pradesh,2018,Mirzapur,9,Mirzapur,1606
171,Uttar Pradesh,2018,Moradabad,9,Moradabad,1607
172,Uttar Pradesh,2018,Muzaffarnagar,9,Muzaffarnagar,1608
173,Uttar Pradesh,2018,Pilibhit,9,Pilibhit,1609
174,Uttar Pradesh,2018,Pratapgarh,9,Pratapgarh,1610
175,Uttar Pradesh,2018,Raibareilly,9,Rae Bareli,1611
176,Uttar Pradesh,2018,Rampur,9,Rampur,1612
177,Uttar Pradesh,2018,Saharanpur,9,Saharanpur,1613
659,Uttar Pradesh,2018,Sambhal,9,Sambhal,1614
178,Uttar Pradesh,2018,Sant Kabirnagar,9,Sant Kabeer Nagar,1615
180,Uttar Pradesh,2018,Shahjahanpur,9,Shahjahanpur,1616
660,Uttar Pradesh,2018,Shamli,9,Shamli,1617
181,Uttar Pradesh,2018,Shrawasti,9,Shravasti,1618
182,Uttar Pradesh,2018,Sidharthnagar,9,Siddharth Nagar,1619
183,Uttar Pradesh,2018,Sitapur,9,Sitapur,1620
184,Uttar Pradesh,2018,Sonbhadra,9,Sonbhadra,1621
179,Uttar Pradesh,2018,Bhadohi,9,Bhadohi,1622
185,Uttar Pradesh,2018,Sultanpur,9,Sultanpur,1623
186,Uttar Pradesh,2018,Unnao,9,Unnao,1624
187,Uttar Pradesh,2018,Varanasi,9,Varanasi,1625
45,Uttarakhand,2018,Almora,5,Almora,1626
46,Uttarakhand,2018,Bageshwar,5,Bageshwar,1627
47,Uttarakhand,2018,Chamoli,5,Chamoli,1628
48,Uttarakhand,2018,Champawat,5,Champawat,1629
49,Uttarakhand,2018,Dehradun,5,Dehradun,1630
50,Uttarakhand,2018,Haridwar,5,Haridwar,1631
51,Uttarakhand,2018,Nainital,5,Nainital,1632
52,Uttarakhand,2018,Pauri Garhwal,5,Pauri Garhwal,1633
53,Uttarakhand,2018,Pithoragarh,5,Pithoragarh,1634
54,Uttarakhand,2018,Rudra Prayag,5,Rudra Prayag,1635
55,Uttarakhand,2018,Tehri Garhwal,5,Tehri Garhwal,1636
56,Uttarakhand,2018,Udhamsingh Nagar,5,Udam Singh Nagar,1637
57,Uttarakhand,2018,Uttarkashi,5,Uttar Kashi,1638
49,Uttarakhand,2018,Grp,5,Dehradun,1639
664,West Bengal,2018,Alipurduar,19,Alipurduar,1640
704,West Bengal,2018,Asansol-Durgapur Pc,19,Paschim Bardhaman,1641
305,West Bengal,2018,Bankura,19,Bankura,1642
303,West Bengal,2018,Barrackpur Pc,19,24 Paraganas North,1643
303,West Bengal,2018,Bidhannagar Pc,19,24 Paraganas North,1644
307,West Bengal,2018,Birbhum,19,Birbhum,1645
308,West Bengal,2018,Coochbehar,19,Coochbehar,1646
310,West Bengal,2018,Dakshin Dinajpur,19,Dinajpur Dakshin,1647
309,West Bengal,2018,Darjeeling,19,Darjeeling,1648
312,West Bengal,2018,Hooghly Rural Police,19,Hooghly,1649
313,West Bengal,2018,Howrah Grp,19,Howrah,1650
313,West Bengal,2018,Howrah Pc,19,Howrah,1651
313,West Bengal,2018,Howrah Rural,19,Howrah,1652
314,West Bengal,2018,Jalpaiguri,19,Jalpaiguri,1653
703,West Bengal,2018,Jhargram,19,Jhargram,1654
318,West Bengal,2018,Kharagpur Grp,19,Medinipur West,1655
315,West Bengal,2018,Kolkata,19,Kolkata,1656
316,West Bengal,2018,Malda,19,Maldah,1657
319,West Bengal,2018,Murshidabad,19,Murshidabad,1658
320,West Bengal,2018,Nadia,19,Nadia,1659
318,West Bengal,2018,Paschim Medinipur,19,Medinipur West,1660
317,West Bengal,2018,Purab Medinipur,19,Medinipur East,1661
321,West Bengal,2018,Purulia,19,Purulia,1662
315,West Bengal,2018,Sealdah Grp,19,Kolkata,1663
309,West Bengal,2018,Siliguri Grp,19,Darjeeling,1664
309,West Bengal,2018,Siliguri Pc,19,Darjeeling,1665
311,West Bengal,2018,Uttar Dinajpur,19,Dinajpur Uttar,1666
304,West Bengal,2018,Baruipur Police,19,24 Paraganas South,1667
312,West Bengal,2018,Chandannagar Pc,19,Hooghly,1668
304,West Bengal,2018,Diamond Harbour Police,19,24 Paraganas South,1669
702,West Bengal,2018,Kalimpong,19,Kalimpong,1670
306,West Bengal,2018,Purba Bardhaman,19,Purba Bardhaman,1671
304,West Bengal,2018,Sundarban Police,19,24 Paraganas South,1672
303,West Bengal,2018,Barasat,19,24 Paraganas North,1673
303,West Bengal,2018,Basirhat,19,24 Paraganas North,1674
602,Andaman And Nicobar Islands,2018,South Andaman,35,South Andamans,1675
632,Andaman And Nicobar Islands,2018,North And Middle Andaman,35,North And Middle Andaman,1676
603,Andaman And Nicobar Islands,2018,Nicobar,35,Nicobars,1677
44,Chandigarh,2018,Chandigarh,4,Chandigarh,1678
465,The Dadra And Nagar Haveli And Daman And Diu,2018,Dadra And Nagar Haveli,38,Dadra And Nagar Haveli,1679
463,The Dadra And Nagar Haveli And Daman And Diu,2018,Daman,38,Daman,1680
464,The Dadra And Nagar Haveli And Daman And Diu,2018,Diu,38,Diu,1681
77,Delhi,2018,Central,7,Central,1682
82,Delhi,2018,Crime Branch,7,North West,1683
78,Delhi,2018,East,7,East,1684
79,Delhi,2018,Eow,7,New Delhi,1685
79,Delhi,2018,Igi Airport,7,New Delhi,1686
82,Delhi,2018,Metro,7,North West,1687
79,Delhi,2018,New Delhi,7,New Delhi,1688
80,Delhi,2018,North,7,North,1689
81,Delhi,2018,North-East,7,North East,1690
82,Delhi,2018,North-West,7,North West,1691
82,Delhi,2018,Outer,7,North West,1692
79,Delhi,2018,Railway,7,New Delhi,1693
83,Delhi,2018,South,7,South,1694
670,Delhi,2018,South-East,7,South East,1695
84,Delhi,2018,South-West,7,South West,1696
82,Delhi,2018,Spl Cell,7,North West,1697
79,Delhi,2018,Spuwac,7,New Delhi,1698
79,Delhi,2018,Vigilance,7,New Delhi,1699
85,Delhi,2018,West,7,West,1700
82,Delhi,2018,Rohini,7,North West,1701
671,Delhi,2018,Shahdara,7,Shahdara,1702
84,Delhi,2018,Dwarka,7,South West,1703
553,Lakshadweep,2018,Lakshadweep,31,Lakshadweep District,1704
598,Puducherry,2018,Karaikal,34,Karaikal,1705
600,Puducherry,2018,Puducherry,34,Pondicherry,1706
502,Andhra Pradesh,2019,Anantapur,28,Anantapur,1707
503,Andhra Pradesh,2019,Chittoor,28,Chittoor,1708
504,Andhra Pradesh,2019,Cuddapah,28,Y.S.R.,1709
505,Andhra Pradesh,2019,East Godavari,28,East Godavari,1710
502,Andhra Pradesh,2019,Guntakal Railway,28,Anantapur,1711
506,Andhra Pradesh,2019,Guntur,28,Guntur,1712
506,Andhra Pradesh,2019,Guntur Urban,28,Guntur,1713
510,Andhra Pradesh,2019,Krishna,28,Krishna,1714
511,Andhra Pradesh,2019,Kurnool,28,Kurnool,1715
515,Andhra Pradesh,2019,Nellore,28,Spsr Nellore,1716
517,Andhra Pradesh,2019,Prakasham,28,Prakasam,1717
505,Andhra Pradesh,2019,Rajahmundry,28,East Godavari,1718
519,Andhra Pradesh,2019,Srikakulam,28,Srikakulam,1719
752,Andhra Pradesh,2019,Tirupathi Urban,28,Tirupati,1720
749,Andhra Pradesh,2019,Vijayawada City,28,Ntr,1721
749,Andhra Pradesh,2019,Vijayawada Railway,28,Ntr,1722
520,Andhra Pradesh,2019,Visakha Rural,28,Visakhapatanam,1723
520,Andhra Pradesh,2019,Visakhapatnam,28,Visakhapatanam,1724
521,Andhra Pradesh,2019,Vizianagaram,28,Vizianagaram,1725
523,Andhra Pradesh,2019,West Godavari,28,West Godavari,1726
628,Arunachal Pradesh,2019,Anjaw,12,Anjaw,1727
229,Arunachal Pradesh,2019,Changlang,12,Changlang,1728
237,Arunachal Pradesh,2019,Crime Branch,12,Papum Pare,1729
230,Arunachal Pradesh,2019,Dibang Valley,12,Dibang Valley,1730
231,Arunachal Pradesh,2019,Kameng East,12,East Kameng,1731
242,Arunachal Pradesh,2019,Kameng West,12,West Kameng,1732
233,Arunachal Pradesh,2019,Kurung Kumey,12,Kurung Kumey,1733
234,Arunachal Pradesh,2019,Lohit,12,Lohit,1734
666,Arunachal Pradesh,2019,Longding,12,Longding,1735
235,Arunachal Pradesh,2019,Lower Dibang Valley,12,Lower Dibang Valley,1736
237,Arunachal Pradesh,2019,Papum Pare Rural,12,Papum Pare,1737
232,Arunachal Pradesh,2019,Siang East,12,East Siang,1738
240,Arunachal Pradesh,2019,Siang Upper,12,Upper Siang,1739
243,Arunachal Pradesh,2019,Siang West,12,West Siang,1740
236,Arunachal Pradesh,2019,Subansiri Lower,12,Lower Subansiri,1741
241,Arunachal Pradesh,2019,Subansiri Upper,12,Upper Subansiri,1742
238,Arunachal Pradesh,2019,Tawang,12,Tawang,1743
239,Arunachal Pradesh,2019,Tirap,12,Tirap,1744
678,Arunachal Pradesh,2019,Namsai,12,Namsai,1745
679,Arunachal Pradesh,2019,Siang,12,Siang,1746
718,Arunachal Pradesh,2019,Kamle,12,Kamle,1747
677,Arunachal Pradesh,2019,Kra Dadi,12,Kra Daadi,1748
719,Arunachal Pradesh,2019,Lower Siang,12,Lower Siang,1749
724,Arunachal Pradesh,2019,Leparada,12,Leparada,1750
725,Arunachal Pradesh,2019,Shiyomi,12,Shi Yomi,1751
723,Arunachal Pradesh,2019,Pakkessang,12,Pakke Kessang,1752
618,Assam,2019,Bieo,18,Kamrup Metro,1753
280,Assam,2019,Barpeta,18,Barpeta,1754
616,Assam,2019,Baksa,18,Baksa,1755
281,Assam,2019,Bongaigaon,18,Bongaigaon,1756
618,Assam,2019,Cid,18,Kamrup Metro,1757
282,Assam,2019,Cachar,18,Cachar,1758
612,Assam,2019,Chirang,18,Chirang,1759
283,Assam,2019,Darrang,18,Darrang,1760
284,Assam,2019,Dhemaji,18,Dhemaji,1761
285,Assam,2019,Dhubri,18,Dhubri,1762
286,Assam,2019,Dibrugarh,18,Dibrugarh,1763
618,Assam,2019,Grp,18,Kamrup Metro,1764
287,Assam,2019,Goalpara,18,Goalpara,1765
288,Assam,2019,Golaghat,18,Golaghat,1766
618,Assam,2019,Guwahati City,18,Kamrup Metro,1767
289,Assam,2019,Hailakandi,18,Hailakandi,1768
710,Assam,2019,Hamren,18,West Karbi Anglong,1769
290,Assam,2019,Jorhat,18,Jorhat,1770
291,Assam,2019,Kamrup,18,Kamrup,1771
292,Assam,2019,Karbi Anglong,18,Karbi Anglong,1772
293,Assam,2019,Karimganj,18,Karimganj,1773
294,Assam,2019,Kokrajhar,18,Kokrajhar,1774
295,Assam,2019,Lakhimpur,18,Lakhimpur,1775
296,Assam,2019,Morigaon,18,Marigaon,1776
299,Assam,2019,Dima Hasao,18,Dima Hasao,1777
297,Assam,2019,Nagaon,18,Nagaon,1778
298,Assam,2019,Nalbari,18,Nalbari,1779
618,Assam,2019,Rpo,18,Kamrup Metro,1780
618,Assam,2019,Sou,18,Kamrup Metro,1781
618,Assam,2019,Stf,18,Kamrup Metro,1782
300,Assam,2019,Sibsagar,18,Sivasagar,1783
301,Assam,2019,Sonitpur,18,Sonitpur,1784
302,Assam,2019,Tinsukia,18,Tinsukia,1785
617,Assam,2019,Udalguri,18,Udalguri,1786
302,Assam,2019,Sadia,18,Tinsukia,1787
706,Assam,2019,Majuli,18,Majuli,1788
705,Assam,2019,Biswanath,18,Biswanath,1789
709,Assam,2019,Hojai,18,Hojai,1790
707,Assam,2019,South Salmara,18,South Salmara Mancachar,1791
708,Assam,2019,Charaideo,18,Charaideo,1792
188,Bihar,2019,Araria,10,Araria,1793
611,Bihar,2019,Arwal,10,Arwal,1794
189,Bihar,2019,Aurangabad,10,Aurangabad,1795
211,Bihar,2019,Bagaha,10,Pashchim Champaran,1796
190,Bihar,2019,Banka,10,Banka,1797
191,Bihar,2019,Begusarai,10,Begusarai,1798
211,Bihar,2019,Bettiah,10,Pashchim Champaran,1799
200,Bihar,2019,Bhabhua,10,Kaimur (Bhabua),1800
192,Bihar,2019,Bhagalpur,10,Bhagalpur,1801
193,Bihar,2019,Bhojpur,10,Bhojpur,1802
194,Bihar,2019,Buxar,10,Buxar,1803
195,Bihar,2019,Darbhanga,10,Darbhanga,1804
196,Bihar,2019,Gaya,10,Gaya,1805
197,Bihar,2019,Gopalganj,10,Gopalganj,1806
207,Bihar,2019,Jamalpur Railway,10,Munger,1807
198,Bihar,2019,Jamui,10,Jamui,1808
199,Bihar,2019,Jehanabad,10,Jehanabad,1809
201,Bihar,2019,Katihar,10,Katihar,1810
201,Bihar,2019,Katihar Railway,10,Katihar,1811
202,Bihar,2019,Khagaria,10,Khagaria,1812
203,Bihar,2019,Kishanganj,10,Kishanganj,1813
204,Bihar,2019,Lakhisarai,10,Lakhisarai,1814
205,Bihar,2019,Madhepura,10,Madhepura,1815
206,Bihar,2019,Madhubani,10,Madhubani,1816
213,Bihar,2019,Motihari,10,Purbi Champaran,1817
207,Bihar,2019,Munger,10,Munger,1818
208,Bihar,2019,Muzaffarpur,10,Muzaffarpur,1819
208,Bihar,2019,Muzaffarpur Railway,10,Muzaffarpur,1820
209,Bihar,2019,Nalanda,10,Nalanda,1821
192,Bihar,2019,Naugachia,10,Bhagalpur,1822
210,Bihar,2019,Nawadah,10,Nawada,1823
212,Bihar,2019,Patna,10,Patna,1824
212,Bihar,2019,Patna Railway,10,Patna,1825
214,Bihar,2019,Purnea,10,Purnia,1826
215,Bihar,2019,Rohtas,10,Rohtas,1827
216,Bihar,2019,Saharsa,10,Saharsa,1828
217,Bihar,2019,Samastipur,10,Samastipur,1829
218,Bihar,2019,Saran,10,Saran,1830
219,Bihar,2019,Sheikhpura,10,Sheikhpura,1831
220,Bihar,2019,Sheohar,10,Sheohar,1832
221,Bihar,2019,Sitamarhi,10,Sitamarhi,1833
222,Bihar,2019,Siwan,10,Siwan,1834
223,Bihar,2019,Supaul,10,Supaul,1835
224,Bihar,2019,Vaishali,10,Vaishali,1836
212,Bihar,2019,Economic Offences Unit,10,Patna,1837
212,Bihar,2019,Anti Terrorist Squad,10,Patna,1838
646,Chhattisgarh,2019,Balod,22,Balod,1839
644,Chhattisgarh,2019,Balodbazar,22,Baloda Bazar,1840
649,Chhattisgarh,2019,Balrampur,22,Balrampur,1841
650,Chhattisgarh,2019,Bemetra,22,Bemetara,1842
375,Chhattisgarh,2019,Bilaspur,22,Bilaspur,1843
636,Chhattisgarh,2019,Bizapur,22,Bijapur,1844
376,Chhattisgarh,2019,Dantewara,22,Dantewada,1845
377,Chhattisgarh,2019,Dhamtari,22,Dhamtari,1846
378,Chhattisgarh,2019,Durg,22,Durg,1847
645,Chhattisgarh,2019,Gariyaband,22,Gariyaband,1848
387,Chhattisgarh,2019,Grp Raipur,22,Raipur,1849
374,Chhattisgarh,2019,Jagdalpur,22,Bastar,1850
379,Chhattisgarh,2019,Janjgir,22,Janjgir-Champa,1851
380,Chhattisgarh,2019,Jashpur,22,Jashpur,1852
382,Chhattisgarh,2019,Kabirdham,22,Kabirdham,1853
381,Chhattisgarh,2019,Kanker,22,Kanker,1854
643,Chhattisgarh,2019,Kondagaon,22,Kondagaon,1855
383,Chhattisgarh,2019,Korba,22,Korba,1856
384,Chhattisgarh,2019,Koriya,22,Korea,1857
385,Chhattisgarh,2019,Mahasamund,22,Mahasamund,1858
647,Chhattisgarh,2019,Mungali,22,Mungeli,1859
637,Chhattisgarh,2019,Narayanpur,22,Narayanpur,1860
386,Chhattisgarh,2019,Raigarh,22,Raigarh,1861
387,Chhattisgarh,2019,Raipur,22,Raipur,1862
388,Chhattisgarh,2019,Rajnandgaon,22,Rajnandgaon,1863
389,Chhattisgarh,2019,Sarguja,22,Surguja,1864
642,Chhattisgarh,2019,Sukma,22,Sukma,1865
648,Chhattisgarh,2019,Surajpur,22,Surajpur,1866
551,Goa,2019,North Goa,30,North Goa,1867
552,Goa,2019,South Goa,30,South Goa,1868
551,Goa,2019,Cid,30,North Goa,1869
438,Gujarat,2019,Ahmedabad City,24,Ahmadabad,1870
438,Gujarat,2019,Ahmedabad Rural,24,Ahmadabad,1871
439,Gujarat,2019,Amreli,24,Amreli,1872
440,Gujarat,2019,Anand,24,Anand,1873
672,Gujarat,2019,Arvalli,24,Arvalli,1874
441,Gujarat,2019,Banaskantha,24,Banas Kantha,1875
442,Gujarat,2019,Bharuch,24,Bharuch,1876
443,Gujarat,2019,Bhavnagar,24,Bhavnagar,1877
676,Gujarat,2019,Botad,24,Botad,1878
668,Gujarat,2019,Chhotaudepur,24,Chhotaudepur,1879
446,Gujarat,2019,Cid Crime,24,Gandhinagar,1880
445,Gujarat,2019,Dahod,24,Dohad,1881
444,Gujarat,2019,Dang,24,Dang,1882
674,Gujarat,2019,Devbhumi Dwarka,24,Devbhumi Dwarka,1883
446,Gujarat,2019,Gandhinagar,24,Gandhinagar,1884
675,Gujarat,2019,Gir Somnath,24,Gir Somnath,1885
447,Gujarat,2019,Jamnagar,24,Jamnagar,1886
448,Gujarat,2019,Junagadh,24,Junagadh,1887
449,Gujarat,2019,Kachchh East(G),24,Kachchh,1888
449,Gujarat,2019,Kachchh West(B),24,Kachchh,1889
450,Gujarat,2019,Kheda,24,Kheda,1890
669,Gujarat,2019,Mahisagar,24,Mahisagar,1891
451,Gujarat,2019,Mehsana,24,Mahesana,1892
673,Gujarat,2019,Morbi,24,Morbi,1893
452,Gujarat,2019,Narmada,24,Narmada,1894
453,Gujarat,2019,Navsari,24,Navsari,1895
454,Gujarat,2019,Panchmahal,24,Panch Mahals,1896
455,Gujarat,2019,Patan,24,Patan,1897
456,Gujarat,2019,Porbandar,24,Porbandar,1898
457,Gujarat,2019,Rajkot City,24,Rajkot,1899
457,Gujarat,2019,Rajkot Rural,24,Rajkot,1900
458,Gujarat,2019,Sabarkantha,24,Sabar Kantha,1901
459,Gujarat,2019,Surat City,24,Surat,1902
459,Gujarat,2019,Surat Rural,24,Surat,1903
460,Gujarat,2019,Surendranagar,24,Surendranagar,1904
641,Gujarat,2019,Tapi,24,Tapi,1905
461,Gujarat,2019,Vadodara City,24,Vadodara,1906
461,Gujarat,2019,Vadodara Rural,24,Vadodara,1907
462,Gujarat,2019,Valsad,24,Valsad,1908
438,Gujarat,2019,W.Rly Ahmedabad,24,Ahmadabad,1909
461,Gujarat,2019,W.Rly Vadodara,24,Vadodara,1910
58,Haryana,2019,Ambala,6,Ambala,1911
59,Haryana,2019,Bhiwani,6,Bhiwani,1912
60,Haryana,2019,Faridabad,6,Faridabad,1913
61,Haryana,2019,Fatehabad,6,Fatehabad,1914
58,Haryana,2019,Grp,6,Ambala,1915
62,Haryana,2019,Gurugram,6,Gurugram,1916
63,Haryana,2019,Hissar,6,Hisar,1917
64,Haryana,2019,Jhajjar,6,Jhajjar,1918
65,Haryana,2019,Jind,6,Jind,1919
66,Haryana,2019,Kaithal,6,Kaithal,1920
67,Haryana,2019,Karnal,6,Karnal,1921
68,Haryana,2019,Kurukshetra,6,Kurukshetra,1922
69,Haryana,2019,Mahendergarh,6,Mahendragarh,1923
604,Haryana,2019,Nuh,6,Nuh,1924
619,Haryana,2019,Palwal,6,Palwal,1925
70,Haryana,2019,Panchkula,6,Panchkula,1926
71,Haryana,2019,Panipat,6,Panipat,1927
72,Haryana,2019,Rewari,6,Rewari,1928
73,Haryana,2019,Rohtak,6,Rohtak,1929
74,Haryana,2019,Sirsa,6,Sirsa,1930
75,Haryana,2019,Sonipat,6,Sonipat,1931
76,Haryana,2019,Yamunanagar,6,Yamunanagar,1932
62,Haryana,2019,Irrigation And Power,6,Gurugram,1933
701,Haryana,2019,Charkhi Dadri,6,Charki Dadri,1934
63,Haryana,2019,Hansi,6,Hisar,1935
25,Himachal Pradesh,2019,Baddi,2,Solan,1936
15,Himachal Pradesh,2019,Bilaspur,2,Bilaspur,1937
16,Himachal Pradesh,2019,Chamba,2,Chamba,1938
23,Himachal Pradesh,2019,Cid,2,Shimla,1939
23,Himachal Pradesh,2019,Grp,2,Shimla,1940
17,Himachal Pradesh,2019,Hamirpur,2,Hamirpur,1941
18,Himachal Pradesh,2019,Kangra,2,Kangra,1942
19,Himachal Pradesh,2019,Kinnaur,2,Kinnaur,1943
20,Himachal Pradesh,2019,Kullu,2,Kullu,1944
21,Himachal Pradesh,2019,Lahaul And Spiti,2,Lahul And Spiti,1945
22,Himachal Pradesh,2019,Mandi,2,Mandi,1946
23,Himachal Pradesh,2019,Shimla,2,Shimla,1947
24,Himachal Pradesh,2019,Sirmaur,2,Sirmaur,1948
25,Himachal Pradesh,2019,Solan,2,Solan,1949
26,Himachal Pradesh,2019,Una,2,Una,1950
23,Himachal Pradesh,2019,Cyber,2,Shimla,1951
1,Jammu And Kashmir,2019,Anantnag,1,Anantnag,1952
11,Jammu And Kashmir,2019,Awantipora,1,Pulwama,1953
623,Jammu And Kashmir,2019,Bandipora,1,Bandipora,1954
3,Jammu And Kashmir,2019,Baramulla,1,Baramulla,1955
2,Jammu And Kashmir,2019,Budgam,1,Budgam,1956
5,Jammu And Kashmir,2019,Crime Jammu,1,Jammu,1957
5,Jammu And Kashmir,2019,Crime Srinagar,1,Jammu,1958
4,Jammu And Kashmir,2019,Doda,1,Doda,1959
626,Jammu And Kashmir,2019,Ganderbal,1,Ganderbal,1960
8,Jammu And Kashmir,2019,Handwara,1,Kupwara,1961
5,Jammu And Kashmir,2019,Jammu,1,Jammu,1962
6,Jammu And Kashmir,2019,Kargil,1,Kargil,1963
7,Jammu And Kashmir,2019,Kathua,1,Kathua,1964
620,Jammu And Kashmir,2019,Kishtwar,1,Kishtwar,1965
622,Jammu And Kashmir,2019,Kulgam,1,Kulgam,1966
8,Jammu And Kashmir,2019,Kupwara,1,Kupwara,1967
9,Jammu And Kashmir,2019,Leh,1,Leh Ladakh,1968
10,Jammu And Kashmir,2019,Poonch,1,Poonch,1969
11,Jammu And Kashmir,2019,Pulwama,1,Pulwama,1970
5,Jammu And Kashmir,2019,Railways Jammu,1,Jammu,1971
5,Jammu And Kashmir,2019,Railways Kashmir,1,Jammu,1972
627,Jammu And Kashmir,2019,Railways Katra,1,Reasi,1973
12,Jammu And Kashmir,2019,Rajouri,1,Rajouri,1974
621,Jammu And Kashmir,2019,Ramban,1,Ramban,1975
627,Jammu And Kashmir,2019,Reasi,1,Reasi,1976
624,Jammu And Kashmir,2019,Samba,1,Samba,1977
625,Jammu And Kashmir,2019,Shopian,1,Shopian,1978
3,Jammu And Kashmir,2019,Sopore,1,Baramulla,1979
13,Jammu And Kashmir,2019,Srinagar,1,Srinagar,1980
14,Jammu And Kashmir,2019,Udhampur,1,Udhampur,1981
322,Jharkhand,2019,Bokaro,20,Bokaro,1982
343,Jharkhand,2019,Chaibasa,20,West Singhbhum,1983
323,Jharkhand,2019,Chatra,20,Chatra,1984
324,Jharkhand,2019,Deoghar,20,Deoghar,1985
325,Jharkhand,2019,Dhanbad,20,Dhanbad,1986
325,Jharkhand,2019,Dhanbad Railway,20,Dhanbad,1987
326,Jharkhand,2019,Dumka,20,Dumka,1988
328,Jharkhand,2019,Garhwa,20,Garhwa,1989
329,Jharkhand,2019,Giridih,20,Giridih,1990
330,Jharkhand,2019,Godda,20,Godda,1991
331,Jharkhand,2019,Gumla,20,Gumla,1992
332,Jharkhand,2019,Hazaribagh,20,Hazaribagh,1993
327,Jharkhand,2019,Jamshedpur,20,East Singhbum,1994
327,Jharkhand,2019,Jamshedpur Railway,20,East Singhbum,1995
333,Jharkhand,2019,Jamtara,20,Jamtara,1996
606,Jharkhand,2019,Khunti,20,Khunti,1997
334,Jharkhand,2019,Koderma,20,Koderma,1998
335,Jharkhand,2019,Latehar,20,Latehar,1999
336,Jharkhand,2019,Lohardagga,20,Lohardaga,2000
337,Jharkhand,2019,Pakur,20,Pakur,2001
338,Jharkhand,2019,Palamu,20,Palamu,2002
607,Jharkhand,2019,Ramgarh,20,Ramgarh,2003
339,Jharkhand,2019,Ranchi,20,Ranchi,2004
340,Jharkhand,2019,Sahebganj,20,Sahebganj,2005
341,Jharkhand,2019,Saraikela,20,Saraikela Kharsawan,2006
342,Jharkhand,2019,Simdega,20,Simdega,2007
524,Karnataka,2019,Bagalkot,29,Bagalkote,2008
525,Karnataka,2019,Bengaluru City,29,Bengaluru Urban,2009
525,Karnataka,2019,Bengaluru District,29,Bengaluru Urban,2010
527,Karnataka,2019,Belagavi District,29,Belagavi,2011
528,Karnataka,2019,Ballari,29,Ballari,2012
529,Karnataka,2019,Bidar,29,Bidar,2013
530,Karnataka,2019,Vijayapura,29,Vijayapura,2014
630,Karnataka,2019,Chikkaballapura,29,Chikkaballapura,2015
531,Karnataka,2019,Chamarajnagar,29,Chamarajanagara,2016
532,Karnataka,2019,Chikkamagaluru,29,Chikkamagaluru,2017
533,Karnataka,2019,Chitradurga,29,Chitradurga,2018
534,Karnataka,2019,Dakshina Kannada,29,Dakshina Kannada,2019
535,Karnataka,2019,Davanagere,29,Davangere,2020
536,Karnataka,2019,Dharwad,29,Dharwad,2021
537,Karnataka,2019,Gadag,29,Gadag,2022
538,Karnataka,2019,Kalaburgi,29,Kalaburagi,2023
539,Karnataka,2019,Hassan,29,Hassan,2024
540,Karnataka,2019,Haveri,29,Haveri,2025
536,Karnataka,2019,Hubballi Dharwad City,29,Dharwad,2026
527,Karnataka,2019,K.G.F.,29,Belagavi,2027
541,Karnataka,2019,Kodagu,29,Kodagu,2028
542,Karnataka,2019,Kolar,29,Kolar,2029
543,Karnataka,2019,Koppal,29,Koppal,2030
544,Karnataka,2019,Mandya,29,Mandya,2031
534,Karnataka,2019,Mangaluru City,29,Dakshina Kannada,2032
545,Karnataka,2019,Mysuru City,29,Mysuru,2033
545,Karnataka,2019,Mysuru District,29,Mysuru,2034
546,Karnataka,2019,Raichur,29,Raichur,2035
525,Karnataka,2019,K.Railways,29,Bengaluru Urban,2036
631,Karnataka,2019,Ramanagara,29,Ramanagara,2037
547,Karnataka,2019,Shimoga,29,Shivamogga,2038
548,Karnataka,2019,Tumakuru,29,Tumakuru,2039
549,Karnataka,2019,Udupi,29,Udupi,2040
550,Karnataka,2019,Uttara Kannada,29,Uttara Kannada,2041
635,Karnataka,2019,Yadgiri,29,Yadgir,2042
527,Karnataka,2019,Belagavi City,29,Belagavi,2043
538,Karnataka,2019,Kalaburgi City,29,Kalaburagi,2044
554,Kerala,2019,Alapuzha,32,Alappuzha,2045
555,Kerala,2019,Ernakulam Commr.,32,Ernakulam,2046
555,Kerala,2019,Ernakulam Rural,32,Ernakulam,2047
556,Kerala,2019,Idukki,32,Idukki,2048
557,Kerala,2019,Kannur,32,Kannur,2049
558,Kerala,2019,Kasargod,32,Kasaragod,2050
559,Kerala,2019,Kollam Commr.,32,Kollam,2051
559,Kerala,2019,Kollam Rural,32,Kollam,2052
560,Kerala,2019,Kottayam,32,Kottayam,2053
561,Kerala,2019,Kozhikode Commr.,32,Kozhikode,2054
561,Kerala,2019,Kozhikode Rural,32,Kozhikode,2055
562,Kerala,2019,Malappuram,32,Malappuram,2056
563,Kerala,2019,Palakkad,32,Palakkad,2057
564,Kerala,2019,Pathanamthitta,32,Pathanamthitta,2058
565,Kerala,2019,Railways,32,Thiruvananthapuram,2059
566,Kerala,2019,Thrissur Commr.,32,Thrissur,2060
566,Kerala,2019,Thrissur Rural,32,Thrissur,2061
565,Kerala,2019,Trivandrum Commr.,32,Thiruvananthapuram,2062
565,Kerala,2019,Trivandrum Rural,32,Thiruvananthapuram,2063
567,Kerala,2019,Wayanadu,32,Wayanad,2064
565,Kerala,2019,Crime Branch,32,Thiruvananthapuram,2065
667,Madhya Pradesh,2019,Agar,23,Agar Malwa,2066
639,Madhya Pradesh,2019,Alirajpur,23,Alirajpur,2067
390,Madhya Pradesh,2019,Anuppur,23,Anuppur,2068
391,Madhya Pradesh,2019,Ashok Nagar,23,Ashoknagar,2069
392,Madhya Pradesh,2019,Balaghat,23,Balaghat,2070
393,Madhya Pradesh,2019,Barwani,23,Barwani,2071
394,Madhya Pradesh,2019,Betul,23,Betul,2072
395,Madhya Pradesh,2019,Bhind,23,Bhind,2073
396,Madhya Pradesh,2019,Bhopal,23,Bhopal,2074
396,Madhya Pradesh,2019,Bhopal Railway,23,Bhopal,2075
397,Madhya Pradesh,2019,Burhanpur,23,Burhanpur,2076
398,Madhya Pradesh,2019,Chhatarpur,23,Chhatarpur,2077
399,Madhya Pradesh,2019,Chhindwara,23,Chhindwara,2078
400,Madhya Pradesh,2019,Damoh,23,Damoh,2079
401,Madhya Pradesh,2019,Datia,23,Datia,2080
402,Madhya Pradesh,2019,Dewas,23,Dewas,2081
403,Madhya Pradesh,2019,Dhar,23,Dhar,2082
404,Madhya Pradesh,2019,Dindori,23,Dindori,2083
406,Madhya Pradesh,2019,Guna,23,Guna,2084
407,Madhya Pradesh,2019,Gwalior,23,Gwalior,2085
408,Madhya Pradesh,2019,Harda,23,Harda,2086
409,Madhya Pradesh,2019,Hoshangabad,23,Narmadapuram,2087
410,Madhya Pradesh,2019,Indore,23,Indore,2088
410,Madhya Pradesh,2019,Indore Railway,23,Indore,2089
411,Madhya Pradesh,2019,Jabalpur,23,Jabalpur,2090
411,Madhya Pradesh,2019,Jabalpur Railway,23,Jabalpur,2091
412,Madhya Pradesh,2019,Jhabua,23,Jhabua,2092
413,Madhya Pradesh,2019,Katni,23,Katni,2093
410,Madhya Pradesh,2019,Khandwa,23,Indore,2094
414,Madhya Pradesh,2019,Khargone,23,Khargone,2095
415,Madhya Pradesh,2019,Mandla,23,Mandla,2096
416,Madhya Pradesh,2019,Mandsaur,23,Mandsaur,2097
417,Madhya Pradesh,2019,Morena,23,Morena,2098
418,Madhya Pradesh,2019,Narsinghpur,23,Narsinghpur,2099
419,Madhya Pradesh,2019,Neemuch,23,Neemuch,2100
420,Madhya Pradesh,2019,Panna,23,Panna,2101
421,Madhya Pradesh,2019,Raisen,23,Raisen,2102
422,Madhya Pradesh,2019,Rajgarh,23,Rajgarh,2103
423,Madhya Pradesh,2019,Ratlam,23,Ratlam,2104
424,Madhya Pradesh,2019,Rewa,23,Rewa,2105
425,Madhya Pradesh,2019,Sagar,23,Sagar,2106
426,Madhya Pradesh,2019,Satna,23,Satna,2107
428,Madhya Pradesh,2019,Seoni,23,Seoni,2108
429,Madhya Pradesh,2019,Shahdol,23,Shahdol,2109
430,Madhya Pradesh,2019,Shajapur,23,Shajapur,2110
431,Madhya Pradesh,2019,Sheopur,23,Sheopur,2111
432,Madhya Pradesh,2019,Shivpuri,23,Shivpuri,2112
433,Madhya Pradesh,2019,Sidhi,23,Sidhi,2113
427,Madhya Pradesh,2019,Sehore,23,Sehore,2114
638,Madhya Pradesh,2019,Singrauli,23,Singrauli,2115
434,Madhya Pradesh,2019,Tikamgarh,23,Tikamgarh,2116
435,Madhya Pradesh,2019,Ujjain,23,Ujjain,2117
436,Madhya Pradesh,2019,Umaria,23,Umaria,2118
437,Madhya Pradesh,2019,Vidisha,23,Vidisha,2119
9999,Madhya Pradesh,2019,Cyber Crime Cell,23,Cyber Crime Cell,2120
722,Madhya Pradesh,2019,Niwari,23,Cyber Crime Cell,2121
466,Maharashtra,2019,Ahmednagar,27,Cyber Crime Cell,2122
467,Maharashtra,2019,Akola,27,Cyber Border Range,2123
468,Maharashtra,2019,Amravati Commr.,27,Cyber Crime Cell,2124
468,Maharashtra,2019,Amravati Rural,27,Amravati,2125
469,Maharashtra,2019,Aurangabad Commr.,27,Aurangabad,2126
469,Maharashtra,2019,Aurangabad Rural,27,Aurangabad,2127
470,Maharashtra,2019,Beed,27,Beed,2128
471,Maharashtra,2019,Bhandara,27,Bhandara,2129
472,Maharashtra,2019,Buldhana,27,Buldhana,2130
473,Maharashtra,2019,Chandrapur,27,Chandrapur,2131
474,Maharashtra,2019,Dhule,27,Dhule,2132
475,Maharashtra,2019,Gadchiroli,27,Gadchiroli,2133
476,Maharashtra,2019,Gondia,27,Gondia,2134
477,Maharashtra,2019,Hingoli,27,Hingoli,2135
478,Maharashtra,2019,Jalgaon,27,Jalgaon,2136
479,Maharashtra,2019,Jalna,27,Jalna,2137
480,Maharashtra,2019,Kolhapur,27,Kolhapur,2138
481,Maharashtra,2019,Latur,27,Latur,2139
482,Maharashtra,2019,Mumbai Commr.,27,Mumbai,2140
482,Maharashtra,2019,Mumbai Railway,27,Mumbai,2141
484,Maharashtra,2019,Nagpur Commr.,27,Nagpur,2142
484,Maharashtra,2019,Nagpur Railway,27,Nagpur,2143
484,Maharashtra,2019,Nagpur Rural,27,Nagpur,2144
485,Maharashtra,2019,Nanded,27,Nanded,2145
486,Maharashtra,2019,Nandurbar,27,Nandurbar,2146
487,Maharashtra,2019,Nasik Commr.,27,Nashik,2147
487,Maharashtra,2019,Nasik Rural,27,Nashik,2148
483,Maharashtra,2019,Navi Mumbai,27,Mumbai Suburban,2149
488,Maharashtra,2019,Osmanabad,27,Osmanabad,2150
665,Maharashtra,2019,Palghar,27,Palghar,2151
489,Maharashtra,2019,Parbhani,27,Parbhani,2152
490,Maharashtra,2019,Pune Commr.,27,Pune,2153
490,Maharashtra,2019,Pune Railway,27,Pune,2154
490,Maharashtra,2019,Pune Rural,27,Pune,2155
491,Maharashtra,2019,Raigad,27,Raigad,2156
492,Maharashtra,2019,Ratnagiri,27,Ratnagiri,2157
493,Maharashtra,2019,Sangli,27,Sangli,2158
494,Maharashtra,2019,Satara,27,Satara,2159
495,Maharashtra,2019,Sindhudurg,27,Sindhudurg,2160
496,Maharashtra,2019,Solapur Commr.,27,Solapur,2161
496,Maharashtra,2019,Solapur Rural,27,Solapur,2162
497,Maharashtra,2019,Thane Commr.,27,Thane,2163
497,Maharashtra,2019,Thane Rural,27,Thane,2164
498,Maharashtra,2019,Wardha,27,Wardha,2165
499,Maharashtra,2019,Washim,27,Washim,2166
500,Maharashtra,2019,Yavatmal,27,Yavatmal,2167
490,Maharashtra,2019,Pimpri Chinchwad City,27,Pune,2168
469,Maharashtra,2019,Aurangabad Railway,27,Aurangabad,2169
252,Manipur,2019,Bishnupur,14,Bishnupur,2170
253,Manipur,2019,Chandel,14,Chandel,2171
254,Manipur,2019,Churachandpur,14,Churachandpur,2172
256,Manipur,2019,Cid,14,Imphal West,2173
255,Manipur,2019,Imphal East,14,Imphal East,2174
256,Manipur,2019,Imphal West,14,Imphal West,2175
257,Manipur,2019,Senapati,14,Senapati,2176
258,Manipur,2019,Tamenglong,14,Tamenglong,2177
259,Manipur,2019,Thoubal,14,Thoubal,2178
260,Manipur,2019,Ukhrul,14,Ukhrul,2179
711,Manipur,2019,Kakching,14,Kakching,2180
717,Manipur,2019,Kamjong,14,Kamjong,2181
712,Manipur,2019,Kangpokpi,14,Kangpokpi,2182
713,Manipur,2019,Jiribam,14,Jiribam,2183
714,Manipur,2019,Noney,14,Noney,2184
715,Manipur,2019,Pherzawl,14,Pherzawl,2185
716,Manipur,2019,Tengnoupal,14,Tengnoupal,2186
256,Manipur,2019,Narcotic,14,Imphal West,2187
273,Meghalaya,2019,Garo Hills East,17,East Garo Hills,2188
656,Meghalaya,2019,Garo Hills North,17,North Garo Hills,2189
277,Meghalaya,2019,Garo Hills South,17,South Garo Hills,2190
663,Meghalaya,2019,Garo Hills South West,17,South West Garo Hills,2191
278,Meghalaya,2019,Garo Hills West,17,West Garo Hills,2192
275,Meghalaya,2019,Jaintia Hills West,17,West Jaintia Hills,2193
657,Meghalaya,2019,Jaintia Hills East,17,East Jaintia Hills,2194
274,Meghalaya,2019,Khasi Hills East,17,East Khasi Hills,2195
658,Meghalaya,2019,Khasi Hills South West,17,South West Khasi Hills,2196
279,Meghalaya,2019,Khasi Hills West,17,West Khasi Hills,2197
276,Meghalaya,2019,Ri-Bhoi,17,Ri Bhoi,2198
274,Meghalaya,2019,Cyber Cell,17,East Khasi Hills,2199
261,Mizoram,2019,Aizawl,15,Aizawl,2200
262,Mizoram,2019,Champhai,15,Champhai,2201
263,Mizoram,2019,Kolasib,15,Kolasib,2202
264,Mizoram,2019,Lawngtlai,15,Lawngtlai,2203
265,Mizoram,2019,Lunglei,15,Lunglei,2204
266,Mizoram,2019,Mamit,15,Mamit,2205
267,Mizoram,2019,Saiha,15,Saiha,2206
268,Mizoram,2019,Serchhip,15,Serchhip,2207
261,Mizoram,2019,Spl Narcotic,15,Aizawl,2208
244,Nagaland,2019,Dimapur,13,Dimapur,2209
614,Nagaland,2019,Kiphire,13,Kiphire,2210
245,Nagaland,2019,Kohima,13,Kohima,2211
615,Nagaland,2019,Longleng,13,Longleng,2212
246,Nagaland,2019,Mokokchung,13,Mokokchung,2213
247,Nagaland,2019,Mon,13,Mon,2214
613,Nagaland,2019,Peren,13,Peren,2215
248,Nagaland,2019,Phek,13,Phek,2216
249,Nagaland,2019,Tuensang,13,Tuensang,2217
250,Nagaland,2019,Wokha,13,Wokha,2218
251,Nagaland,2019,Zunheboto,13,Zunheboto,2219
344,Odisha,2019,Angul,21,Anugul,2220
346,Odisha,2019,Balasore,21,Baleshwar,2221
347,Odisha,2019,Baragarh,21,Bargarh,2222
346,Odisha,2019,Berhampur,21,Baleshwar,2223
348,Odisha,2019,Bhadrak,21,Bhadrak,2224
345,Odisha,2019,Bolangir,21,Balangir,2225
349,Odisha,2019,Boudh,21,Boudh,2226
350,Odisha,2019,Cuttack,21,Cuttack,2227
362,Odisha,2019,Dcp Bbsr,21,Khordha,2228
350,Odisha,2019,Dcp Ctc,21,Cuttack,2229
351,Odisha,2019,Deogarh,21,Deogarh,2230
352,Odisha,2019,Dhenkanal,21,Dhenkanal,2231
353,Odisha,2019,Gajapati,21,Gajapati,2232
354,Odisha,2019,Ganjam,21,Ganjam,2233
355,Odisha,2019,Jagatsinghpur,21,Jagatsinghapur,2234
356,Odisha,2019,Jajpur,21,Jajapur,2235
357,Odisha,2019,Jharsuguda,21,Jharsuguda,2236
358,Odisha,2019,Kalahandi,21,Kalahandi,2237
359,Odisha,2019,Kandhamal,21,Kandhamal,2238
360,Odisha,2019,Kendrapara,21,Kendrapara,2239
361,Odisha,2019,Keonjhar,21,Kendujhar,2240
362,Odisha,2019,Khurda,21,Khordha,2241
363,Odisha,2019,Koraput,21,Koraput,2242
364,Odisha,2019,Malkangiri,21,Malkangiri,2243
365,Odisha,2019,Mayurbhanj,21,Mayurbhanj,2244
367,Odisha,2019,Nayagarh,21,Nayagarh,2245
366,Odisha,2019,Nabarangpur,21,Nabarangpur,2246
368,Odisha,2019,Nuapada,21,Nuapada,2247
369,Odisha,2019,Puri,21,Puri,2248
370,Odisha,2019,Rayagada,21,Rayagada,2249
373,Odisha,2019,Rourkela,21,Sundargarh,2250
371,Odisha,2019,Sambalpur,21,Sambalpur,2251
372,Odisha,2019,Sonepur,21,Sonepur,2252
350,Odisha,2019,Srp(Cuttack),21,Cuttack,2253
373,Odisha,2019,Srp(Rourkela),21,Sundargarh,2254
373,Odisha,2019,Sundargarh,21,Sundargarh,2255
350,Odisha,2019,Cid Cb,21,Cuttack,2256
27,Punjab,2019,Amritsar Rural,3,Amritsar,2257
605,Punjab,2019,Barnala,3,Barnala,2258
32,Punjab,2019,Batala,3,Gurdaspur,2259
28,Punjab,2019,Bathinda,3,Bathinda,2260
27,Punjab,2019,Cp Amritsar,3,Amritsar,2261
34,Punjab,2019,Cp Jalandhar,3,Jalandhar,2262
36,Punjab,2019,Cp Ludhiana,3,Ludhiana,2263
29,Punjab,2019,Faridkot,3,Faridkot,2264
30,Punjab,2019,Fatehgarh Sahib,3,Fatehgarh Sahib,2265
651,Punjab,2019,Fazilka,3,Fazilka,2266
31,Punjab,2019,Ferozepur,3,Ferozepur,2267
41,Punjab,2019,Grp,3,Patiala,2268
32,Punjab,2019,Gurdaspur,3,Gurdaspur,2269
33,Punjab,2019,Hoshiarpur,3,Hoshiarpur,2270
34,Punjab,2019,Jalandhar Rural,3,Jalandhar,2271
35,Punjab,2019,Kapurthala,3,Kapurthala,2272
36,Punjab,2019,Khanna,3,Ludhiana,2273
36,Punjab,2019,Ludhiana Rural,3,Ludhiana,2274
37,Punjab,2019,Mansa,3,Mansa,2275
38,Punjab,2019,Moga,3,Moga,2276
39,Punjab,2019,Muktsar,3,Sri Muktsar Sahib,2277
662,Punjab,2019,Pathankot,3,Pathankot,2278
41,Punjab,2019,Patiala,3,Patiala,2279
42,Punjab,2019,Ropar,3,Rupnagar,2280
43,Punjab,2019,Sangrur,3,Sangrur,2281
608,Punjab,2019,Sas Nagar,3,S.A.S Nagar,2282
40,Punjab,2019,Sbs Nagar,3,Shahid Bhagat Singh Nagar,2283
609,Punjab,2019,Tarn Taran,3,Tarn Taran,2284
608,Punjab,2019,Bureau Of Investigation,3,S.A.S Nagar,2285
608,Punjab,2019,Intelligence Wing,3,S.A.S Nagar,2286
608,Punjab,2019,Nri Wing,3,S.A.S Nagar,2287
27,Punjab,2019,Special Task Force,3,Amritsar,2288
86,Rajasthan,2019,Ajmer,8,Ajmer,2289
87,Rajasthan,2019,Alwar,8,Alwar,2290
88,Rajasthan,2019,Banswara,8,Banswara,2291
89,Rajasthan,2019,Baran,8,Baran,2292
90,Rajasthan,2019,Barmer,8,Barmer,2293
91,Rajasthan,2019,Bharatpur,8,Bharatpur,2294
92,Rajasthan,2019,Bhilwara,8,Bhilwara,2295
93,Rajasthan,2019,Bikaner,8,Bikaner,2296
94,Rajasthan,2019,Bundi,8,Bundi,2297
95,Rajasthan,2019,Chittorgarh,8,Chittorgarh,2298
96,Rajasthan,2019,Churu,8,Churu,2299
97,Rajasthan,2019,Dausa,8,Dausa,2300
98,Rajasthan,2019,Dholpur,8,Dholpur,2301
99,Rajasthan,2019,Dungarpur,8,Dungarpur,2302
86,Rajasthan,2019,Grp Ajmer,8,Ajmer,2303
107,Rajasthan,2019,Grp Jodhpur,8,Jodhpur,2304
100,Rajasthan,2019,Ganganagar,8,Ganganagar,2305
101,Rajasthan,2019,Hanumangarh,8,Hanumangarh,2306
102,Rajasthan,2019,Jaipur East,8,Jaipur,2307
102,Rajasthan,2019,Jaipur North,8,Jaipur,2308
783,Rajasthan,2019,Jaipur Rural,8,Jaipur (Gramin),2309
102,Rajasthan,2019,Jaipur South,8,Jaipur,2310
102,Rajasthan,2019,Jaipur West,8,Jaipur,2311
103,Rajasthan,2019,Jaisalmer,8,Jaisalmer,2312
104,Rajasthan,2019,Jalore,8,Jalore,2313
105,Rajasthan,2019,Jhalawar,8,Jhalawar,2314
106,Rajasthan,2019,Jhunjhunu,8,Jhunjhunu,2315
107,Rajasthan,2019,Jodhpur East,8,Jodhpur,2316
107,Rajasthan,2019,Jodhpur West,8,Jodhpur,2317
107,Rajasthan,2019,Jodhpur Rural,8,Jodhpur,2318
108,Rajasthan,2019,Karauli,8,Karauli,2319
109,Rajasthan,2019,Kota City,8,Kota,2320
109,Rajasthan,2019,Kota Rural,8,Kota,2321
110,Rajasthan,2019,Nagaur,8,Nagaur,2322
111,Rajasthan,2019,Pali,8,Pali,2323
629,Rajasthan,2019,Pratapgarh,8,Pratapgarh,2324
112,Rajasthan,2019,Rajsamand,8,Rajsamand,2325
113,Rajasthan,2019,Sawai Madhopur,8,Sawai Madhopur,2326
114,Rajasthan,2019,Sikar,8,Sikar,2327
115,Rajasthan,2019,Sirohi,8,Sirohi,2328
116,Rajasthan,2019,Tonk,8,Tonk,2329
117,Rajasthan,2019,Udaipur,8,Udaipur,2330
102,Rajasthan,2019,Jaipur Metro,8,Jaipur,2331
102,Rajasthan,2019,Scrb,8,Jaipur,2332
102,Rajasthan,2019,Sog,8,Jaipur,2333
102,Rajasthan,2019,Ssb,8,Jaipur,2334
102,Rajasthan,2019,Jaipur Crime,8,Jaipur,2335
770,Rajasthan,2019,Bhiwadi,8,Khairthal-Tijara,2336
225,Sikkim,2019,East,11,Gangtok,2337
226,Sikkim,2019,North,11,Mangan,2338
227,Sikkim,2019,South,11,Namchi,2339
228,Sikkim,2019,West,11,Gyalshing,2340
610,Tamil Nadu,2019,Ariyalur,33,Ariyalur,2341
568,Tamil Nadu,2019,Chennai,33,Chennai,2342
569,Tamil Nadu,2019,Coimbatore,33,Coimbatore,2343
569,Tamil Nadu,2019,Coimbatore City,33,Coimbatore,2344
570,Tamil Nadu,2019,Cuddalore,33,Cuddalore,2345
571,Tamil Nadu,2019,Dharmapuri,33,Dharmapuri,2346
572,Tamil Nadu,2019,Dindigul,33,Dindigul,2347
573,Tamil Nadu,2019,Erode,33,Erode,2348
574,Tamil Nadu,2019,Kanchipuram,33,Kanchipuram,2349
575,Tamil Nadu,2019,Kanyakumari,33,Kanniyakumari,2350
576,Tamil Nadu,2019,Karur,33,Karur,2351
577,Tamil Nadu,2019,Krishnagiri,33,Krishnagiri,2352
578,Tamil Nadu,2019,Madurai,33,Madurai,2353
578,Tamil Nadu,2019,Madurai City,33,Madurai,2354
579,Tamil Nadu,2019,Nagapattinam,33,Nagapattinam,2355
580,Tamil Nadu,2019,Namakkal,33,Namakkal,2356
587,Tamil Nadu,2019,Nilgiris,33,The Nilgiris,2357
581,Tamil Nadu,2019,Perambalur,33,Perambalur,2358
582,Tamil Nadu,2019,Pudukottai,33,Pudukkottai,2359
583,Tamil Nadu,2019,Ramnathapuram,33,Ramanathapuram,2360
568,Tamil Nadu,2019,Railway Chennai,33,Chennai,2361
591,Tamil Nadu,2019,Railway Trichy,33,Tiruchirappalli,2362
584,Tamil Nadu,2019,Salem,33,Salem,2363
584,Tamil Nadu,2019,Salem City,33,Salem,2364
585,Tamil Nadu,2019,Sivagangai,33,Sivaganga,2365
586,Tamil Nadu,2019,Thanjavur,33,Thanjavur,2366
588,Tamil Nadu,2019,Theni,33,Theni,2367
592,Tamil Nadu,2019,Thirunelveli,33,Tirunelveli,2368
592,Tamil Nadu,2019,Thirunelveli City,33,Tirunelveli,2369
589,Tamil Nadu,2019,Thiruvallur,33,Thiruvallur,2370
593,Tamil Nadu,2019,Thiruvannamalai,33,Tiruvannamalai,2371
590,Tamil Nadu,2019,Thiruvarur,33,Thiruvarur,2372
594,Tamil Nadu,2019,Thoothukudi,33,Tuticorin,2373
634,Tamil Nadu,2019,Tiruppur,33,Tiruppur,2374
634,Tamil Nadu,2019,Tiruppur City,33,Tiruppur,2375
591,Tamil Nadu,2019,Trichy,33,Tiruchirappalli,2376
591,Tamil Nadu,2019,Trichy City,33,Tiruchirappalli,2377
595,Tamil Nadu,2019,Vellore,33,Vellore,2378
596,Tamil Nadu,2019,Villupuram,33,Villupuram,2379
597,Tamil Nadu,2019,Virudhunagar,33,Virudhunagar,2380
568,Tamil Nadu,2019,Cyber Cell,33,Chennai,2381
568,Tamil Nadu,2019,Other Units,33,Chennai,2382
518,Telangana,2019,Cyberabad Commissionerate,36,Ranga Reddy,2383
507,Telangana,2019,Hyderabad Commissionerate,36,Hyderabad,2384
508,Telangana,2019,Karimnagar Commissionerate,36,Karimnagar,2385
509,Telangana,2019,Khammam Commissionerate,36,Khammam,2386
516,Telangana,2019,Nizamabad Commissionerate,36,Nizamabad,2387
697,Telangana,2019,Rachakonda Commissionerate,36,Yadadri Bhuvanagiri,2388
682,Telangana,2019,Ramagundam Commissionerate,36,Peddapalli,2389
692,Telangana,2019,Siddipet Commissionerate,36,Siddipet,2390
522,Telangana,2019,Warangal Commissionerate,36,Warangal,2391
501,Telangana,2019,Adilabad,36,Adilabad,2392
690,Telangana,2019,Bhadradri Kothagudem,36,Bhadradri Kothagudem,2393
681,Telangana,2019,Jagityal,36,Jagitial,2394
687,Telangana,2019,Jayashankar Bhupalpalli,36,Jayashankar Bhupalapally,2395
695,Telangana,2019,Jogulamba Gadwal,36,Jogulamba Gadwal,2396
685,Telangana,2019,Kamareddy,36,Kamareddy,2397
699,Telangana,2019,Kumaram Bheem Asifabad,36,Kumuram Bheem Asifabad,2398
688,Telangana,2019,Mahabubabad,36,Mahabubabad,2399
512,Telangana,2019,Mahabubnagar,36,Mahabubnagar,2400
513,Telangana,2019,Medak,36,Medak,2401
694,Telangana,2019,Nagarkurnool,36,Nagarkurnool,2402
514,Telangana,2019,Nalgonda,36,Nalgonda,2403
680,Telangana,2019,Nirmal,36,Nirmal,2404
683,Telangana,2019,Rajanna Siricilla,36,Rajanna Sircilla,2405
691,Telangana,2019,Sangareddy,36,Sangareddy,2406
696,Telangana,2019,Suryapet,36,Suryapet,2407
698,Telangana,2019,Vikarabad,36,Vikarabad,2408
693,Telangana,2019,Wanaparthy,36,Wanaparthy,2409
507,Telangana,2019,Railway Police Secunderabad,36,Hyderabad,2410
720,Telangana,2019,Mulug,36,Mulugu,2411
721,Telangana,2019,Narayanpet,36,Narayanpet,2412
269,Tripura,2019,Dhalai,16,Dhalai,2413
654,Tripura,2019,Gomati,16,Gomati,2414
272,Tripura,2019,Grp,16,West Tripura,2415
652,Tripura,2019,Kowai,16,Khowai,2416
270,Tripura,2019,North,16,North Tripura,2417
653,Tripura,2019,Sipahijala,16,Sepahijala,2418
271,Tripura,2019,South,16,South Tripura,2419
655,Tripura,2019,Unakoti,16,Unakoti,2420
272,Tripura,2019,West,16,West Tripura,2421
118,Uttar Pradesh,2019,Agra,9,Agra,2422
119,Uttar Pradesh,2019,Aligarh,9,Aligarh,2423
120,Uttar Pradesh,2019,Prayagraj,9,Prayagraj,2424
121,Uttar Pradesh,2019,Ambedkar Nagar,9,Ambedkar Nagar,2425
640,Uttar Pradesh,2019,Amethi,9,Amethi,2426
154,Uttar Pradesh,2019,Amroha,9,Amroha,2427
122,Uttar Pradesh,2019,Auraiya,9,Auraiya,2428
123,Uttar Pradesh,2019,Azamgarh,9,Azamgarh,2429
133,Uttar Pradesh,2019,Badaun,9,Budaun,2430
124,Uttar Pradesh,2019,Baghpat,9,Baghpat,2431
125,Uttar Pradesh,2019,Bahraich,9,Bahraich,2432
126,Uttar Pradesh,2019,Ballia,9,Ballia,2433
127,Uttar Pradesh,2019,Balrampur,9,Balrampur,2434
128,Uttar Pradesh,2019,Banda,9,Banda,2435
129,Uttar Pradesh,2019,Barabanki,9,Barabanki,2436
130,Uttar Pradesh,2019,Bareilly,9,Bareilly,2437
131,Uttar Pradesh,2019,Basti,9,Basti,2438
132,Uttar Pradesh,2019,Bijnor,9,Bijnor,2439
134,Uttar Pradesh,2019,Bulandshahar,9,Bulandshahr,2440
135,Uttar Pradesh,2019,Chandoli,9,Chandauli,2441
136,Uttar Pradesh,2019,Chitrakoot,9,Chitrakoot,2442
137,Uttar Pradesh,2019,Deoria,9,Deoria,2443
138,Uttar Pradesh,2019,Etah,9,Etah,2444
139,Uttar Pradesh,2019,Etawah,9,Etawah,2445
140,Uttar Pradesh,2019,Ayodhya,9,Ayodhya,2446
141,Uttar Pradesh,2019,Fatehgarh,9,Farrukhabad,2447
142,Uttar Pradesh,2019,Fatehpur,9,Fatehpur,2448
143,Uttar Pradesh,2019,Firozabad,9,Firozabad,2449
162,Uttar Pradesh,2019,Grp,9,Lucknow,2450
144,Uttar Pradesh,2019,Gautambudh Nagar,9,Gautam Buddha Nagar,2451
145,Uttar Pradesh,2019,Ghaziabad,9,Ghaziabad,2452
146,Uttar Pradesh,2019,Ghazipur,9,Ghazipur,2453
147,Uttar Pradesh,2019,Gonda,9,Gonda,2454
148,Uttar Pradesh,2019,Gorakhpur,9,Gorakhpur,2455
149,Uttar Pradesh,2019,Hamirpur,9,Hamirpur,2456
661,Uttar Pradesh,2019,Hapur,9,Hapur,2457
150,Uttar Pradesh,2019,Hardoi,9,Hardoi,2458
163,Uttar Pradesh,2019,Hathras,9,Hathras,2459
151,Uttar Pradesh,2019,Jalaun,9,Jalaun,2460
152,Uttar Pradesh,2019,Jaunpur,9,Jaunpur,2461
153,Uttar Pradesh,2019,Jhansi,9,Jhansi,2462
155,Uttar Pradesh,2019,Kannauj,9,Kannauj,2463
156,Uttar Pradesh,2019,Kanpur Dehat,9,Kanpur Dehat,2464
157,Uttar Pradesh,2019,Kanpur Nagar,9,Kanpur Nagar,2465
633,Uttar Pradesh,2019,Kasganj,9,Kasganj,2466
158,Uttar Pradesh,2019,Kaushambi,9,Kaushambi,2467
159,Uttar Pradesh,2019,Khiri,9,Kheri,2468
160,Uttar Pradesh,2019,Kushi Nagar,9,Kushi Nagar,2469
161,Uttar Pradesh,2019,Lalitpur,9,Lalitpur,2470
162,Uttar Pradesh,2019,Lucknow,9,Lucknow,2471
164,Uttar Pradesh,2019,Maharajganj,9,Maharajganj,2472
165,Uttar Pradesh,2019,Mahoba,9,Mahoba,2473
166,Uttar Pradesh,2019,Mainpuri,9,Mainpuri,2474
167,Uttar Pradesh,2019,Mathura,9,Mathura,2475
168,Uttar Pradesh,2019,Mau,9,Mau,2476
169,Uttar Pradesh,2019,Meerut,9,Meerut,2477
170,Uttar Pradesh,2019,Mirzapur,9,Mirzapur,2478
171,Uttar Pradesh,2019,Moradabad,9,Moradabad,2479
172,Uttar Pradesh,2019,Muzaffarnagar,9,Muzaffarnagar,2480
173,Uttar Pradesh,2019,Pilibhit,9,Pilibhit,2481
174,Uttar Pradesh,2019,Pratapgarh,9,Pratapgarh,2482
175,Uttar Pradesh,2019,Raibareilly,9,Rae Bareli,2483
176,Uttar Pradesh,2019,Rampur,9,Rampur,2484
177,Uttar Pradesh,2019,Saharanpur,9,Saharanpur,2485
659,Uttar Pradesh,2019,Sambhal,9,Sambhal,2486
178,Uttar Pradesh,2019,Sant Kabirnagar,9,Sant Kabeer Nagar,2487
180,Uttar Pradesh,2019,Shahjahanpur,9,Shahjahanpur,2488
660,Uttar Pradesh,2019,Shamli,9,Shamli,2489
181,Uttar Pradesh,2019,Shrawasti,9,Shravasti,2490
182,Uttar Pradesh,2019,Sidharthnagar,9,Siddharth Nagar,2491
183,Uttar Pradesh,2019,Sitapur,9,Sitapur,2492
184,Uttar Pradesh,2019,Sonbhadra,9,Sonbhadra,2493
179,Uttar Pradesh,2019,Bhadohi,9,Bhadohi,2494
185,Uttar Pradesh,2019,Sultanpur,9,Sultanpur,2495
186,Uttar Pradesh,2019,Unnao,9,Unnao,2496
187,Uttar Pradesh,2019,Varanasi,9,Varanasi,2497
45,Uttarakhand,2019,Almora,5,Almora,2498
46,Uttarakhand,2019,Bageshwar,5,Bageshwar,2499
47,Uttarakhand,2019,Chamoli,5,Chamoli,2500
48,Uttarakhand,2019,Champawat,5,Champawat,2501
49,Uttarakhand,2019,Dehradun,5,Dehradun,2502
50,Uttarakhand,2019,Haridwar,5,Haridwar,2503
51,Uttarakhand,2019,Nainital,5,Nainital,2504
52,Uttarakhand,2019,Pauri Garhwal,5,Pauri Garhwal,2505
53,Uttarakhand,2019,Pithoragarh,5,Pithoragarh,2506
54,Uttarakhand,2019,Rudra Prayag,5,Rudra Prayag,2507
55,Uttarakhand,2019,Tehri Garhwal,5,Tehri Garhwal,2508
56,Uttarakhand,2019,Udhamsingh Nagar,5,Udam Singh Nagar,2509
57,Uttarakhand,2019,Uttarkashi,5,Uttar Kashi,2510
49,Uttarakhand,2019,Grp,5,Dehradun,2511
664,West Bengal,2019,Alipurduar,19,Alipurduar,2512
704,West Bengal,2019,Asansol-Durgapur Pc,19,Paschim Bardhaman,2513
305,West Bengal,2019,Bankura,19,Bankura,2514
303,West Bengal,2019,Barrackpur Pc,19,24 Paraganas North,2515
303,West Bengal,2019,Bidhannagar Pc,19,24 Paraganas North,2516
307,West Bengal,2019,Birbhum,19,Birbhum,2517
308,West Bengal,2019,Coochbehar,19,Coochbehar,2518
310,West Bengal,2019,Dakshin Dinajpur,19,Dinajpur Dakshin,2519
309,West Bengal,2019,Darjeeling,19,Darjeeling,2520
312,West Bengal,2019,Hooghly Rural Police,19,Hooghly,2521
313,West Bengal,2019,Howrah Grp,19,Howrah,2522
313,West Bengal,2019,Howrah Pc,19,Howrah,2523
313,West Bengal,2019,Howrah Rural,19,Howrah,2524
314,West Bengal,2019,Jalpaiguri,19,Jalpaiguri,2525
703,West Bengal,2019,Jhargram,19,Jhargram,2526
318,West Bengal,2019,Kharagpur Grp,19,Medinipur West,2527
315,West Bengal,2019,Kolkata,19,Kolkata,2528
316,West Bengal,2019,Malda,19,Maldah,2529
319,West Bengal,2019,Murshidabad,19,Murshidabad,2530
320,West Bengal,2019,Nadia,19,Nadia,2531
318,West Bengal,2019,Paschim Medinipur,19,Medinipur West,2532
317,West Bengal,2019,Purab Medinipur,19,Medinipur East,2533
321,West Bengal,2019,Purulia,19,Purulia,2534
315,West Bengal,2019,Sealdah Grp,19,Kolkata,2535
309,West Bengal,2019,Siliguri Grp,19,Darjeeling,2536
309,West Bengal,2019,Siliguri Pc,19,Darjeeling,2537
311,West Bengal,2019,Uttar Dinajpur,19,Dinajpur Uttar,2538
304,West Bengal,2019,Baruipur Police,19,24 Paraganas South,2539
312,West Bengal,2019,Chandannagar Pc,19,Hooghly,2540
304,West Bengal,2019,Diamond Harbour Police,19,24 Paraganas South,2541
702,West Bengal,2019,Kalimpong,19,Kalimpong,2542
306,West Bengal,2019,Purba Bardhaman,19,Purba Bardhaman,2543
304,West Bengal,2019,Sundarban Police,19,24 Paraganas South,2544
303,West Bengal,2019,Barasat,19,24 Paraganas North,2545
303,West Bengal,2019,Basirhat,19,24 Paraganas North,2546
602,Andaman And Nicobar Islands,2019,South Andaman,35,South Andamans,2547
632,Andaman And Nicobar Islands,2019,North And Middle Andaman,35,North And Middle Andaman,2548
603,Andaman And Nicobar Islands,2019,Nicobar,35,Nicobars,2549
44,Chandigarh,2019,Chandigarh,4,Chandigarh,2550
465,The Dadra And Nagar Haveli And Daman And Diu,2019,Dadra And Nagar Haveli,38,Dadra And Nagar Haveli,2551
463,The Dadra And Nagar Haveli And Daman And Diu,2019,Daman,38,Daman,2552
464,The Dadra And Nagar Haveli And Daman And Diu,2019,Diu,38,Diu,2553
77,Delhi,2019,Central,7,Central,2554
82,Delhi,2019,Crime Branch,7,North West,2555
78,Delhi,2019,East,7,East,2556
79,Delhi,2019,Eow,7,New Delhi,2557
79,Delhi,2019,Igi Airport,7,New Delhi,2558
82,Delhi,2019,Metro,7,North West,2559
79,Delhi,2019,New Delhi,7,New Delhi,2560
80,Delhi,2019,North,7,North,2561
81,Delhi,2019,North-East,7,North East,2562
82,Delhi,2019,North-West,7,North West,2563
82,Delhi,2019,Outer,7,North West,2564
79,Delhi,2019,Railway,7,New Delhi,2565
83,Delhi,2019,South,7,South,2566
670,Delhi,2019,South-East,7,South East,2567
84,Delhi,2019,South-West,7,South West,2568
82,Delhi,2019,Spl Cell,7,North West,2569
79,Delhi,2019,Spuwac,7,New Delhi,2570
79,Delhi,2019,Vigilance,7,New Delhi,2571
85,Delhi,2019,West,7,West,2572
82,Delhi,2019,Rohini,7,North West,2573
671,Delhi,2019,Shahdara,7,Shahdara,2574
84,Delhi,2019,Dwarka,7,South West,2575
79,Delhi,2019,Outer North,7,New Delhi,2576
553,Lakshadweep,2019,Lakshadweep,31,Lakshadweep District,2577
598,Puducherry,2019,Karaikal,34,Karaikal,2578
600,Puducherry,2019,Puducherry,34,Pondicherry,2579
502,Andhra Pradesh,2020,Anantapur,28,Anantapur,2580
503,Andhra Pradesh,2020,Chittoor,28,Chittoor,2581
504,Andhra Pradesh,2020,Cuddapah,28,Y.S.R.,2582
505,Andhra Pradesh,2020,East Godavari,28,East Godavari,2583
502,Andhra Pradesh,2020,Guntakal Railway,28,Anantapur,2584
506,Andhra Pradesh,2020,Guntur,28,Guntur,2585
506,Andhra Pradesh,2020,Guntur Urban,28,Guntur,2586
510,Andhra Pradesh,2020,Krishna,28,Krishna,2587
511,Andhra Pradesh,2020,Kurnool,28,Kurnool,2588
515,Andhra Pradesh,2020,Nellore,28,Spsr Nellore,2589
517,Andhra Pradesh,2020,Prakasham,28,Prakasam,2590
505,Andhra Pradesh,2020,Rajahmundry,28,East Godavari,2591
519,Andhra Pradesh,2020,Srikakulam,28,Srikakulam,2592
752,Andhra Pradesh,2020,Tirupathi Urban,28,Tirupati,2593
749,Andhra Pradesh,2020,Vijayawada City,28,Ntr,2594
749,Andhra Pradesh,2020,Vijayawada Railway,28,Ntr,2595
520,Andhra Pradesh,2020,Visakha Rural,28,Visakhapatanam,2596
520,Andhra Pradesh,2020,Visakhapatnam,28,Visakhapatanam,2597
521,Andhra Pradesh,2020,Vizianagaram,28,Vizianagaram,2598
523,Andhra Pradesh,2020,West Godavari,28,West Godavari,2599
628,Arunachal Pradesh,2020,Anjaw,12,Anjaw,2600
229,Arunachal Pradesh,2020,Changlang,12,Changlang,2601
237,Arunachal Pradesh,2020,Crime Branch,12,Papum Pare,2602
230,Arunachal Pradesh,2020,Dibang Valley,12,Dibang Valley,2603
231,Arunachal Pradesh,2020,Kameng East,12,East Kameng,2604
242,Arunachal Pradesh,2020,Kameng West,12,West Kameng,2605
233,Arunachal Pradesh,2020,Kurung Kumey,12,Kurung Kumey,2606
234,Arunachal Pradesh,2020,Lohit,12,Lohit,2607
666,Arunachal Pradesh,2020,Longding,12,Longding,2608
235,Arunachal Pradesh,2020,Lower Dibang Valley,12,Lower Dibang Valley,2609
237,Arunachal Pradesh,2020,Papum Pare City,12,Papum Pare,2610
237,Arunachal Pradesh,2020,Papum Pare Rural,12,Papum Pare,2611
232,Arunachal Pradesh,2020,Siang East,12,East Siang,2612
240,Arunachal Pradesh,2020,Siang Upper,12,Upper Siang,2613
243,Arunachal Pradesh,2020,Siang West,12,West Siang,2614
236,Arunachal Pradesh,2020,Subansiri Lower,12,Lower Subansiri,2615
241,Arunachal Pradesh,2020,Subansiri Upper,12,Upper Subansiri,2616
238,Arunachal Pradesh,2020,Tawang,12,Tawang,2617
239,Arunachal Pradesh,2020,Tirap,12,Tirap,2618
678,Arunachal Pradesh,2020,Namsai,12,Namsai,2619
679,Arunachal Pradesh,2020,Siang,12,Siang,2620
718,Arunachal Pradesh,2020,Kamle,12,Kamle,2621
677,Arunachal Pradesh,2020,Kra Dadi,12,Kra Daadi,2622
719,Arunachal Pradesh,2020,Lower Siang,12,Lower Siang,2623
724,Arunachal Pradesh,2020,Leparada,12,Leparada,2624
725,Arunachal Pradesh,2020,Shiyomi,12,Shi Yomi,2625
723,Arunachal Pradesh,2020,Pakkessang,12,Pakke Kessang,2626
618,Assam,2020,Bieo,18,Kamrup Metro,2627
280,Assam,2020,Barpeta,18,Barpeta,2628
616,Assam,2020,Baksa,18,Baksa,2629
281,Assam,2020,Bongaigaon,18,Bongaigaon,2630
618,Assam,2020,Cid,18,Kamrup Metro,2631
282,Assam,2020,Cachar,18,Cachar,2632
612,Assam,2020,Chirang,18,Chirang,2633
283,Assam,2020,Darrang,18,Darrang,2634
284,Assam,2020,Dhemaji,18,Dhemaji,2635
285,Assam,2020,Dhubri,18,Dhubri,2636
286,Assam,2020,Dibrugarh,18,Dibrugarh,2637
618,Assam,2020,Grp,18,Kamrup Metro,2638
287,Assam,2020,Goalpara,18,Goalpara,2639
288,Assam,2020,Golaghat,18,Golaghat,2640
618,Assam,2020,Guwahati City,18,Kamrup Metro,2641
289,Assam,2020,Hailakandi,18,Hailakandi,2642
710,Assam,2020,Hamren,18,West Karbi Anglong,2643
290,Assam,2020,Jorhat,18,Jorhat,2644
291,Assam,2020,Kamrup,18,Kamrup,2645
292,Assam,2020,Karbi Anglong,18,Karbi Anglong,2646
293,Assam,2020,Karimganj,18,Karimganj,2647
294,Assam,2020,Kokrajhar,18,Kokrajhar,2648
295,Assam,2020,Lakhimpur,18,Lakhimpur,2649
296,Assam,2020,Morigaon,18,Marigaon,2650
299,Assam,2020,Dima Hasao,18,Dima Hasao,2651
297,Assam,2020,Nagaon,18,Nagaon,2652
298,Assam,2020,Nalbari,18,Nalbari,2653
618,Assam,2020,Rpo,18,Kamrup Metro,2654
618,Assam,2020,Sou,18,Kamrup Metro,2655
618,Assam,2020,Stf,18,Kamrup Metro,2656
300,Assam,2020,Sibsagar,18,Sivasagar,2657
301,Assam,2020,Sonitpur,18,Sonitpur,2658
302,Assam,2020,Tinsukia,18,Tinsukia,2659
617,Assam,2020,Udalguri,18,Udalguri,2660
302,Assam,2020,Sadia,18,Tinsukia,2661
706,Assam,2020,Majuli,18,Majuli,2662
705,Assam,2020,Biswanath,18,Biswanath,2663
709,Assam,2020,Hojai,18,Hojai,2664
707,Assam,2020,South Salmara,18,South Salmara Mancachar,2665
708,Assam,2020,Charaideo,18,Charaideo,2666
188,Bihar,2020,Araria,10,Araria,2667
611,Bihar,2020,Arwal,10,Arwal,2668
189,Bihar,2020,Aurangabad,10,Aurangabad,2669
211,Bihar,2020,Bagaha,10,Pashchim Champaran,2670
190,Bihar,2020,Banka,10,Banka,2671
191,Bihar,2020,Begusarai,10,Begusarai,2672
211,Bihar,2020,Bettiah,10,Pashchim Champaran,2673
200,Bihar,2020,Bhabhua,10,Kaimur (Bhabua),2674
192,Bihar,2020,Bhagalpur,10,Bhagalpur,2675
193,Bihar,2020,Bhojpur,10,Bhojpur,2676
194,Bihar,2020,Buxar,10,Buxar,2677
195,Bihar,2020,Darbhanga,10,Darbhanga,2678
196,Bihar,2020,Gaya,10,Gaya,2679
197,Bihar,2020,Gopalganj,10,Gopalganj,2680
207,Bihar,2020,Jamalpur Railway,10,Munger,2681
198,Bihar,2020,Jamui,10,Jamui,2682
199,Bihar,2020,Jehanabad,10,Jehanabad,2683
201,Bihar,2020,Katihar,10,Katihar,2684
201,Bihar,2020,Katihar Railway,10,Katihar,2685
202,Bihar,2020,Khagaria,10,Khagaria,2686
203,Bihar,2020,Kishanganj,10,Kishanganj,2687
204,Bihar,2020,Lakhisarai,10,Lakhisarai,2688
205,Bihar,2020,Madhepura,10,Madhepura,2689
206,Bihar,2020,Madhubani,10,Madhubani,2690
213,Bihar,2020,Motihari,10,Purbi Champaran,2691
207,Bihar,2020,Munger,10,Munger,2692
208,Bihar,2020,Muzaffarpur,10,Muzaffarpur,2693
208,Bihar,2020,Muzaffarpur Railway,10,Muzaffarpur,2694
209,Bihar,2020,Nalanda,10,Nalanda,2695
192,Bihar,2020,Naugachia,10,Bhagalpur,2696
210,Bihar,2020,Nawadah,10,Nawada,2697
212,Bihar,2020,Patna,10,Patna,2698
212,Bihar,2020,Patna Railway,10,Patna,2699
214,Bihar,2020,Purnea,10,Purnia,2700
215,Bihar,2020,Rohtas,10,Rohtas,2701
216,Bihar,2020,Saharsa,10,Saharsa,2702
217,Bihar,2020,Samastipur,10,Samastipur,2703
218,Bihar,2020,Saran,10,Saran,2704
219,Bihar,2020,Sheikhpura,10,Sheikhpura,2705
220,Bihar,2020,Sheohar,10,Sheohar,2706
221,Bihar,2020,Sitamarhi,10,Sitamarhi,2707
222,Bihar,2020,Siwan,10,Siwan,2708
223,Bihar,2020,Supaul,10,Supaul,2709
224,Bihar,2020,Vaishali,10,Vaishali,2710
212,Bihar,2020,Economic Offences Unit,10,Patna,2711
212,Bihar,2020,Anti Terrorist Squad,10,Patna,2712
646,Chhattisgarh,2020,Balod,22,Balod,2713
644,Chhattisgarh,2020,Balodbazar,22,Baloda Bazar,2714
649,Chhattisgarh,2020,Balrampur,22,Balrampur,2715
650,Chhattisgarh,2020,Bemetra,22,Bemetara,2716
375,Chhattisgarh,2020,Bilaspur,22,Bilaspur,2717
636,Chhattisgarh,2020,Bizapur,22,Bijapur,2718
376,Chhattisgarh,2020,Dantewara,22,Dantewada,2719
377,Chhattisgarh,2020,Dhamtari,22,Dhamtari,2720
378,Chhattisgarh,2020,Durg,22,Durg,2721
645,Chhattisgarh,2020,Gariyaband,22,Gariyaband,2722
387,Chhattisgarh,2020,Grp Raipur,22,Raipur,2723
374,Chhattisgarh,2020,Jagdalpur,22,Bastar,2724
379,Chhattisgarh,2020,Janjgir,22,Janjgir-Champa,2725
380,Chhattisgarh,2020,Jashpur,22,Jashpur,2726
382,Chhattisgarh,2020,Kabirdham,22,Kabirdham,2727
381,Chhattisgarh,2020,Kanker,22,Kanker,2728
643,Chhattisgarh,2020,Kondagaon,22,Kondagaon,2729
383,Chhattisgarh,2020,Korba,22,Korba,2730
384,Chhattisgarh,2020,Koriya,22,Korea,2731
385,Chhattisgarh,2020,Mahasamund,22,Mahasamund,2732
647,Chhattisgarh,2020,Mungali,22,Mungeli,2733
637,Chhattisgarh,2020,Narayanpur,22,Narayanpur,2734
386,Chhattisgarh,2020,Raigarh,22,Raigarh,2735
387,Chhattisgarh,2020,Raipur,22,Raipur,2736
388,Chhattisgarh,2020,Rajnandgaon,22,Rajnandgaon,2737
389,Chhattisgarh,2020,Sarguja,22,Surguja,2738
642,Chhattisgarh,2020,Sukma,22,Sukma,2739
648,Chhattisgarh,2020,Surajpur,22,Surajpur,2740
734,Chhattisgarh,2020,Gaurela-Pendra-Marwari,22,Gaurella Pendra Marwahi,2741
551,Goa,2020,North Goa,30,North Goa,2742
552,Goa,2020,South Goa,30,South Goa,2743
551,Goa,2020,Cid,30,North Goa,2744
438,Gujarat,2020,Ahmedabad City,24,Ahmadabad,2745
438,Gujarat,2020,Ahmedabad Rural,24,Ahmadabad,2746
439,Gujarat,2020,Amreli,24,Amreli,2747
440,Gujarat,2020,Anand,24,Anand,2748
672,Gujarat,2020,Arvalli,24,Arvalli,2749
441,Gujarat,2020,Banaskantha,24,Banas Kantha,2750
442,Gujarat,2020,Bharuch,24,Bharuch,2751
443,Gujarat,2020,Bhavnagar,24,Bhavnagar,2752
676,Gujarat,2020,Botad,24,Botad,2753
668,Gujarat,2020,Chhotaudepur,24,Chhotaudepur,2754
446,Gujarat,2020,Cid Crime,24,Gandhinagar,2755
445,Gujarat,2020,Dahod,24,Dohad,2756
444,Gujarat,2020,Dang,24,Dang,2757
674,Gujarat,2020,Devbhumi Dwarka,24,Devbhumi Dwarka,2758
446,Gujarat,2020,Gandhinagar,24,Gandhinagar,2759
675,Gujarat,2020,Gir Somnath,24,Gir Somnath,2760
447,Gujarat,2020,Jamnagar,24,Jamnagar,2761
448,Gujarat,2020,Junagadh,24,Junagadh,2762
449,Gujarat,2020,Kachchh East(G),24,Kachchh,2763
449,Gujarat,2020,Kachchh West(B),24,Kachchh,2764
450,Gujarat,2020,Kheda,24,Kheda,2765
669,Gujarat,2020,Mahisagar,24,Mahisagar,2766
451,Gujarat,2020,Mehsana,24,Mahesana,2767
673,Gujarat,2020,Morbi,24,Morbi,2768
452,Gujarat,2020,Narmada,24,Narmada,2769
453,Gujarat,2020,Navsari,24,Navsari,2770
454,Gujarat,2020,Panchmahal,24,Panch Mahals,2771
455,Gujarat,2020,Patan,24,Patan,2772
456,Gujarat,2020,Porbandar,24,Porbandar,2773
457,Gujarat,2020,Rajkot City,24,Rajkot,2774
457,Gujarat,2020,Rajkot Rural,24,Rajkot,2775
458,Gujarat,2020,Sabarkantha,24,Sabar Kantha,2776
459,Gujarat,2020,Surat City,24,Surat,2777
459,Gujarat,2020,Surat Rural,24,Surat,2778
460,Gujarat,2020,Surendranagar,24,Surendranagar,2779
641,Gujarat,2020,Tapi,24,Tapi,2780
461,Gujarat,2020,Vadodara City,24,Vadodara,2781
461,Gujarat,2020,Vadodara Rural,24,Vadodara,2782
462,Gujarat,2020,Valsad,24,Valsad,2783
438,Gujarat,2020,W.Rly Ahmedabad,24,Ahmadabad,2784
461,Gujarat,2020,W.Rly Vadodara,24,Vadodara,2785
438,Gujarat,2020,Cyber Ahmedabad Range,24,Ahmadabad,2786
443,Gujarat,2020,Cyber Bhavnagar Range,24,Bhavnagar,2787
9999,Gujarat,2020,Cyber Border Range,24,Cyber Border Range,2788
446,Gujarat,2020,Cyber Gandhinagar Range,24,Gandhinagar,2789
448,Gujarat,2020,Cyber Junagadh Range,24,Junagadh,2790
454,Gujarat,2020,Cyber Panchmahal Range,24,Panch Mahals,2791
457,Gujarat,2020,Cyber Rajkot Range,24,Rajkot,2792
459,Gujarat,2020,Cyber Surat Range,24,Surat,2793
461,Gujarat,2020,Cyber Vadodara Range,24,Vadodara,2794
58,Haryana,2020,Ambala,6,Ambala,2795
59,Haryana,2020,Bhiwani,6,Bhiwani,2796
60,Haryana,2020,Faridabad,6,Faridabad,2797
61,Haryana,2020,Fatehabad,6,Fatehabad,2798
58,Haryana,2020,Grp,6,Ambala,2799
62,Haryana,2020,Gurugram,6,Gurugram,2800
63,Haryana,2020,Hissar,6,Hisar,2801
64,Haryana,2020,Jhajjar,6,Jhajjar,2802
65,Haryana,2020,Jind,6,Jind,2803
66,Haryana,2020,Kaithal,6,Kaithal,2804
67,Haryana,2020,Karnal,6,Karnal,2805
68,Haryana,2020,Kurukshetra,6,Kurukshetra,2806
69,Haryana,2020,Mahendergarh,6,Mahendragarh,2807
604,Haryana,2020,Nuh,6,Nuh,2808
619,Haryana,2020,Palwal,6,Palwal,2809
70,Haryana,2020,Panchkula,6,Panchkula,2810
71,Haryana,2020,Panipat,6,Panipat,2811
72,Haryana,2020,Rewari,6,Rewari,2812
73,Haryana,2020,Rohtak,6,Rohtak,2813
74,Haryana,2020,Sirsa,6,Sirsa,2814
75,Haryana,2020,Sonipat,6,Sonipat,2815
76,Haryana,2020,Yamunanagar,6,Yamunanagar,2816
62,Haryana,2020,Irrigation And Power,6,Gurugram,2817
701,Haryana,2020,Charkhi Dadri,6,Charki Dadri,2818
63,Haryana,2020,Hansi,6,Hisar,2819
25,Himachal Pradesh,2020,Baddi,2,Solan,2820
15,Himachal Pradesh,2020,Bilaspur,2,Bilaspur,2821
16,Himachal Pradesh,2020,Chamba,2,Chamba,2822
23,Himachal Pradesh,2020,Cid,2,Shimla,2823
23,Himachal Pradesh,2020,Grp,2,Shimla,2824
17,Himachal Pradesh,2020,Hamirpur,2,Hamirpur,2825
18,Himachal Pradesh,2020,Kangra,2,Kangra,2826
19,Himachal Pradesh,2020,Kinnaur,2,Kinnaur,2827
20,Himachal Pradesh,2020,Kullu,2,Kullu,2828
21,Himachal Pradesh,2020,Lahaul And Spiti,2,Lahul And Spiti,2829
22,Himachal Pradesh,2020,Mandi,2,Mandi,2830
23,Himachal Pradesh,2020,Shimla,2,Shimla,2831
24,Himachal Pradesh,2020,Sirmaur,2,Sirmaur,2832
25,Himachal Pradesh,2020,Solan,2,Solan,2833
26,Himachal Pradesh,2020,Una,2,Una,2834
23,Himachal Pradesh,2020,Cyber,2,Shimla,2835
1,Jammu And Kashmir,2020,Anantnag,1,Anantnag,2836
11,Jammu And Kashmir,2020,Awantipora,1,Pulwama,2837
623,Jammu And Kashmir,2020,Bandipora,1,Bandipora,2838
3,Jammu And Kashmir,2020,Baramulla,1,Baramulla,2839
2,Jammu And Kashmir,2020,Budgam,1,Budgam,2840
5,Jammu And Kashmir,2020,Crime Jammu,1,Jammu,2841
5,Jammu And Kashmir,2020,Crime Srinagar,1,Jammu,2842
4,Jammu And Kashmir,2020,Doda,1,Doda,2843
626,Jammu And Kashmir,2020,Ganderbal,1,Ganderbal,2844
8,Jammu And Kashmir,2020,Handwara,1,Kupwara,2845
5,Jammu And Kashmir,2020,Jammu,1,Jammu,2846
7,Jammu And Kashmir,2020,Kathua,1,Kathua,2847
620,Jammu And Kashmir,2020,Kishtwar,1,Kishtwar,2848
622,Jammu And Kashmir,2020,Kulgam,1,Kulgam,2849
8,Jammu And Kashmir,2020,Kupwara,1,Kupwara,2850
10,Jammu And Kashmir,2020,Poonch,1,Poonch,2851
11,Jammu And Kashmir,2020,Pulwama,1,Pulwama,2852
5,Jammu And Kashmir,2020,Railways Jammu,1,Jammu,2853
5,Jammu And Kashmir,2020,Railways Kashmir,1,Jammu,2854
627,Jammu And Kashmir,2020,Railways Katra,1,Reasi,2855
12,Jammu And Kashmir,2020,Rajouri,1,Rajouri,2856
621,Jammu And Kashmir,2020,Ramban,1,Ramban,2857
627,Jammu And Kashmir,2020,Reasi,1,Reasi,2858
624,Jammu And Kashmir,2020,Samba,1,Samba,2859
625,Jammu And Kashmir,2020,Shopian,1,Shopian,2860
3,Jammu And Kashmir,2020,Sopore,1,Baramulla,2861
13,Jammu And Kashmir,2020,Srinagar,1,Srinagar,2862
14,Jammu And Kashmir,2020,Udhampur,1,Udhampur,2863
322,Jharkhand,2020,Bokaro,20,Bokaro,2864
343,Jharkhand,2020,Chaibasa,20,West Singhbhum,2865
323,Jharkhand,2020,Chatra,20,Chatra,2866
324,Jharkhand,2020,Deoghar,20,Deoghar,2867
325,Jharkhand,2020,Dhanbad,20,Dhanbad,2868
325,Jharkhand,2020,Dhanbad Railway,20,Dhanbad,2869
326,Jharkhand,2020,Dumka,20,Dumka,2870
328,Jharkhand,2020,Garhwa,20,Garhwa,2871
329,Jharkhand,2020,Giridih,20,Giridih,2872
330,Jharkhand,2020,Godda,20,Godda,2873
331,Jharkhand,2020,Gumla,20,Gumla,2874
332,Jharkhand,2020,Hazaribagh,20,Hazaribagh,2875
327,Jharkhand,2020,Jamshedpur,20,East Singhbum,2876
327,Jharkhand,2020,Jamshedpur Railway,20,East Singhbum,2877
333,Jharkhand,2020,Jamtara,20,Jamtara,2878
606,Jharkhand,2020,Khunti,20,Khunti,2879
334,Jharkhand,2020,Koderma,20,Koderma,2880
335,Jharkhand,2020,Latehar,20,Latehar,2881
336,Jharkhand,2020,Lohardagga,20,Lohardaga,2882
337,Jharkhand,2020,Pakur,20,Pakur,2883
338,Jharkhand,2020,Palamu,20,Palamu,2884
607,Jharkhand,2020,Ramgarh,20,Ramgarh,2885
339,Jharkhand,2020,Ranchi,20,Ranchi,2886
340,Jharkhand,2020,Sahebganj,20,Sahebganj,2887
341,Jharkhand,2020,Saraikela,20,Saraikela Kharsawan,2888
342,Jharkhand,2020,Simdega,20,Simdega,2889
524,Karnataka,2020,Bagalkot,29,Bagalkote,2890
525,Karnataka,2020,Bengaluru City,29,Bengaluru Urban,2891
525,Karnataka,2020,Bengaluru District,29,Bengaluru Urban,2892
527,Karnataka,2020,Belagavi District,29,Belagavi,2893
528,Karnataka,2020,Ballari,29,Ballari,2894
529,Karnataka,2020,Bidar,29,Bidar,2895
530,Karnataka,2020,Vijayapura,29,Vijayapura,2896
630,Karnataka,2020,Chikkaballapura,29,Chikkaballapura,2897
531,Karnataka,2020,Chamarajnagar,29,Chamarajanagara,2898
532,Karnataka,2020,Chikkamagaluru,29,Chikkamagaluru,2899
533,Karnataka,2020,Chitradurga,29,Chitradurga,2900
534,Karnataka,2020,Dakshina Kannada,29,Dakshina Kannada,2901
535,Karnataka,2020,Davanagere,29,Davangere,2902
536,Karnataka,2020,Dharwad,29,Dharwad,2903
537,Karnataka,2020,Gadag,29,Gadag,2904
538,Karnataka,2020,Kalaburgi,29,Kalaburagi,2905
539,Karnataka,2020,Hassan,29,Hassan,2906
540,Karnataka,2020,Haveri,29,Haveri,2907
536,Karnataka,2020,Hubballi Dharwad City,29,Dharwad,2908
527,Karnataka,2020,K.G.F.,29,Belagavi,2909
541,Karnataka,2020,Kodagu,29,Kodagu,2910
542,Karnataka,2020,Kolar,29,Kolar,2911
543,Karnataka,2020,Koppal,29,Koppal,2912
544,Karnataka,2020,Mandya,29,Mandya,2913
534,Karnataka,2020,Mangaluru City,29,Dakshina Kannada,2914
545,Karnataka,2020,Mysuru City,29,Mysuru,2915
545,Karnataka,2020,Mysuru District,29,Mysuru,2916
546,Karnataka,2020,Raichur,29,Raichur,2917
525,Karnataka,2020,K.Railways,29,Bengaluru Urban,2918
631,Karnataka,2020,Ramanagara,29,Ramanagara,2919
547,Karnataka,2020,Shimoga,29,Shivamogga,2920
548,Karnataka,2020,Tumakuru,29,Tumakuru,2921
549,Karnataka,2020,Udupi,29,Udupi,2922
550,Karnataka,2020,Uttara Kannada,29,Uttara Kannada,2923
635,Karnataka,2020,Yadgiri,29,Yadgir,2924
527,Karnataka,2020,Belagavi City,29,Belagavi,2925
538,Karnataka,2020,Kalaburgi City,29,Kalaburagi,2926
554,Kerala,2020,Alapuzha,32,Alappuzha,2927
555,Kerala,2020,Ernakulam Commr.,32,Ernakulam,2928
555,Kerala,2020,Ernakulam Rural,32,Ernakulam,2929
556,Kerala,2020,Idukki,32,Idukki,2930
557,Kerala,2020,Kannur,32,Kannur,2931
558,Kerala,2020,Kasargod,32,Kasaragod,2932
559,Kerala,2020,Kollam Commr.,32,Kollam,2933
559,Kerala,2020,Kollam Rural,32,Kollam,2934
560,Kerala,2020,Kottayam,32,Kottayam,2935
561,Kerala,2020,Kozhikode Commr.,32,Kozhikode,2936
561,Kerala,2020,Kozhikode Rural,32,Kozhikode,2937
562,Kerala,2020,Malappuram,32,Malappuram,2938
563,Kerala,2020,Palakkad,32,Palakkad,2939
564,Kerala,2020,Pathanamthitta,32,Pathanamthitta,2940
565,Kerala,2020,Railways,32,Thiruvananthapuram,2941
566,Kerala,2020,Thrissur Commr.,32,Thrissur,2942
566,Kerala,2020,Thrissur Rural,32,Thrissur,2943
565,Kerala,2020,Trivandrum Commr.,32,Thiruvananthapuram,2944
565,Kerala,2020,Trivandrum Rural,32,Thiruvananthapuram,2945
567,Kerala,2020,Wayanadu,32,Wayanad,2946
565,Kerala,2020,Crime Branch,32,Thiruvananthapuram,2947
667,Madhya Pradesh,2020,Agar,23,Agar Malwa,2948
639,Madhya Pradesh,2020,Alirajpur,23,Alirajpur,2949
390,Madhya Pradesh,2020,Anuppur,23,Anuppur,2950
391,Madhya Pradesh,2020,Ashok Nagar,23,Ashoknagar,2951
392,Madhya Pradesh,2020,Balaghat,23,Balaghat,2952
393,Madhya Pradesh,2020,Barwani,23,Barwani,2953
394,Madhya Pradesh,2020,Betul,23,Betul,2954
395,Madhya Pradesh,2020,Bhind,23,Bhind,2955
396,Madhya Pradesh,2020,Bhopal,23,Bhopal,2956
396,Madhya Pradesh,2020,Bhopal Railway,23,Bhopal,2957
397,Madhya Pradesh,2020,Burhanpur,23,Burhanpur,2958
398,Madhya Pradesh,2020,Chhatarpur,23,Chhatarpur,2959
399,Madhya Pradesh,2020,Chhindwara,23,Chhindwara,2960
400,Madhya Pradesh,2020,Damoh,23,Damoh,2961
401,Madhya Pradesh,2020,Datia,23,Datia,2962
402,Madhya Pradesh,2020,Dewas,23,Dewas,2963
403,Madhya Pradesh,2020,Dhar,23,Dhar,2964
404,Madhya Pradesh,2020,Dindori,23,Dindori,2965
406,Madhya Pradesh,2020,Guna,23,Guna,2966
407,Madhya Pradesh,2020,Gwalior,23,Gwalior,2967
408,Madhya Pradesh,2020,Harda,23,Harda,2968
409,Madhya Pradesh,2020,Hoshangabad,23,Narmadapuram,2969
410,Madhya Pradesh,2020,Indore,23,Indore,2970
410,Madhya Pradesh,2020,Indore Railway,23,Indore,2971
411,Madhya Pradesh,2020,Jabalpur,23,Jabalpur,2972
411,Madhya Pradesh,2020,Jabalpur Railway,23,Jabalpur,2973
412,Madhya Pradesh,2020,Jhabua,23,Jhabua,2974
413,Madhya Pradesh,2020,Katni,23,Katni,2975
410,Madhya Pradesh,2020,Khandwa,23,Indore,2976
414,Madhya Pradesh,2020,Khargone,23,Khargone,2977
415,Madhya Pradesh,2020,Mandla,23,Mandla,2978
416,Madhya Pradesh,2020,Mandsaur,23,Mandsaur,2979
417,Madhya Pradesh,2020,Morena,23,Morena,2980
418,Madhya Pradesh,2020,Narsinghpur,23,Narsinghpur,2981
419,Madhya Pradesh,2020,Neemuch,23,Neemuch,2982
420,Madhya Pradesh,2020,Panna,23,Panna,2983
421,Madhya Pradesh,2020,Raisen,23,Raisen,2984
422,Madhya Pradesh,2020,Rajgarh,23,Rajgarh,2985
423,Madhya Pradesh,2020,Ratlam,23,Ratlam,2986
424,Madhya Pradesh,2020,Rewa,23,Rewa,2987
425,Madhya Pradesh,2020,Sagar,23,Sagar,2988
426,Madhya Pradesh,2020,Satna,23,Satna,2989
428,Madhya Pradesh,2020,Seoni,23,Seoni,2990
429,Madhya Pradesh,2020,Shahdol,23,Shahdol,2991
430,Madhya Pradesh,2020,Shajapur,23,Shajapur,2992
431,Madhya Pradesh,2020,Sheopur,23,Sheopur,2993
432,Madhya Pradesh,2020,Shivpuri,23,Shivpuri,2994
433,Madhya Pradesh,2020,Sidhi,23,Sidhi,2995
427,Madhya Pradesh,2020,Sehore,23,Sehore,2996
638,Madhya Pradesh,2020,Singrauli,23,Singrauli,2997
434,Madhya Pradesh,2020,Tikamgarh,23,Tikamgarh,2998
435,Madhya Pradesh,2020,Ujjain,23,Ujjain,2999
436,Madhya Pradesh,2020,Umaria,23,Umaria,3000
437,Madhya Pradesh,2020,Vidisha,23,Vidisha,3001
9999,Madhya Pradesh,2020,Cyber Crime Cell,23,Cyber Crime Cell,3002
722,Madhya Pradesh,2020,Niwari,23,Niwari,3003
466,Maharashtra,2020,Ahmednagar,27,Ahmednagar,3004
467,Maharashtra,2020,Akola,27,Akola,3005
468,Maharashtra,2020,Amravati Commr.,27,Amravati,3006
468,Maharashtra,2020,Amravati Rural,27,Amravati,3007
469,Maharashtra,2020,Aurangabad Commr.,27,Aurangabad,3008
469,Maharashtra,2020,Aurangabad Rural,27,Aurangabad,3009
470,Maharashtra,2020,Beed,27,Beed,3010
471,Maharashtra,2020,Bhandara,27,Bhandara,3011
472,Maharashtra,2020,Buldhana,27,Buldhana,3012
473,Maharashtra,2020,Chandrapur,27,Chandrapur,3013
474,Maharashtra,2020,Dhule,27,Dhule,3014
475,Maharashtra,2020,Gadchiroli,27,Gadchiroli,3015
476,Maharashtra,2020,Gondia,27,Gondia,3016
477,Maharashtra,2020,Hingoli,27,Hingoli,3017
478,Maharashtra,2020,Jalgaon,27,Jalgaon,3018
479,Maharashtra,2020,Jalna,27,Jalna,3019
480,Maharashtra,2020,Kolhapur,27,Kolhapur,3020
481,Maharashtra,2020,Latur,27,Latur,3021
482,Maharashtra,2020,Mumbai Commr.,27,Mumbai,3022
482,Maharashtra,2020,Mumbai Railway,27,Mumbai,3023
484,Maharashtra,2020,Nagpur Commr.,27,Nagpur,3024
484,Maharashtra,2020,Nagpur Railway,27,Nagpur,3025
484,Maharashtra,2020,Nagpur Rural,27,Nagpur,3026
485,Maharashtra,2020,Nanded,27,Nanded,3027
486,Maharashtra,2020,Nandurbar,27,Nandurbar,3028
487,Maharashtra,2020,Nasik Commr.,27,Nashik,3029
487,Maharashtra,2020,Nasik Rural,27,Nashik,3030
483,Maharashtra,2020,Navi Mumbai,27,Mumbai Suburban,3031
488,Maharashtra,2020,Osmanabad,27,Osmanabad,3032
665,Maharashtra,2020,Palghar,27,Palghar,3033
489,Maharashtra,2020,Parbhani,27,Parbhani,3034
490,Maharashtra,2020,Pune Commr.,27,Pune,3035
490,Maharashtra,2020,Pune Railway,27,Pune,3036
490,Maharashtra,2020,Pune Rural,27,Pune,3037
491,Maharashtra,2020,Raigad,27,Raigad,3038
492,Maharashtra,2020,Ratnagiri,27,Ratnagiri,3039
493,Maharashtra,2020,Sangli,27,Sangli,3040
494,Maharashtra,2020,Satara,27,Satara,3041
495,Maharashtra,2020,Sindhudurg,27,Sindhudurg,3042
496,Maharashtra,2020,Solapur Commr.,27,Solapur,3043
496,Maharashtra,2020,Solapur Rural,27,Solapur,3044
497,Maharashtra,2020,Thane Commr.,27,Thane,3045
497,Maharashtra,2020,Thane Rural,27,Thane,3046
498,Maharashtra,2020,Wardha,27,Wardha,3047
499,Maharashtra,2020,Washim,27,Washim,3048
500,Maharashtra,2020,Yavatmal,27,Yavatmal,3049
490,Maharashtra,2020,Pimpri Chinchwad City,27,Pune,3050
469,Maharashtra,2020,Aurangabad Railway,27,Aurangabad,3051
497,Maharashtra,2020,Mira Bhayandar Vasai Virar Commr.,27,Thane,3052
252,Manipur,2020,Bishnupur,14,Bishnupur,3053
253,Manipur,2020,Chandel,14,Chandel,3054
254,Manipur,2020,Churachandpur,14,Churachandpur,3055
256,Manipur,2020,Cid,14,Imphal West,3056
255,Manipur,2020,Imphal East,14,Imphal East,3057
256,Manipur,2020,Imphal West,14,Imphal West,3058
257,Manipur,2020,Senapati,14,Senapati,3059
258,Manipur,2020,Tamenglong,14,Tamenglong,3060
259,Manipur,2020,Thoubal,14,Thoubal,3061
260,Manipur,2020,Ukhrul,14,Ukhrul,3062
711,Manipur,2020,Kakching,14,Kakching,3063
717,Manipur,2020,Kamjong,14,Kamjong,3064
712,Manipur,2020,Kangpokpi,14,Kangpokpi,3065
713,Manipur,2020,Jiribam,14,Jiribam,3066
714,Manipur,2020,Noney,14,Noney,3067
715,Manipur,2020,Pherzawl,14,Pherzawl,3068
716,Manipur,2020,Tengnoupal,14,Tengnoupal,3069
256,Manipur,2020,Narcotic,14,Imphal West,3070
273,Meghalaya,2020,Garo Hills East,17,East Garo Hills,3071
656,Meghalaya,2020,Garo Hills North,17,North Garo Hills,3072
277,Meghalaya,2020,Garo Hills South,17,South Garo Hills,3073
663,Meghalaya,2020,Garo Hills South West,17,South West Garo Hills,3074
278,Meghalaya,2020,Garo Hills West,17,West Garo Hills,3075
275,Meghalaya,2020,Jaintia Hills West,17,West Jaintia Hills,3076
657,Meghalaya,2020,Jaintia Hills East,17,East Jaintia Hills,3077
274,Meghalaya,2020,Khasi Hills East,17,East Khasi Hills,3078
658,Meghalaya,2020,Khasi Hills South West,17,South West Khasi Hills,3079
279,Meghalaya,2020,Khasi Hills West,17,West Khasi Hills,3080
276,Meghalaya,2020,Ri-Bhoi,17,Ri Bhoi,3081
274,Meghalaya,2020,Cyber Cell,17,East Khasi Hills,3082
261,Mizoram,2020,Aizawl,15,Aizawl,3083
262,Mizoram,2020,Champhai,15,Champhai,3084
263,Mizoram,2020,Kolasib,15,Kolasib,3085
264,Mizoram,2020,Lawngtlai,15,Lawngtlai,3086
265,Mizoram,2020,Lunglei,15,Lunglei,3087
266,Mizoram,2020,Mamit,15,Mamit,3088
267,Mizoram,2020,Saiha,15,Saiha,3089
268,Mizoram,2020,Serchhip,15,Serchhip,3090
261,Mizoram,2020,Spl Narcotic,15,Aizawl,3091
727,Mizoram,2020,Saitual,15,Saitual,3092
728,Mizoram,2020,Khawzawl,15,Khawzawl,3093
726,Mizoram,2020,Hnahthial,15,Hnahthial,3094
261,Mizoram,2020,Cyber,15,Aizawl,3095
244,Nagaland,2020,Dimapur,13,Dimapur,3096
614,Nagaland,2020,Kiphire,13,Kiphire,3097
245,Nagaland,2020,Kohima,13,Kohima,3098
615,Nagaland,2020,Longleng,13,Longleng,3099
246,Nagaland,2020,Mokokchung,13,Mokokchung,3100
247,Nagaland,2020,Mon,13,Mon,3101
613,Nagaland,2020,Peren,13,Peren,3102
248,Nagaland,2020,Phek,13,Phek,3103
249,Nagaland,2020,Tuensang,13,Tuensang,3104
250,Nagaland,2020,Wokha,13,Wokha,3105
251,Nagaland,2020,Zunheboto,13,Zunheboto,3106
344,Odisha,2020,Angul,21,Anugul,3107
346,Odisha,2020,Balasore,21,Baleshwar,3108
347,Odisha,2020,Baragarh,21,Bargarh,3109
346,Odisha,2020,Berhampur,21,Baleshwar,3110
348,Odisha,2020,Bhadrak,21,Bhadrak,3111
345,Odisha,2020,Bolangir,21,Balangir,3112
349,Odisha,2020,Boudh,21,Boudh,3113
350,Odisha,2020,Cuttack,21,Cuttack,3114
362,Odisha,2020,Dcp Bbsr,21,Khordha,3115
350,Odisha,2020,Dcp Ctc,21,Cuttack,3116
351,Odisha,2020,Deogarh,21,Deogarh,3117
352,Odisha,2020,Dhenkanal,21,Dhenkanal,3118
353,Odisha,2020,Gajapati,21,Gajapati,3119
354,Odisha,2020,Ganjam,21,Ganjam,3120
355,Odisha,2020,Jagatsinghpur,21,Jagatsinghapur,3121
356,Odisha,2020,Jajpur,21,Jajapur,3122
357,Odisha,2020,Jharsuguda,21,Jharsuguda,3123
358,Odisha,2020,Kalahandi,21,Kalahandi,3124
359,Odisha,2020,Kandhamal,21,Kandhamal,3125
360,Odisha,2020,Kendrapara,21,Kendrapara,3126
361,Odisha,2020,Keonjhar,21,Kendujhar,3127
362,Odisha,2020,Khurda,21,Khordha,3128
363,Odisha,2020,Koraput,21,Koraput,3129
364,Odisha,2020,Malkangiri,21,Malkangiri,3130
365,Odisha,2020,Mayurbhanj,21,Mayurbhanj,3131
367,Odisha,2020,Nayagarh,21,Nayagarh,3132
366,Odisha,2020,Nabarangpur,21,Nabarangpur,3133
368,Odisha,2020,Nuapada,21,Nuapada,3134
369,Odisha,2020,Puri,21,Puri,3135
370,Odisha,2020,Rayagada,21,Rayagada,3136
373,Odisha,2020,Rourkela,21,Sundargarh,3137
371,Odisha,2020,Sambalpur,21,Sambalpur,3138
372,Odisha,2020,Sonepur,21,Sonepur,3139
350,Odisha,2020,Srp(Cuttack),21,Cuttack,3140
373,Odisha,2020,Srp(Rourkela),21,Sundargarh,3141
373,Odisha,2020,Sundargarh,21,Sundargarh,3142
350,Odisha,2020,Cid Cb,21,Cuttack,3143
27,Punjab,2020,Amritsar Rural,3,Amritsar,3144
605,Punjab,2020,Barnala,3,Barnala,3145
32,Punjab,2020,Batala,3,Gurdaspur,3146
28,Punjab,2020,Bathinda,3,Bathinda,3147
27,Punjab,2020,Cp Amritsar,3,Amritsar,3148
34,Punjab,2020,Cp Jalandhar,3,Jalandhar,3149
36,Punjab,2020,Cp Ludhiana,3,Ludhiana,3150
29,Punjab,2020,Faridkot,3,Faridkot,3151
30,Punjab,2020,Fatehgarh Sahib,3,Fatehgarh Sahib,3152
651,Punjab,2020,Fazilka,3,Fazilka,3153
31,Punjab,2020,Ferozepur,3,Ferozepur,3154
41,Punjab,2020,Grp,3,Patiala,3155
32,Punjab,2020,Gurdaspur,3,Gurdaspur,3156
33,Punjab,2020,Hoshiarpur,3,Hoshiarpur,3157
34,Punjab,2020,Jalandhar Rural,3,Jalandhar,3158
35,Punjab,2020,Kapurthala,3,Kapurthala,3159
36,Punjab,2020,Khanna,3,Ludhiana,3160
36,Punjab,2020,Ludhiana Rural,3,Ludhiana,3161
37,Punjab,2020,Mansa,3,Mansa,3162
38,Punjab,2020,Moga,3,Moga,3163
39,Punjab,2020,Muktsar,3,Sri Muktsar Sahib,3164
662,Punjab,2020,Pathankot,3,Pathankot,3165
41,Punjab,2020,Patiala,3,Patiala,3166
42,Punjab,2020,Ropar,3,Rupnagar,3167
43,Punjab,2020,Sangrur,3,Sangrur,3168
608,Punjab,2020,Sas Nagar,3,S.A.S Nagar,3169
40,Punjab,2020,Sbs Nagar,3,Shahid Bhagat Singh Nagar,3170
609,Punjab,2020,Tarn Taran,3,Tarn Taran,3171
608,Punjab,2020,Bureau Of Investigation,3,S.A.S Nagar,3172
608,Punjab,2020,Intelligence Wing,3,S.A.S Nagar,3173
608,Punjab,2020,Nri Wing,3,S.A.S Nagar,3174
27,Punjab,2020,Special Task Force,3,Amritsar,3175
86,Rajasthan,2020,Ajmer,8,Ajmer,3176
87,Rajasthan,2020,Alwar,8,Alwar,3177
88,Rajasthan,2020,Banswara,8,Banswara,3178
89,Rajasthan,2020,Baran,8,Baran,3179
90,Rajasthan,2020,Barmer,8,Barmer,3180
91,Rajasthan,2020,Bharatpur,8,Bharatpur,3181
92,Rajasthan,2020,Bhilwara,8,Bhilwara,3182
93,Rajasthan,2020,Bikaner,8,Bikaner,3183
94,Rajasthan,2020,Bundi,8,Bundi,3184
95,Rajasthan,2020,Chittorgarh,8,Chittorgarh,3185
96,Rajasthan,2020,Churu,8,Churu,3186
97,Rajasthan,2020,Dausa,8,Dausa,3187
98,Rajasthan,2020,Dholpur,8,Dholpur,3188
99,Rajasthan,2020,Dungarpur,8,Dungarpur,3189
86,Rajasthan,2020,Grp Ajmer,8,Ajmer,3190
107,Rajasthan,2020,Grp Jodhpur,8,Jodhpur,3191
100,Rajasthan,2020,Ganganagar,8,Ganganagar,3192
101,Rajasthan,2020,Hanumangarh,8,Hanumangarh,3193
102,Rajasthan,2020,Jaipur East,8,Jaipur,3194
102,Rajasthan,2020,Jaipur North,8,Jaipur,3195
783,Rajasthan,2020,Jaipur Rural,8,Jaipur (Gramin),3196
102,Rajasthan,2020,Jaipur South,8,Jaipur,3197
102,Rajasthan,2020,Jaipur West,8,Jaipur,3198
103,Rajasthan,2020,Jaisalmer,8,Jaisalmer,3199
104,Rajasthan,2020,Jalore,8,Jalore,3200
105,Rajasthan,2020,Jhalawar,8,Jhalawar,3201
106,Rajasthan,2020,Jhunjhunu,8,Jhunjhunu,3202
107,Rajasthan,2020,Jodhpur East,8,Jodhpur,3203
107,Rajasthan,2020,Jodhpur West,8,Jodhpur,3204
107,Rajasthan,2020,Jodhpur Rural,8,Jodhpur,3205
108,Rajasthan,2020,Karauli,8,Karauli,3206
109,Rajasthan,2020,Kota City,8,Kota,3207
109,Rajasthan,2020,Kota Rural,8,Kota,3208
110,Rajasthan,2020,Nagaur,8,Nagaur,3209
111,Rajasthan,2020,Pali,8,Pali,3210
629,Rajasthan,2020,Pratapgarh,8,Pratapgarh,3211
112,Rajasthan,2020,Rajsamand,8,Rajsamand,3212
113,Rajasthan,2020,Sawai Madhopur,8,Sawai Madhopur,3213
114,Rajasthan,2020,Sikar,8,Sikar,3214
115,Rajasthan,2020,Sirohi,8,Sirohi,3215
116,Rajasthan,2020,Tonk,8,Tonk,3216
117,Rajasthan,2020,Udaipur,8,Udaipur,3217
102,Rajasthan,2020,Jaipur Metro,8,Jaipur,3218
102,Rajasthan,2020,Scrb,8,Jaipur,3219
102,Rajasthan,2020,Sog,8,Jaipur,3220
102,Rajasthan,2020,Ssb,8,Jaipur,3221
102,Rajasthan,2020,Jaipur Crime,8,Jaipur,3222
770,Rajasthan,2020,Bhiwadi,8,Khairthal-Tijara,3223
225,Sikkim,2020,East,11,Gangtok,3224
226,Sikkim,2020,North,11,Mangan,3225
227,Sikkim,2020,South,11,Namchi,3226
228,Sikkim,2020,West,11,Gyalshing,3227
610,Tamil Nadu,2020,Ariyalur,33,Ariyalur,3228
568,Tamil Nadu,2020,Chennai,33,Chennai,3229
569,Tamil Nadu,2020,Coimbatore,33,Coimbatore,3230
569,Tamil Nadu,2020,Coimbatore City,33,Coimbatore,3231
570,Tamil Nadu,2020,Cuddalore,33,Cuddalore,3232
571,Tamil Nadu,2020,Dharmapuri,33,Dharmapuri,3233
572,Tamil Nadu,2020,Dindigul,33,Dindigul,3234
573,Tamil Nadu,2020,Erode,33,Erode,3235
574,Tamil Nadu,2020,Kanchipuram,33,Kanchipuram,3236
575,Tamil Nadu,2020,Kanyakumari,33,Kanniyakumari,3237
576,Tamil Nadu,2020,Karur,33,Karur,3238
577,Tamil Nadu,2020,Krishnagiri,33,Krishnagiri,3239
578,Tamil Nadu,2020,Madurai,33,Madurai,3240
578,Tamil Nadu,2020,Madurai City,33,Madurai,3241
579,Tamil Nadu,2020,Nagapattinam,33,Nagapattinam,3242
580,Tamil Nadu,2020,Namakkal,33,Namakkal,3243
587,Tamil Nadu,2020,Nilgiris,33,The Nilgiris,3244
581,Tamil Nadu,2020,Perambalur,33,Perambalur,3245
582,Tamil Nadu,2020,Pudukottai,33,Pudukkottai,3246
583,Tamil Nadu,2020,Ramnathapuram,33,Ramanathapuram,3247
568,Tamil Nadu,2020,Railway Chennai,33,Chennai,3248
591,Tamil Nadu,2020,Railway Trichy,33,Tiruchirappalli,3249
584,Tamil Nadu,2020,Salem,33,Salem,3250
584,Tamil Nadu,2020,Salem City,33,Salem,3251
585,Tamil Nadu,2020,Sivagangai,33,Sivaganga,3252
586,Tamil Nadu,2020,Thanjavur,33,Thanjavur,3253
588,Tamil Nadu,2020,Theni,33,Theni,3254
592,Tamil Nadu,2020,Thirunelveli,33,Tirunelveli,3255
592,Tamil Nadu,2020,Thirunelveli City,33,Tirunelveli,3256
589,Tamil Nadu,2020,Thiruvallur,33,Thiruvallur,3257
593,Tamil Nadu,2020,Thiruvannamalai,33,Tiruvannamalai,3258
590,Tamil Nadu,2020,Thiruvarur,33,Thiruvarur,3259
594,Tamil Nadu,2020,Thoothukudi,33,Tuticorin,3260
634,Tamil Nadu,2020,Tiruppur,33,Tiruppur,3261
634,Tamil Nadu,2020,Tiruppur City,33,Tiruppur,3262
591,Tamil Nadu,2020,Trichy,33,Tiruchirappalli,3263
591,Tamil Nadu,2020,Trichy City,33,Tiruchirappalli,3264
595,Tamil Nadu,2020,Vellore,33,Vellore,3265
596,Tamil Nadu,2020,Villupuram,33,Villupuram,3266
597,Tamil Nadu,2020,Virudhunagar,33,Virudhunagar,3267
568,Tamil Nadu,2020,Cyber Cell,33,Chennai,3268
568,Tamil Nadu,2020,Other Units,33,Chennai,3269
730,Tamil Nadu,2020,Chengalpattu,33,Chengalpattu,3270
729,Tamil Nadu,2020,Kallakurichi,33,Kallakurichi,3271
731,Tamil Nadu,2020,Ranipet,33,Ranipet,3272
732,Tamil Nadu,2020,Tiruppattur,33,Tirupathur,3273
733,Tamil Nadu,2020,Tenkasi,33,Tenkasi,3274
518,Telangana,2020,Cyberabad Commissionerate,36,Ranga Reddy,3275
507,Telangana,2020,Hyderabad Commissionerate,36,Hyderabad,3276
508,Telangana,2020,Karimnagar Commissionerate,36,Karimnagar,3277
509,Telangana,2020,Khammam Commissionerate,36,Khammam,3278
516,Telangana,2020,Nizamabad Commissionerate,36,Nizamabad,3279
697,Telangana,2020,Rachakonda Commissionerate,36,Yadadri Bhuvanagiri,3280
682,Telangana,2020,Ramagundam Commissionerate,36,Peddapalli,3281
692,Telangana,2020,Siddipet Commissionerate,36,Siddipet,3282
522,Telangana,2020,Warangal Commissionerate,36,Warangal,3283
501,Telangana,2020,Adilabad,36,Adilabad,3284
690,Telangana,2020,Bhadradri Kothagudem,36,Bhadradri Kothagudem,3285
681,Telangana,2020,Jagityal,36,Jagitial,3286
687,Telangana,2020,Jayashankar Bhupalpalli,36,Jayashankar Bhupalapally,3287
695,Telangana,2020,Jogulamba Gadwal,36,Jogulamba Gadwal,3288
685,Telangana,2020,Kamareddy ,36,Kamareddy,3289
699,Telangana,2020,Kumaram Bheem Asifabad,36,Kumuram Bheem Asifabad,3290
688,Telangana,2020,Mahabubabad,36,Mahabubabad,3291
512,Telangana,2020,Mahabubnagar,36,Mahabubnagar,3292
513,Telangana,2020,Medak,36,Medak,3293
694,Telangana,2020,Nagarkurnool,36,Nagarkurnool,3294
514,Telangana,2020,Nalgonda,36,Nalgonda,3295
680,Telangana,2020,Nirmal,36,Nirmal,3296
683,Telangana,2020,Rajanna Siricilla,36,Rajanna Sircilla,3297
691,Telangana,2020,Sangareddy,36,Sangareddy,3298
696,Telangana,2020,Suryapet,36,Suryapet,3299
698,Telangana,2020,Vikarabad,36,Vikarabad,3300
693,Telangana,2020,Wanaparthy,36,Wanaparthy,3301
507,Telangana,2020,Railway Police Secunderabad,36,Hyderabad,3302
720,Telangana,2020,Mulug,36,Mulugu,3303
721,Telangana,2020,Narayanpet,36,Narayanpet,3304
269,Tripura,2020,Dhalai,16,Dhalai,3305
654,Tripura,2020,Gomati,16,Gomati,3306
272,Tripura,2020,Grp,16,West Tripura,3307
652,Tripura,2020,Kowai,16,Khowai,3308
270,Tripura,2020,North,16,North Tripura,3309
653,Tripura,2020,Sipahijala,16,Sepahijala,3310
271,Tripura,2020,South,16,South Tripura,3311
655,Tripura,2020,Unakoti,16,Unakoti,3312
272,Tripura,2020,West,16,West Tripura,3313
118,Uttar Pradesh,2020,Agra,9,Agra,3314
119,Uttar Pradesh,2020,Aligarh,9,Aligarh,3315
120,Uttar Pradesh,2020,Prayagraj,9,Prayagraj,3316
121,Uttar Pradesh,2020,Ambedkar Nagar,9,Ambedkar Nagar,3317
640,Uttar Pradesh,2020,Amethi,9,Amethi,3318
154,Uttar Pradesh,2020,Amroha,9,Amroha,3319
122,Uttar Pradesh,2020,Auraiya,9,Auraiya,3320
123,Uttar Pradesh,2020,Azamgarh,9,Azamgarh,3321
133,Uttar Pradesh,2020,Badaun,9,Budaun,3322
124,Uttar Pradesh,2020,Baghpat,9,Baghpat,3323
125,Uttar Pradesh,2020,Bahraich,9,Bahraich,3324
126,Uttar Pradesh,2020,Ballia,9,Ballia,3325
127,Uttar Pradesh,2020,Balrampur,9,Balrampur,3326
128,Uttar Pradesh,2020,Banda,9,Banda,3327
129,Uttar Pradesh,2020,Barabanki,9,Barabanki,3328
130,Uttar Pradesh,2020,Bareilly,9,Bareilly,3329
131,Uttar Pradesh,2020,Basti,9,Basti,3330
132,Uttar Pradesh,2020,Bijnor,9,Bijnor,3331
134,Uttar Pradesh,2020,Bulandshahar,9,Bulandshahr,3332
135,Uttar Pradesh,2020,Chandoli,9,Chandauli,3333
136,Uttar Pradesh,2020,Chitrakoot,9,Chitrakoot,3334
137,Uttar Pradesh,2020,Deoria,9,Deoria,3335
138,Uttar Pradesh,2020,Etah,9,Etah,3336
139,Uttar Pradesh,2020,Etawah,9,Etawah,3337
140,Uttar Pradesh,2020,Ayodhya,9,Ayodhya,3338
141,Uttar Pradesh,2020,Fatehgarh,9,Farrukhabad,3339
142,Uttar Pradesh,2020,Fatehpur,9,Fatehpur,3340
143,Uttar Pradesh,2020,Firozabad,9,Firozabad,3341
162,Uttar Pradesh,2020,Grp,9,Lucknow,3342
144,Uttar Pradesh,2020,Gautambudh Nagar,9,Gautam Buddha Nagar,3343
145,Uttar Pradesh,2020,Ghaziabad,9,Ghaziabad,3344
146,Uttar Pradesh,2020,Ghazipur,9,Ghazipur,3345
147,Uttar Pradesh,2020,Gonda,9,Gonda,3346
148,Uttar Pradesh,2020,Gorakhpur,9,Gorakhpur,3347
149,Uttar Pradesh,2020,Hamirpur,9,Hamirpur,3348
661,Uttar Pradesh,2020,Hapur,9,Hapur,3349
150,Uttar Pradesh,2020,Hardoi,9,Hardoi,3350
163,Uttar Pradesh,2020,Hathras,9,Hathras,3351
151,Uttar Pradesh,2020,Jalaun,9,Jalaun,3352
152,Uttar Pradesh,2020,Jaunpur,9,Jaunpur,3353
153,Uttar Pradesh,2020,Jhansi,9,Jhansi,3354
155,Uttar Pradesh,2020,Kannauj,9,Kannauj,3355
156,Uttar Pradesh,2020,Kanpur Dehat,9,Kanpur Dehat,3356
157,Uttar Pradesh,2020,Kanpur Nagar,9,Kanpur Nagar,3357
633,Uttar Pradesh,2020,Kasganj,9,Kasganj,3358
158,Uttar Pradesh,2020,Kaushambi,9,Kaushambi,3359
159,Uttar Pradesh,2020,Khiri,9,Kheri,3360
160,Uttar Pradesh,2020,Kushi Nagar,9,Kushi Nagar,3361
161,Uttar Pradesh,2020,Lalitpur,9,Lalitpur,3362
162,Uttar Pradesh,2020,Lucknow Commissionarate,9,Lucknow,3363
164,Uttar Pradesh,2020,Maharajganj,9,Maharajganj,3364
165,Uttar Pradesh,2020,Mahoba,9,Mahoba,3365
166,Uttar Pradesh,2020,Mainpuri,9,Mainpuri,3366
167,Uttar Pradesh,2020,Mathura,9,Mathura,3367
168,Uttar Pradesh,2020,Mau,9,Mau,3368
169,Uttar Pradesh,2020,Meerut,9,Meerut,3369
170,Uttar Pradesh,2020,Mirzapur,9,Mirzapur,3370
171,Uttar Pradesh,2020,Moradabad,9,Moradabad,3371
172,Uttar Pradesh,2020,Muzaffarnagar,9,Muzaffarnagar,3372
173,Uttar Pradesh,2020,Pilibhit,9,Pilibhit,3373
174,Uttar Pradesh,2020,Pratapgarh,9,Pratapgarh,3374
175,Uttar Pradesh,2020,Raibareilly,9,Rae Bareli,3375
176,Uttar Pradesh,2020,Rampur,9,Rampur,3376
177,Uttar Pradesh,2020,Saharanpur,9,Saharanpur,3377
659,Uttar Pradesh,2020,Sambhal,9,Sambhal,3378
178,Uttar Pradesh,2020,Sant Kabirnagar,9,Sant Kabeer Nagar,3379
180,Uttar Pradesh,2020,Shahjahanpur,9,Shahjahanpur,3380
660,Uttar Pradesh,2020,Shamli,9,Shamli,3381
181,Uttar Pradesh,2020,Shrawasti,9,Shravasti,3382
182,Uttar Pradesh,2020,Sidharthnagar,9,Siddharth Nagar,3383
183,Uttar Pradesh,2020,Sitapur,9,Sitapur,3384
184,Uttar Pradesh,2020,Sonbhadra,9,Sonbhadra,3385
179,Uttar Pradesh,2020,Bhadohi,9,Bhadohi,3386
185,Uttar Pradesh,2020,Sultanpur,9,Sultanpur,3387
186,Uttar Pradesh,2020,Unnao,9,Unnao,3388
187,Uttar Pradesh,2020,Varanasi,9,Varanasi,3389
162,Uttar Pradesh,2020,Lucknow Grameen,9,Lucknow,3390
45,Uttarakhand,2020,Almora,5,Almora,3391
46,Uttarakhand,2020,Bageshwar,5,Bageshwar,3392
47,Uttarakhand,2020,Chamoli,5,Chamoli,3393
48,Uttarakhand,2020,Champawat,5,Champawat,3394
49,Uttarakhand,2020,Dehradun,5,Dehradun,3395
50,Uttarakhand,2020,Haridwar,5,Haridwar,3396
51,Uttarakhand,2020,Nainital,5,Nainital,3397
52,Uttarakhand,2020,Pauri Garhwal,5,Pauri Garhwal,3398
53,Uttarakhand,2020,Pithoragarh,5,Pithoragarh,3399
54,Uttarakhand,2020,Rudra Prayag,5,Rudra Prayag,3400
55,Uttarakhand,2020,Tehri Garhwal,5,Tehri Garhwal,3401
56,Uttarakhand,2020,Udhamsingh Nagar,5,Udam Singh Nagar,3402
57,Uttarakhand,2020,Uttarkashi,5,Uttar Kashi,3403
49,Uttarakhand,2020,Grp,5,Dehradun,3404
664,West Bengal,2020,Alipurduar,19,Alipurduar,3405
704,West Bengal,2020,Asansol-Durgapur Pc,19,Paschim Bardhaman,3406
305,West Bengal,2020,Bankura,19,Bankura,3407
303,West Bengal,2020,Barrackpur Pc,19,24 Paraganas North,3408
303,West Bengal,2020,Bidhannagar Pc,19,24 Paraganas North,3409
307,West Bengal,2020,Birbhum,19,Birbhum,3410
308,West Bengal,2020,Coochbehar,19,Coochbehar,3411
310,West Bengal,2020,Dakshin Dinajpur,19,Dinajpur Dakshin,3412
309,West Bengal,2020,Darjeeling,19,Darjeeling,3413
312,West Bengal,2020,Hooghly Rural Police,19,Hooghly,3414
313,West Bengal,2020,Howrah Grp,19,Howrah,3415
313,West Bengal,2020,Howrah Pc,19,Howrah,3416
313,West Bengal,2020,Howrah Rural,19,Howrah,3417
314,West Bengal,2020,Jalpaiguri,19,Jalpaiguri,3418
703,West Bengal,2020,Jhargram,19,Jhargram,3419
318,West Bengal,2020,Kharagpur Grp,19,Medinipur West,3420
315,West Bengal,2020,Kolkata,19,Kolkata,3421
316,West Bengal,2020,Malda,19,Maldah,3422
319,West Bengal,2020,Murshidabad Police District,19,Murshidabad,3423
318,West Bengal,2020,Paschim Medinipur,19,Medinipur West,3424
317,West Bengal,2020,Purab Medinipur,19,Medinipur East,3425
321,West Bengal,2020,Purulia,19,Purulia,3426
315,West Bengal,2020,Sealdah Grp,19,Kolkata,3427
309,West Bengal,2020,Siliguri Grp,19,Darjeeling,3428
309,West Bengal,2020,Siliguri Pc,19,Darjeeling,3429
304,West Bengal,2020,Baruipur Police,19,24 Paraganas South,3430
312,West Bengal,2020,Chandannagar Pc,19,Hooghly,3431
304,West Bengal,2020,Diamond Harbour Police,19,24 Paraganas South,3432
702,West Bengal,2020,Kalimpong,19,Kalimpong,3433
306,West Bengal,2020,Purba Bardhaman,19,Purba Bardhaman,3434
304,West Bengal,2020,Sundarban Police,19,24 Paraganas South,3435
303,West Bengal,2020,Barasat,19,24 Paraganas North,3436
303,West Bengal,2020,Basirhat,19,24 Paraganas North,3437
303,West Bengal,2020,Bangaon,19,24 Paraganas North,3438
311,West Bengal,2020,Islampur,19,Dinajpur Uttar,3439
319,West Bengal,2020,Jangipur Police District,19,Murshidabad,3440
320,West Bengal,2020,Krishnagar,19,Nadia,3441
311,West Bengal,2020,Raiganj,19,Dinajpur Uttar,3442
320,West Bengal,2020,Ranaghat,19,Nadia,3443
602,Andaman And Nicobar Islands,2020,South Andaman,35,South Andamans,3444
632,Andaman And Nicobar Islands,2020,North And Middle Andaman,35,North And Middle Andaman,3445
603,Andaman And Nicobar Islands,2020,Nicobar,35,Nicobars,3446
44,Chandigarh,2020,Chandigarh,4,Chandigarh,3447
465,The Dadra And Nagar Haveli And Daman And Diu,2020,Dadra And Nagar Haveli,38,Dadra And Nagar Haveli,3448
463,The Dadra And Nagar Haveli And Daman And Diu,2020,Daman,38,Daman,3449
464,The Dadra And Nagar Haveli And Daman And Diu,2020,Diu,38,Diu,3450
77,Delhi,2020,Central,7,Central,3451
82,Delhi,2020,Crime Branch,7,North West,3452
78,Delhi,2020,East,7,East,3453
79,Delhi,2020,Eow,7,New Delhi,3454
79,Delhi,2020,Igi Airport,7,New Delhi,3455
82,Delhi,2020,Metro,7,North West,3456
79,Delhi,2020,New Delhi,7,New Delhi,3457
80,Delhi,2020,North,7,North,3458
81,Delhi,2020,North-East,7,North East,3459
82,Delhi,2020,North-West,7,North West,3460
82,Delhi,2020,Outer,7,North West,3461
79,Delhi,2020,Railway,7,New Delhi,3462
83,Delhi,2020,South,7,South,3463
670,Delhi,2020,South-East,7,South East,3464
84,Delhi,2020,South-West,7,South West,3465
82,Delhi,2020,Spl Cell,7,North West,3466
79,Delhi,2020,Spuwac,7,New Delhi,3467
79,Delhi,2020,Vigilance,7,New Delhi,3468
85,Delhi,2020,West,7,West,3469
82,Delhi,2020,Rohini,7,North West,3470
671,Delhi,2020,Shahdara,7,Shahdara,3471
84,Delhi,2020,Dwarka,7,South West,3472
79,Delhi,2020,Outer North,7,New Delhi,3473
6,Ladakh,2020,Kargil,37,Kargil,3474
9,Ladakh,2020,Leh,37,Leh Ladakh,3475
553,Lakshadweep,2020,Lakshadweep,31,Lakshadweep District,3476
598,Puducherry,2020,Karaikal,34,Karaikal,3477
502,Andhra Pradesh,2021,Anantapur,28,Anantapur,0
503,Andhra Pradesh,2021,Chittoor,28,Chittoor,1
504,Andhra Pradesh,2021,Cuddapah,28,Y.S.R.,2
505,Andhra Pradesh,2021,East Godavari,28,East Godavari,3
502,Andhra Pradesh,2021,Guntakal Railway,28,Anantapur,4
506,Andhra Pradesh,2021,Guntur,28,Guntur,5
506,Andhra Pradesh,2021,Guntur Urban,28,Guntur,6
510,Andhra Pradesh,2021,Krishna,28,Krishna,7
511,Andhra Pradesh,2021,Kurnool,28,Kurnool,8
515,Andhra Pradesh,2021,Nellore,28,Spsr Nellore,9
517,Andhra Pradesh,2021,Prakasham,28,Prakasam,10
505,Andhra Pradesh,2021,Rajahmundry,28,East Godavari,11
519,Andhra Pradesh,2021,Srikakulam,28,Srikakulam,12
752,Andhra Pradesh,2021,Tirupathi Urban,28,Tirupati,13
749,Andhra Pradesh,2021,Vijayawada City,28,Ntr,14
749,Andhra Pradesh,2021,Vijayawada Railway,28,Ntr,15
520,Andhra Pradesh,2021,Visakha Rural,28,Visakhapatanam,16
520,Andhra Pradesh,2021,Visakhapatnam,28,Visakhapatanam,17
521,Andhra Pradesh,2021,Vizianagaram,28,Vizianagaram,18
523,Andhra Pradesh,2021,West Godavari,28,West Godavari,19
628,Arunachal Pradesh,2021,Anjaw,12,Anjaw,20
229,Arunachal Pradesh,2021,Changlang,12,Changlang,21
237,Arunachal Pradesh,2021,Crime Branch,12,Papum Pare,22
230,Arunachal Pradesh,2021,Dibang Valley,12,Dibang Valley,23
231,Arunachal Pradesh,2021,Kameng East,12,East Kameng,24
242,Arunachal Pradesh,2021,Kameng West,12,West Kameng,25
233,Arunachal Pradesh,2021,Kurung Kumey,12,Kurung Kumey,26
234,Arunachal Pradesh,2021,Lohit,12,Lohit,27
666,Arunachal Pradesh,2021,Longding,12,Longding,28
235,Arunachal Pradesh,2021,Lower Dibang Valley,12,Lower Dibang Valley,29
237,Arunachal Pradesh,2021,Papum Pare City,12,Papum Pare,30
237,Arunachal Pradesh,2021,Papum Pare Rural,12,Papum Pare,31
232,Arunachal Pradesh,2021,Siang East,12,East Siang,32
240,Arunachal Pradesh,2021,Siang Upper,12,Upper Siang,33
243,Arunachal Pradesh,2021,Siang West,12,West Siang,34
236,Arunachal Pradesh,2021,Subansiri Lower,12,Lower Subansiri,35
241,Arunachal Pradesh,2021,Subansiri Upper,12,Upper Subansiri,36
238,Arunachal Pradesh,2021,Tawang,12,Tawang,37
239,Arunachal Pradesh,2021,Tirap,12,Tirap,38
678,Arunachal Pradesh,2021,Namsai,12,Namsai,39
679,Arunachal Pradesh,2021,Siang,12,Siang,40
718,Arunachal Pradesh,2021,Kamle,12,Kamle,41
677,Arunachal Pradesh,2021,Kra Dadi,12,Kra Daadi,42
719,Arunachal Pradesh,2021,Lower Siang,12,Lower Siang,43
724,Arunachal Pradesh,2021,Leparada,12,Leparada,44
725,Arunachal Pradesh,2021,Shiyomi,12,Shi Yomi,45
723,Arunachal Pradesh,2021,Pakkessang,12,Pakke Kessang,46
618,Assam,2021,Bieo,18,Kamrup Metro,47
280,Assam,2021,Barpeta,18,Barpeta,48
616,Assam,2021,Baksa,18,Baksa,49
281,Assam,2021,Bongaigaon,18,Bongaigaon,50
618,Assam,2021,Cid,18,Kamrup Metro,51
282,Assam,2021,Cachar,18,Cachar,52
612,Assam,2021,Chirang,18,Chirang,53
283,Assam,2021,Darrang,18,Darrang,54
284,Assam,2021,Dhemaji,18,Dhemaji,55
285,Assam,2021,Dhubri,18,Dhubri,56
286,Assam,2021,Dibrugarh,18,Dibrugarh,57
618,Assam,2021,Grp,18,Kamrup Metro,58
287,Assam,2021,Goalpara,18,Goalpara,59
288,Assam,2021,Golaghat,18,Golaghat,60
618,Assam,2021,Guwahati City,18,Kamrup Metro,61
289,Assam,2021,Hailakandi,18,Hailakandi,62
710,Assam,2021,Hamren,18,West Karbi Anglong,63
290,Assam,2021,Jorhat,18,Jorhat,64
291,Assam,2021,Kamrup,18,Kamrup,65
292,Assam,2021,Karbi Anglong,18,Karbi Anglong,66
293,Assam,2021,Karimganj,18,Karimganj,67
294,Assam,2021,Kokrajhar,18,Kokrajhar,68
295,Assam,2021,Lakhimpur,18,Lakhimpur,69
296,Assam,2021,Morigaon,18,Marigaon,70
299,Assam,2021,Dima Hasao,18,Dima Hasao,71
297,Assam,2021,Nagaon,18,Nagaon,72
298,Assam,2021,Nalbari,18,Nalbari,73
618,Assam,2021,Rpo,18,Kamrup Metro,74
618,Assam,2021,Sou,18,Kamrup Metro,75
618,Assam,2021,Stf,18,Kamrup Metro,76
300,Assam,2021,Sibsagar,18,Sivasagar,77
301,Assam,2021,Sonitpur,18,Sonitpur,78
302,Assam,2021,Tinsukia,18,Tinsukia,79
617,Assam,2021,Udalguri,18,Udalguri,80
302,Assam,2021,Sadia,18,Tinsukia,81
706,Assam,2021,Majuli,18,Majuli,82
705,Assam,2021,Biswanath,18,Biswanath,83
709,Assam,2021,Hojai,18,Hojai,84
707,Assam,2021,South Salmara,18,South Salmara Mancachar,85
708,Assam,2021,Charaideo,18,Charaideo,86
188,Bihar,2021,Araria,10,Araria,87
611,Bihar,2021,Arwal,10,Arwal,88
189,Bihar,2021,Aurangabad,10,Aurangabad,89
211,Bihar,2021,Bagaha,10,Pashchim Champaran,90
190,Bihar,2021,Banka,10,Banka,91
191,Bihar,2021,Begusarai,10,Begusarai,92
211,Bihar,2021,Bettiah,10,Pashchim Champaran,93
200,Bihar,2021,Kaimur(Bhabhua),10,Kaimur (Bhabua),94
192,Bihar,2021,Bhagalpur,10,Bhagalpur,95
193,Bihar,2021,Bhojpur,10,Bhojpur,96
194,Bihar,2021,Buxar,10,Buxar,97
195,Bihar,2021,Darbhanga,10,Darbhanga,98
196,Bihar,2021,Gaya,10,Gaya,99
197,Bihar,2021,Gopalganj,10,Gopalganj,100
207,Bihar,2021,Jamalpur Railway,10,Munger,101
198,Bihar,2021,Jamui,10,Jamui,102
199,Bihar,2021,Jehanabad,10,Jehanabad,103
201,Bihar,2021,Katihar,10,Katihar,104
201,Bihar,2021,Katihar Railway,10,Katihar,105
202,Bihar,2021,Khagaria,10,Khagaria,106
203,Bihar,2021,Kishanganj,10,Kishanganj,107
204,Bihar,2021,Lakhisarai,10,Lakhisarai,108
205,Bihar,2021,Madhepura,10,Madhepura,109
206,Bihar,2021,Madhubani,10,Madhubani,110
213,Bihar,2021,Motihari,10,Purbi Champaran,111
207,Bihar,2021,Munger,10,Munger,112
208,Bihar,2021,Muzaffarpur,10,Muzaffarpur,113
208,Bihar,2021,Muzaffarpur Railway,10,Muzaffarpur,114
209,Bihar,2021,Nalanda,10,Nalanda,115
192,Bihar,2021,Naugachia,10,Bhagalpur,116
210,Bihar,2021,Nawadah,10,Nawada,117
212,Bihar,2021,Patna,10,Patna,118
212,Bihar,2021,Patna Railway,10,Patna,119
214,Bihar,2021,Purnea,10,Purnia,120
215,Bihar,2021,Rohtas,10,Rohtas,121
216,Bihar,2021,Saharsa,10,Saharsa,122
217,Bihar,2021,Samastipur,10,Samastipur,123
218,Bihar,2021,Saran,10,Saran,124
219,Bihar,2021,Sheikhpura,10,Sheikhpura,125
220,Bihar,2021,Sheohar,10,Sheohar,126
221,Bihar,2021,Sitamarhi,10,Sitamarhi,127
222,Bihar,2021,Siwan,10,Siwan,128
223,Bihar,2021,Supaul,10,Supaul,129
224,Bihar,2021,Vaishali,10,Vaishali,130
212,Bihar,2021,Economic Offences Unit,10,Patna,131
212,Bihar,2021,Anti Terrorist Squad,10,Patna,132
646,Chhattisgarh,2021,Balod,22,Balod,133
644,Chhattisgarh,2021,Balodbazar,22,Baloda Bazar,134
649,Chhattisgarh,2021,Balrampur,22,Balrampur,135
650,Chhattisgarh,2021,Bemetra,22,Bemetara,136
375,Chhattisgarh,2021,Bilaspur,22,Bilaspur,137
636,Chhattisgarh,2021,Bizapur,22,Bijapur,138
376,Chhattisgarh,2021,Dantewara,22,Dantewada,139
377,Chhattisgarh,2021,Dhamtari,22,Dhamtari,140
378,Chhattisgarh,2021,Durg,22,Durg,141
645,Chhattisgarh,2021,Gariyaband,22,Gariyaband,142
387,Chhattisgarh,2021,Grp Raipur,22,Raipur,143
374,Chhattisgarh,2021,Jagdalpur,22,Bastar,144
379,Chhattisgarh,2021,Janjgir,22,Janjgir-Champa,145
380,Chhattisgarh,2021,Jashpur,22,Jashpur,146
382,Chhattisgarh,2021,Kabirdham,22,Kabirdham,147
381,Chhattisgarh,2021,Kanker,22,Kanker,148
643,Chhattisgarh,2021,Kondagaon,22,Kondagaon,149
383,Chhattisgarh,2021,Korba,22,Korba,150
384,Chhattisgarh,2021,Koriya,22,Korea,151
385,Chhattisgarh,2021,Mahasamund,22,Mahasamund,152
647,Chhattisgarh,2021,Mungali,22,Mungeli,153
637,Chhattisgarh,2021,Narayanpur,22,Narayanpur,154
386,Chhattisgarh,2021,Raigarh,22,Raigarh,155
387,Chhattisgarh,2021,Raipur,22,Raipur,156
388,Chhattisgarh,2021,Rajnandgaon,22,Rajnandgaon,157
389,Chhattisgarh,2021,Sarguja,22,Surguja,158
642,Chhattisgarh,2021,Sukma,22,Sukma,159
648,Chhattisgarh,2021,Surajpur,22,Surajpur,160
734,Chhattisgarh,2021,Gaurela-Pendra-Marwari,22,Gaurella Pendra Marwahi,161
551,Goa,2021,North Goa,30,North Goa,162
552,Goa,2021,South Goa,30,South Goa,163
551,Goa,2021,Cid,30,North Goa,164
438,Gujarat,2021,Ahmedabad City,24,Ahmadabad,165
438,Gujarat,2021,Ahmedabad Rural,24,Ahmadabad,166
439,Gujarat,2021,Amreli,24,Amreli,167
440,Gujarat,2021,Anand,24,Anand,168
672,Gujarat,2021,Arvalli,24,Arvalli,169
441,Gujarat,2021,Banaskantha,24,Banas Kantha,170
442,Gujarat,2021,Bharuch,24,Bharuch,171
443,Gujarat,2021,Bhavnagar,24,Bhavnagar,172
676,Gujarat,2021,Botad,24,Botad,173
668,Gujarat,2021,Chhotaudepur,24,Chhotaudepur,174
446,Gujarat,2021,Cid Crime,24,Gandhinagar,175
445,Gujarat,2021,Dahod,24,Dohad,176
444,Gujarat,2021,Dang,24,Dang,177
674,Gujarat,2021,Devbhumi Dwarka,24,Devbhumi Dwarka,178
446,Gujarat,2021,Gandhinagar,24,Gandhinagar,179
675,Gujarat,2021,Gir Somnath,24,Gir Somnath,180
447,Gujarat,2021,Jamnagar,24,Jamnagar,181
448,Gujarat,2021,Junagadh,24,Junagadh,182
449,Gujarat,2021,Kachchh East(G),24,Kachchh,183
449,Gujarat,2021,Kachchh West(B),24,Kachchh,184
450,Gujarat,2021,Kheda,24,Kheda,185
669,Gujarat,2021,Mahisagar,24,Mahisagar,186
451,Gujarat,2021,Mehsana,24,Mahesana,187
673,Gujarat,2021,Morbi,24,Morbi,188
452,Gujarat,2021,Narmada,24,Narmada,189
453,Gujarat,2021,Navsari,24,Navsari,190
454,Gujarat,2021,Panchmahal,24,Panch Mahals,191
455,Gujarat,2021,Patan,24,Patan,192
456,Gujarat,2021,Porbandar,24,Porbandar,193
457,Gujarat,2021,Rajkot City,24,Rajkot,194
457,Gujarat,2021,Rajkot Rural,24,Rajkot,195
458,Gujarat,2021,Sabarkantha,24,Sabar Kantha,196
459,Gujarat,2021,Surat City,24,Surat,197
459,Gujarat,2021,Surat Rural,24,Surat,198
460,Gujarat,2021,Surendranagar,24,Surendranagar,199
641,Gujarat,2021,Tapi,24,Tapi,200
461,Gujarat,2021,Vadodara City,24,Vadodara,201
461,Gujarat,2021,Vadodara Rural,24,Vadodara,202
462,Gujarat,2021,Valsad,24,Valsad,203
438,Gujarat,2021,W.Rly Ahmedabad,24,Ahmadabad,204
461,Gujarat,2021,W.Rly Vadodara,24,Vadodara,205
438,Gujarat,2021,Cyber Ahmedabad Range,24,Ahmadabad,206
443,Gujarat,2021,Cyber Bhavnagar Range,24,Bhavnagar,207
9999,Gujarat,2021,Cyber Border Range,24,Cyber Border Range,208
446,Gujarat,2021,Cyber Gandhinagar Range,24,Gandhinagar,209
448,Gujarat,2021,Cyber Junagadh Range,24,Junagadh,210
454,Gujarat,2021,Cyber Panchmahal Range,24,Panch Mahals,211
457,Gujarat,2021,Cyber Rajkot Range,24,Rajkot,212
459,Gujarat,2021,Cyber Surat Range,24,Surat,213
461,Gujarat,2021,Cyber Vadodara Range,24,Vadodara,214
58,Haryana,2021,Ambala,6,Ambala,215
59,Haryana,2021,Bhiwani,6,Bhiwani,216
60,Haryana,2021,Faridabad,6,Faridabad,217
61,Haryana,2021,Fatehabad,6,Fatehabad,218
58,Haryana,2021,Grp,6,Ambala,219
62,Haryana,2021,Gurugram,6,Gurugram,220
63,Haryana,2021,Hissar,6,Hisar,221
64,Haryana,2021,Jhajjar,6,Jhajjar,222
65,Haryana,2021,Jind,6,Jind,223
66,Haryana,2021,Kaithal,6,Kaithal,224
67,Haryana,2021,Karnal,6,Karnal,225
68,Haryana,2021,Kurukshetra,6,Kurukshetra,226
69,Haryana,2021,Mahendergarh,6,Mahendragarh,227
604,Haryana,2021,Nuh,6,Nuh,228
619,Haryana,2021,Palwal,6,Palwal,229
70,Haryana,2021,Panchkula,6,Panchkula,230
71,Haryana,2021,Panipat,6,Panipat,231
72,Haryana,2021,Rewari,6,Rewari,232
73,Haryana,2021,Rohtak,6,Rohtak,233
74,Haryana,2021,Sirsa,6,Sirsa,234
75,Haryana,2021,Sonipat,6,Sonipat,235
76,Haryana,2021,Yamunanagar,6,Yamunanagar,236
62,Haryana,2021,Irrigation & Power,6,Gurugram,237
701,Haryana,2021,Charkhi Dadri,6,Charki Dadri,238
63,Haryana,2021,Hansi,6,Hisar,239
25,Himachal Pradesh,2021,Baddi,2,Solan,240
15,Himachal Pradesh,2021,Bilaspur,2,Bilaspur,241
16,Himachal Pradesh,2021,Chamba,2,Chamba,242
23,Himachal Pradesh,2021,Cid,2,Shimla,243
23,Himachal Pradesh,2021,Grp,2,Shimla,244
17,Himachal Pradesh,2021,Hamirpur,2,Hamirpur,245
18,Himachal Pradesh,2021,Kangra,2,Kangra,246
19,Himachal Pradesh,2021,Kinnaur,2,Kinnaur,247
20,Himachal Pradesh,2021,Kullu,2,Kullu,248
21,Himachal Pradesh,2021,Lahaul & Spiti,2,Lahul And Spiti,249
22,Himachal Pradesh,2021,Mandi,2,Mandi,250
23,Himachal Pradesh,2021,Shimla,2,Shimla,251
24,Himachal Pradesh,2021,Sirmaur,2,Sirmaur,252
25,Himachal Pradesh,2021,Solan,2,Solan,253
26,Himachal Pradesh,2021,Una,2,Una,254
23,Himachal Pradesh,2021,Cyber,2,Shimla,255
1,Jammu And Kashmir,2021,Anantnag,1,Anantnag,256
11,Jammu And Kashmir,2021,Awantipora,1,Pulwama,257
623,Jammu And Kashmir,2021,Bandipora,1,Bandipora,258
3,Jammu And Kashmir,2021,Baramulla,1,Baramulla,259
2,Jammu And Kashmir,2021,Budgam,1,Budgam,260
5,Jammu And Kashmir,2021,Crime Jammu,1,Jammu,261
5,Jammu And Kashmir,2021,Crime Srinagar,1,Jammu,262
4,Jammu And Kashmir,2021,Doda,1,Doda,263
626,Jammu And Kashmir,2021,Ganderbal,1,Ganderbal,264
8,Jammu And Kashmir,2021,Handwara,1,Kupwara,265
5,Jammu And Kashmir,2021,Jammu,1,Jammu,266
7,Jammu And Kashmir,2021,Kathua,1,Kathua,267
620,Jammu And Kashmir,2021,Kishtwar,1,Kishtwar,268
622,Jammu And Kashmir,2021,Kulgam,1,Kulgam,269
8,Jammu And Kashmir,2021,Kupwara,1,Kupwara,270
10,Jammu And Kashmir,2021,Poonch,1,Poonch,271
11,Jammu And Kashmir,2021,Pulwama,1,Pulwama,272
5,Jammu And Kashmir,2021,Railways Jammu,1,Jammu,273
5,Jammu And Kashmir,2021,Railways Kashmir,1,Jammu,274
627,Jammu And Kashmir,2021,Railways Katra,1,Reasi,275
12,Jammu And Kashmir,2021,Rajouri,1,Rajouri,276
621,Jammu And Kashmir,2021,Ramban,1,Ramban,277
627,Jammu And Kashmir,2021,Reasi,1,Reasi,278
624,Jammu And Kashmir,2021,Samba,1,Samba,279
625,Jammu And Kashmir,2021,Shopian,1,Shopian,280
3,Jammu And Kashmir,2021,Sopore,1,Baramulla,281
13,Jammu And Kashmir,2021,Srinagar,1,Srinagar,282
14,Jammu And Kashmir,2021,Udhampur,1,Udhampur,283
5,Jammu And Kashmir,2021,Cyber Crime Jammu,1,Jammu,284
5,Jammu And Kashmir,2021,Cyber Crime Kashmir,1,Jammu,285
5,Jammu And Kashmir,2021,Anti Narcotic Task Force Jammu,1,Jammu,286
322,Jharkhand,2021,Bokaro,20,Bokaro,287
343,Jharkhand,2021,Chaibasa,20,West Singhbhum,288
323,Jharkhand,2021,Chatra,20,Chatra,289
324,Jharkhand,2021,Deoghar,20,Deoghar,290
325,Jharkhand,2021,Dhanbad,20,Dhanbad,291
325,Jharkhand,2021,Dhanbad Railway,20,Dhanbad,292
326,Jharkhand,2021,Dumka,20,Dumka,293
328,Jharkhand,2021,Garhwa,20,Garhwa,294
329,Jharkhand,2021,Giridih,20,Giridih,295
330,Jharkhand,2021,Godda,20,Godda,296
331,Jharkhand,2021,Gumla,20,Gumla,297
332,Jharkhand,2021,Hazaribagh,20,Hazaribagh,298
327,Jharkhand,2021,Jamshedpur,20,East Singhbum,299
327,Jharkhand,2021,Jamshedpur Railway,20,East Singhbum,300
333,Jharkhand,2021,Jamtara,20,Jamtara,301
606,Jharkhand,2021,Khunti,20,Khunti,302
334,Jharkhand,2021,Koderma,20,Koderma,303
335,Jharkhand,2021,Latehar,20,Latehar,304
336,Jharkhand,2021,Lohardagga,20,Lohardaga,305
337,Jharkhand,2021,Pakur,20,Pakur,306
338,Jharkhand,2021,Palamu,20,Palamu,307
607,Jharkhand,2021,Ramgarh,20,Ramgarh,308
339,Jharkhand,2021,Ranchi,20,Ranchi,309
340,Jharkhand,2021,Sahebganj,20,Sahebganj,310
341,Jharkhand,2021,Saraikela,20,Saraikela Kharsawan,311
342,Jharkhand,2021,Simdega,20,Simdega,312
524,Karnataka,2021,Bagalkot,29,Bagalkote,313
525,Karnataka,2021,Bengaluru City,29,Bengaluru Urban,314
525,Karnataka,2021,Bengaluru District,29,Bengaluru Urban,315
527,Karnataka,2021,Belagavi District,29,Belagavi,316
528,Karnataka,2021,Ballari,29,Ballari,317
529,Karnataka,2021,Bidar,29,Bidar,318
530,Karnataka,2021,Vijayapura,29,Vijayapura,319
630,Karnataka,2021,Chikkaballapura,29,Chikkaballapura,320
531,Karnataka,2021,Chamarajnagar,29,Chamarajanagara,321
532,Karnataka,2021,Chikkamagaluru,29,Chikkamagaluru,322
533,Karnataka,2021,Chitradurga,29,Chitradurga,323
534,Karnataka,2021,Dakshina Kannada,29,Dakshina Kannada,324
535,Karnataka,2021,Davanagere,29,Davangere,325
536,Karnataka,2021,Dharwad,29,Dharwad,326
537,Karnataka,2021,Gadag,29,Gadag,327
538,Karnataka,2021,Kalaburgi,29,Kalaburagi,328
539,Karnataka,2021,Hassan,29,Hassan,329
540,Karnataka,2021,Haveri,29,Haveri,330
536,Karnataka,2021,Hubballi Dharwad City,29,Dharwad,331
527,Karnataka,2021,K.G.F.,29,Belagavi,332
541,Karnataka,2021,Kodagu,29,Kodagu,333
542,Karnataka,2021,Kolar,29,Kolar,334
543,Karnataka,2021,Koppal,29,Koppal,335
544,Karnataka,2021,Mandya,29,Mandya,336
534,Karnataka,2021,Mangaluru City,29,Dakshina Kannada,337
545,Karnataka,2021,Mysuru City,29,Mysuru,338
545,Karnataka,2021,Mysuru District,29,Mysuru,339
546,Karnataka,2021,Raichur,29,Raichur,340
525,Karnataka,2021,K.Railways,29,Bengaluru Urban,341
631,Karnataka,2021,Ramanagara,29,Ramanagara,342
547,Karnataka,2021,Shimoga,29,Shivamogga,343
548,Karnataka,2021,Tumakuru,29,Tumakuru,344
549,Karnataka,2021,Udupi,29,Udupi,345
550,Karnataka,2021,Uttara Kannada,29,Uttara Kannada,346
635,Karnataka,2021,Yadgiri,29,Yadgir,347
527,Karnataka,2021,Belagavi City,29,Belagavi,348
538,Karnataka,2021,Kalaburgi City,29,Kalaburagi,349
554,Kerala,2021,Alapuzha,32,Alappuzha,350
555,Kerala,2021,Ernakulam Commr.,32,Ernakulam,351
555,Kerala,2021,Ernakulam Rural,32,Ernakulam,352
556,Kerala,2021,Idukki,32,Idukki,353
557,Kerala,2021,Kannur City,32,Kannur,354
558,Kerala,2021,Kasargod,32,Kasaragod,355
559,Kerala,2021,Kollam Commr.,32,Kollam,356
559,Kerala,2021,Kollam Rural,32,Kollam,357
560,Kerala,2021,Kottayam,32,Kottayam,358
561,Kerala,2021,Kozhikode Commr.,32,Kozhikode,359
561,Kerala,2021,Kozhikode Rural,32,Kozhikode,360
562,Kerala,2021,Malappuram,32,Malappuram,361
563,Kerala,2021,Palakkad,32,Palakkad,362
564,Kerala,2021,Pathanamthitta,32,Pathanamthitta,363
565,Kerala,2021,Railways,32,Thiruvananthapuram,364
566,Kerala,2021,Thrissur Commr.,32,Thrissur,365
566,Kerala,2021,Thrissur Rural,32,Thrissur,366
565,Kerala,2021,Trivandrum Commr.,32,Thiruvananthapuram,367
565,Kerala,2021,Trivandrum Rural,32,Thiruvananthapuram,368
567,Kerala,2021,Wayanadu,32,Wayanad,369
565,Kerala,2021,Crime Branch,32,Thiruvananthapuram,370
557,Kerala,2021,Kannur Rural,32,Kannur,371
667,Madhya Pradesh,2021,Agar,23,Agar Malwa,372
639,Madhya Pradesh,2021,Alirajpur,23,Alirajpur,373
390,Madhya Pradesh,2021,Anuppur,23,Anuppur,374
391,Madhya Pradesh,2021,Ashok Nagar,23,Ashoknagar,375
392,Madhya Pradesh,2021,Balaghat,23,Balaghat,376
393,Madhya Pradesh,2021,Barwani,23,Barwani,377
394,Madhya Pradesh,2021,Betul,23,Betul,378
395,Madhya Pradesh,2021,Bhind,23,Bhind,379
396,Madhya Pradesh,2021,Bhopal,23,Bhopal,380
396,Madhya Pradesh,2021,Bhopal Railway,23,Bhopal,381
397,Madhya Pradesh,2021,Burhanpur,23,Burhanpur,382
398,Madhya Pradesh,2021,Chhatarpur,23,Chhatarpur,383
399,Madhya Pradesh,2021,Chhindwara,23,Chhindwara,384
400,Madhya Pradesh,2021,Damoh,23,Damoh,385
401,Madhya Pradesh,2021,Datia,23,Datia,386
402,Madhya Pradesh,2021,Dewas,23,Dewas,387
403,Madhya Pradesh,2021,Dhar,23,Dhar,388
404,Madhya Pradesh,2021,Dindori,23,Dindori,389
406,Madhya Pradesh,2021,Guna,23,Guna,390
407,Madhya Pradesh,2021,Gwalior,23,Gwalior,391
408,Madhya Pradesh,2021,Harda,23,Harda,392
409,Madhya Pradesh,2021,Hoshangabad,23,Narmadapuram,393
410,Madhya Pradesh,2021,Indore,23,Indore,394
410,Madhya Pradesh,2021,Indore Railway,23,Indore,395
411,Madhya Pradesh,2021,Jabalpur,23,Jabalpur,396
411,Madhya Pradesh,2021,Jabalpur Railway,23,Jabalpur,397
412,Madhya Pradesh,2021,Jhabua,23,Jhabua,398
413,Madhya Pradesh,2021,Katni,23,Katni,399
410,Madhya Pradesh,2021,Khandwa,23,Indore,400
414,Madhya Pradesh,2021,Khargone,23,Khargone,401
415,Madhya Pradesh,2021,Mandla,23,Mandla,402
416,Madhya Pradesh,2021,Mandsaur,23,Mandsaur,403
417,Madhya Pradesh,2021,Morena,23,Morena,404
418,Madhya Pradesh,2021,Narsinghpur,23,Narsinghpur,405
419,Madhya Pradesh,2021,Neemuch,23,Neemuch,406
420,Madhya Pradesh,2021,Panna,23,Panna,407
421,Madhya Pradesh,2021,Raisen,23,Raisen,408
422,Madhya Pradesh,2021,Rajgarh,23,Rajgarh,409
423,Madhya Pradesh,2021,Ratlam,23,Ratlam,410
424,Madhya Pradesh,2021,Rewa,23,Rewa,411
425,Madhya Pradesh,2021,Sagar,23,Sagar,412
426,Madhya Pradesh,2021,Satna,23,Satna,413
428,Madhya Pradesh,2021,Seoni,23,Seoni,414
429,Madhya Pradesh,2021,Shahdol,23,Shahdol,415
430,Madhya Pradesh,2021,Shajapur,23,Shajapur,416
431,Madhya Pradesh,2021,Sheopur,23,Sheopur,417
432,Madhya Pradesh,2021,Shivpuri,23,Shivpuri,418
433,Madhya Pradesh,2021,Sidhi,23,Sidhi,419
427,Madhya Pradesh,2021,Sehore,23,Sehore,420
638,Madhya Pradesh,2021,Singrauli,23,Singrauli,421
434,Madhya Pradesh,2021,Tikamgarh,23,Tikamgarh,422
435,Madhya Pradesh,2021,Ujjain,23,Ujjain,423
436,Madhya Pradesh,2021,Umaria,23,Umaria,424
437,Madhya Pradesh,2021,Vidisha,23,Vidisha,425
396,Madhya Pradesh,2021,Cyber Crime Cell,23,Bhopal,426
722,Madhya Pradesh,2021,Niwari,23,Niwari,427
466,Maharashtra,2021,Ahmednagar,27,Ahmednagar,428
467,Maharashtra,2021,Akola,27,Akola,429
468,Maharashtra,2021,Amravati Commr.,27,Amravati,430
468,Maharashtra,2021,Amravati Rural,27,Amravati,431
469,Maharashtra,2021,Aurangabad Commr.,27,Aurangabad,432
469,Maharashtra,2021,Aurangabad Rural,27,Aurangabad,433
470,Maharashtra,2021,Beed,27,Beed,434
471,Maharashtra,2021,Bhandara,27,Bhandara,435
472,Maharashtra,2021,Buldhana,27,Buldhana,436
473,Maharashtra,2021,Chandrapur,27,Chandrapur,437
474,Maharashtra,2021,Dhule,27,Dhule,438
475,Maharashtra,2021,Gadchiroli,27,Gadchiroli,439
476,Maharashtra,2021,Gondia,27,Gondia,440
477,Maharashtra,2021,Hingoli,27,Hingoli,441
478,Maharashtra,2021,Jalgaon,27,Jalgaon,442
479,Maharashtra,2021,Jalna,27,Jalna,443
480,Maharashtra,2021,Kolhapur,27,Kolhapur,444
481,Maharashtra,2021,Latur,27,Latur,445
482,Maharashtra,2021,Mumbai Commr.,27,Mumbai,446
482,Maharashtra,2021,Mumbai Railway,27,Mumbai,447
484,Maharashtra,2021,Nagpur Commr.,27,Nagpur,448
484,Maharashtra,2021,Nagpur Railway,27,Nagpur,449
484,Maharashtra,2021,Nagpur Rural,27,Nagpur,450
485,Maharashtra,2021,Nanded,27,Nanded,451
486,Maharashtra,2021,Nandurbar,27,Nandurbar,452
487,Maharashtra,2021,Nasik Commr.,27,Nashik,453
487,Maharashtra,2021,Nasik Rural,27,Nashik,454
483,Maharashtra,2021,Navi Mumbai,27,Mumbai Suburban,455
488,Maharashtra,2021,Osmanabad,27,Osmanabad,456
665,Maharashtra,2021,Palghar,27,Palghar,457
489,Maharashtra,2021,Parbhani,27,Parbhani,458
490,Maharashtra,2021,Pune Commr.,27,Pune,459
490,Maharashtra,2021,Pune Railway,27,Pune,460
490,Maharashtra,2021,Pune Rural,27,Pune,461
491,Maharashtra,2021,Raigad,27,Raigad,462
492,Maharashtra,2021,Ratnagiri,27,Ratnagiri,463
493,Maharashtra,2021,Sangli,27,Sangli,464
494,Maharashtra,2021,Satara,27,Satara,465
495,Maharashtra,2021,Sindhudurg,27,Sindhudurg,466
496,Maharashtra,2021,Solapur Commr.,27,Solapur,467
496,Maharashtra,2021,Solapur Rural,27,Solapur,468
497,Maharashtra,2021,Thane Commr.,27,Thane,469
497,Maharashtra,2021,Thane Rural,27,Thane,470
498,Maharashtra,2021,Wardha,27,Wardha,471
499,Maharashtra,2021,Washim,27,Washim,472
500,Maharashtra,2021,Yavatmal,27,Yavatmal,473
490,Maharashtra,2021,Pimpri Chinchwad City,27,Pune,474
469,Maharashtra,2021,Aurangabad Railway,27,Aurangabad,475
497,Maharashtra,2021,Mira Bhayandar Vasai Virar Commr.,27,Thane,476
252,Manipur,2021,Bishnupur,14,Bishnupur,477
253,Manipur,2021,Chandel,14,Chandel,478
254,Manipur,2021,Churachandpur,14,Churachandpur,479
256,Manipur,2021,Cid,14,Imphal West,480
255,Manipur,2021,Imphal East,14,Imphal East,481
256,Manipur,2021,Imphal West,14,Imphal West,482
257,Manipur,2021,Senapati,14,Senapati,483
258,Manipur,2021,Tamenglong,14,Tamenglong,484
259,Manipur,2021,Thoubal,14,Thoubal,485
260,Manipur,2021,Ukhrul,14,Ukhrul,486
711,Manipur,2021,Kakching,14,Kakching,487
717,Manipur,2021,Kamjong,14,Kamjong,488
712,Manipur,2021,Kangpokpi,14,Kangpokpi,489
713,Manipur,2021,Jiribam,14,Jiribam,490
714,Manipur,2021,Noney,14,Noney,491
715,Manipur,2021,Pherzawl,14,Pherzawl,492
716,Manipur,2021,Tengnoupal,14,Tengnoupal,493
256,Manipur,2021,Narcotic,14,Imphal West,494
273,Meghalaya,2021,Garo Hills East,17,East Garo Hills,495
656,Meghalaya,2021,Garo Hills North,17,North Garo Hills,496
277,Meghalaya,2021,Garo Hills South,17,South Garo Hills,497
663,Meghalaya,2021,Garo Hills South West,17,South West Garo Hills,498
278,Meghalaya,2021,Garo Hills West,17,West Garo Hills,499
275,Meghalaya,2021,Jaintia Hills West,17,West Jaintia Hills,500
657,Meghalaya,2021,Jaintia Hills East,17,East Jaintia Hills,501
274,Meghalaya,2021,Khasi Hills East,17,East Khasi Hills,502
658,Meghalaya,2021,Khasi Hills South West,17,South West Khasi Hills,503
279,Meghalaya,2021,Khasi Hills West,17,West Khasi Hills,504
276,Meghalaya,2021,Ri-Bhoi,17,Ri Bhoi,505
274,Meghalaya,2021,Cyber Cell,17,East Khasi Hills,506
261,Mizoram,2021,Aizawl,15,Aizawl,507
262,Mizoram,2021,Champhai,15,Champhai,508
263,Mizoram,2021,Kolasib,15,Kolasib,509
264,Mizoram,2021,Lawngtlai,15,Lawngtlai,510
265,Mizoram,2021,Lunglei,15,Lunglei,511
266,Mizoram,2021,Mamit,15,Mamit,512
267,Mizoram,2021,Saiha,15,Saiha,513
268,Mizoram,2021,Serchhip,15,Serchhip,514
261,Mizoram,2021,Spl Narcotic,15,Aizawl,515
727,Mizoram,2021,Saitual,15,Saitual,516
728,Mizoram,2021,Khawzawl,15,Khawzawl,517
726,Mizoram,2021,Hnahthial,15,Hnahthial,518
261,Mizoram,2021,Cyber,15,Aizawl,519
244,Nagaland,2021,Dimapur,13,Dimapur,520
614,Nagaland,2021,Kiphire,13,Kiphire,521
245,Nagaland,2021,Kohima,13,Kohima,522
615,Nagaland,2021,Longleng,13,Longleng,523
246,Nagaland,2021,Mokokchung,13,Mokokchung,524
247,Nagaland,2021,Mon,13,Mon,525
613,Nagaland,2021,Peren,13,Peren,526
248,Nagaland,2021,Phek,13,Phek,527
249,Nagaland,2021,Tuensang,13,Tuensang,528
250,Nagaland,2021,Wokha,13,Wokha,529
251,Nagaland,2021,Zunheboto,13,Zunheboto,530
344,Odisha,2021,Angul,21,Anugul,531
346,Odisha,2021,Balasore,21,Baleshwar,532
347,Odisha,2021,Baragarh,21,Bargarh,533
346,Odisha,2021,Berhampur,21,Baleshwar,534
348,Odisha,2021,Bhadrak,21,Bhadrak,535
345,Odisha,2021,Bolangir,21,Balangir,536
349,Odisha,2021,Boudh,21,Boudh,537
350,Odisha,2021,Cuttack,21,Cuttack,538
362,Odisha,2021,Dcp Bbsr,21,Khordha,539
350,Odisha,2021,Dcp Ctc,21,Cuttack,540
351,Odisha,2021,Deogarh,21,Deogarh,541
352,Odisha,2021,Dhenkanal,21,Dhenkanal,542
353,Odisha,2021,Gajapati,21,Gajapati,543
354,Odisha,2021,Ganjam,21,Ganjam,544
355,Odisha,2021,Jagatsinghpur,21,Jagatsinghapur,545
356,Odisha,2021,Jajpur,21,Jajapur,546
357,Odisha,2021,Jharsuguda,21,Jharsuguda,547
358,Odisha,2021,Kalahandi,21,Kalahandi,548
359,Odisha,2021,Kandhamal,21,Kandhamal,549
360,Odisha,2021,Kendrapara,21,Kendrapara,550
361,Odisha,2021,Keonjhar,21,Kendujhar,551
362,Odisha,2021,Khurda,21,Khordha,552
363,Odisha,2021,Koraput,21,Koraput,553
364,Odisha,2021,Malkangiri,21,Malkangiri,554
365,Odisha,2021,Mayurbhanj,21,Mayurbhanj,555
367,Odisha,2021,Nayagarh,21,Nayagarh,556
366,Odisha,2021,Nabarangpur,21,Nabarangpur,557
368,Odisha,2021,Nuapada,21,Nuapada,558
369,Odisha,2021,Puri,21,Puri,559
370,Odisha,2021,Rayagada,21,Rayagada,560
373,Odisha,2021,Rourkela,21,Sundargarh,561
371,Odisha,2021,Sambalpur,21,Sambalpur,562
372,Odisha,2021,Sonepur,21,Sonepur,563
350,Odisha,2021,Srp(Cuttack),21,Cuttack,564
373,Odisha,2021,Srp(Rourkela),21,Sundargarh,565
373,Odisha,2021,Sundargarh,21,Sundargarh,566
350,Odisha,2021,Cid Cb,21,Cuttack,567
27,Punjab,2021,Amritsar Rural,3,Amritsar,568
605,Punjab,2021,Barnala,3,Barnala,569
32,Punjab,2021,Batala,3,Gurdaspur,570
28,Punjab,2021,Bathinda,3,Bathinda,571
27,Punjab,2021,Cp Amritsar,3,Amritsar,572
34,Punjab,2021,Cp Jalandhar,3,Jalandhar,573
36,Punjab,2021,Cp Ludhiana,3,Ludhiana,574
29,Punjab,2021,Faridkot,3,Faridkot,575
30,Punjab,2021,Fatehgarh Sahib,3,Fatehgarh Sahib,576
651,Punjab,2021,Fazilka,3,Fazilka,577
31,Punjab,2021,Ferozepur,3,Ferozepur,578
41,Punjab,2021,Grp,3,Patiala,579
32,Punjab,2021,Gurdaspur,3,Gurdaspur,580
33,Punjab,2021,Hoshiarpur,3,Hoshiarpur,581
34,Punjab,2021,Jalandhar Rural,3,Jalandhar,582
35,Punjab,2021,Kapurthala,3,Kapurthala,583
36,Punjab,2021,Khanna,3,Ludhiana,584
36,Punjab,2021,Ludhiana Rural,3,Ludhiana,585
37,Punjab,2021,Mansa,3,Mansa,586
38,Punjab,2021,Moga,3,Moga,587
39,Punjab,2021,Muktsar,3,Sri Muktsar Sahib,588
662,Punjab,2021,Pathankot,3,Pathankot,589
41,Punjab,2021,Patiala,3,Patiala,590
42,Punjab,2021,Ropar,3,Rupnagar,591
43,Punjab,2021,Sangrur,3,Sangrur,592
608,Punjab,2021,Sas Nagar,3,S.A.S Nagar,593
40,Punjab,2021,Sbs Nagar,3,Shahid Bhagat Singh Nagar,594
609,Punjab,2021,Tarn Taran,3,Tarn Taran,595
608,Punjab,2021,Bureau Of Investigation,3,S.A.S Nagar,596
608,Punjab,2021,Intelligence Wing,3,S.A.S Nagar,597
608,Punjab,2021,Nri Wing,3,S.A.S Nagar,598
27,Punjab,2021,Special Task Force,3,Amritsar,599
737,Punjab,2021,Malerkotla,3,Malerkotla,600
86,Rajasthan,2021,Ajmer,8,Ajmer,601
87,Rajasthan,2021,Alwar,8,Alwar,602
88,Rajasthan,2021,Banswara,8,Banswara,603
89,Rajasthan,2021,Baran,8,Baran,604
90,Rajasthan,2021,Barmer,8,Barmer,605
91,Rajasthan,2021,Bharatpur,8,Bharatpur,606
92,Rajasthan,2021,Bhilwara,8,Bhilwara,607
93,Rajasthan,2021,Bikaner,8,Bikaner,608
94,Rajasthan,2021,Bundi,8,Bundi,609
95,Rajasthan,2021,Chittorgarh,8,Chittorgarh,610
96,Rajasthan,2021,Churu,8,Churu,611
97,Rajasthan,2021,Dausa,8,Dausa,612
98,Rajasthan,2021,Dholpur,8,Dholpur,613
99,Rajasthan,2021,Dungarpur,8,Dungarpur,614
86,Rajasthan,2021,Grp Ajmer,8,Ajmer,615
107,Rajasthan,2021,Grp Jodhpur,8,Jodhpur,616
100,Rajasthan,2021,Ganganagar,8,Ganganagar,617
101,Rajasthan,2021,Hanumangarh,8,Hanumangarh,618
102,Rajasthan,2021,Jaipur East,8,Jaipur,619
102,Rajasthan,2021,Jaipur North,8,Jaipur,620
783,Rajasthan,2021,Jaipur Rural,8,Jaipur (Gramin),621
102,Rajasthan,2021,Jaipur South,8,Jaipur,622
102,Rajasthan,2021,Jaipur West,8,Jaipur,623
103,Rajasthan,2021,Jaisalmer,8,Jaisalmer,624
104,Rajasthan,2021,Jalore,8,Jalore,625
105,Rajasthan,2021,Jhalawar,8,Jhalawar,626
106,Rajasthan,2021,Jhunjhunu,8,Jhunjhunu,627
107,Rajasthan,2021,Jodhpur East,8,Jodhpur,628
107,Rajasthan,2021,Jodhpur West,8,Jodhpur,629
107,Rajasthan,2021,Jodhpur Rural,8,Jodhpur,630
108,Rajasthan,2021,Karauli,8,Karauli,631
109,Rajasthan,2021,Kota City,8,Kota,632
109,Rajasthan,2021,Kota Rural,8,Kota,633
110,Rajasthan,2021,Nagaur,8,Nagaur,634
111,Rajasthan,2021,Pali,8,Pali,635
629,Rajasthan,2021,Pratapgarh,8,Pratapgarh,636
112,Rajasthan,2021,Rajsamand,8,Rajsamand,637
113,Rajasthan,2021,Sawai Madhopur,8,Sawai Madhopur,638
114,Rajasthan,2021,Sikar,8,Sikar,639
115,Rajasthan,2021,Sirohi,8,Sirohi,640
116,Rajasthan,2021,Tonk,8,Tonk,641
117,Rajasthan,2021,Udaipur,8,Udaipur,642
102,Rajasthan,2021,Jaipur Metro,8,Jaipur,643
102,Rajasthan,2021,Scrb,8,Jaipur,644
102,Rajasthan,2021,Sog,8,Jaipur,645
102,Rajasthan,2021,Ssb,8,Jaipur,646
102,Rajasthan,2021,Jaipur Crime,8,Jaipur,647
770,Rajasthan,2021,Bhiwadi,8,Khairthal-Tijara,648
225,Sikkim,2021,East,11,Gangtok,649
226,Sikkim,2021,North,11,Mangan,650
227,Sikkim,2021,South,11,Namchi,651
228,Sikkim,2021,West,11,Gyalshing,652
225,Sikkim,2021,Cid,11,Gangtok,653
610,Tamil Nadu,2021,Ariyalur,33,Ariyalur,654
568,Tamil Nadu,2021,Chennai,33,Chennai,655
569,Tamil Nadu,2021,Coimbatore,33,Coimbatore,656
569,Tamil Nadu,2021,Coimbatore City,33,Coimbatore,657
570,Tamil Nadu,2021,Cuddalore,33,Cuddalore,658
571,Tamil Nadu,2021,Dharmapuri,33,Dharmapuri,659
572,Tamil Nadu,2021,Dindigul,33,Dindigul,660
573,Tamil Nadu,2021,Erode,33,Erode,661
574,Tamil Nadu,2021,Kanchipuram,33,Kanchipuram,662
575,Tamil Nadu,2021,Kanyakumari,33,Kanniyakumari,663
576,Tamil Nadu,2021,Karur,33,Karur,664
577,Tamil Nadu,2021,Krishnagiri,33,Krishnagiri,665
578,Tamil Nadu,2021,Madurai,33,Madurai,666
578,Tamil Nadu,2021,Madurai City,33,Madurai,667
579,Tamil Nadu,2021,Nagapattinam,33,Nagapattinam,668
580,Tamil Nadu,2021,Namakkal,33,Namakkal,669
587,Tamil Nadu,2021,Nilgiris,33,The Nilgiris,670
581,Tamil Nadu,2021,Perambalur,33,Perambalur,671
582,Tamil Nadu,2021,Pudukottai,33,Pudukkottai,672
583,Tamil Nadu,2021,Ramnathapuram,33,Ramanathapuram,673
568,Tamil Nadu,2021,Railway Chennai,33,Chennai,674
591,Tamil Nadu,2021,Railway Trichy,33,Tiruchirappalli,675
584,Tamil Nadu,2021,Salem,33,Salem,676
584,Tamil Nadu,2021,Salem City,33,Salem,677
585,Tamil Nadu,2021,Sivagangai,33,Sivaganga,678
586,Tamil Nadu,2021,Thanjavur,33,Thanjavur,679
588,Tamil Nadu,2021,Theni,33,Theni,680
592,Tamil Nadu,2021,Thirunelveli,33,Tirunelveli,681
592,Tamil Nadu,2021,Thirunelveli City,33,Tirunelveli,682
589,Tamil Nadu,2021,Thiruvallur,33,Thiruvallur,683
593,Tamil Nadu,2021,Thiruvannamalai,33,Tiruvannamalai,684
590,Tamil Nadu,2021,Thiruvarur,33,Thiruvarur,685
594,Tamil Nadu,2021,Thoothukudi,33,Tuticorin,686
634,Tamil Nadu,2021,Tiruppur,33,Tiruppur,687
634,Tamil Nadu,2021,Tiruppur City,33,Tiruppur,688
591,Tamil Nadu,2021,Trichy,33,Tiruchirappalli,689
591,Tamil Nadu,2021,Trichy City,33,Tiruchirappalli,690
595,Tamil Nadu,2021,Vellore,33,Vellore,691
596,Tamil Nadu,2021,Villupuram,33,Villupuram,692
597,Tamil Nadu,2021,Virudhunagar,33,Virudhunagar,693
568,Tamil Nadu,2021,Cyber Cell,33,Chennai,694
568,Tamil Nadu,2021,Other Units,33,Chennai,695
730,Tamil Nadu,2021,Chengalpattu,33,Chengalpattu,696
729,Tamil Nadu,2021,Kallakurichi,33,Kallakurichi,697
731,Tamil Nadu,2021,Ranipet,33,Ranipet,698
732,Tamil Nadu,2021,Tiruppattur,33,Tirupathur,699
733,Tamil Nadu,2021,Tenkasi,33,Tenkasi,700
507,Telangana,2021,Cyberabad Commissionerate,36,Hyderabad,701
507,Telangana,2021,Hyderabad Commissionerate,36,Hyderabad,702
508,Telangana,2021,Karimnagar Commissionerate,36,Karimnagar,703
509,Telangana,2021,Khammam Commissionerate,36,Khammam,704
516,Telangana,2021,Nizamabad Commissionerate,36,Nizamabad,705
697,Telangana,2021,Rachakonda Commissionerate,36,Yadadri Bhuvanagiri,706
682,Telangana,2021,Ramagundam Commissionerate,36,Peddapalli,707
692,Telangana,2021,Siddipet Commissionerate,36,Siddipet,708
522,Telangana,2021,Warangal Commissionerate,36,Warangal,709
501,Telangana,2021,Adilabad,36,Adilabad,710
690,Telangana,2021,Bhadradri Kothagudem,36,Bhadradri Kothagudem,711
681,Telangana,2021,Jagityal,36,Jagitial,712
687,Telangana,2021,Jayashankar Bhupalpalli,36,Jayashankar Bhupalapally,713
695,Telangana,2021,Jogulamba Gadwal,36,Jogulamba Gadwal,714
685,Telangana,2021,Kamareddy ,36,Kamareddy,715
699,Telangana,2021,Kumaram Bheem Asifabad,36,Kumuram Bheem Asifabad,716
688,Telangana,2021,Mahabubabad,36,Mahabubabad,717
512,Telangana,2021,Mahabubnagar,36,Mahabubnagar,718
513,Telangana,2021,Medak,36,Medak,719
694,Telangana,2021,Nagarkurnool,36,Nagarkurnool,720
514,Telangana,2021,Nalgonda,36,Nalgonda,721
680,Telangana,2021,Nirmal,36,Nirmal,722
683,Telangana,2021,Rajanna Siricilla,36,Rajanna Sircilla,723
691,Telangana,2021,Sangareddy,36,Sangareddy,724
696,Telangana,2021,Suryapet,36,Suryapet,725
698,Telangana,2021,Vikarabad,36,Vikarabad,726
693,Telangana,2021,Wanaparthy,36,Wanaparthy,727
507,Telangana,2021,Railway Police Secunderabad,36,Hyderabad,728
720,Telangana,2021,Mulug,36,Mulugu,729
721,Telangana,2021,Narayanpet,36,Narayanpet,730
269,Tripura,2021,Dhalai,16,Dhalai,731
654,Tripura,2021,Gomati,16,Gomati,732
272,Tripura,2021,Grp,16,West Tripura,733
652,Tripura,2021,Kowai,16,Khowai,734
270,Tripura,2021,North,16,North Tripura,735
653,Tripura,2021,Sipahijala,16,Sepahijala,736
271,Tripura,2021,South,16,South Tripura,737
655,Tripura,2021,Unakoti,16,Unakoti,738
272,Tripura,2021,West,16,West Tripura,739
118,Uttar Pradesh,2021,Agra,9,Agra,740
119,Uttar Pradesh,2021,Aligarh,9,Aligarh,741
120,Uttar Pradesh,2021,Prayagraj,9,Prayagraj,742
121,Uttar Pradesh,2021,Ambedkar Nagar,9,Ambedkar Nagar,743
640,Uttar Pradesh,2021,Amethi,9,Amethi,744
154,Uttar Pradesh,2021,Amroha,9,Amroha,745
122,Uttar Pradesh,2021,Auraiya,9,Auraiya,746
123,Uttar Pradesh,2021,Azamgarh,9,Azamgarh,747
133,Uttar Pradesh,2021,Badaun,9,Budaun,748
124,Uttar Pradesh,2021,Baghpat,9,Baghpat,749
125,Uttar Pradesh,2021,Bahraich,9,Bahraich,750
126,Uttar Pradesh,2021,Ballia,9,Ballia,751
127,Uttar Pradesh,2021,Balrampur,9,Balrampur,752
128,Uttar Pradesh,2021,Banda,9,Banda,753
129,Uttar Pradesh,2021,Barabanki,9,Barabanki,754
130,Uttar Pradesh,2021,Bareilly,9,Bareilly,755
131,Uttar Pradesh,2021,Basti,9,Basti,756
132,Uttar Pradesh,2021,Bijnor,9,Bijnor,757
134,Uttar Pradesh,2021,Bulandshahar,9,Bulandshahr,758
135,Uttar Pradesh,2021,Chandoli,9,Chandauli,759
136,Uttar Pradesh,2021,Chitrakoot,9,Chitrakoot,760
137,Uttar Pradesh,2021,Deoria,9,Deoria,761
138,Uttar Pradesh,2021,Etah,9,Etah,762
139,Uttar Pradesh,2021,Etawah,9,Etawah,763
140,Uttar Pradesh,2021,Ayodhya,9,Ayodhya,764
141,Uttar Pradesh,2021,Fatehgarh,9,Farrukhabad,765
142,Uttar Pradesh,2021,Fatehpur,9,Fatehpur,766
143,Uttar Pradesh,2021,Firozabad,9,Firozabad,767
162,Uttar Pradesh,2021,Grp,9,Lucknow,768
144,Uttar Pradesh,2021,Gautambudh Nagar,9,Gautam Buddha Nagar,769
145,Uttar Pradesh,2021,Ghaziabad,9,Ghaziabad,770
146,Uttar Pradesh,2021,Ghazipur,9,Ghazipur,771
147,Uttar Pradesh,2021,Gonda,9,Gonda,772
148,Uttar Pradesh,2021,Gorakhpur,9,Gorakhpur,773
149,Uttar Pradesh,2021,Hamirpur,9,Hamirpur,774
661,Uttar Pradesh,2021,Hapur,9,Hapur,775
150,Uttar Pradesh,2021,Hardoi,9,Hardoi,776
163,Uttar Pradesh,2021,Hathras,9,Hathras,777
151,Uttar Pradesh,2021,Jalaun,9,Jalaun,778
152,Uttar Pradesh,2021,Jaunpur,9,Jaunpur,779
153,Uttar Pradesh,2021,Jhansi,9,Jhansi,780
155,Uttar Pradesh,2021,Kannauj,9,Kannauj,781
156,Uttar Pradesh,2021,Kanpur Dehat,9,Kanpur Dehat,782
157,Uttar Pradesh,2021,Kanpur Commissionarate,9,Kanpur Nagar,783
633,Uttar Pradesh,2021,Kasganj,9,Kasganj,784
158,Uttar Pradesh,2021,Kaushambi,9,Kaushambi,785
159,Uttar Pradesh,2021,Khiri,9,Kheri,786
160,Uttar Pradesh,2021,Kushi Nagar,9,Kushi Nagar,787
161,Uttar Pradesh,2021,Lalitpur,9,Lalitpur,788
162,Uttar Pradesh,2021,Lucknow Commissionarate,9,Lucknow,789
164,Uttar Pradesh,2021,Maharajganj,9,Maharajganj,790
165,Uttar Pradesh,2021,Mahoba,9,Mahoba,791
166,Uttar Pradesh,2021,Mainpuri,9,Mainpuri,792
167,Uttar Pradesh,2021,Mathura,9,Mathura,793
168,Uttar Pradesh,2021,Mau,9,Mau,794
169,Uttar Pradesh,2021,Meerut,9,Meerut,795
170,Uttar Pradesh,2021,Mirzapur,9,Mirzapur,796
171,Uttar Pradesh,2021,Moradabad,9,Moradabad,797
172,Uttar Pradesh,2021,Muzaffarnagar,9,Muzaffarnagar,798
173,Uttar Pradesh,2021,Pilibhit,9,Pilibhit,799
174,Uttar Pradesh,2021,Pratapgarh,9,Pratapgarh,800
175,Uttar Pradesh,2021,Raibareilly,9,Rae Bareli,801
176,Uttar Pradesh,2021,Rampur,9,Rampur,802
177,Uttar Pradesh,2021,Saharanpur,9,Saharanpur,803
659,Uttar Pradesh,2021,Sambhal,9,Sambhal,804
178,Uttar Pradesh,2021,Sant Kabirnagar,9,Sant Kabeer Nagar,805
180,Uttar Pradesh,2021,Shahjahanpur,9,Shahjahanpur,806
660,Uttar Pradesh,2021,Shamli,9,Shamli,807
181,Uttar Pradesh,2021,Shrawasti,9,Shravasti,808
182,Uttar Pradesh,2021,Sidharthnagar,9,Siddharth Nagar,809
183,Uttar Pradesh,2021,Sitapur,9,Sitapur,810
184,Uttar Pradesh,2021,Sonbhadra,9,Sonbhadra,811
179,Uttar Pradesh,2021,Bhadohi,9,Bhadohi,812
185,Uttar Pradesh,2021,Sultanpur,9,Sultanpur,813
186,Uttar Pradesh,2021,Unnao,9,Unnao,814
187,Uttar Pradesh,2021,Varanasi Commissionarate,9,Varanasi,815
162,Uttar Pradesh,2021,Lucknow Grameen,9,Lucknow,816
156,Uttar Pradesh,2021,Kanpur Outer,9,Kanpur Dehat,817
187,Uttar Pradesh,2021,Vasanasi Dehat,9,Varanasi,818
45,Uttarakhand,2021,Almora,5,Almora,819
46,Uttarakhand,2021,Bageshwar,5,Bageshwar,820
47,Uttarakhand,2021,Chamoli,5,Chamoli,821
48,Uttarakhand,2021,Champawat,5,Champawat,822
49,Uttarakhand,2021,Dehradun,5,Dehradun,823
50,Uttarakhand,2021,Haridwar,5,Haridwar,824
51,Uttarakhand,2021,Nainital,5,Nainital,825
52,Uttarakhand,2021,Pauri Garhwal,5,Pauri Garhwal,826
53,Uttarakhand,2021,Pithoragarh,5,Pithoragarh,827
54,Uttarakhand,2021,Rudra Prayag,5,Rudra Prayag,828
55,Uttarakhand,2021,Tehri Garhwal,5,Tehri Garhwal,829
56,Uttarakhand,2021,Udhamsingh Nagar,5,Udam Singh Nagar,830
57,Uttarakhand,2021,Uttarkashi,5,Uttar Kashi,831
49,Uttarakhand,2021,Grp,5,Dehradun,832
9999,Uttarakhand,2021,Cyber Cell,5,Cyber Cell,833
664,West Bengal,2021,Alipurduar,19,Alipurduar,834
704,West Bengal,2021,Asansol-Durgapur Pc,19,Paschim Bardhaman,835
305,West Bengal,2021,Bankura,19,Bankura,836
303,West Bengal,2021,Barrackpur Pc,19,24 Paraganas North,837
303,West Bengal,2021,Bidhannagar Pc,19,24 Paraganas North,838
307,West Bengal,2021,Birbhum,19,Birbhum,839
308,West Bengal,2021,Coochbehar,19,Coochbehar,840
310,West Bengal,2021,Dakshin Dinajpur,19,Dinajpur Dakshin,841
309,West Bengal,2021,Darjeeling,19,Darjeeling,842
312,West Bengal,2021,Hooghly Rural Police,19,Hooghly,843
313,West Bengal,2021,Howrah Grp,19,Howrah,844
313,West Bengal,2021,Howrah Pc,19,Howrah,845
313,West Bengal,2021,Howrah Rural,19,Howrah,846
314,West Bengal,2021,Jalpaiguri,19,Jalpaiguri,847
703,West Bengal,2021,Jhargram,19,Jhargram,848
318,West Bengal,2021,Kharagpur Grp,19,Medinipur West,849
315,West Bengal,2021,Kolkata,19,Kolkata,850
316,West Bengal,2021,Malda,19,Maldah,851
319,West Bengal,2021,Murshidabad Police District,19,Murshidabad,852
318,West Bengal,2021,Paschim Medinipur,19,Medinipur West,853
317,West Bengal,2021,Purab Medinipur,19,Medinipur East,854
321,West Bengal,2021,Purulia,19,Purulia,855
315,West Bengal,2021,Sealdah Grp,19,Kolkata,856
309,West Bengal,2021,Siliguri Grp,19,Darjeeling,857
309,West Bengal,2021,Siliguri Pc,19,Darjeeling,858
304,West Bengal,2021,Baruipur Police,19,24 Paraganas South,859
312,West Bengal,2021,Chandannagar Pc,19,Hooghly,860
304,West Bengal,2021,Diamond Harbour Police,19,24 Paraganas South,861
702,West Bengal,2021,Kalimpong,19,Kalimpong,862
306,West Bengal,2021,Purba Bardhaman,19,Purba Bardhaman,863
304,West Bengal,2021,Sundarban Police,19,24 Paraganas South,864
303,West Bengal,2021,Barasat,19,24 Paraganas North,865
303,West Bengal,2021,Basirhat,19,24 Paraganas North,866
303,West Bengal,2021,Bangaon,19,24 Paraganas North,867
311,West Bengal,2021,Islampur,19,Dinajpur Uttar,868
319,West Bengal,2021,Jangipur Police District,19,Murshidabad,869
320,West Bengal,2021,Krishnagar,19,Nadia,870
311,West Bengal,2021,Raiganj,19,Dinajpur Uttar,871
320,West Bengal,2021,Ranaghat,19,Nadia,872
602,Andaman And Nicobar Islands                   ,2021,South Andaman,35,South Andamans,873
632,Andaman And Nicobar Islands                   ,2021,North And Middle Andaman,35,North And Middle Andaman,874
603,Andaman And Nicobar Islands                   ,2021,Nicobar,35,Nicobars,875
44,Chandigarh,2021,Chandigarh,4,Chandigarh,876
465,The Dadra And Nagar Haveli And Daman And Diu,2021,Dadra And Nagar Haveli,38,Dadra And Nagar Haveli,877
463,The Dadra And Nagar Haveli And Daman And Diu,2021,Daman,38,Daman,878
464,The Dadra And Nagar Haveli And Daman And Diu,2021,Diu,38,Diu,879
77,Delhi,2021,Central,7,Central,880
82,Delhi,2021,Crime Branch,7,North West,881
78,Delhi,2021,East,7,East,882
79,Delhi,2021,Eow,7,New Delhi,883
79,Delhi,2021,Igi Airport,7,New Delhi,884
82,Delhi,2021,Metro,7,North West,885
79,Delhi,2021,New Delhi,7,New Delhi,886
80,Delhi,2021,North,7,North,887
81,Delhi,2021,North-East,7,North East,888
82,Delhi,2021,North-West,7,North West,889
82,Delhi,2021,Outer,7,North West,890
79,Delhi,2021,Railway,7,New Delhi,891
83,Delhi,2021,South,7,South,892
670,Delhi,2021,South-East,7,South East,893
84,Delhi,2021,South-West,7,South West,894
82,Delhi,2021,Spl Cell,7,North West,895
79,Delhi,2021,Spuwac,7,New Delhi,896
79,Delhi,2021,Vigilance,7,New Delhi,897
85,Delhi,2021,West,7,West,898
82,Delhi,2021,Rohini,7,North West,899
671,Delhi,2021,Shahdara,7,Shahdara,900
84,Delhi,2021,Dwarka,7,South West,901
79,Delhi,2021,Outer North,7,New Delhi,902
6,Ladakh,2021,Kargil,37,Kargil,903
9,Ladakh,2021,Leh,37,Leh Ladakh,904
553,Lakshadweep,2021,Lakshadweep,31,Lakshadweep District,905
598,Puducherry,2021,Karaikal,34,Karaikal,906
600,Puducherry,2021,Puducherry,34,Pondicherry,907
745,Andhra Pradesh,2022,Alluri Sitharama Raju,28,Alluri Sitharama Raju,908
744,Andhra Pradesh,2022,Anakapalli,28,Anakapalli,909
502,Andhra Pradesh,2022,Anantapuramu,28,Anantapur,910
753,Andhra Pradesh,2022,Annamayya,28,Annamayya,911
750,Andhra Pradesh,2022,Bapatla,28,Bapatla,912
503,Andhra Pradesh,2022,Chittoor,28,Chittoor,913
747,Andhra Pradesh,2022,Dr Br Ambedkar Konaseema,28,Konaseema,914
505,Andhra Pradesh,2022,East Godavari,28,East Godavari,915
748,Andhra Pradesh,2022,Eluru,28,Eluru,916
502,Andhra Pradesh,2022,Guntakal Railway,28,Anantapur,917
506,Andhra Pradesh,2022,Guntur,28,Guntur,918
746,Andhra Pradesh,2022,Kakinada,28,Kakinada,919
510,Andhra Pradesh,2022,Krishna,28,Krishna,920
511,Andhra Pradesh,2022,Kurnool,28,Kurnool,921
755,Andhra Pradesh,2022,Nandyal,28,Nandyal,922
749,Andhra Pradesh,2022,Ntr,28,Ntr,923
751,Andhra Pradesh,2022,Palnadu,28,Palnadu,924
743,Andhra Pradesh,2022,Parvathipuram Manyam,28,Parvathipuram Manyam,925
517,Andhra Pradesh,2022,Prakasam,28,Prakasam,926
515,Andhra Pradesh,2022,Sri Potti Sriramulu Nellore,28,Spsr Nellore,927
754,Andhra Pradesh,2022,Sri Sathya Sai,28,Sri Sathya Sai,928
519,Andhra Pradesh,2022,Srikakulam,28,Srikakulam,929
752,Andhra Pradesh,2022,Tirupati,28,Tirupati,930
749,Andhra Pradesh,2022,Viiayawada Railway,28,Ntr,931
520,Andhra Pradesh,2022,Visakhapatnam,28,Visakhapatanam,932
521,Andhra Pradesh,2022,Vizianagaram,28,Vizianagaram,933
523,Andhra Pradesh,2022,West Godavari,28,West Godavari,934
504,Andhra Pradesh,2022,Ysr,28,Y.S.R.,935
628,Arunachal Pradesh,2022,Anjaw,12,Anjaw,936
229,Arunachal Pradesh,2022,Changlang,12,Changlang,937
237,Arunachal Pradesh,2022,Crime Branch,12,Papum Pare,938
230,Arunachal Pradesh,2022,Dibang Valley,12,Dibang Valley,939
231,Arunachal Pradesh,2022,Kameng East,12,East Kameng,940
242,Arunachal Pradesh,2022,Kameng West,12,West Kameng,941
233,Arunachal Pradesh,2022,Kurung Kumey,12,Kurung Kumey,942
234,Arunachal Pradesh,2022,Lohit,12,Lohit,943
666,Arunachal Pradesh,2022,Longding,12,Longding,944
235,Arunachal Pradesh,2022,Lower Dibang Valley,12,Lower Dibang Valley,945
237,Arunachal Pradesh,2022,Papum Pare City,12,Papum Pare,946
237,Arunachal Pradesh,2022,Papum Pare Rural,12,Papum Pare,947
232,Arunachal Pradesh,2022,Siang East,12,East Siang,948
240,Arunachal Pradesh,2022,Siang Upper,12,Upper Siang,949
243,Arunachal Pradesh,2022,Siang West,12,West Siang,950
236,Arunachal Pradesh,2022,Subansiri Lower,12,Lower Subansiri,951
241,Arunachal Pradesh,2022,Subansiri Upper,12,Upper Subansiri,952
238,Arunachal Pradesh,2022,Tawang,12,Tawang,953
239,Arunachal Pradesh,2022,Tirap,12,Tirap,954
678,Arunachal Pradesh,2022,Namsai,12,Namsai,955
679,Arunachal Pradesh,2022,Siang,12,Siang,956
718,Arunachal Pradesh,2022,Kamle,12,Kamle,957
677,Arunachal Pradesh,2022,Kra Dadi,12,Kra Daadi,958
719,Arunachal Pradesh,2022,Lower Siang,12,Lower Siang,959
724,Arunachal Pradesh,2022,Leparada,12,Leparada,960
725,Arunachal Pradesh,2022,Shiyomi,12,Shi Yomi,961
723,Arunachal Pradesh,2022,Pakkessang,12,Pakke Kessang,962
618,Assam,2022,Bieo,18,Kamrup Metro,963
280,Assam,2022,Barpeta,18,Barpeta,964
616,Assam,2022,Baksa,18,Baksa,965
281,Assam,2022,Bongaigaon,18,Bongaigaon,966
618,Assam,2022,Cid,18,Kamrup Metro,967
282,Assam,2022,Cachar,18,Cachar,968
612,Assam,2022,Chirang,18,Chirang,969
283,Assam,2022,Darrang,18,Darrang,970
284,Assam,2022,Dhemaji,18,Dhemaji,971
285,Assam,2022,Dhubri,18,Dhubri,972
286,Assam,2022,Dibrugarh,18,Dibrugarh,973
618,Assam,2022,Grp,18,Kamrup Metro,974
287,Assam,2022,Goalpara,18,Goalpara,975
288,Assam,2022,Golaghat,18,Golaghat,976
618,Assam,2022,Guwahati City,18,Kamrup Metro,977
289,Assam,2022,Hailakandi,18,Hailakandi,978
710,Assam,2022,Hamren,18,West Karbi Anglong,979
290,Assam,2022,Jorhat,18,Jorhat,980
291,Assam,2022,Kamrup,18,Kamrup,981
292,Assam,2022,Karbi Anglong,18,Karbi Anglong,982
293,Assam,2022,Karimganj,18,Karimganj,983
294,Assam,2022,Kokrajhar,18,Kokrajhar,984
295,Assam,2022,Lakhimpur,18,Lakhimpur,985
296,Assam,2022,Morigaon,18,Marigaon,986
299,Assam,2022,Dima Hasao,18,Dima Hasao,987
297,Assam,2022,Nagaon,18,Nagaon,988
298,Assam,2022,Nalbari,18,Nalbari,989
618,Assam,2022,Rpo,18,Kamrup Metro,990
618,Assam,2022,Sou,18,Kamrup Metro,991
618,Assam,2022,Stf,18,Kamrup Metro,992
300,Assam,2022,Sibsagar,18,Sivasagar,993
301,Assam,2022,Sonitpur,18,Sonitpur,994
302,Assam,2022,Tinsukia,18,Tinsukia,995
617,Assam,2022,Udalguri,18,Udalguri,996
302,Assam,2022,Sadia,18,Tinsukia,997
706,Assam,2022,Majuli,18,Majuli,998
705,Assam,2022,Biswanath,18,Biswanath,999
709,Assam,2022,Hojai,18,Hojai,1000
707,Assam,2022,South Salmara,18,South Salmara Mancachar,1001
708,Assam,2022,Charaideo,18,Charaideo,1002
739,Assam,2022,Bajali,18,Bajali,1003
756,Assam,2022,Tamulpur,18,Tamulpur,1004
188,Bihar,2022,Araria,10,Araria,1005
611,Bihar,2022,Arwal,10,Arwal,1006
189,Bihar,2022,Aurangabad,10,Aurangabad,1007
211,Bihar,2022,Bagaha,10,Pashchim Champaran,1008
190,Bihar,2022,Banka,10,Banka,1009
191,Bihar,2022,Begusarai,10,Begusarai,1010
211,Bihar,2022,Bettiah,10,Pashchim Champaran,1011
200,Bihar,2022,Kaimur(Bhabhua),10,Kaimur (Bhabua),1012
192,Bihar,2022,Bhagalpur,10,Bhagalpur,1013
193,Bihar,2022,Bhojpur,10,Bhojpur,1014
194,Bihar,2022,Buxar,10,Buxar,1015
195,Bihar,2022,Darbhanga,10,Darbhanga,1016
196,Bihar,2022,Gaya,10,Gaya,1017
197,Bihar,2022,Gopalganj,10,Gopalganj,1018
207,Bihar,2022,Jamalpur Railway,10,Munger,1019
198,Bihar,2022,Jamui,10,Jamui,1020
199,Bihar,2022,Jehanabad,10,Jehanabad,1021
201,Bihar,2022,Katihar,10,Katihar,1022
201,Bihar,2022,Katihar Railway,10,Katihar,1023
202,Bihar,2022,Khagaria,10,Khagaria,1024
203,Bihar,2022,Kishanganj,10,Kishanganj,1025
204,Bihar,2022,Lakhisarai,10,Lakhisarai,1026
205,Bihar,2022,Madhepura,10,Madhepura,1027
206,Bihar,2022,Madhubani,10,Madhubani,1028
213,Bihar,2022,Motihari,10,Purbi Champaran,1029
207,Bihar,2022,Munger,10,Munger,1030
208,Bihar,2022,Muzaffarpur,10,Muzaffarpur,1031
208,Bihar,2022,Muzaffarpur Railway,10,Muzaffarpur,1032
209,Bihar,2022,Nalanda,10,Nalanda,1033
192,Bihar,2022,Naugachia,10,Bhagalpur,1034
210,Bihar,2022,Nawadah,10,Nawada,1035
212,Bihar,2022,Patna,10,Patna,1036
212,Bihar,2022,Patna Railway,10,Patna,1037
214,Bihar,2022,Purnea,10,Purnia,1038
215,Bihar,2022,Rohtas,10,Rohtas,1039
216,Bihar,2022,Saharsa,10,Saharsa,1040
217,Bihar,2022,Samastipur,10,Samastipur,1041
218,Bihar,2022,Saran,10,Saran,1042
219,Bihar,2022,Sheikhpura,10,Sheikhpura,1043
220,Bihar,2022,Sheohar,10,Sheohar,1044
221,Bihar,2022,Sitamarhi,10,Sitamarhi,1045
222,Bihar,2022,Siwan,10,Siwan,1046
223,Bihar,2022,Supaul,10,Supaul,1047
224,Bihar,2022,Vaishali,10,Vaishali,1048
212,Bihar,2022,Economic Offences Unit,10,Patna,1049
212,Bihar,2022,Anti Terrorist Squad,10,Patna,1050
646,Chhattisgarh,2022,Balod,22,Balod,1051
644,Chhattisgarh,2022,Balodbazar,22,Baloda Bazar,1052
649,Chhattisgarh,2022,Balrampur,22,Balrampur,1053
650,Chhattisgarh,2022,Bemetra,22,Bemetara,1054
375,Chhattisgarh,2022,Bilaspur,22,Bilaspur,1055
636,Chhattisgarh,2022,Bizapur,22,Bijapur,1056
376,Chhattisgarh,2022,Dantewara,22,Dantewada,1057
377,Chhattisgarh,2022,Dhamtari,22,Dhamtari,1058
378,Chhattisgarh,2022,Durg,22,Durg,1059
645,Chhattisgarh,2022,Gariyaband,22,Gariyaband,1060
387,Chhattisgarh,2022,Grp Raipur,22,Raipur,1061
374,Chhattisgarh,2022,Jagdalpur,22,Bastar,1062
379,Chhattisgarh,2022,Janjgir,22,Janjgir-Champa,1063
380,Chhattisgarh,2022,Jashpur,22,Jashpur,1064
382,Chhattisgarh,2022,Kabirdham,22,Kabirdham,1065
381,Chhattisgarh,2022,Kanker,22,Kanker,1066
643,Chhattisgarh,2022,Kondagaon,22,Kondagaon,1067
383,Chhattisgarh,2022,Korba,22,Korba,1068
384,Chhattisgarh,2022,Koriya,22,Korea,1069
385,Chhattisgarh,2022,Mahasamund,22,Mahasamund,1070
647,Chhattisgarh,2022,Mungali,22,Mungeli,1071
637,Chhattisgarh,2022,Narayanpur,22,Narayanpur,1072
386,Chhattisgarh,2022,Raigarh,22,Raigarh,1073
387,Chhattisgarh,2022,Raipur,22,Raipur,1074
388,Chhattisgarh,2022,Rajnandgaon,22,Rajnandgaon,1075
389,Chhattisgarh,2022,Sarguja,22,Surguja,1076
642,Chhattisgarh,2022,Sukma,22,Sukma,1077
648,Chhattisgarh,2022,Surajpur,22,Surajpur,1078
734,Chhattisgarh,2022,Gaurela-Pendra-Marwari,22,Gaurella Pendra Marwahi,1079
759,Chhattisgarh,2022,Khairagarh - Chhuikhadan-Gandai,22,Khairgarh Chhuikhadan Gandai,1080
760,Chhattisgarh,2022,Manendragarh-Chirmiri-Bharatpur,22,Manendragarh Chirimiri Bharatpur,1081
761,Chhattisgarh,2022,Mohla-Manpur-Ambagarh Chouki,22,Mohla Manpur Ambagarh Chouki,1082
762,Chhattisgarh,2022,Sakti,22,Sakti,1083
763,Chhattisgarh,2022,Sarangarh-Bilaigarh,22,Sarangarh Bilaigarh,1084
551,Goa,2022,North Goa,30,North Goa,1085
552,Goa,2022,South Goa,30,South Goa,1086
551,Goa,2022,Cid,30,North Goa,1087
438,Gujarat,2022,Ahmedabad City,24,Ahmadabad,1088
438,Gujarat,2022,Ahmedabad Rural,24,Ahmadabad,1089
439,Gujarat,2022,Amreli,24,Amreli,1090
440,Gujarat,2022,Anand,24,Anand,1091
672,Gujarat,2022,Arvalli,24,Arvalli,1092
441,Gujarat,2022,Banaskantha,24,Banas Kantha,1093
442,Gujarat,2022,Bharuch,24,Bharuch,1094
443,Gujarat,2022,Bhavnagar,24,Bhavnagar,1095
676,Gujarat,2022,Botad,24,Botad,1096
668,Gujarat,2022,Chhotaudepur,24,Chhotaudepur,1097
446,Gujarat,2022,Cid Crime,24,Gandhinagar,1098
445,Gujarat,2022,Dahod,24,Dohad,1099
444,Gujarat,2022,Dang,24,Dang,1100
674,Gujarat,2022,Devbhumi Dwarka,24,Devbhumi Dwarka,1101
446,Gujarat,2022,Gandhinagar,24,Gandhinagar,1102
675,Gujarat,2022,Gir Somnath,24,Gir Somnath,1103
447,Gujarat,2022,Jamnagar,24,Jamnagar,1104
448,Gujarat,2022,Junagadh,24,Junagadh,1105
449,Gujarat,2022,Kachchh East(G),24,Kachchh,1106
449,Gujarat,2022,Kachchh West(B),24,Kachchh,1107
450,Gujarat,2022,Kheda,24,Kheda,1108
669,Gujarat,2022,Mahisagar,24,Mahisagar,1109
451,Gujarat,2022,Mehsana,24,Mahesana,1110
673,Gujarat,2022,Morbi,24,Morbi,1111
452,Gujarat,2022,Narmada,24,Narmada,1112
453,Gujarat,2022,Navsari,24,Navsari,1113
454,Gujarat,2022,Panchmahal,24,Panch Mahals,1114
455,Gujarat,2022,Patan,24,Patan,1115
456,Gujarat,2022,Porbandar,24,Porbandar,1116
457,Gujarat,2022,Rajkot City,24,Rajkot,1117
457,Gujarat,2022,Rajkot Rural,24,Rajkot,1118
458,Gujarat,2022,Sabarkantha,24,Sabar Kantha,1119
459,Gujarat,2022,Surat City,24,Surat,1120
459,Gujarat,2022,Surat Rural,24,Surat,1121
460,Gujarat,2022,Surendranagar,24,Surendranagar,1122
641,Gujarat,2022,Tapi,24,Tapi,1123
461,Gujarat,2022,Vadodara City,24,Vadodara,1124
461,Gujarat,2022,Vadodara Rural,24,Vadodara,1125
462,Gujarat,2022,Valsad,24,Valsad,1126
438,Gujarat,2022,W.Rly Ahmedabad,24,Ahmadabad,1127
461,Gujarat,2022,W.Rly Vadodara,24,Vadodara,1128
438,Gujarat,2022,Cyber Ahmedabad Range,24,Ahmadabad,1129
443,Gujarat,2022,Cyber Bhavnagar Range,24,Bhavnagar,1130
9999,Gujarat,2022,Cyber Border Range,24,Cyber Border Range,1131
446,Gujarat,2022,Cyber Gandhinagar Range,24,Gandhinagar,1132
448,Gujarat,2022,Cyber Junagadh Range,24,Junagadh,1133
454,Gujarat,2022,Cyber Panchmahal Range,24,Panch Mahals,1134
457,Gujarat,2022,Cyber Rajkot Range,24,Rajkot,1135
459,Gujarat,2022,Cyber Surat Range,24,Surat,1136
461,Gujarat,2022,Cyber Vadodara Range,24,Vadodara,1137
58,Haryana,2022,Ambala,6,Ambala,1138
59,Haryana,2022,Bhiwani,6,Bhiwani,1139
60,Haryana,2022,Faridabad,6,Faridabad,1140
61,Haryana,2022,Fatehabad,6,Fatehabad,1141
58,Haryana,2022,Grp,6,Ambala,1142
62,Haryana,2022,Gurugram,6,Gurugram,1143
63,Haryana,2022,Hissar,6,Hisar,1144
64,Haryana,2022,Jhajjar,6,Jhajjar,1145
65,Haryana,2022,Jind,6,Jind,1146
66,Haryana,2022,Kaithal,6,Kaithal,1147
67,Haryana,2022,Karnal,6,Karnal,1148
68,Haryana,2022,Kurukshetra,6,Kurukshetra,1149
69,Haryana,2022,Mahendergarh,6,Mahendragarh,1150
604,Haryana,2022,Nuh,6,Nuh,1151
619,Haryana,2022,Palwal,6,Palwal,1152
70,Haryana,2022,Panchkula,6,Panchkula,1153
71,Haryana,2022,Panipat,6,Panipat,1154
72,Haryana,2022,Rewari,6,Rewari,1155
73,Haryana,2022,Rohtak,6,Rohtak,1156
74,Haryana,2022,Sirsa,6,Sirsa,1157
75,Haryana,2022,Sonipat,6,Sonipat,1158
76,Haryana,2022,Yamunanagar,6,Yamunanagar,1159
62,Haryana,2022,Irrigation & Power,6,Gurugram,1160
701,Haryana,2022,Charkhi Dadri,6,Charki Dadri,1161
63,Haryana,2022,Hansi,6,Hisar,1162
25,Himachal Pradesh,2022,Baddi,2,Solan,1163
15,Himachal Pradesh,2022,Bilaspur,2,Bilaspur,1164
16,Himachal Pradesh,2022,Chamba,2,Chamba,1165
23,Himachal Pradesh,2022,Cid,2,Shimla,1166
23,Himachal Pradesh,2022,Grp,2,Shimla,1167
17,Himachal Pradesh,2022,Hamirpur,2,Hamirpur,1168
18,Himachal Pradesh,2022,Kangra,2,Kangra,1169
19,Himachal Pradesh,2022,Kinnaur,2,Kinnaur,1170
20,Himachal Pradesh,2022,Kullu,2,Kullu,1171
21,Himachal Pradesh,2022,Lahaul & Spiti,2,Lahul And Spiti,1172
22,Himachal Pradesh,2022,Mandi,2,Mandi,1173
23,Himachal Pradesh,2022,Shimla,2,Shimla,1174
24,Himachal Pradesh,2022,Sirmaur,2,Sirmaur,1175
25,Himachal Pradesh,2022,Solan,2,Solan,1176
26,Himachal Pradesh,2022,Una,2,Una,1177
23,Himachal Pradesh,2022,Cyber,2,Shimla,1178
322,Jharkhand,2022,Bokaro,20,Bokaro,1179
343,Jharkhand,2022,Chaibasa,20,West Singhbhum,1180
323,Jharkhand,2022,Chatra,20,Chatra,1181
324,Jharkhand,2022,Deoghar,20,Deoghar,1182
325,Jharkhand,2022,Dhanbad,20,Dhanbad,1183
325,Jharkhand,2022,Dhanbad Railway,20,Dhanbad,1184
326,Jharkhand,2022,Dumka,20,Dumka,1185
328,Jharkhand,2022,Garhwa,20,Garhwa,1186
329,Jharkhand,2022,Giridih,20,Giridih,1187
330,Jharkhand,2022,Godda,20,Godda,1188
331,Jharkhand,2022,Gumla,20,Gumla,1189
332,Jharkhand,2022,Hazaribagh,20,Hazaribagh,1190
327,Jharkhand,2022,Jamshedpur,20,East Singhbum,1191
327,Jharkhand,2022,Jamshedpur Railway,20,East Singhbum,1192
333,Jharkhand,2022,Jamtara,20,Jamtara,1193
606,Jharkhand,2022,Khunti,20,Khunti,1194
334,Jharkhand,2022,Koderma,20,Koderma,1195
335,Jharkhand,2022,Latehar,20,Latehar,1196
336,Jharkhand,2022,Lohardagga,20,Lohardaga,1197
337,Jharkhand,2022,Pakur,20,Pakur,1198
338,Jharkhand,2022,Palamu,20,Palamu,1199
607,Jharkhand,2022,Ramgarh,20,Ramgarh,1200
339,Jharkhand,2022,Ranchi,20,Ranchi,1201
340,Jharkhand,2022,Sahebganj,20,Sahebganj,1202
341,Jharkhand,2022,Saraikela,20,Saraikela Kharsawan,1203
342,Jharkhand,2022,Simdega,20,Simdega,1204
524,Karnataka,2022,Bagalkot,29,Bagalkote,1205
525,Karnataka,2022,Bengaluru City,29,Bengaluru Urban,1206
525,Karnataka,2022,Bengaluru District,29,Bengaluru Urban,1207
527,Karnataka,2022,Belagavi District,29,Belagavi,1208
528,Karnataka,2022,Ballari,29,Ballari,1209
529,Karnataka,2022,Bidar,29,Bidar,1210
530,Karnataka,2022,Vijayapura,29,Vijayapura,1211
630,Karnataka,2022,Chikkaballapura,29,Chikkaballapura,1212
531,Karnataka,2022,Chamarajnagar,29,Chamarajanagara,1213
532,Karnataka,2022,Chikkamagaluru,29,Chikkamagaluru,1214
533,Karnataka,2022,Chitradurga,29,Chitradurga,1215
534,Karnataka,2022,Dakshina Kannada,29,Dakshina Kannada,1216
535,Karnataka,2022,Davanagere,29,Davangere,1217
536,Karnataka,2022,Dharwad,29,Dharwad,1218
537,Karnataka,2022,Gadag,29,Gadag,1219
538,Karnataka,2022,Kalaburgi,29,Kalaburagi,1220
539,Karnataka,2022,Hassan,29,Hassan,1221
540,Karnataka,2022,Haveri,29,Haveri,1222
536,Karnataka,2022,Hubballi Dharwad City,29,Dharwad,1223
527,Karnataka,2022,K.G.F.,29,Belagavi,1224
541,Karnataka,2022,Kodagu,29,Kodagu,1225
542,Karnataka,2022,Kolar,29,Kolar,1226
543,Karnataka,2022,Koppal,29,Koppal,1227
544,Karnataka,2022,Mandya,29,Mandya,1228
534,Karnataka,2022,Mangaluru City,29,Dakshina Kannada,1229
545,Karnataka,2022,Mysuru City,29,Mysuru,1230
545,Karnataka,2022,Mysuru District,29,Mysuru,1231
546,Karnataka,2022,Raichur,29,Raichur,1232
525,Karnataka,2022,K.Railways,29,Bengaluru Urban,1233
631,Karnataka,2022,Ramanagara,29,Ramanagara,1234
547,Karnataka,2022,Shimoga,29,Shivamogga,1235
548,Karnataka,2022,Tumakuru,29,Tumakuru,1236
549,Karnataka,2022,Udupi,29,Udupi,1237
550,Karnataka,2022,Uttara Kannada,29,Uttara Kannada,1238
635,Karnataka,2022,Yadgiri,29,Yadgir,1239
527,Karnataka,2022,Belagavi City,29,Belagavi,1240
538,Karnataka,2022,Kalaburgi City,29,Kalaburagi,1241
738,Karnataka,2022,Vijayanagara,29,Vijayanagar,1242
554,Kerala,2022,Alapuzha,32,Alappuzha,1243
555,Kerala,2022,Ernakulam Commr.,32,Ernakulam,1244
555,Kerala,2022,Ernakulam Rural,32,Ernakulam,1245
556,Kerala,2022,Idukki,32,Idukki,1246
557,Kerala,2022,Kannur City,32,Kannur,1247
558,Kerala,2022,Kasargod,32,Kasaragod,1248
559,Kerala,2022,Kollam Commr.,32,Kollam,1249
559,Kerala,2022,Kollam Rural,32,Kollam,1250
560,Kerala,2022,Kottayam,32,Kottayam,1251
561,Kerala,2022,Kozhikode Commr.,32,Kozhikode,1252
561,Kerala,2022,Kozhikode Rural,32,Kozhikode,1253
562,Kerala,2022,Malappuram,32,Malappuram,1254
563,Kerala,2022,Palakkad,32,Palakkad,1255
564,Kerala,2022,Pathanamthitta,32,Pathanamthitta,1256
565,Kerala,2022,Railways,32,Thiruvananthapuram,1257
566,Kerala,2022,Thrissur Rural,32,Thrissur,1258
565,Kerala,2022,Trivandrum Commr.,32,Thiruvananthapuram,1259
565,Kerala,2022,Trivandrum Rural,32,Thiruvananthapuram,1260
567,Kerala,2022,Wayanadu,32,Wayanad,1261
565,Kerala,2022,Crime Branch,32,Thiruvananthapuram,1262
557,Kerala,2022,Kannur Rural,32,Kannur,1263
667,Madhya Pradesh,2022,Agar,23,Agar Malwa,1264
639,Madhya Pradesh,2022,Alirajpur,23,Alirajpur,1265
390,Madhya Pradesh,2022,Anuppur,23,Anuppur,1266
391,Madhya Pradesh,2022,Ashok Nagar,23,Ashoknagar,1267
392,Madhya Pradesh,2022,Balaghat,23,Balaghat,1268
393,Madhya Pradesh,2022,Barwani,23,Barwani,1269
394,Madhya Pradesh,2022,Betul,23,Betul,1270
395,Madhya Pradesh,2022,Bhind,23,Bhind,1271
396,Madhya Pradesh,2022,Bhopal Commissionarate,23,Bhopal,1272
396,Madhya Pradesh,2022,Bhopal Railway,23,Bhopal,1273
397,Madhya Pradesh,2022,Burhanpur,23,Burhanpur,1274
398,Madhya Pradesh,2022,Chhatarpur,23,Chhatarpur,1275
399,Madhya Pradesh,2022,Chhindwara,23,Chhindwara,1276
400,Madhya Pradesh,2022,Damoh,23,Damoh,1277
401,Madhya Pradesh,2022,Datia,23,Datia,1278
402,Madhya Pradesh,2022,Dewas,23,Dewas,1279
403,Madhya Pradesh,2022,Dhar,23,Dhar,1280
404,Madhya Pradesh,2022,Dindori,23,Dindori,1281
406,Madhya Pradesh,2022,Guna,23,Guna,1282
407,Madhya Pradesh,2022,Gwalior,23,Gwalior,1283
408,Madhya Pradesh,2022,Harda,23,Harda,1284
409,Madhya Pradesh,2022,Narmadapuram,23,Narmadapuram,1285
410,Madhya Pradesh,2022,Indore Commissionarate,23,Indore,1286
410,Madhya Pradesh,2022,Indore Railway,23,Indore,1287
411,Madhya Pradesh,2022,Jabalpur,23,Jabalpur,1288
411,Madhya Pradesh,2022,Jabalpur Railway,23,Jabalpur,1289
412,Madhya Pradesh,2022,Jhabua,23,Jhabua,1290
413,Madhya Pradesh,2022,Katni,23,Katni,1291
410,Madhya Pradesh,2022,Khandwa,23,Indore,1292
414,Madhya Pradesh,2022,Khargone,23,Khargone,1293
415,Madhya Pradesh,2022,Mandla,23,Mandla,1294
416,Madhya Pradesh,2022,Mandsaur,23,Mandsaur,1295
417,Madhya Pradesh,2022,Morena,23,Morena,1296
418,Madhya Pradesh,2022,Narsinghpur,23,Narsinghpur,1297
419,Madhya Pradesh,2022,Neemuch,23,Neemuch,1298
420,Madhya Pradesh,2022,Panna,23,Panna,1299
421,Madhya Pradesh,2022,Raisen,23,Raisen,1300
422,Madhya Pradesh,2022,Rajgarh,23,Rajgarh,1301
423,Madhya Pradesh,2022,Ratlam,23,Ratlam,1302
424,Madhya Pradesh,2022,Rewa,23,Rewa,1303
425,Madhya Pradesh,2022,Sagar,23,Sagar,1304
426,Madhya Pradesh,2022,Satna,23,Satna,1305
428,Madhya Pradesh,2022,Seoni,23,Seoni,1306
429,Madhya Pradesh,2022,Shahdol,23,Shahdol,1307
430,Madhya Pradesh,2022,Shajapur,23,Shajapur,1308
431,Madhya Pradesh,2022,Sheopur,23,Sheopur,1309
432,Madhya Pradesh,2022,Shivpuri,23,Shivpuri,1310
433,Madhya Pradesh,2022,Sidhi,23,Sidhi,1311
427,Madhya Pradesh,2022,Sehore,23,Sehore,1312
638,Madhya Pradesh,2022,Singrauli,23,Singrauli,1313
434,Madhya Pradesh,2022,Tikamgarh,23,Tikamgarh,1314
435,Madhya Pradesh,2022,Ujjain,23,Ujjain,1315
436,Madhya Pradesh,2022,Umaria,23,Umaria,1316
437,Madhya Pradesh,2022,Vidisha,23,Vidisha,1317
396,Madhya Pradesh,2022,Cyber Crime Cell,23,Bhopal,1318
722,Madhya Pradesh,2022,Niwari,23,Niwari,1319
396,Madhya Pradesh,2022,Bhopal Rural,23,Bhopal,1320
410,Madhya Pradesh,2022,Indore Rural,23,Indore,1321
466,Maharashtra,2022,Ahmednagar,27,Ahmednagar,1322
467,Maharashtra,2022,Akola,27,Akola,1323
468,Maharashtra,2022,Amravati Commr.,27,Amravati,1324
468,Maharashtra,2022,Amravati Rural,27,Amravati,1325
469,Maharashtra,2022,Aurangabad Commr.,27,Aurangabad,1326
469,Maharashtra,2022,Aurangabad Rural,27,Aurangabad,1327
470,Maharashtra,2022,Beed,27,Beed,1328
471,Maharashtra,2022,Bhandara,27,Bhandara,1329
472,Maharashtra,2022,Buldhana,27,Buldhana,1330
473,Maharashtra,2022,Chandrapur,27,Chandrapur,1331
474,Maharashtra,2022,Dhule,27,Dhule,1332
475,Maharashtra,2022,Gadchiroli,27,Gadchiroli,1333
476,Maharashtra,2022,Gondia,27,Gondia,1334
477,Maharashtra,2022,Hingoli,27,Hingoli,1335
478,Maharashtra,2022,Jalgaon,27,Jalgaon,1336
479,Maharashtra,2022,Jalna,27,Jalna,1337
480,Maharashtra,2022,Kolhapur,27,Kolhapur,1338
481,Maharashtra,2022,Latur,27,Latur,1339
482,Maharashtra,2022,Mumbai Commr.,27,Mumbai,1340
482,Maharashtra,2022,Mumbai Railway,27,Mumbai,1341
484,Maharashtra,2022,Nagpur Commr.,27,Nagpur,1342
484,Maharashtra,2022,Nagpur Railway,27,Nagpur,1343
484,Maharashtra,2022,Nagpur Rural,27,Nagpur,1344
485,Maharashtra,2022,Nanded,27,Nanded,1345
486,Maharashtra,2022,Nandurbar,27,Nandurbar,1346
487,Maharashtra,2022,Nasik Commr.,27,Nashik,1347
487,Maharashtra,2022,Nasik Rural,27,Nashik,1348
483,Maharashtra,2022,Navi Mumbai,27,Mumbai Suburban,1349
488,Maharashtra,2022,Osmanabad,27,Osmanabad,1350
665,Maharashtra,2022,Palghar,27,Palghar,1351
489,Maharashtra,2022,Parbhani,27,Parbhani,1352
490,Maharashtra,2022,Pune Commr.,27,Pune,1353
490,Maharashtra,2022,Pune Railway,27,Pune,1354
490,Maharashtra,2022,Pune Rural,27,Pune,1355
491,Maharashtra,2022,Raigad,27,Raigad,1356
492,Maharashtra,2022,Ratnagiri,27,Ratnagiri,1357
493,Maharashtra,2022,Sangli,27,Sangli,1358
494,Maharashtra,2022,Satara,27,Satara,1359
495,Maharashtra,2022,Sindhudurg,27,Sindhudurg,1360
496,Maharashtra,2022,Solapur Commr.,27,Solapur,1361
496,Maharashtra,2022,Solapur Rural,27,Solapur,1362
497,Maharashtra,2022,Thane Commr.,27,Thane,1363
497,Maharashtra,2022,Thane Rural,27,Thane,1364
498,Maharashtra,2022,Wardha,27,Wardha,1365
499,Maharashtra,2022,Washim,27,Washim,1366
500,Maharashtra,2022,Yavatmal,27,Yavatmal,1367
490,Maharashtra,2022,Pimpri Chinchwad City,27,Pune,1368
469,Maharashtra,2022,Aurangabad Railway,27,Aurangabad,1369
497,Maharashtra,2022,Mira Bhayandar Vasai Virar Commr.,27,Thane,1370
252,Manipur,2022,Bishnupur,14,Bishnupur,1371
253,Manipur,2022,Chandel,14,Chandel,1372
254,Manipur,2022,Churachandpur,14,Churachandpur,1373
256,Manipur,2022,Cid,14,Imphal West,1374
255,Manipur,2022,Imphal East,14,Imphal East,1375
256,Manipur,2022,Imphal West,14,Imphal West,1376
257,Manipur,2022,Senapati,14,Senapati,1377
258,Manipur,2022,Tamenglong,14,Tamenglong,1378
259,Manipur,2022,Thoubal,14,Thoubal,1379
260,Manipur,2022,Ukhrul,14,Ukhrul,1380
711,Manipur,2022,Kakching,14,Kakching,1381
717,Manipur,2022,Kamjong,14,Kamjong,1382
712,Manipur,2022,Kangpokpi,14,Kangpokpi,1383
713,Manipur,2022,Jiribam,14,Jiribam,1384
714,Manipur,2022,Noney,14,Noney,1385
715,Manipur,2022,Pherzawl,14,Pherzawl,1386
716,Manipur,2022,Tengnoupal,14,Tengnoupal,1387
256,Manipur,2022,Narcotic,14,Imphal West,1388
273,Meghalaya,2022,Garo Hills East,17,East Garo Hills,1389
656,Meghalaya,2022,Garo Hills North,17,North Garo Hills,1390
277,Meghalaya,2022,Garo Hills South,17,South Garo Hills,1391
663,Meghalaya,2022,Garo Hills South West,17,South West Garo Hills,1392
278,Meghalaya,2022,Garo Hills West,17,West Garo Hills,1393
275,Meghalaya,2022,Jaintia Hills West,17,West Jaintia Hills,1394
657,Meghalaya,2022,Jaintia Hills East,17,East Jaintia Hills,1395
274,Meghalaya,2022,Khasi Hills East,17,East Khasi Hills,1396
658,Meghalaya,2022,Khasi Hills South West,17,South West Khasi Hills,1397
279,Meghalaya,2022,Khasi Hills West,17,West Khasi Hills,1398
276,Meghalaya,2022,Ri-Bhoi,17,Ri Bhoi,1399
274,Meghalaya,2022,Cyber Cell,17,East Khasi Hills,1400
740,Meghalaya,2022,Khasi Hills Eastern West,17,Eastern West Khasi Hills,1401
261,Mizoram,2022,Aizawl,15,Aizawl,1402
262,Mizoram,2022,Champhai,15,Champhai,1403
263,Mizoram,2022,Kolasib,15,Kolasib,1404
264,Mizoram,2022,Lawngtlai,15,Lawngtlai,1405
265,Mizoram,2022,Lunglei,15,Lunglei,1406
266,Mizoram,2022,Mamit,15,Mamit,1407
267,Mizoram,2022,Saiha,15,Saiha,1408
268,Mizoram,2022,Serchhip,15,Serchhip,1409
261,Mizoram,2022,Spl Narcotic,15,Aizawl,1410
727,Mizoram,2022,Saitual,15,Saitual,1411
728,Mizoram,2022,Khawzawl,15,Khawzawl,1412
726,Mizoram,2022,Hnahthial,15,Hnahthial,1413
261,Mizoram,2022,Cyber,15,Aizawl,1414
244,Nagaland,2022,Dimapur,13,Dimapur,1415
614,Nagaland,2022,Kiphire,13,Kiphire,1416
245,Nagaland,2022,Kohima,13,Kohima,1417
615,Nagaland,2022,Longleng,13,Longleng,1418
246,Nagaland,2022,Mokokchung,13,Mokokchung,1419
247,Nagaland,2022,Mon,13,Mon,1420
613,Nagaland,2022,Peren,13,Peren,1421
248,Nagaland,2022,Phek,13,Phek,1422
249,Nagaland,2022,Tuensang,13,Tuensang,1423
250,Nagaland,2022,Wokha,13,Wokha,1424
251,Nagaland,2022,Zunheboto,13,Zunheboto,1425
344,Odisha,2022,Angul,21,Anugul,1426
346,Odisha,2022,Balasore,21,Baleshwar,1427
347,Odisha,2022,Baragarh,21,Bargarh,1428
346,Odisha,2022,Berhampur,21,Baleshwar,1429
348,Odisha,2022,Bhadrak,21,Bhadrak,1430
345,Odisha,2022,Bolangir,21,Balangir,1431
349,Odisha,2022,Boudh,21,Boudh,1432
350,Odisha,2022,Cuttack,21,Cuttack,1433
362,Odisha,2022,Dcp Bbsr,21,Khordha,1434
350,Odisha,2022,Dcp Ctc,21,Cuttack,1435
351,Odisha,2022,Deogarh,21,Deogarh,1436
352,Odisha,2022,Dhenkanal,21,Dhenkanal,1437
353,Odisha,2022,Gajapati,21,Gajapati,1438
354,Odisha,2022,Ganjam,21,Ganjam,1439
355,Odisha,2022,Jagatsinghpur,21,Jagatsinghapur,1440
356,Odisha,2022,Jajpur,21,Jajapur,1441
357,Odisha,2022,Jharsuguda,21,Jharsuguda,1442
358,Odisha,2022,Kalahandi,21,Kalahandi,1443
359,Odisha,2022,Kandhamal,21,Kandhamal,1444
360,Odisha,2022,Kendrapara,21,Kendrapara,1445
361,Odisha,2022,Keonjhar,21,Kendujhar,1446
362,Odisha,2022,Khurda,21,Khordha,1447
363,Odisha,2022,Koraput,21,Koraput,1448
364,Odisha,2022,Malkangiri,21,Malkangiri,1449
365,Odisha,2022,Mayurbhanj,21,Mayurbhanj,1450
367,Odisha,2022,Nayagarh,21,Nayagarh,1451
366,Odisha,2022,Nabarangpur,21,Nabarangpur,1452
368,Odisha,2022,Nuapada,21,Nuapada,1453
369,Odisha,2022,Puri,21,Puri,1454
370,Odisha,2022,Rayagada,21,Rayagada,1455
373,Odisha,2022,Rourkela,21,Sundargarh,1456
371,Odisha,2022,Sambalpur,21,Sambalpur,1457
372,Odisha,2022,Sonepur,21,Sonepur,1458
350,Odisha,2022,Srp(Cuttack),21,Cuttack,1459
373,Odisha,2022,Srp(Rourkela),21,Sundargarh,1460
373,Odisha,2022,Sundargarh,21,Sundargarh,1461
350,Odisha,2022,Cid Cb,21,Cuttack,1462
27,Punjab,2022,Amritsar Rural,3,Amritsar,1463
605,Punjab,2022,Barnala,3,Barnala,1464
32,Punjab,2022,Batala,3,Gurdaspur,1465
28,Punjab,2022,Bathinda,3,Bathinda,1466
27,Punjab,2022,Cp Amritsar,3,Amritsar,1467
34,Punjab,2022,Cp Jalandhar,3,Jalandhar,1468
36,Punjab,2022,Cp Ludhiana,3,Ludhiana,1469
29,Punjab,2022,Faridkot,3,Faridkot,1470
30,Punjab,2022,Fatehgarh Sahib,3,Fatehgarh Sahib,1471
651,Punjab,2022,Fazilka,3,Fazilka,1472
31,Punjab,2022,Ferozepur,3,Ferozepur,1473
41,Punjab,2022,Grp,3,Patiala,1474
32,Punjab,2022,Gurdaspur,3,Gurdaspur,1475
33,Punjab,2022,Hoshiarpur,3,Hoshiarpur,1476
34,Punjab,2022,Jalandhar Rural,3,Jalandhar,1477
35,Punjab,2022,Kapurthala,3,Kapurthala,1478
36,Punjab,2022,Khanna,3,Ludhiana,1479
36,Punjab,2022,Ludhiana Rural,3,Ludhiana,1480
37,Punjab,2022,Mansa,3,Mansa,1481
38,Punjab,2022,Moga,3,Moga,1482
39,Punjab,2022,Muktsar,3,Sri Muktsar Sahib,1483
662,Punjab,2022,Pathankot,3,Pathankot,1484
41,Punjab,2022,Patiala,3,Patiala,1485
42,Punjab,2022,Ropar,3,Rupnagar,1486
43,Punjab,2022,Sangrur,3,Sangrur,1487
608,Punjab,2022,Sas Nagar,3,S.A.S Nagar,1488
40,Punjab,2022,Sbs Nagar,3,Shahid Bhagat Singh Nagar,1489
609,Punjab,2022,Tarn Taran,3,Tarn Taran,1490
608,Punjab,2022,Bureau Of Investigation,3,S.A.S Nagar,1491
608,Punjab,2022,Intelligence Wing,3,S.A.S Nagar,1492
608,Punjab,2022,Nri Wing,3,S.A.S Nagar,1493
27,Punjab,2022,Special Task Force,3,Amritsar,1494
737,Punjab,2022,Malerkotla,3,Malerkotla,1495
86,Rajasthan,2022,Ajmer,8,Ajmer,1496
87,Rajasthan,2022,Alwar,8,Alwar,1497
88,Rajasthan,2022,Banswara,8,Banswara,1498
89,Rajasthan,2022,Baran,8,Baran,1499
90,Rajasthan,2022,Barmer,8,Barmer,1500
91,Rajasthan,2022,Bharatpur,8,Bharatpur,1501
92,Rajasthan,2022,Bhilwara,8,Bhilwara,1502
93,Rajasthan,2022,Bikaner,8,Bikaner,1503
94,Rajasthan,2022,Bundi,8,Bundi,1504
95,Rajasthan,2022,Chittorgarh,8,Chittorgarh,1505
96,Rajasthan,2022,Churu,8,Churu,1506
97,Rajasthan,2022,Dausa,8,Dausa,1507
98,Rajasthan,2022,Dholpur,8,Dholpur,1508
99,Rajasthan,2022,Dungarpur,8,Dungarpur,1509
86,Rajasthan,2022,Grp Ajmer,8,Ajmer,1510
107,Rajasthan,2022,Grp Jodhpur,8,Jodhpur,1511
100,Rajasthan,2022,Ganganagar,8,Ganganagar,1512
101,Rajasthan,2022,Hanumangarh,8,Hanumangarh,1513
102,Rajasthan,2022,Jaipur East,8,Jaipur,1514
102,Rajasthan,2022,Jaipur North,8,Jaipur,1515
783,Rajasthan,2022,Jaipur Rural,8,Jaipur (Gramin),1516
102,Rajasthan,2022,Jaipur South,8,Jaipur,1517
102,Rajasthan,2022,Jaipur West,8,Jaipur,1518
103,Rajasthan,2022,Jaisalmer,8,Jaisalmer,1519
104,Rajasthan,2022,Jalore,8,Jalore,1520
105,Rajasthan,2022,Jhalawar,8,Jhalawar,1521
106,Rajasthan,2022,Jhunjhunu,8,Jhunjhunu,1522
107,Rajasthan,2022,Jodhpur East,8,Jodhpur,1523
107,Rajasthan,2022,Jodhpur West,8,Jodhpur,1524
107,Rajasthan,2022,Jodhpur Rural,8,Jodhpur,1525
108,Rajasthan,2022,Karauli,8,Karauli,1526
109,Rajasthan,2022,Kota City,8,Kota,1527
109,Rajasthan,2022,Kota Rural,8,Kota,1528
110,Rajasthan,2022,Nagaur,8,Nagaur,1529
111,Rajasthan,2022,Pali,8,Pali,1530
629,Rajasthan,2022,Pratapgarh,8,Pratapgarh,1531
112,Rajasthan,2022,Rajsamand,8,Rajsamand,1532
113,Rajasthan,2022,Sawai Madhopur,8,Sawai Madhopur,1533
114,Rajasthan,2022,Sikar,8,Sikar,1534
115,Rajasthan,2022,Sirohi,8,Sirohi,1535
116,Rajasthan,2022,Tonk,8,Tonk,1536
117,Rajasthan,2022,Udaipur,8,Udaipur,1537
102,Rajasthan,2022,Jaipur Metro,8,Jaipur,1538
102,Rajasthan,2022,Scrb,8,Jaipur,1539
102,Rajasthan,2022,Sog,8,Jaipur,1540
102,Rajasthan,2022,Ssb,8,Jaipur,1541
102,Rajasthan,2022,Jaipur Crime,8,Jaipur,1542
770,Rajasthan,2022,Bhiwadi,8,Khairthal-Tijara,1543
225,Sikkim,2022,Gangtok (East),11,Gangtok,1544
226,Sikkim,2022,Mangan (North),11,Mangan,1545
227,Sikkim,2022,Namchi (South),11,Namchi,1546
742,Sikkim,2022,Soreng (West),11,Soreng,1547
741,Sikkim,2022,Pakyong (East),11,Pakyong,1548
228,Sikkim,2022,Gyalshing (West),11,Gyalshing,1549
610,Tamil Nadu,2022,Ariyalur,33,Ariyalur,1550
568,Tamil Nadu,2022,Chennai,33,Chennai,1551
569,Tamil Nadu,2022,Coimbatore,33,Coimbatore,1552
569,Tamil Nadu,2022,Coimbatore City,33,Coimbatore,1553
570,Tamil Nadu,2022,Cuddalore,33,Cuddalore,1554
571,Tamil Nadu,2022,Dharmapuri,33,Dharmapuri,1555
572,Tamil Nadu,2022,Dindigul,33,Dindigul,1556
573,Tamil Nadu,2022,Erode,33,Erode,1557
574,Tamil Nadu,2022,Kanchipuram,33,Kanchipuram,1558
575,Tamil Nadu,2022,Kanyakumari,33,Kanniyakumari,1559
576,Tamil Nadu,2022,Karur,33,Karur,1560
577,Tamil Nadu,2022,Krishnagiri,33,Krishnagiri,1561
578,Tamil Nadu,2022,Madurai,33,Madurai,1562
578,Tamil Nadu,2022,Madurai City,33,Madurai,1563
579,Tamil Nadu,2022,Nagapattinam,33,Nagapattinam,1564
580,Tamil Nadu,2022,Namakkal,33,Namakkal,1565
587,Tamil Nadu,2022,Nilgiris,33,The Nilgiris,1566
581,Tamil Nadu,2022,Perambalur,33,Perambalur,1567
582,Tamil Nadu,2022,Pudukottai,33,Pudukkottai,1568
583,Tamil Nadu,2022,Ramnathapuram,33,Ramanathapuram,1569
568,Tamil Nadu,2022,Railway Chennai,33,Chennai,1570
591,Tamil Nadu,2022,Railway Trichy,33,Tiruchirappalli,1571
584,Tamil Nadu,2022,Salem,33,Salem,1572
584,Tamil Nadu,2022,Salem City,33,Salem,1573
585,Tamil Nadu,2022,Sivagangai,33,Sivaganga,1574
586,Tamil Nadu,2022,Thanjavur,33,Thanjavur,1575
588,Tamil Nadu,2022,Theni,33,Theni,1576
592,Tamil Nadu,2022,Thirunelveli,33,Tirunelveli,1577
592,Tamil Nadu,2022,Thirunelveli City,33,Tirunelveli,1578
589,Tamil Nadu,2022,Thiruvallur,33,Thiruvallur,1579
593,Tamil Nadu,2022,Thiruvannamalai,33,Tiruvannamalai,1580
590,Tamil Nadu,2022,Thiruvarur,33,Thiruvarur,1581
594,Tamil Nadu,2022,Thoothukudi,33,Tuticorin,1582
634,Tamil Nadu,2022,Tiruppur,33,Tiruppur,1583
634,Tamil Nadu,2022,Tiruppur City,33,Tiruppur,1584
591,Tamil Nadu,2022,Trichy,33,Tiruchirappalli,1585
591,Tamil Nadu,2022,Trichy City,33,Tiruchirappalli,1586
595,Tamil Nadu,2022,Vellore,33,Vellore,1587
596,Tamil Nadu,2022,Villupuram,33,Villupuram,1588
597,Tamil Nadu,2022,Virudhunagar,33,Virudhunagar,1589
568,Tamil Nadu,2022,Cyber Cell,33,Chennai,1590
568,Tamil Nadu,2022,Other Units,33,Chennai,1591
730,Tamil Nadu,2022,Chengalpattu,33,Chengalpattu,1592
729,Tamil Nadu,2022,Kallakurichi,33,Kallakurichi,1593
731,Tamil Nadu,2022,Ranipet,33,Ranipet,1594
732,Tamil Nadu,2022,Tiruppattur,33,Tirupathur,1595
733,Tamil Nadu,2022,Tenkasi,33,Tenkasi,1596
589,Tamil Nadu,2022,Avadi,33,Thiruvallur,1597
730,Tamil Nadu,2022,Tambaram,33,Chengalpattu,1598
507,Telangana,2022,Cyberabad Commissionerate,36,Hyderabad,1599
507,Telangana,2022,Hyderabad Commissionerate,36,Hyderabad,1600
508,Telangana,2022,Karimnagar Commissionerate,36,Karimnagar,1601
509,Telangana,2022,Khammam Commissionerate,36,Khammam,1602
516,Telangana,2022,Nizamabad Commissionerate,36,Nizamabad,1603
697,Telangana,2022,Rachakonda Commissionerate,36,Yadadri Bhuvanagiri,1604
682,Telangana,2022,Ramagundam Commissionerate,36,Peddapalli,1605
692,Telangana,2022,Siddipet Commissionerate,36,Siddipet,1606
522,Telangana,2022,Warangal Commissionerate,36,Warangal,1607
501,Telangana,2022,Adilabad,36,Adilabad,1608
690,Telangana,2022,Bhadradri Kothagudem,36,Bhadradri Kothagudem,1609
681,Telangana,2022,Jagityal,36,Jagitial,1610
687,Telangana,2022,Jayashankar Bhupalpalli,36,Jayashankar Bhupalapally,1611
695,Telangana,2022,Jogulamba Gadwal,36,Jogulamba Gadwal,1612
685,Telangana,2022,Kamareddy ,36,Kamareddy,1613
699,Telangana,2022,Kumaram Bheem Asifabad,36,Kumuram Bheem Asifabad,1614
688,Telangana,2022,Mahabubabad,36,Mahabubabad,1615
512,Telangana,2022,Mahabubnagar,36,Mahabubnagar,1616
513,Telangana,2022,Medak,36,Medak,1617
694,Telangana,2022,Nagarkurnool,36,Nagarkurnool,1618
514,Telangana,2022,Nalgonda,36,Nalgonda,1619
680,Telangana,2022,Nirmal,36,Nirmal,1620
683,Telangana,2022,Rajanna Siricilla,36,Rajanna Sircilla,1621
691,Telangana,2022,Sangareddy,36,Sangareddy,1622
696,Telangana,2022,Suryapet,36,Suryapet,1623
698,Telangana,2022,Vikarabad,36,Vikarabad,1624
693,Telangana,2022,Wanaparthy,36,Wanaparthy,1625
507,Telangana,2022,Railway Police Secunderabad,36,Hyderabad,1626
720,Telangana,2022,Mulug,36,Mulugu,1627
721,Telangana,2022,Narayanpet,36,Narayanpet,1628
269,Tripura,2022,Dhalai,16,Dhalai,1629
654,Tripura,2022,Gomati,16,Gomati,1630
272,Tripura,2022,Grp,16,West Tripura,1631
652,Tripura,2022,Kowai,16,Khowai,1632
270,Tripura,2022,North,16,North Tripura,1633
653,Tripura,2022,Sipahijala,16,Sepahijala,1634
271,Tripura,2022,South,16,South Tripura,1635
655,Tripura,2022,Unakoti,16,Unakoti,1636
272,Tripura,2022,West,16,West Tripura,1637
118,Uttar Pradesh,2022,Agra,9,Agra,1638
119,Uttar Pradesh,2022,Aligarh,9,Aligarh,1639
120,Uttar Pradesh,2022,Prayagraj,9,Prayagraj,1640
121,Uttar Pradesh,2022,Ambedkar Nagar,9,Ambedkar Nagar,1641
640,Uttar Pradesh,2022,Amethi,9,Amethi,1642
122,Uttar Pradesh,2022,Auraiya,9,Auraiya,1643
123,Uttar Pradesh,2022,Azamgarh,9,Azamgarh,1644
133,Uttar Pradesh,2022,Badaun,9,Budaun,1645
124,Uttar Pradesh,2022,Baghpat,9,Baghpat,1646
125,Uttar Pradesh,2022,Bahraich,9,Bahraich,1647
126,Uttar Pradesh,2022,Ballia,9,Ballia,1648
127,Uttar Pradesh,2022,Balrampur,9,Balrampur,1649
128,Uttar Pradesh,2022,Banda,9,Banda,1650
129,Uttar Pradesh,2022,Barabanki,9,Barabanki,1651
130,Uttar Pradesh,2022,Bareilly,9,Bareilly,1652
131,Uttar Pradesh,2022,Basti,9,Basti,1653
132,Uttar Pradesh,2022,Bijnor,9,Bijnor,1654
134,Uttar Pradesh,2022,Bulandshahar,9,Bulandshahr,1655
135,Uttar Pradesh,2022,Chandoli,9,Chandauli,1656
136,Uttar Pradesh,2022,Chitrakoot,9,Chitrakoot,1657
137,Uttar Pradesh,2022,Deoria,9,Deoria,1658
138,Uttar Pradesh,2022,Etah,9,Etah,1659
139,Uttar Pradesh,2022,Etawah,9,Etawah,1660
140,Uttar Pradesh,2022,Ayodhya,9,Ayodhya,1661
141,Uttar Pradesh,2022,Fatehgarh,9,Farrukhabad,1662
142,Uttar Pradesh,2022,Fatehpur,9,Fatehpur,1663
143,Uttar Pradesh,2022,Firozabad,9,Firozabad,1664
162,Uttar Pradesh,2022,Grp,9,Lucknow,1665
144,Uttar Pradesh,2022,Gautambudh Nagar,9,Gautam Buddha Nagar,1666
145,Uttar Pradesh,2022,Ghaziabad,9,Ghaziabad,1667
146,Uttar Pradesh,2022,Ghazipur,9,Ghazipur,1668
147,Uttar Pradesh,2022,Gonda,9,Gonda,1669
148,Uttar Pradesh,2022,Gorakhpur,9,Gorakhpur,1670
149,Uttar Pradesh,2022,Hamirpur,9,Hamirpur,1671
661,Uttar Pradesh,2022,Hapur,9,Hapur,1672
150,Uttar Pradesh,2022,Hardoi,9,Hardoi,1673
163,Uttar Pradesh,2022,Hathras,9,Hathras,1674
151,Uttar Pradesh,2022,Jalaun,9,Jalaun,1675
152,Uttar Pradesh,2022,Jaunpur,9,Jaunpur,1676
153,Uttar Pradesh,2022,Jhansi,9,Jhansi,1677
155,Uttar Pradesh,2022,Kannauj,9,Kannauj,1678
156,Uttar Pradesh,2022,Kanpur Dehat,9,Kanpur Dehat,1679
157,Uttar Pradesh,2022,Kanpur Commissionarate,9,Kanpur Nagar,1680
633,Uttar Pradesh,2022,Kasganj,9,Kasganj,1681
158,Uttar Pradesh,2022,Kaushambi,9,Kaushambi,1682
159,Uttar Pradesh,2022,Khiri,9,Kheri,1683
160,Uttar Pradesh,2022,Kushi Nagar,9,Kushi Nagar,1684
161,Uttar Pradesh,2022,Lalitpur,9,Lalitpur,1685
162,Uttar Pradesh,2022,Lucknow Commissionarate,9,Lucknow,1686
164,Uttar Pradesh,2022,Maharajganj,9,Maharajganj,1687
165,Uttar Pradesh,2022,Mahoba,9,Mahoba,1688
166,Uttar Pradesh,2022,Mainpuri,9,Mainpuri,1689
167,Uttar Pradesh,2022,Mathura,9,Mathura,1690
168,Uttar Pradesh,2022,Mau,9,Mau,1691
169,Uttar Pradesh,2022,Meerut,9,Meerut,1692
170,Uttar Pradesh,2022,Mirzapur,9,Mirzapur,1693
171,Uttar Pradesh,2022,Moradabad,9,Moradabad,1694
172,Uttar Pradesh,2022,Muzaffarnagar,9,Muzaffarnagar,1695
173,Uttar Pradesh,2022,Pilibhit,9,Pilibhit,1696
174,Uttar Pradesh,2022,Pratapgarh,9,Pratapgarh,1697
175,Uttar Pradesh,2022,Raibareilly,9,Rae Bareli,1698
176,Uttar Pradesh,2022,Rampur,9,Rampur,1699
177,Uttar Pradesh,2022,Saharanpur,9,Saharanpur,1700
659,Uttar Pradesh,2022,Sambhal,9,Sambhal,1701
178,Uttar Pradesh,2022,Sant Kabirnagar,9,Sant Kabeer Nagar,1702
180,Uttar Pradesh,2022,Shahjahanpur,9,Shahjahanpur,1703
660,Uttar Pradesh,2022,Shamli,9,Shamli,1704
181,Uttar Pradesh,2022,Shrawasti,9,Shravasti,1705
182,Uttar Pradesh,2022,Sidharthnagar,9,Siddharth Nagar,1706
183,Uttar Pradesh,2022,Sitapur,9,Sitapur,1707
184,Uttar Pradesh,2022,Sonbhadra,9,Sonbhadra,1708
179,Uttar Pradesh,2022,Bhadohi,9,Bhadohi,1709
185,Uttar Pradesh,2022,Sultanpur,9,Sultanpur,1710
186,Uttar Pradesh,2022,Unnao,9,Unnao,1711
187,Uttar Pradesh,2022,Varanasi Commissionarate,9,Varanasi,1712
162,Uttar Pradesh,2022,Lucknow Grameen,9,Lucknow,1713
156,Uttar Pradesh,2022,Kanpur Outer,9,Kanpur Dehat,1714
187,Uttar Pradesh,2022,Vasanasi Dehat,9,Varanasi,1715
45,Uttarakhand,2022,Almora,5,Almora,1716
46,Uttarakhand,2022,Bageshwar,5,Bageshwar,1717
47,Uttarakhand,2022,Chamoli,5,Chamoli,1718
48,Uttarakhand,2022,Champawat,5,Champawat,1719
49,Uttarakhand,2022,Dehradun,5,Dehradun,1720
50,Uttarakhand,2022,Haridwar,5,Haridwar,1721
51,Uttarakhand,2022,Nainital,5,Nainital,1722
52,Uttarakhand,2022,Pauri Garhwal,5,Pauri Garhwal,1723
53,Uttarakhand,2022,Pithoragarh,5,Pithoragarh,1724
54,Uttarakhand,2022,Rudra Prayag,5,Rudra Prayag,1725
55,Uttarakhand,2022,Tehri Garhwal,5,Tehri Garhwal,1726
56,Uttarakhand,2022,Udhamsingh Nagar,5,Udam Singh Nagar,1727
57,Uttarakhand,2022,Uttarkashi,5,Uttar Kashi,1728
49,Uttarakhand,2022,Grp,5,Dehradun,1729
9999,Uttarakhand,2022,Cyber Cell,5,Cyber Cell,1730
664,West Bengal,2022,Alipurduar,19,Alipurduar,1731
704,West Bengal,2022,Asansol-Durgapur Pc,19,Paschim Bardhaman,1732
305,West Bengal,2022,Bankura,19,Bankura,1733
303,West Bengal,2022,Barrackpur Pc,19,24 Paraganas North,1734
303,West Bengal,2022,Bidhannagar Pc,19,24 Paraganas North,1735
307,West Bengal,2022,Birbhum,19,Birbhum,1736
308,West Bengal,2022,Coochbehar,19,Coochbehar,1737
310,West Bengal,2022,Dakshin Dinajpur,19,Dinajpur Dakshin,1738
309,West Bengal,2022,Darjeeling,19,Darjeeling,1739
312,West Bengal,2022,Hooghly Rural Police,19,Hooghly,1740
313,West Bengal,2022,Howrah Grp,19,Howrah,1741
313,West Bengal,2022,Howrah Pc,19,Howrah,1742
313,West Bengal,2022,Howrah Rural,19,Howrah,1743
314,West Bengal,2022,Jalpaiguri,19,Jalpaiguri,1744
703,West Bengal,2022,Jhargram,19,Jhargram,1745
318,West Bengal,2022,Kharagpur Grp,19,Medinipur West,1746
315,West Bengal,2022,Kolkata,19,Kolkata,1747
316,West Bengal,2022,Malda,19,Maldah,1748
319,West Bengal,2022,Murshidabad Police District,19,Murshidabad,1749
318,West Bengal,2022,Paschim Medinipur,19,Medinipur West,1750
317,West Bengal,2022,Purab Medinipur,19,Medinipur East,1751
321,West Bengal,2022,Purulia,19,Purulia,1752
315,West Bengal,2022,Sealdah Grp,19,Kolkata,1753
309,West Bengal,2022,Siliguri Grp,19,Darjeeling,1754
309,West Bengal,2022,Siliguri Pc,19,Darjeeling,1755
304,West Bengal,2022,Baruipur Police,19,24 Paraganas South,1756
312,West Bengal,2022,Chandannagar Pc,19,Hooghly,1757
304,West Bengal,2022,Diamond Harbour Police,19,24 Paraganas South,1758
702,West Bengal,2022,Kalimpong,19,Kalimpong,1759
306,West Bengal,2022,Purba Bardhaman,19,Purba Bardhaman,1760
304,West Bengal,2022,Sundarban Police,19,24 Paraganas South,1761
303,West Bengal,2022,Barasat,19,24 Paraganas North,1762
303,West Bengal,2022,Basirhat,19,24 Paraganas North,1763
303,West Bengal,2022,Bangaon,19,24 Paraganas North,1764
311,West Bengal,2022,Islampur,19,Dinajpur Uttar,1765
319,West Bengal,2022,Jangipur Police District,19,Murshidabad,1766
320,West Bengal,2022,Krishnagar,19,Nadia,1767
311,West Bengal,2022,Raiganj,19,Dinajpur Uttar,1768
320,West Bengal,2022,Ranaghat,19,Nadia,1769
602,Andaman And Nicobar Islands                   ,2022,South Andaman,35,South Andamans,1770
632,Andaman And Nicobar Islands                   ,2022,North And Middle Andaman,35,North And Middle Andaman,1771
603,Andaman And Nicobar Islands                   ,2022,Nicobar,35,Nicobars,1772
44,Chandigarh,2022,Chandigarh,4,Chandigarh,1773
465,The Dadra And Nagar Haveli And Daman And Diu,2022,Dadra And Nagar Haveli,38,Dadra And Nagar Haveli,1774
463,The Dadra And Nagar Haveli And Daman And Diu,2022,Daman,38,Daman,1775
464,The Dadra And Nagar Haveli And Daman And Diu,2022,Diu,38,Diu,1776
77,Delhi,2022,Central,7,Central,1777
82,Delhi,2022,Crime Branch,7,North West,1778
78,Delhi,2022,East,7,East,1779
79,Delhi,2022,Eow,7,New Delhi,1780
79,Delhi,2022,Igi Airport,7,New Delhi,1781
82,Delhi,2022,Metro,7,North West,1782
79,Delhi,2022,New Delhi,7,New Delhi,1783
80,Delhi,2022,North,7,North,1784
81,Delhi,2022,North-East,7,North East,1785
82,Delhi,2022,North-West,7,North West,1786
82,Delhi,2022,Outer,7,North West,1787
79,Delhi,2022,Railway,7,New Delhi,1788
83,Delhi,2022,South,7,South,1789
670,Delhi,2022,South-East,7,South East,1790
84,Delhi,2022,South-West,7,South West,1791
82,Delhi,2022,Spl Cell,7,North West,1792
79,Delhi,2022,Spuwac,7,New Delhi,1793
79,Delhi,2022,Vigilance,7,New Delhi,1794
85,Delhi,2022,West,7,West,1795
82,Delhi,2022,Rohini,7,North West,1796
671,Delhi,2022,Shahdara,7,Shahdara,1797
84,Delhi,2022,Dwarka,7,South West,1798
79,Delhi,2022,Outer North,7,New Delhi,1799
1,Jammu And Kashmir,2022,Anantnag,1,Anantnag,1800
11,Jammu And Kashmir,2022,Awantipora,1,Pulwama,1801
623,Jammu And Kashmir,2022,Bandipora,1,Bandipora,1802
3,Jammu And Kashmir,2022,Baramulla,1,Baramulla,1803
2,Jammu And Kashmir,2022,Budgam,1,Budgam,1804
5,Jammu And Kashmir,2022,Special Crime Wing Jammu,1,Jammu,1805
5,Jammu And Kashmir,2022,Special Crime Wing Kashmir,1,Jammu,1806
4,Jammu And Kashmir,2022,Doda,1,Doda,1807
626,Jammu And Kashmir,2022,Ganderbal,1,Ganderbal,1808
8,Jammu And Kashmir,2022,Handwara,1,Kupwara,1809
5,Jammu And Kashmir,2022,Jammu,1,Jammu,1810
7,Jammu And Kashmir,2022,Kathua,1,Kathua,1811
620,Jammu And Kashmir,2022,Kishtwar,1,Kishtwar,1812
622,Jammu And Kashmir,2022,Kulgam,1,Kulgam,1813
8,Jammu And Kashmir,2022,Kupwara,1,Kupwara,1814
10,Jammu And Kashmir,2022,Poonch,1,Poonch,1815
11,Jammu And Kashmir,2022,Pulwama,1,Pulwama,1816
5,Jammu And Kashmir,2022,Railways Jammu,1,Jammu,1817
5,Jammu And Kashmir,2022,Railways Kashmir,1,Jammu,1818
627,Jammu And Kashmir,2022,Railways Katra,1,Reasi,1819
12,Jammu And Kashmir,2022,Rajouri,1,Rajouri,1820
621,Jammu And Kashmir,2022,Ramban,1,Ramban,1821
627,Jammu And Kashmir,2022,Reasi,1,Reasi,1822
624,Jammu And Kashmir,2022,Samba,1,Samba,1823
625,Jammu And Kashmir,2022,Shopian,1,Shopian,1824
3,Jammu And Kashmir,2022,Sopore,1,Baramulla,1825
13,Jammu And Kashmir,2022,Srinagar,1,Srinagar,1826
14,Jammu And Kashmir,2022,Udhampur,1,Udhampur,1827
5,Jammu And Kashmir,2022,Cyber Crime Jammu,1,Jammu,1828
5,Jammu And Kashmir,2022,Cyber Crime Kashmir,1,Jammu,1829
5,Jammu And Kashmir,2022,Anti Narcotic Task Force Jammu,1,Jammu,1830
13,Jammu And Kashmir,2022,Anti Narcotic Task Force Kashmir,1,Srinagar,1831
5,Jammu And Kashmir,2022,Eow Jammu,1,Jammu,1832
13,Jammu And Kashmir,2022,Eow Kashmir,1,Srinagar,1833
5,Jammu And Kashmir,2022,Cice Jammu,1,Jammu,1834
5,Jammu And Kashmir,2022,Cice Kashmir,1,Jammu,1835
6,Ladakh,2022,Kargil,37,Kargil,1836
9,Ladakh,2022,Leh,37,Leh Ladakh,1837
553,Lakshadweep,2022,Lakshadweep,31,Lakshadweep District,1838
598,Puducherry,2022,Karaikal,34,Karaikal,1839
600,Puducherry,2022,Puducherry,34,Pondicherry,1840
