District Code,Male (Below 18,Male 18  and Above),Female (Below 18,Female 18  and Above),ID,Year,Registration Circles,District Name,State Code,State Name
502,43,248,446,778,0,2021,Anantapur,Anantapur,28,Andhra Pradesh
503,45,122,265,462,1,2021,Chittoor,Chittoor,28,Andhra Pradesh
504,51,158,204,369,2,2021,Cuddapah,Y.S.R.,28,Andhra Pradesh
505,29,324,191,502,3,2021,East Godavari,East Godavari,28,Andhra Pradesh
502,1,2,0,3,4,2021,Guntakal Railway,Anantapur,28,Andhra Pradesh
506,82,198,206,461,5,2021,Guntur,Guntur,28,Andhra Pradesh
506,17,186,138,302,6,2021,Guntur Urban,Guntur,28,Andhra Pradesh
510,31,173,32,314,7,2021,Krishna,Krishna,28,Andhra Pradesh
511,93,206,261,604,8,2021,Kurnool,Kurnool,28,Andhra Pradesh
515,50,137,177,352,9,2021,Nellore,Spsr Nellore,28,Andhra Pradesh
517,53,138,198,377,10,2021,Prakasham,Prakasam,28,Andhra Pradesh
505,23,134,72,199,11,2021,Rajahmundry,East Godavari,28,Andhra Pradesh
519,16,65,85,203,12,2021,Srikakulam,Srikakulam,28,Andhra Pradesh
752,29,79,147,211,13,2021,Tirupathi Urban,Tirupati,28,Andhra Pradesh
749,35,257,128,399,14,2021,Vijayawada City,Ntr,28,Andhra Pradesh
749,0,9,0,9,15,2021,Vijayawada Railway,Ntr,28,Andhra Pradesh
520,18,106,51,165,16,2021,Visakha Rural,Visakhapatanam,28,Andhra Pradesh
520,70,384,155,636,17,2021,Visakhapatnam,Visakhapatanam,28,Andhra Pradesh
521,22,118,38,215,18,2021,Vizianagaram,Vizianagaram,28,Andhra Pradesh
523,26,287,187,543,19,2021,West Godavari,West Godavari,28,Andhra Pradesh
628,0,0,0,0,20,2021,Anjaw,Anjaw,12,Arunachal Pradesh
229,0,0,0,0,21,2021,Changlang,Changlang,12,Arunachal Pradesh
237,0,0,0,0,22,2021,Crime Branch,Papum Pare,12,Arunachal Pradesh
230,0,0,0,0,23,2021,Dibang Valley,Dibang Valley,12,Arunachal Pradesh
231,0,0,0,0,24,2021,Kameng East,East Kameng,12,Arunachal Pradesh
242,1,0,1,1,25,2021,Kameng West,West Kameng,12,Arunachal Pradesh
233,1,0,0,0,26,2021,Kurung Kumey,Kurung Kumey,12,Arunachal Pradesh
234,0,0,0,0,27,2021,Lohit,Lohit,12,Arunachal Pradesh
666,0,0,0,0,28,2021,Longding,Longding,12,Arunachal Pradesh
235,0,0,0,0,29,2021,Lower Dibang Valley,Lower Dibang Valley,12,Arunachal Pradesh
237,0,0,0,0,30,2021,Papum Pare City,Papum Pare,12,Arunachal Pradesh
237,0,0,0,0,31,2021,Papum Pare Rural,Papum Pare,12,Arunachal Pradesh
232,0,0,0,0,32,2021,Siang East,East Siang,12,Arunachal Pradesh
240,0,0,0,0,33,2021,Siang Upper,Upper Siang,12,Arunachal Pradesh
243,0,0,0,0,34,2021,Siang West,West Siang,12,Arunachal Pradesh
236,11,7,0,0,35,2021,Subansiri Lower,Lower Subansiri,12,Arunachal Pradesh
241,30,0,0,0,36,2021,Subansiri Upper,Upper Subansiri,12,Arunachal Pradesh
238,0,0,0,0,37,2021,Tawang,Tawang,12,Arunachal Pradesh
239,0,0,0,0,38,2021,Tirap,Tirap,12,Arunachal Pradesh
678,0,0,0,0,39,2021,Namsai,Namsai,12,Arunachal Pradesh
679,0,0,0,0,40,2021,Siang,Siang,12,Arunachal Pradesh
718,0,0,0,0,41,2021,Kamle,Kamle,12,Arunachal Pradesh
677,0,0,0,0,42,2021,Kra Dadi,Kra Daadi,12,Arunachal Pradesh
719,0,0,0,0,43,2021,Lower Siang,Lower Siang,12,Arunachal Pradesh
724,0,0,0,0,44,2021,Leparada,Leparada,12,Arunachal Pradesh
725,0,0,0,0,45,2021,Shiyomi,Shi Yomi,12,Arunachal Pradesh
723,0,0,0,0,46,2021,Pakkessang,Pakke Kessang,12,Arunachal Pradesh
618,0,0,0,0,47,2021,Bieo,Kamrup Metro,18,Assam
280,0,73,0,19,48,2021,Barpeta,Barpeta,18,Assam
616,11,31,16,161,49,2021,Baksa,Baksa,18,Assam
281,12,25,35,165,50,2021,Bongaigaon,Bongaigaon,18,Assam
618,0,0,0,0,51,2021,Cid,Kamrup Metro,18,Assam
282,16,98,23,302,52,2021,Cachar,Cachar,18,Assam
612,0,0,0,0,53,2021,Chirang,Chirang,18,Assam
283,0,40,3,156,54,2021,Darrang,Darrang,18,Assam
284,4,25,13,50,55,2021,Dhemaji,Dhemaji,18,Assam
285,15,51,77,116,56,2021,Dhubri,Dhubri,18,Assam
286,6,9,14,14,57,2021,Dibrugarh,Dibrugarh,18,Assam
618,0,0,0,0,58,2021,Grp,Kamrup Metro,18,Assam
287,0,0,0,0,59,2021,Goalpara,Goalpara,18,Assam
288,13,6,257,0,60,2021,Golaghat,Golaghat,18,Assam
618,71,429,85,565,61,2021,Guwahati City,Kamrup Metro,18,Assam
289,70,23,47,21,62,2021,Hailakandi,Hailakandi,18,Assam
710,0,3,0,14,63,2021,Hamren,West Karbi Anglong,18,Assam
290,12,1,28,0,64,2021,Jorhat,Jorhat,18,Assam
291,11,94,39,257,65,2021,Kamrup,Kamrup,18,Assam
292,0,0,0,0,66,2021,Karbi Anglong,Karbi Anglong,18,Assam
293,0,0,0,0,67,2021,Karimganj,Karimganj,18,Assam
294,3,37,3,65,68,2021,Kokrajhar,Kokrajhar,18,Assam
295,2,54,8,105,69,2021,Lakhimpur,Lakhimpur,18,Assam
296,0,0,0,0,70,2021,Morigaon,Marigaon,18,Assam
299,0,0,0,0,71,2021,Dima Hasao,Dima Hasao,18,Assam
297,0,0,0,0,72,2021,Nagaon,Nagaon,18,Assam
298,0,0,0,0,73,2021,Nalbari,Nalbari,18,Assam
618,0,0,0,0,74,2021,Rpo,Kamrup Metro,18,Assam
618,0,0,0,0,75,2021,Sou,Kamrup Metro,18,Assam
618,0,0,0,0,76,2021,Stf,Kamrup Metro,18,Assam
300,7,3,44,78,77,2021,Sibsagar,Sivasagar,18,Assam
301,0,0,0,0,78,2021,Sonitpur,Sonitpur,18,Assam
302,17,96,77,0,79,2021,Tinsukia,Tinsukia,18,Assam
617,2,44,2,125,80,2021,Udalguri,Udalguri,18,Assam
302,0,0,0,0,81,2021,Sadia,Tinsukia,18,Assam
706,0,0,0,0,82,2021,Majuli,Majuli,18,Assam
705,7,0,28,0,83,2021,Biswanath,Biswanath,18,Assam
709,24,19,24,64,84,2021,Hojai,Hojai,18,Assam
707,1,0,0,3,85,2021,South Salmara,South Salmara Mancachar,18,Assam
708,5,26,29,46,86,2021,Charaideo,Charaideo,18,Assam
188,0,0,0,0,87,2021,Araria,Araria,10,Bihar
611,0,4,14,11,88,2021,Arwal,Arwal,10,Bihar
189,11,22,6,7,89,2021,Aurangabad,Aurangabad,10,Bihar
211,1,1,2,0,90,2021,Bagaha,Pashchim Champaran,10,Bihar
190,0,3,103,23,91,2021,Banka,Banka,10,Bihar
191,0,7,26,130,92,2021,Begusarai,Begusarai,10,Bihar
211,12,22,106,208,93,2021,Bettiah,Pashchim Champaran,10,Bihar
200,11,7,57,13,94,2021,Kaimur(Bhabhua),Kaimur (Bhabua),10,Bihar
192,0,0,0,0,95,2021,Bhagalpur,Bhagalpur,10,Bihar
193,31,13,75,24,96,2021,Bhojpur,Bhojpur,10,Bihar
194,5,2,3,2,97,2021,Buxar,Buxar,10,Bihar
195,23,17,137,87,98,2021,Darbhanga,Darbhanga,10,Bihar
196,13,16,8,9,99,2021,Gaya,Gaya,10,Bihar
197,18,13,188,66,100,2021,Gopalganj,Gopalganj,10,Bihar
207,0,0,0,0,101,2021,Jamalpur Railway,Munger,10,Bihar
198,5,10,22,26,102,2021,Jamui,Jamui,10,Bihar
199,14,8,43,25,103,2021,Jehanabad,Jehanabad,10,Bihar
201,0,28,19,134,104,2021,Katihar,Katihar,10,Bihar
201,2,1,2,1,105,2021,Katihar Railway,Katihar,10,Bihar
202,0,19,91,71,106,2021,Khagaria,Khagaria,10,Bihar
203,0,0,0,0,107,2021,Kishanganj,Kishanganj,10,Bihar
204,7,6,47,21,108,2021,Lakhisarai,Lakhisarai,10,Bihar
205,3,9,77,60,109,2021,Madhepura,Madhepura,10,Bihar
206,8,4,104,53,110,2021,Madhubani,Madhubani,10,Bihar
213,24,17,213,95,111,2021,Motihari,Purbi Champaran,10,Bihar
207,20,13,19,16,112,2021,Munger,Munger,10,Bihar
208,30,71,339,329,113,2021,Muzaffarpur,Muzaffarpur,10,Bihar
208,2,1,1,2,114,2021,Muzaffarpur Railway,Muzaffarpur,10,Bihar
209,40,59,241,139,115,2021,Nalanda,Nalanda,10,Bihar
192,19,0,71,0,116,2021,Naugachia,Bhagalpur,10,Bihar
210,27,0,111,0,117,2021,Nawadah,Nawada,10,Bihar
212,131,164,568,317,118,2021,Patna,Patna,10,Bihar
212,0,0,1,1,119,2021,Patna Railway,Patna,10,Bihar
214,2,0,0,0,120,2021,Purnea,Purnia,10,Bihar
215,15,8,6,13,121,2021,Rohtas,Rohtas,10,Bihar
216,0,1,0,0,122,2021,Saharsa,Saharsa,10,Bihar
217,8,5,114,26,123,2021,Samastipur,Samastipur,10,Bihar
218,51,52,295,136,124,2021,Saran,Saran,10,Bihar
219,7,3,37,17,125,2021,Sheikhpura,Sheikhpura,10,Bihar
220,0,0,0,0,126,2021,Sheohar,Sheohar,10,Bihar
221,42,32,183,111,127,2021,Sitamarhi,Sitamarhi,10,Bihar
222,0,0,148,18,128,2021,Siwan,Siwan,10,Bihar
223,6,9,91,43,129,2021,Supaul,Supaul,10,Bihar
224,120,22,302,40,130,2021,Vaishali,Vaishali,10,Bihar
212,0,0,0,0,131,2021,Economic Offences Unit,Patna,10,Bihar
212,0,0,0,0,132,2021,Anti Terrorist Squad,Patna,10,Bihar
646,6,103,63,324,133,2021,Balod,Balod,22,Chhattisgarh
644,11,128,163,481,134,2021,Balodbazar,Baloda Bazar,22,Chhattisgarh
649,2,54,68,125,135,2021,Balrampur,Balrampur,22,Chhattisgarh
650,6,72,72,235,136,2021,Bemetra,Bemetara,22,Chhattisgarh
375,51,402,245,781,137,2021,Bilaspur,Bilaspur,22,Chhattisgarh
636,0,10,9,23,138,2021,Bizapur,Bijapur,22,Chhattisgarh
376,2,18,19,40,139,2021,Dantewara,Dantewada,22,Chhattisgarh
377,13,127,62,353,140,2021,Dhamtari,Dhamtari,22,Chhattisgarh
378,50,322,221,822,141,2021,Durg,Durg,22,Chhattisgarh
645,4,65,44,162,142,2021,Gariyaband,Gariyaband,22,Chhattisgarh
387,1,8,5,13,143,2021,Grp Raipur,Raipur,22,Chhattisgarh
374,9,77,89,199,144,2021,Jagdalpur,Bastar,22,Chhattisgarh
379,31,195,198,577,145,2021,Janjgir,Janjgir-Champa,22,Chhattisgarh
380,16,61,82,186,146,2021,Jashpur,Jashpur,22,Chhattisgarh
382,16,74,91,217,147,2021,Kabirdham,Kabirdham,22,Chhattisgarh
381,6,130,64,216,148,2021,Kanker,Kanker,22,Chhattisgarh
643,4,38,40,132,149,2021,Kondagaon,Kondagaon,22,Chhattisgarh
383,23,175,112,426,150,2021,Korba,Korba,22,Chhattisgarh
384,9,82,98,218,151,2021,Koriya,Korea,22,Chhattisgarh
385,9,146,86,372,152,2021,Mahasamund,Mahasamund,22,Chhattisgarh
647,5,56,77,197,153,2021,Mungali,Mungeli,22,Chhattisgarh
637,3,5,12,29,154,2021,Narayanpur,Narayanpur,22,Chhattisgarh
386,25,189,136,494,155,2021,Raigarh,Raigarh,22,Chhattisgarh
387,70,565,425,1339,156,2021,Raipur,Raipur,22,Chhattisgarh
388,11,250,130,615,157,2021,Rajnandgaon,Rajnandgaon,22,Chhattisgarh
389,17,122,124,300,158,2021,Sarguja,Surguja,22,Chhattisgarh
642,1,10,23,24,159,2021,Sukma,Sukma,22,Chhattisgarh
648,4,83,70,205,160,2021,Surajpur,Surajpur,22,Chhattisgarh
734,8,30,37,139,161,2021,Gaurela-Pendra-Marwari,Gaurella Pendra Marwahi,22,Chhattisgarh
551,3,158,3,110,162,2021,North Goa,North Goa,30,Goa
552,4,127,3,108,163,2021,South Goa,South Goa,30,Goa
551,0,8,0,1,164,2021,Cid,North Goa,30,Goa
438,65,1013,273,2505,165,2021,Ahmedabad City,Ahmadabad,24,Gujarat
438,8,50,9,108,166,2021,Ahmedabad Rural,Ahmadabad,24,Gujarat
439,0,20,0,82,167,2021,Amreli,Amreli,24,Gujarat
440,0,114,0,315,168,2021,Anand,Anand,24,Gujarat
672,0,59,0,201,169,2021,Arvalli,Arvalli,24,Gujarat
441,0,84,0,234,170,2021,Banaskantha,Banas Kantha,24,Gujarat
442,20,153,11,246,171,2021,Bharuch,Bharuch,24,Gujarat
443,2,50,7,166,172,2021,Bhavnagar,Bhavnagar,24,Gujarat
676,3,15,32,32,173,2021,Botad,Botad,24,Gujarat
668,0,15,1,40,174,2021,Chhotaudepur,Chhotaudepur,24,Gujarat
446,0,0,0,0,175,2021,Cid Crime,Gandhinagar,24,Gujarat
445,3,38,129,61,176,2021,Dahod,Dohad,24,Gujarat
444,0,0,0,0,177,2021,Dang,Dang,24,Gujarat
674,2,30,6,78,178,2021,Devbhumi Dwarka,Devbhumi Dwarka,24,Gujarat
446,16,144,13,272,179,2021,Gandhinagar,Gandhinagar,24,Gujarat
675,0,25,0,15,180,2021,Gir Somnath,Gir Somnath,24,Gujarat
447,16,55,21,131,181,2021,Jamnagar,Jamnagar,24,Gujarat
448,1,28,0,28,182,2021,Junagadh,Junagadh,24,Gujarat
449,11,134,61,280,183,2021,Kachchh East(G),Kachchh,24,Gujarat
449,6,102,45,243,184,2021,Kachchh West(B),Kachchh,24,Gujarat
450,18,96,10,199,185,2021,Kheda,Kheda,24,Gujarat
669,2,13,40,72,186,2021,Mahisagar,Mahisagar,24,Gujarat
451,2,91,0,350,187,2021,Mehsana,Mahesana,24,Gujarat
673,0,25,0,30,188,2021,Morbi,Morbi,24,Gujarat
452,1,7,1,34,189,2021,Narmada,Narmada,24,Gujarat
453,3,57,4,78,190,2021,Navsari,Navsari,24,Gujarat
454,1,47,4,52,191,2021,Panchmahal,Panch Mahals,24,Gujarat
455,0,86,0,312,192,2021,Patan,Patan,24,Gujarat
456,0,16,2,24,193,2021,Porbandar,Porbandar,24,Gujarat
457,6,10,30,10,194,2021,Rajkot City,Rajkot,24,Gujarat
457,2,73,88,277,195,2021,Rajkot Rural,Rajkot,24,Gujarat
458,3,72,2,197,196,2021,Sabarkantha,Sabar Kantha,24,Gujarat
459,115,706,148,1332,197,2021,Surat City,Surat,24,Gujarat
459,10,43,10,106,198,2021,Surat Rural,Surat,24,Gujarat
460,2,15,2,45,199,2021,Surendranagar,Surendranagar,24,Gujarat
641,0,18,1,18,200,2021,Tapi,Tapi,24,Gujarat
461,16,230,88,362,201,2021,Vadodara City,Vadodara,24,Gujarat
461,0,98,0,122,202,2021,Vadodara Rural,Vadodara,24,Gujarat
462,10,52,9,97,203,2021,Valsad,Valsad,24,Gujarat
438,0,5,0,2,204,2021,W.Rly Ahmedabad,Ahmadabad,24,Gujarat
461,0,7,2,7,205,2021,W.Rly Vadodara,Vadodara,24,Gujarat
438,0,0,0,0,206,2021,Cyber Ahmedabad Range,Ahmadabad,24,Gujarat
443,0,0,0,0,207,2021,Cyber Bhavnagar Range,Bhavnagar,24,Gujarat
9999,0,0,0,0,208,2021,Cyber Border Range,Cyber Border Range,24,Gujarat
446,0,0,0,0,209,2021,Cyber Gandhinagar Range,Gandhinagar,24,Gujarat
448,0,0,0,0,210,2021,Cyber Junagadh Range,Junagadh,24,Gujarat
454,0,0,0,0,211,2021,Cyber Panchmahal Range,Panch Mahals,24,Gujarat
457,0,0,0,0,212,2021,Cyber Rajkot Range,Rajkot,24,Gujarat
459,0,0,0,0,213,2021,Cyber Surat Range,Surat,24,Gujarat
461,0,0,0,0,214,2021,Cyber Vadodara Range,Vadodara,24,Gujarat
58,20,183,21,247,215,2021,Ambala,Ambala,6,Haryana
59,26,109,31,287,216,2021,Bhiwani,Bhiwani,6,Haryana
60,92,387,75,667,217,2021,Faridabad,Faridabad,6,Haryana
61,48,119,40,333,218,2021,Fatehabad,Fatehabad,6,Haryana
58,0,11,0,2,219,2021,Grp,Ambala,6,Haryana
62,86,111,313,125,220,2021,Gurugram,Gurugram,6,Haryana
63,41,225,46,527,221,2021,Hissar,Hisar,6,Haryana
64,21,169,28,278,222,2021,Jhajjar,Jhajjar,6,Haryana
65,29,142,40,295,223,2021,Jind,Jind,6,Haryana
66,50,136,34,193,224,2021,Kaithal,Kaithal,6,Haryana
67,56,411,67,617,225,2021,Karnal,Karnal,6,Haryana
68,13,193,15,314,226,2021,Kurukshetra,Kurukshetra,6,Haryana
69,29,58,39,219,227,2021,Mahendergarh,Mahendragarh,6,Haryana
604,19,18,4,54,228,2021,Nuh,Nuh,6,Haryana
619,39,89,62,189,229,2021,Palwal,Palwal,6,Haryana
70,23,83,37,205,230,2021,Panchkula,Panchkula,6,Haryana
71,71,395,75,609,231,2021,Panipat,Panipat,6,Haryana
72,36,105,90,265,232,2021,Rewari,Rewari,6,Haryana
73,53,269,81,492,233,2021,Rohtak,Rohtak,6,Haryana
74,26,114,112,435,234,2021,Sirsa,Sirsa,6,Haryana
75,50,220,88,447,235,2021,Sonipat,Sonipat,6,Haryana
76,41,200,120,333,236,2021,Yamunanagar,Yamunanagar,6,Haryana
62,0,0,0,0,237,2021,Irrigation & Power,Gurugram,6,Haryana
701,1,27,6,96,238,2021,Charkhi Dadri,Charki Dadri,6,Haryana
63,13,75,33,177,239,2021,Hansi,Hisar,6,Haryana
25,11,71,38,192,240,2021,Baddi,Solan,2,Himachal Pradesh
15,4,34,28,107,241,2021,Bilaspur,Bilaspur,2,Himachal Pradesh
16,0,37,27,87,242,2021,Chamba,Chamba,2,Himachal Pradesh
23,0,0,0,0,243,2021,Cid,Shimla,2,Himachal Pradesh
23,0,0,0,0,244,2021,Grp,Shimla,2,Himachal Pradesh
17,4,26,14,78,245,2021,Hamirpur,Hamirpur,2,Himachal Pradesh
18,11,105,39,213,246,2021,Kangra,Kangra,2,Himachal Pradesh
19,1,20,16,22,247,2021,Kinnaur,Kinnaur,2,Himachal Pradesh
20,3,41,15,65,248,2021,Kullu,Kullu,2,Himachal Pradesh
21,0,10,0,4,249,2021,Lahaul & Spiti,Lahul And Spiti,2,Himachal Pradesh
22,7,79,52,235,250,2021,Mandi,Mandi,2,Himachal Pradesh
23,18,3,48,0,251,2021,Shimla,Shimla,2,Himachal Pradesh
24,13,60,27,127,252,2021,Sirmaur,Sirmaur,2,Himachal Pradesh
25,1,31,37,83,253,2021,Solan,Solan,2,Himachal Pradesh
26,9,17,21,12,254,2021,Una,Una,2,Himachal Pradesh
23,0,0,0,0,255,2021,Cyber,Shimla,2,Himachal Pradesh
1,0,49,17,37,256,2021,Anantnag,Anantnag,1,Jammu And Kashmir
11,0,30,0,20,257,2021,Awantipora,Pulwama,1,Jammu And Kashmir
623,2,9,6,36,258,2021,Bandipora,Bandipora,1,Jammu And Kashmir
3,0,0,63,0,259,2021,Baramulla,Baramulla,1,Jammu And Kashmir
2,3,32,0,40,260,2021,Budgam,Budgam,1,Jammu And Kashmir
5,0,0,0,0,261,2021,Crime Jammu,Jammu,1,Jammu And Kashmir
5,0,0,0,0,262,2021,Crime Srinagar,Jammu,1,Jammu And Kashmir
4,0,20,0,60,263,2021,Doda,Doda,1,Jammu And Kashmir
626,2,19,6,30,264,2021,Ganderbal,Ganderbal,1,Jammu And Kashmir
8,4,8,1,17,265,2021,Handwara,Kupwara,1,Jammu And Kashmir
5,0,212,0,386,266,2021,Jammu,Jammu,1,Jammu And Kashmir
7,12,37,35,142,267,2021,Kathua,Kathua,1,Jammu And Kashmir
620,0,11,0,45,268,2021,Kishtwar,Kishtwar,1,Jammu And Kashmir
622,0,27,0,45,269,2021,Kulgam,Kulgam,1,Jammu And Kashmir
8,1,32,0,62,270,2021,Kupwara,Kupwara,1,Jammu And Kashmir
10,8,12,3,89,271,2021,Poonch,Poonch,1,Jammu And Kashmir
11,0,21,0,16,272,2021,Pulwama,Pulwama,1,Jammu And Kashmir
5,0,2,0,2,273,2021,Railways Jammu,Jammu,1,Jammu And Kashmir
5,0,0,0,0,274,2021,Railways Kashmir,Jammu,1,Jammu And Kashmir
627,0,0,0,0,275,2021,Railways Katra,Reasi,1,Jammu And Kashmir
12,2,21,4,95,276,2021,Rajouri,Rajouri,1,Jammu And Kashmir
621,0,7,0,52,277,2021,Ramban,Ramban,1,Jammu And Kashmir
627,0,17,0,71,278,2021,Reasi,Reasi,1,Jammu And Kashmir
624,5,29,12,84,279,2021,Samba,Samba,1,Jammu And Kashmir
625,0,7,9,30,280,2021,Shopian,Shopian,1,Jammu And Kashmir
3,10,13,24,20,281,2021,Sopore,Baramulla,1,Jammu And Kashmir
13,8,112,3,124,282,2021,Srinagar,Srinagar,1,Jammu And Kashmir
14,7,47,32,117,283,2021,Udhampur,Udhampur,1,Jammu And Kashmir
5,0,0,0,0,284,2021,Cyber Crime Jammu,Jammu,1,Jammu And Kashmir
5,0,0,0,0,285,2021,Cyber Crime Kashmir,Jammu,1,Jammu And Kashmir
5,0,0,0,0,286,2021,Anti Narcotic Task Force Jammu,Jammu,1,Jammu And Kashmir
322,5,0,12,0,287,2021,Bokaro,Bokaro,20,Jharkhand
343,1,0,4,0,288,2021,Chaibasa,West Singhbhum,20,Jharkhand
323,8,11,13,22,289,2021,Chatra,Chatra,20,Jharkhand
324,4,0,9,0,290,2021,Deoghar,Deoghar,20,Jharkhand
325,3,2,2,1,291,2021,Dhanbad,Dhanbad,20,Jharkhand
325,1,2,0,2,292,2021,Dhanbad Railway,Dhanbad,20,Jharkhand
326,0,0,0,0,293,2021,Dumka,Dumka,20,Jharkhand
328,23,34,22,42,294,2021,Garhwa,Garhwa,20,Jharkhand
329,0,0,0,0,295,2021,Giridih,Giridih,20,Jharkhand
330,0,0,0,0,296,2021,Godda,Godda,20,Jharkhand
331,0,0,0,0,297,2021,Gumla,Gumla,20,Jharkhand
332,11,32,17,33,298,2021,Hazaribagh,Hazaribagh,20,Jharkhand
327,4,30,5,31,299,2021,Jamshedpur,East Singhbum,20,Jharkhand
327,0,3,1,0,300,2021,Jamshedpur Railway,East Singhbum,20,Jharkhand
333,5,19,19,32,301,2021,Jamtara,Jamtara,20,Jharkhand
606,8,0,30,0,302,2021,Khunti,Khunti,20,Jharkhand
334,0,0,0,0,303,2021,Koderma,Koderma,20,Jharkhand
335,7,13,13,11,304,2021,Latehar,Latehar,20,Jharkhand
336,14,15,33,46,305,2021,Lohardagga,Lohardaga,20,Jharkhand
337,1,0,6,0,306,2021,Pakur,Pakur,20,Jharkhand
338,11,0,28,0,307,2021,Palamu,Palamu,20,Jharkhand
607,2,4,4,17,308,2021,Ramgarh,Ramgarh,20,Jharkhand
339,26,24,17,12,309,2021,Ranchi,Ranchi,20,Jharkhand
340,19,9,0,0,310,2021,Sahebganj,Sahebganj,20,Jharkhand
341,0,0,0,0,311,2021,Saraikela,Saraikela Kharsawan,20,Jharkhand
342,2,0,10,0,312,2021,Simdega,Simdega,20,Jharkhand
524,14,71,13,165,313,2021,Bagalkot,Bagalkote,29,Karnataka
525,129,1496,185,2395,314,2021,Bengaluru City,Bengaluru Urban,29,Karnataka
525,40,306,22,592,315,2021,Bengaluru District,Bengaluru Urban,29,Karnataka
527,6,140,7,295,316,2021,Belagavi District,Belagavi,29,Karnataka
528,19,147,16,225,317,2021,Ballari,Ballari,29,Karnataka
529,10,52,9,100,318,2021,Bidar,Bidar,29,Karnataka
530,7,86,49,0,319,2021,Vijayapura,Vijayapura,29,Karnataka
630,20,90,15,362,320,2021,Chikkaballapura,Chikkaballapura,29,Karnataka
531,9,60,8,142,321,2021,Chamarajnagar,Chamarajanagara,29,Karnataka
532,18,89,13,226,322,2021,Chikkamagaluru,Chikkamagaluru,29,Karnataka
533,15,129,19,448,323,2021,Chitradurga,Chitradurga,29,Karnataka
534,4,84,6,79,324,2021,Dakshina Kannada,Dakshina Kannada,29,Karnataka
535,1,178,358,385,325,2021,Davanagere,Davangere,29,Karnataka
536,4,47,6,62,326,2021,Dharwad,Dharwad,29,Karnataka
537,10,50,14,131,327,2021,Gadag,Gadag,29,Karnataka
538,14,51,9,119,328,2021,Kalaburgi,Kalaburagi,29,Karnataka
539,15,127,15,251,329,2021,Hassan,Hassan,29,Karnataka
540,8,80,11,228,330,2021,Haveri,Haveri,29,Karnataka
536,8,92,9,148,331,2021,Hubballi Dharwad City,Dharwad,29,Karnataka
527,5,27,5,101,332,2021,K.G.F.,Belagavi,29,Karnataka
541,9,48,9,83,333,2021,Kodagu,Kodagu,29,Karnataka
542,18,61,8,221,334,2021,Kolar,Kolar,29,Karnataka
543,9,37,14,146,335,2021,Koppal,Koppal,29,Karnataka
544,0,196,0,428,336,2021,Mandya,Mandya,29,Karnataka
534,6,85,11,83,337,2021,Mangaluru City,Dakshina Kannada,29,Karnataka
545,17,143,20,186,338,2021,Mysuru City,Mysuru,29,Karnataka
545,22,213,26,398,339,2021,Mysuru District,Mysuru,29,Karnataka
546,11,48,17,129,340,2021,Raichur,Raichur,29,Karnataka
525,2,5,1,10,341,2021,K.Railways,Bengaluru Urban,29,Karnataka
631,26,148,20,329,342,2021,Ramanagara,Ramanagara,29,Karnataka
547,26,218,30,436,343,2021,Shimoga,Shivamogga,29,Karnataka
548,13,171,26,535,344,2021,Tumakuru,Tumakuru,29,Karnataka
549,10,93,10,94,345,2021,Udupi,Udupi,29,Karnataka
550,20,96,5,182,346,2021,Uttara Kannada,Uttara Kannada,29,Karnataka
635,6,27,4,69,347,2021,Yadgiri,Yadgir,29,Karnataka
527,8,57,14,91,348,2021,Belagavi City,Belagavi,29,Karnataka
538,3,33,9,75,349,2021,Kalaburgi City,Kalaburagi,29,Karnataka
554,37,176,60,467,350,2021,Alapuzha,Alappuzha,32,Kerala
555,24,102,27,198,351,2021,Ernakulam Commr.,Ernakulam,32,Kerala
555,49,179,55,338,352,2021,Ernakulam Rural,Ernakulam,32,Kerala
556,54,101,36,200,353,2021,Idukki,Idukki,32,Kerala
557,10,52,19,89,354,2021,Kannur City,Kannur,32,Kerala
558,25,85,29,148,355,2021,Kasargod,Kasaragod,32,Kerala
559,55,157,49,482,356,2021,Kollam Commr.,Kollam,32,Kerala
559,22,100,67,296,357,2021,Kollam Rural,Kollam,32,Kerala
560,30,128,57,291,358,2021,Kottayam,Kottayam,32,Kerala
561,35,143,35,152,359,2021,Kozhikode Commr.,Kozhikode,32,Kerala
561,43,121,37,275,360,2021,Kozhikode Rural,Kozhikode,32,Kerala
562,79,168,93,293,361,2021,Malappuram,Malappuram,32,Kerala
563,47,150,59,369,362,2021,Palakkad,Palakkad,32,Kerala
564,37,116,34,281,363,2021,Pathanamthitta,Pathanamthitta,32,Kerala
565,1,6,0,0,364,2021,Railways,Thiruvananthapuram,32,Kerala
566,28,131,59,286,365,2021,Thrissur Commr.,Thrissur,32,Kerala
566,28,146,40,262,366,2021,Thrissur Rural,Thrissur,32,Kerala
565,36,137,40,206,367,2021,Trivandrum Commr.,Thiruvananthapuram,32,Kerala
565,45,207,60,441,368,2021,Trivandrum Rural,Thiruvananthapuram,32,Kerala
567,17,43,28,101,369,2021,Wayanadu,Wayanad,32,Kerala
565,0,0,0,0,370,2021,Crime Branch,Thiruvananthapuram,32,Kerala
557,8,44,15,109,371,2021,Kannur Rural,Kannur,32,Kerala
667,6,53,36,154,372,2021,Agar,Agar Malwa,23,Madhya Pradesh
639,5,56,102,344,373,2021,Alirajpur,Alirajpur,23,Madhya Pradesh
390,16,113,105,273,374,2021,Anuppur,Anuppur,23,Madhya Pradesh
391,19,121,102,274,375,2021,Ashok Nagar,Ashoknagar,23,Madhya Pradesh
392,22,290,202,760,376,2021,Balaghat,Balaghat,23,Madhya Pradesh
393,4,119,144,461,377,2021,Barwani,Barwani,23,Madhya Pradesh
394,10,233,128,735,378,2021,Betul,Betul,23,Madhya Pradesh
395,28,85,105,132,379,2021,Bhind,Bhind,23,Madhya Pradesh
396,172,7,384,8,380,2021,Bhopal,Bhopal,23,Madhya Pradesh
396,2,20,0,29,381,2021,Bhopal Railway,Bhopal,23,Madhya Pradesh
397,20,84,63,200,382,2021,Burhanpur,Burhanpur,23,Madhya Pradesh
398,47,204,196,483,383,2021,Chhatarpur,Chhatarpur,23,Madhya Pradesh
399,15,340,133,983,384,2021,Chhindwara,Chhindwara,23,Madhya Pradesh
400,29,246,137,142,385,2021,Damoh,Damoh,23,Madhya Pradesh
401,10,100,44,177,386,2021,Datia,Datia,23,Madhya Pradesh
402,22,125,245,590,387,2021,Dewas,Dewas,23,Madhya Pradesh
403,31,311,484,1218,388,2021,Dhar,Dhar,23,Madhya Pradesh
404,10,45,114,208,389,2021,Dindori,Dindori,23,Madhya Pradesh
406,18,205,126,399,390,2021,Guna,Guna,23,Madhya Pradesh
407,120,563,251,973,391,2021,Gwalior,Gwalior,23,Madhya Pradesh
408,11,137,135,0,392,2021,Harda,Harda,23,Madhya Pradesh
409,217,411,60,189,393,2021,Hoshangabad,Narmadapuram,23,Madhya Pradesh
410,188,1229,769,3515,394,2021,Indore,Indore,23,Madhya Pradesh
410,6,3,6,14,395,2021,Indore Railway,Indore,23,Madhya Pradesh
411,115,920,402,1449,396,2021,Jabalpur,Jabalpur,23,Madhya Pradesh
411,1,20,1,11,397,2021,Jabalpur Railway,Jabalpur,23,Madhya Pradesh
412,7,60,97,358,398,2021,Jhabua,Jhabua,23,Madhya Pradesh
413,47,243,184,573,399,2021,Katni,Katni,23,Madhya Pradesh
410,17,0,185,0,400,2021,Khandwa,Indore,23,Madhya Pradesh
414,68,226,368,810,401,2021,Khargone,Khargone,23,Madhya Pradesh
415,20,154,149,396,402,2021,Mandla,Mandla,23,Madhya Pradesh
416,26,253,154,616,403,2021,Mandsaur,Mandsaur,23,Madhya Pradesh
417,50,242,105,267,404,2021,Morena,Morena,23,Madhya Pradesh
418,23,276,174,459,405,2021,Narsinghpur,Narsinghpur,23,Madhya Pradesh
419,13,135,80,400,406,2021,Neemuch,Neemuch,23,Madhya Pradesh
420,33,135,152,364,407,2021,Panna,Panna,23,Madhya Pradesh
421,31,251,230,636,408,2021,Raisen,Raisen,23,Madhya Pradesh
422,17,139,140,402,409,2021,Rajgarh,Rajgarh,23,Madhya Pradesh
423,24,286,276,909,410,2021,Ratlam,Ratlam,23,Madhya Pradesh
424,138,8,280,4,411,2021,Rewa,Rewa,23,Madhya Pradesh
425,81,528,311,1057,412,2021,Sagar,Sagar,23,Madhya Pradesh
426,125,310,240,649,413,2021,Satna,Satna,23,Madhya Pradesh
428,28,231,161,588,414,2021,Seoni,Seoni,23,Madhya Pradesh
429,65,200,194,436,415,2021,Shahdol,Shahdol,23,Madhya Pradesh
430,19,102,88,281,416,2021,Shajapur,Shajapur,23,Madhya Pradesh
431,12,35,15,94,417,2021,Sheopur,Sheopur,23,Madhya Pradesh
432,22,214,191,420,418,2021,Shivpuri,Shivpuri,23,Madhya Pradesh
433,38,109,130,361,419,2021,Sidhi,Sidhi,23,Madhya Pradesh
427,12,177,112,485,420,2021,Sehore,Sehore,23,Madhya Pradesh
638,26,86,107,249,421,2021,Singrauli,Singrauli,23,Madhya Pradesh
434,21,47,117,182,422,2021,Tikamgarh,Tikamgarh,23,Madhya Pradesh
435,37,410,382,894,423,2021,Ujjain,Ujjain,23,Madhya Pradesh
436,15,0,77,0,424,2021,Umaria,Umaria,23,Madhya Pradesh
437,31,274,205,507,425,2021,Vidisha,Vidisha,23,Madhya Pradesh
396,0,0,0,0,426,2021,Cyber Crime Cell,Bhopal,23,Madhya Pradesh
722,10,48,29,113,427,2021,Niwari,Niwari,23,Madhya Pradesh
466,122,983,107,1608,428,2021,Ahmednagar,Ahmednagar,27,Maharashtra
467,21,301,28,505,429,2021,Akola,Akola,27,Maharashtra
468,0,265,0,391,430,2021,Amravati Commr.,Amravati,27,Maharashtra
468,7,1,162,2,431,2021,Amravati Rural,Amravati,27,Maharashtra
469,35,598,39,714,432,2021,Aurangabad Commr.,Aurangabad,27,Maharashtra
469,0,22,0,104,433,2021,Aurangabad Rural,Aurangabad,27,Maharashtra
470,7,292,16,437,434,2021,Beed,Beed,27,Maharashtra
471,6,217,60,466,435,2021,Bhandara,Bhandara,27,Maharashtra
472,50,312,45,583,436,2021,Buldhana,Buldhana,27,Maharashtra
473,0,507,0,908,437,2021,Chandrapur,Chandrapur,27,Maharashtra
474,201,197,3,356,438,2021,Dhule,Dhule,27,Maharashtra
475,11,123,37,228,439,2021,Gadchiroli,Gadchiroli,27,Maharashtra
476,0,89,0,382,440,2021,Gondia,Gondia,27,Maharashtra
477,3,119,1,165,441,2021,Hingoli,Hingoli,27,Maharashtra
478,90,706,85,1169,442,2021,Jalgaon,Jalgaon,27,Maharashtra
479,11,6,46,0,443,2021,Jalna,Jalna,27,Maharashtra
480,17,735,17,1395,444,2021,Kolhapur,Kolhapur,27,Maharashtra
481,0,246,0,435,445,2021,Latur,Latur,27,Maharashtra
482,449,3337,1148,4120,446,2021,Mumbai Commr.,Mumbai,27,Maharashtra
482,10,29,7,42,447,2021,Mumbai Railway,Mumbai,27,Maharashtra
484,28,1357,6,1648,448,2021,Nagpur Commr.,Nagpur,27,Maharashtra
484,0,11,0,8,449,2021,Nagpur Railway,Nagpur,27,Maharashtra
484,0,395,0,771,450,2021,Nagpur Rural,Nagpur,27,Maharashtra
485,25,368,16,479,451,2021,Nanded,Nanded,27,Maharashtra
486,15,131,13,292,452,2021,Nandurbar,Nandurbar,27,Maharashtra
487,0,567,0,851,453,2021,Nasik Commr.,Nashik,27,Maharashtra
487,16,679,13,1191,454,2021,Nasik Rural,Nashik,27,Maharashtra
483,56,693,57,870,455,2021,Navi Mumbai,Mumbai Suburban,27,Maharashtra
488,26,199,21,352,456,2021,Osmanabad,Osmanabad,27,Maharashtra
665,1,180,2,328,457,2021,Palghar,Palghar,27,Maharashtra
489,0,164,0,278,458,2021,Parbhani,Parbhani,27,Maharashtra
490,61,1183,106,1276,459,2021,Pune Commr.,Pune,27,Maharashtra
490,1,8,3,7,460,2021,Pune Railway,Pune,27,Maharashtra
490,26,830,28,1411,461,2021,Pune Rural,Pune,27,Maharashtra
491,5,216,26,294,462,2021,Raigad,Raigad,27,Maharashtra
492,9,204,9,241,463,2021,Ratnagiri,Ratnagiri,27,Maharashtra
493,28,581,30,986,464,2021,Sangli,Sangli,27,Maharashtra
494,35,511,36,1069,465,2021,Satara,Satara,27,Maharashtra
495,4,100,3,103,466,2021,Sindhudurg,Sindhudurg,27,Maharashtra
496,24,231,8,413,467,2021,Solapur Commr.,Solapur,27,Maharashtra
496,0,489,0,923,468,2021,Solapur Rural,Solapur,27,Maharashtra
497,0,1746,0,2442,469,2021,Thane Commr.,Thane,27,Maharashtra
497,24,291,67,352,470,2021,Thane Rural,Thane,27,Maharashtra
498,0,407,0,646,471,2021,Wardha,Wardha,27,Maharashtra
499,0,216,0,400,472,2021,Washim,Washim,27,Maharashtra
500,101,371,189,692,473,2021,Yavatmal,Yavatmal,27,Maharashtra
490,16,996,17,1300,474,2021,Pimpri Chinchwad City,Pune,27,Maharashtra
469,0,11,0,11,475,2021,Aurangabad Railway,Aurangabad,27,Maharashtra
497,70,790,64,1119,476,2021,Mira Bhayandar Vasai Virar Commr.,Thane,27,Maharashtra
252,3,7,1,14,477,2021,Bishnupur,Bishnupur,14,Manipur
253,0,0,0,0,478,2021,Chandel,Chandel,14,Manipur
254,0,0,0,0,479,2021,Churachandpur,Churachandpur,14,Manipur
256,0,0,0,0,480,2021,Cid,Imphal West,14,Manipur
255,7,30,34,19,481,2021,Imphal East,Imphal East,14,Manipur
256,0,0,1,0,482,2021,Imphal West,Imphal West,14,Manipur
257,0,0,0,0,483,2021,Senapati,Senapati,14,Manipur
258,0,0,0,0,484,2021,Tamenglong,Tamenglong,14,Manipur
259,5,14,10,7,485,2021,Thoubal,Thoubal,14,Manipur
260,0,0,0,0,486,2021,Ukhrul,Ukhrul,14,Manipur
711,1,5,1,20,487,2021,Kakching,Kakching,14,Manipur
717,0,0,0,0,488,2021,Kamjong,Kamjong,14,Manipur
712,0,0,0,0,489,2021,Kangpokpi,Kangpokpi,14,Manipur
713,0,7,0,8,490,2021,Jiribam,Jiribam,14,Manipur
714,0,0,0,0,491,2021,Noney,Noney,14,Manipur
715,0,0,0,0,492,2021,Pherzawl,Pherzawl,14,Manipur
716,0,0,0,0,493,2021,Tengnoupal,Tengnoupal,14,Manipur
256,0,0,0,0,494,2021,Narcotic,Imphal West,14,Manipur
273,0,0,0,0,495,2021,Garo Hills East,East Garo Hills,17,Meghalaya
656,0,0,0,0,496,2021,Garo Hills North,North Garo Hills,17,Meghalaya
277,0,0,0,0,497,2021,Garo Hills South,South Garo Hills,17,Meghalaya
663,0,0,0,0,498,2021,Garo Hills South West,South West Garo Hills,17,Meghalaya
278,0,6,0,1,499,2021,Garo Hills West,West Garo Hills,17,Meghalaya
275,0,0,0,0,500,2021,Jaintia Hills West,West Jaintia Hills,17,Meghalaya
657,4,0,11,0,501,2021,Jaintia Hills East,East Jaintia Hills,17,Meghalaya
274,16,56,35,61,502,2021,Khasi Hills East,East Khasi Hills,17,Meghalaya
658,0,0,0,0,503,2021,Khasi Hills South West,South West Khasi Hills,17,Meghalaya
279,0,0,0,0,504,2021,Khasi Hills West,West Khasi Hills,17,Meghalaya
276,0,0,0,0,505,2021,Ri-Bhoi,Ri Bhoi,17,Meghalaya
274,0,0,0,0,506,2021,Cyber Cell,East Khasi Hills,17,Meghalaya
261,0,0,0,0,507,2021,Aizawl,Aizawl,15,Mizoram
262,0,0,0,0,508,2021,Champhai,Champhai,15,Mizoram
263,0,0,0,0,509,2021,Kolasib,Kolasib,15,Mizoram
264,0,0,0,0,510,2021,Lawngtlai,Lawngtlai,15,Mizoram
265,0,1,0,0,511,2021,Lunglei,Lunglei,15,Mizoram
266,0,0,0,0,512,2021,Mamit,Mamit,15,Mizoram
267,0,0,0,0,513,2021,Saiha,Saiha,15,Mizoram
268,0,0,0,0,514,2021,Serchhip,Serchhip,15,Mizoram
261,0,0,0,0,515,2021,Spl Narcotic,Aizawl,15,Mizoram
727,0,0,0,0,516,2021,Saitual,Saitual,15,Mizoram
728,0,0,0,0,517,2021,Khawzawl,Khawzawl,15,Mizoram
726,0,0,0,0,518,2021,Hnahthial,Hnahthial,15,Mizoram
261,0,0,0,0,519,2021,Cyber,Aizawl,15,Mizoram
244,4,34,3,3,520,2021,Dimapur,Dimapur,13,Nagaland
614,0,0,0,0,521,2021,Kiphire,Kiphire,13,Nagaland
245,5,1,14,7,522,2021,Kohima,Kohima,13,Nagaland
615,0,0,0,0,523,2021,Longleng,Longleng,13,Nagaland
246,0,0,0,0,524,2021,Mokokchung,Mokokchung,13,Nagaland
247,0,0,0,0,525,2021,Mon,Mon,13,Nagaland
613,0,0,0,0,526,2021,Peren,Peren,13,Nagaland
248,0,0,0,0,527,2021,Phek,Phek,13,Nagaland
249,0,0,0,0,528,2021,Tuensang,Tuensang,13,Nagaland
250,0,0,0,0,529,2021,Wokha,Wokha,13,Nagaland
251,0,0,0,0,530,2021,Zunheboto,Zunheboto,13,Nagaland
344,0,0,0,0,531,2021,Angul,Anugul,21,Odisha
346,0,0,0,0,532,2021,Balasore,Baleshwar,21,Odisha
347,0,0,0,0,533,2021,Baragarh,Bargarh,21,Odisha
346,0,0,0,0,534,2021,Berhampur,Baleshwar,21,Odisha
348,0,0,0,0,535,2021,Bhadrak,Bhadrak,21,Odisha
345,0,0,0,0,536,2021,Bolangir,Balangir,21,Odisha
349,0,0,0,0,537,2021,Boudh,Boudh,21,Odisha
350,0,0,0,0,538,2021,Cuttack,Cuttack,21,Odisha
362,0,0,0,0,539,2021,Dcp Bbsr,Khordha,21,Odisha
350,0,0,0,0,540,2021,Dcp Ctc,Cuttack,21,Odisha
351,0,0,0,0,541,2021,Deogarh,Deogarh,21,Odisha
352,0,0,0,0,542,2021,Dhenkanal,Dhenkanal,21,Odisha
353,0,0,0,0,543,2021,Gajapati,Gajapati,21,Odisha
354,0,0,0,0,544,2021,Ganjam,Ganjam,21,Odisha
355,0,0,0,0,545,2021,Jagatsinghpur,Jagatsinghapur,21,Odisha
356,0,0,0,0,546,2021,Jajpur,Jajapur,21,Odisha
357,0,0,0,0,547,2021,Jharsuguda,Jharsuguda,21,Odisha
358,0,0,0,0,548,2021,Kalahandi,Kalahandi,21,Odisha
359,0,0,0,0,549,2021,Kandhamal,Kandhamal,21,Odisha
360,0,0,0,0,550,2021,Kendrapara,Kendrapara,21,Odisha
361,0,0,0,0,551,2021,Keonjhar,Kendujhar,21,Odisha
362,0,0,0,0,552,2021,Khurda,Khordha,21,Odisha
363,0,0,0,0,553,2021,Koraput,Koraput,21,Odisha
364,0,0,0,0,554,2021,Malkangiri,Malkangiri,21,Odisha
365,0,0,0,0,555,2021,Mayurbhanj,Mayurbhanj,21,Odisha
367,0,0,0,0,556,2021,Nayagarh,Nayagarh,21,Odisha
366,0,0,0,0,557,2021,Nabarangpur,Nabarangpur,21,Odisha
368,0,0,0,0,558,2021,Nuapada,Nuapada,21,Odisha
369,0,0,0,0,559,2021,Puri,Puri,21,Odisha
370,0,0,0,0,560,2021,Rayagada,Rayagada,21,Odisha
373,0,0,0,0,561,2021,Rourkela,Sundargarh,21,Odisha
371,0,0,0,0,562,2021,Sambalpur,Sambalpur,21,Odisha
372,0,0,0,0,563,2021,Sonepur,Sonepur,21,Odisha
350,0,0,0,0,564,2021,Srp(Cuttack),Cuttack,21,Odisha
373,0,0,0,0,565,2021,Srp(Rourkela),Sundargarh,21,Odisha
373,0,0,0,0,566,2021,Sundargarh,Sundargarh,21,Odisha
350,477,2972,3656,9330,567,2021,Cid Cb,Cuttack,21,Odisha
27,5,42,78,26,568,2021,Amritsar Rural,Amritsar,3,Punjab
605,0,27,3,40,569,2021,Barnala,Barnala,3,Punjab
32,0,39,1,34,570,2021,Batala,Gurdaspur,3,Punjab
28,0,23,1,18,571,2021,Bathinda,Bathinda,3,Punjab
27,6,46,72,53,572,2021,Cp Amritsar,Amritsar,3,Punjab
34,0,167,0,295,573,2021,Cp Jalandhar,Jalandhar,3,Punjab
36,26,38,55,57,574,2021,Cp Ludhiana,Ludhiana,3,Punjab
29,0,1,24,0,575,2021,Faridkot,Faridkot,3,Punjab
30,5,72,21,59,576,2021,Fatehgarh Sahib,Fatehgarh Sahib,3,Punjab
651,4,49,13,38,577,2021,Fazilka,Fazilka,3,Punjab
31,1,39,47,57,578,2021,Ferozepur,Ferozepur,3,Punjab
41,0,0,0,3,579,2021,Grp,Patiala,3,Punjab
32,1,0,33,0,580,2021,Gurdaspur,Gurdaspur,3,Punjab
33,5,127,51,201,581,2021,Hoshiarpur,Hoshiarpur,3,Punjab
34,16,112,24,164,582,2021,Jalandhar Rural,Jalandhar,3,Punjab
35,10,24,6,33,583,2021,Kapurthala,Kapurthala,3,Punjab
36,9,60,16,71,584,2021,Khanna,Ludhiana,3,Punjab
36,1,17,0,17,585,2021,Ludhiana Rural,Ludhiana,3,Punjab
37,3,25,1,11,586,2021,Mansa,Mansa,3,Punjab
38,3,53,2,30,587,2021,Moga,Moga,3,Punjab
39,2,41,43,16,588,2021,Muktsar,Sri Muktsar Sahib,3,Punjab
662,1,0,5,0,589,2021,Pathankot,Pathankot,3,Punjab
41,20,42,122,126,590,2021,Patiala,Patiala,3,Punjab
42,9,35,39,33,591,2021,Ropar,Rupnagar,3,Punjab
43,3,9,47,29,592,2021,Sangrur,Sangrur,3,Punjab
608,7,0,168,0,593,2021,Sas Nagar,S.A.S Nagar,3,Punjab
40,1,21,7,20,594,2021,Sbs Nagar,Shahid Bhagat Singh Nagar,3,Punjab
609,11,53,2,47,595,2021,Tarn Taran,Tarn Taran,3,Punjab
608,0,0,0,0,596,2021,Bureau Of Investigation,S.A.S Nagar,3,Punjab
608,0,0,0,0,597,2021,Intelligence Wing,S.A.S Nagar,3,Punjab
608,0,0,0,0,598,2021,Nri Wing,S.A.S Nagar,3,Punjab
27,0,0,0,0,599,2021,Special Task Force,Amritsar,3,Punjab
737,15,6,0,3,600,2021,Malerkotla,Malerkotla,3,Punjab
86,68,307,227,902,601,2021,Ajmer,Ajmer,8,Rajasthan
87,36,156,83,295,602,2021,Alwar,Alwar,8,Rajasthan
88,6,103,197,349,603,2021,Banswara,Banswara,8,Rajasthan
89,7,101,121,385,604,2021,Baran,Baran,8,Rajasthan
90,9,64,59,215,605,2021,Barmer,Barmer,8,Rajasthan
91,14,89,8,175,606,2021,Bharatpur,Bharatpur,8,Rajasthan
92,17,210,273,791,607,2021,Bhilwara,Bhilwara,8,Rajasthan
93,9,158,52,368,608,2021,Bikaner,Bikaner,8,Rajasthan
94,5,94,118,435,609,2021,Bundi,Bundi,8,Rajasthan
95,13,153,189,669,610,2021,Chittorgarh,Chittorgarh,8,Rajasthan
96,20,79,52,296,611,2021,Churu,Churu,8,Rajasthan
97,21,71,44,139,612,2021,Dausa,Dausa,8,Rajasthan
98,6,61,12,101,613,2021,Dholpur,Dholpur,8,Rajasthan
99,9,66,204,392,614,2021,Dungarpur,Dungarpur,8,Rajasthan
86,0,9,0,10,615,2021,Grp Ajmer,Ajmer,8,Rajasthan
107,1,9,0,6,616,2021,Grp Jodhpur,Jodhpur,8,Rajasthan
100,22,277,138,726,617,2021,Ganganagar,Ganganagar,8,Rajasthan
101,4,133,78,393,618,2021,Hanumangarh,Hanumangarh,8,Rajasthan
102,38,223,75,363,619,2021,Jaipur East,Jaipur,8,Rajasthan
102,22,189,81,309,620,2021,Jaipur North,Jaipur,8,Rajasthan
783,28,142,75,349,621,2021,Jaipur Rural,Jaipur (Gramin),8,Rajasthan
102,49,255,85,351,622,2021,Jaipur South,Jaipur,8,Rajasthan
102,50,277,130,452,623,2021,Jaipur West,Jaipur,8,Rajasthan
103,3,19,7,44,624,2021,Jaisalmer,Jaisalmer,8,Rajasthan
104,11,68,75,341,625,2021,Jalore,Jalore,8,Rajasthan
105,11,136,168,446,626,2021,Jhalawar,Jhalawar,8,Rajasthan
106,28,144,80,0,627,2021,Jhunjhunu,Jhunjhunu,8,Rajasthan
107,17,123,44,244,628,2021,Jodhpur East,Jodhpur,8,Rajasthan
107,18,171,59,296,629,2021,Jodhpur West,Jodhpur,8,Rajasthan
107,4,61,34,181,630,2021,Jodhpur Rural,Jodhpur,8,Rajasthan
108,12,55,29,88,631,2021,Karauli,Karauli,8,Rajasthan
109,44,262,113,576,632,2021,Kota City,Kota,8,Rajasthan
109,9,98,71,422,633,2021,Kota Rural,Kota,8,Rajasthan
110,14,113,120,484,634,2021,Nagaur,Nagaur,8,Rajasthan
111,15,122,147,895,635,2021,Pali,Pali,8,Rajasthan
629,3,80,94,262,636,2021,Pratapgarh,Pratapgarh,8,Rajasthan
112,13,116,141,595,637,2021,Rajsamand,Rajsamand,8,Rajasthan
113,13,47,4,165,638,2021,Sawai Madhopur,Sawai Madhopur,8,Rajasthan
114,38,150,135,550,639,2021,Sikar,Sikar,8,Rajasthan
115,13,73,71,321,640,2021,Sirohi,Sirohi,8,Rajasthan
116,7,77,62,272,641,2021,Tonk,Tonk,8,Rajasthan
117,36,235,251,975,642,2021,Udaipur,Udaipur,8,Rajasthan
102,0,0,0,0,643,2021,Jaipur Metro,Jaipur,8,Rajasthan
102,0,0,0,0,644,2021,Scrb,Jaipur,8,Rajasthan
102,0,0,0,0,645,2021,Sog,Jaipur,8,Rajasthan
102,0,0,0,0,646,2021,Ssb,Jaipur,8,Rajasthan
102,0,0,0,0,647,2021,Jaipur Crime,Jaipur,8,Rajasthan
770,40,112,127,268,648,2021,Bhiwadi,Khairthal-Tijara,8,Rajasthan
225,1,32,4,60,649,2021,East,Gangtok,11,Sikkim
226,0,2,1,2,650,2021,North,Mangan,11,Sikkim
227,1,11,1,22,651,2021,South,Namchi,11,Sikkim
228,0,4,0,28,652,2021,West,Gyalshing,11,Sikkim
225,0,0,0,0,653,2021,Cid,Gangtok,11,Sikkim
610,12,33,72,175,654,2021,Ariyalur,Ariyalur,33,Tamil Nadu
568,245,1152,768,1828,655,2021,Chennai,Chennai,33,Tamil Nadu
569,45,159,209,425,656,2021,Coimbatore,Coimbatore,33,Tamil Nadu
569,30,155,86,282,657,2021,Coimbatore City,Coimbatore,33,Tamil Nadu
570,12,115,46,463,658,2021,Cuddalore,Cuddalore,33,Tamil Nadu
571,21,26,81,122,659,2021,Dharmapuri,Dharmapuri,33,Tamil Nadu
572,59,110,237,383,660,2021,Dindigul,Dindigul,33,Tamil Nadu
573,30,84,175,226,661,2021,Erode,Erode,33,Tamil Nadu
574,6,94,46,317,662,2021,Kanchipuram,Kanchipuram,33,Tamil Nadu
575,48,125,49,279,663,2021,Kanyakumari,Kanniyakumari,33,Tamil Nadu
576,15,41,77,179,664,2021,Karur,Karur,33,Tamil Nadu
577,25,43,57,107,665,2021,Krishnagiri,Krishnagiri,33,Tamil Nadu
578,50,123,135,369,666,2021,Madurai,Madurai,33,Tamil Nadu
578,45,172,105,374,667,2021,Madurai City,Madurai,33,Tamil Nadu
579,28,49,58,259,668,2021,Nagapattinam,Nagapattinam,33,Tamil Nadu
580,33,71,126,292,669,2021,Namakkal,Namakkal,33,Tamil Nadu
587,12,30,49,73,670,2021,Nilgiris,The Nilgiris,33,Tamil Nadu
581,16,38,67,152,671,2021,Perambalur,Perambalur,33,Tamil Nadu
582,39,86,87,381,672,2021,Pudukottai,Pudukkottai,33,Tamil Nadu
583,35,64,46,261,673,2021,Ramnathapuram,Ramanathapuram,33,Tamil Nadu
568,1,16,0,5,674,2021,Railway Chennai,Chennai,33,Tamil Nadu
591,0,2,0,5,675,2021,Railway Trichy,Tiruchirappalli,33,Tamil Nadu
584,24,57,149,214,676,2021,Salem,Salem,33,Tamil Nadu
584,50,101,77,282,677,2021,Salem City,Salem,33,Tamil Nadu
585,27,58,105,208,678,2021,Sivagangai,Sivaganga,33,Tamil Nadu
586,43,110,179,405,679,2021,Thanjavur,Thanjavur,33,Tamil Nadu
588,41,70,148,221,680,2021,Theni,Theni,33,Tamil Nadu
592,33,65,90,183,681,2021,Thirunelveli,Tirunelveli,33,Tamil Nadu
592,15,51,48,90,682,2021,Thirunelveli City,Tirunelveli,33,Tamil Nadu
589,63,167,162,544,683,2021,Thiruvallur,Thiruvallur,33,Tamil Nadu
593,41,78,146,371,684,2021,Thiruvannamalai,Tiruvannamalai,33,Tamil Nadu
590,15,19,33,120,685,2021,Thiruvarur,Thiruvarur,33,Tamil Nadu
594,61,135,144,369,686,2021,Thoothukudi,Tuticorin,33,Tamil Nadu
634,13,106,131,182,687,2021,Tiruppur,Tiruppur,33,Tamil Nadu
634,14,103,82,251,688,2021,Tiruppur City,Tiruppur,33,Tamil Nadu
591,25,55,72,209,689,2021,Trichy,Tiruchirappalli,33,Tamil Nadu
591,23,87,67,178,690,2021,Trichy City,Tiruchirappalli,33,Tamil Nadu
595,14,68,116,223,691,2021,Vellore,Vellore,33,Tamil Nadu
596,11,139,50,479,692,2021,Villupuram,Villupuram,33,Tamil Nadu
597,46,79,153,244,693,2021,Virudhunagar,Virudhunagar,33,Tamil Nadu
568,0,0,0,0,694,2021,Cyber Cell,Chennai,33,Tamil Nadu
568,0,0,0,0,695,2021,Other Units,Chennai,33,Tamil Nadu
730,23,128,76,352,696,2021,Chengalpattu,Chengalpattu,33,Tamil Nadu
729,24,67,77,93,697,2021,Kallakurichi,Kallakurichi,33,Tamil Nadu
731,10,58,66,177,698,2021,Ranipet,Ranipet,33,Tamil Nadu
732,24,65,38,209,699,2021,Tiruppattur,Tirupathur,33,Tamil Nadu
733,37,66,129,229,700,2021,Tenkasi,Tenkasi,33,Tamil Nadu
507,256,1609,303,2132,701,2021,Cyberabad Commissionerate,Hyderabad,36,Telangana
507,270,1310,451,1718,702,2021,Hyderabad Commissionerate,Hyderabad,36,Telangana
508,26,92,60,264,703,2021,Karimnagar Commissionerate,Karimnagar,36,Telangana
509,30,126,41,369,704,2021,Khammam Commissionerate,Khammam,36,Telangana
516,46,188,129,361,705,2021,Nizamabad Commissionerate,Nizamabad,36,Telangana
697,222,1796,269,1171,706,2021,Rachakonda Commissionerate,Yadadri Bhuvanagiri,36,Telangana
682,26,144,30,395,707,2021,Ramagundam Commissionerate,Peddapalli,36,Telangana
692,30,173,77,322,708,2021,Siddipet Commissionerate,Siddipet,36,Telangana
522,65,216,245,652,709,2021,Warangal Commissionerate,Warangal,36,Telangana
501,9,37,9,80,710,2021,Adilabad,Adilabad,36,Telangana
690,23,129,79,309,711,2021,Bhadradri Kothagudem,Bhadradri Kothagudem,36,Telangana
681,20,65,76,274,712,2021,Jagityal,Jagitial,36,Telangana
687,4,23,4,74,713,2021,Jayashankar Bhupalpalli,Jayashankar Bhupalapally,36,Telangana
695,16,34,17,102,714,2021,Jogulamba Gadwal,Jogulamba Gadwal,36,Telangana
685,39,131,110,233,715,2021,Kamareddy ,Kamareddy,36,Telangana
699,6,41,20,62,716,2021,Kumaram Bheem Asifabad,Kumuram Bheem Asifabad,36,Telangana
688,10,46,56,124,717,2021,Mahabubabad,Mahabubabad,36,Telangana
512,50,95,33,325,718,2021,Mahabubnagar,Mahabubnagar,36,Telangana
513,18,100,29,150,719,2021,Medak,Medak,36,Telangana
694,21,55,64,154,720,2021,Nagarkurnool,Nagarkurnool,36,Telangana
514,25,106,42,293,721,2021,Nalgonda,Nalgonda,36,Telangana
680,7,61,16,134,722,2021,Nirmal,Nirmal,36,Telangana
683,2,54,13,91,723,2021,Rajanna Siricilla,Rajanna Sircilla,36,Telangana
691,60,196,183,329,724,2021,Sangareddy,Sangareddy,36,Telangana
696,31,96,45,237,725,2021,Suryapet,Suryapet,36,Telangana
698,32,78,26,190,726,2021,Vikarabad,Vikarabad,36,Telangana
693,18,36,65,117,727,2021,Wanaparthy,Wanaparthy,36,Telangana
507,0,11,1,12,728,2021,Railway Police Secunderabad,Hyderabad,36,Telangana
720,4,17,66,5,729,2021,Mulug,Mulugu,36,Telangana
721,16,18,15,107,730,2021,Narayanpet,Narayanpet,36,Telangana
269,2,33,10,116,731,2021,Dhalai,Dhalai,16,Tripura
654,0,32,10,205,732,2021,Gomati,Gomati,16,Tripura
272,0,0,0,0,733,2021,Grp,West Tripura,16,Tripura
652,2,48,2,82,734,2021,Kowai,Khowai,16,Tripura
270,1,3,9,9,735,2021,North,North Tripura,16,Tripura
653,1,29,13,66,736,2021,Sipahijala,Sepahijala,16,Tripura
271,12,57,16,147,737,2021,South,South Tripura,16,Tripura
655,3,24,16,62,738,2021,Unakoti,Unakoti,16,Tripura
272,12,165,44,389,739,2021,West,West Tripura,16,Tripura
118,37,269,46,320,740,2021,Agra,Agra,9,Uttar Pradesh
119,10,77,6,85,741,2021,Aligarh,Aligarh,9,Uttar Pradesh
120,21,118,60,161,742,2021,Prayagraj,Prayagraj,9,Uttar Pradesh
121,2,44,8,35,743,2021,Ambedkar Nagar,Ambedkar Nagar,9,Uttar Pradesh
640,6,13,13,28,744,2021,Amethi,Amethi,9,Uttar Pradesh
154,6,0,37,0,745,2021,Amroha,Amroha,9,Uttar Pradesh
122,9,17,14,0,746,2021,Auraiya,Auraiya,9,Uttar Pradesh
123,14,124,23,245,747,2021,Azamgarh,Azamgarh,9,Uttar Pradesh
133,7,50,0,79,748,2021,Badaun,Budaun,9,Uttar Pradesh
124,1,62,8,92,749,2021,Baghpat,Baghpat,9,Uttar Pradesh
125,0,0,0,0,750,2021,Bahraich,Bahraich,9,Uttar Pradesh
126,8,63,24,78,751,2021,Ballia,Ballia,9,Uttar Pradesh
127,3,29,57,101,752,2021,Balrampur,Balrampur,9,Uttar Pradesh
128,19,1,65,47,753,2021,Banda,Banda,9,Uttar Pradesh
129,24,38,18,65,754,2021,Barabanki,Barabanki,9,Uttar Pradesh
130,5,52,49,61,755,2021,Bareilly,Bareilly,9,Uttar Pradesh
131,4,0,32,96,756,2021,Basti,Basti,9,Uttar Pradesh
132,4,83,6,116,757,2021,Bijnor,Bijnor,9,Uttar Pradesh
134,13,37,16,78,758,2021,Bulandshahar,Bulandshahr,9,Uttar Pradesh
135,7,44,14,56,759,2021,Chandoli,Chandauli,9,Uttar Pradesh
136,0,0,0,0,760,2021,Chitrakoot,Chitrakoot,9,Uttar Pradesh
137,0,0,0,0,761,2021,Deoria,Deoria,9,Uttar Pradesh
138,4,0,7,62,762,2021,Etah,Etah,9,Uttar Pradesh
139,18,26,35,68,763,2021,Etawah,Etawah,9,Uttar Pradesh
140,9,38,17,45,764,2021,Ayodhya,Ayodhya,9,Uttar Pradesh
141,0,26,0,36,765,2021,Fatehgarh,Farrukhabad,9,Uttar Pradesh
142,14,63,23,159,766,2021,Fatehpur,Fatehpur,9,Uttar Pradesh
143,18,12,22,26,767,2021,Firozabad,Firozabad,9,Uttar Pradesh
162,17,28,4,29,768,2021,Grp,Lucknow,9,Uttar Pradesh
144,213,182,384,298,769,2021,Gautambudh Nagar,Gautam Buddha Nagar,9,Uttar Pradesh
145,28,167,64,183,770,2021,Ghaziabad,Ghaziabad,9,Uttar Pradesh
146,8,0,18,0,771,2021,Ghazipur,Ghazipur,9,Uttar Pradesh
147,7,27,18,59,772,2021,Gonda,Gonda,9,Uttar Pradesh
148,0,0,0,0,773,2021,Gorakhpur,Gorakhpur,9,Uttar Pradesh
149,13,3,63,39,774,2021,Hamirpur,Hamirpur,9,Uttar Pradesh
661,2,33,6,36,775,2021,Hapur,Hapur,9,Uttar Pradesh
150,11,19,26,12,776,2021,Hardoi,Hardoi,9,Uttar Pradesh
163,5,19,6,41,777,2021,Hathras,Hathras,9,Uttar Pradesh
151,2,22,47,36,778,2021,Jalaun,Jalaun,9,Uttar Pradesh
152,5,28,12,42,779,2021,Jaunpur,Jaunpur,9,Uttar Pradesh
153,25,13,22,14,780,2021,Jhansi,Jhansi,9,Uttar Pradesh
155,8,31,35,45,781,2021,Kannauj,Kannauj,9,Uttar Pradesh
156,27,0,25,5,782,2021,Kanpur Dehat,Kanpur Dehat,9,Uttar Pradesh
157,41,143,36,130,783,2021,Kanpur Commissionarate,Kanpur Nagar,9,Uttar Pradesh
633,3,42,5,36,784,2021,Kasganj,Kasganj,9,Uttar Pradesh
158,0,0,0,0,785,2021,Kaushambi,Kaushambi,9,Uttar Pradesh
159,27,3,43,8,786,2021,Khiri,Kheri,9,Uttar Pradesh
160,2,0,18,11,787,2021,Kushi Nagar,Kushi Nagar,9,Uttar Pradesh
161,3,5,34,32,788,2021,Lalitpur,Lalitpur,9,Uttar Pradesh
162,0,0,0,0,789,2021,Lucknow Commissionarate,Lucknow,9,Uttar Pradesh
164,2,1,9,22,790,2021,Maharajganj,Maharajganj,9,Uttar Pradesh
165,4,0,13,0,791,2021,Mahoba,Mahoba,9,Uttar Pradesh
166,24,0,44,0,792,2021,Mainpuri,Mainpuri,9,Uttar Pradesh
167,0,0,0,0,793,2021,Mathura,Mathura,9,Uttar Pradesh
168,6,19,6,34,794,2021,Mau,Mau,9,Uttar Pradesh
169,10,100,8,101,795,2021,Meerut,Meerut,9,Uttar Pradesh
170,11,34,17,60,796,2021,Mirzapur,Mirzapur,9,Uttar Pradesh
171,223,40,141,127,797,2021,Moradabad,Moradabad,9,Uttar Pradesh
172,0,0,0,0,798,2021,Muzaffarnagar,Muzaffarnagar,9,Uttar Pradesh
173,2,58,2,65,799,2021,Pilibhit,Pilibhit,9,Uttar Pradesh
174,25,0,32,0,800,2021,Pratapgarh,Pratapgarh,9,Uttar Pradesh
175,7,18,23,40,801,2021,Raibareilly,Rae Bareli,9,Uttar Pradesh
176,1,0,2,0,802,2021,Rampur,Rampur,9,Uttar Pradesh
177,8,64,10,73,803,2021,Saharanpur,Saharanpur,9,Uttar Pradesh
659,2,8,3,18,804,2021,Sambhal,Sambhal,9,Uttar Pradesh
178,3,24,0,66,805,2021,Sant Kabirnagar,Sant Kabeer Nagar,9,Uttar Pradesh
180,7,87,26,61,806,2021,Shahjahanpur,Shahjahanpur,9,Uttar Pradesh
660,8,43,4,36,807,2021,Shamli,Shamli,9,Uttar Pradesh
181,7,0,6,6,808,2021,Shrawasti,Shravasti,9,Uttar Pradesh
182,6,39,9,76,809,2021,Sidharthnagar,Siddharth Nagar,9,Uttar Pradesh
183,201,163,223,177,810,2021,Sitapur,Sitapur,9,Uttar Pradesh
184,3,40,14,80,811,2021,Sonbhadra,Sonbhadra,9,Uttar Pradesh
179,26,38,15,0,812,2021,Bhadohi,Bhadohi,9,Uttar Pradesh
185,3,15,9,25,813,2021,Sultanpur,Sultanpur,9,Uttar Pradesh
186,11,54,28,63,814,2021,Unnao,Unnao,9,Uttar Pradesh
187,15,136,27,134,815,2021,Varanasi Commissionarate,Varanasi,9,Uttar Pradesh
162,16,14,16,0,816,2021,Lucknow Grameen,Lucknow,9,Uttar Pradesh
156,10,16,5,36,817,2021,Kanpur Outer,Kanpur Dehat,9,Uttar Pradesh
187,3,4,10,5,818,2021,Vasanasi Dehat,Varanasi,9,Uttar Pradesh
45,5,34,10,25,819,2021,Almora,Almora,5,Uttarakhand
46,5,26,8,34,820,2021,Bageshwar,Bageshwar,5,Uttarakhand
47,7,211,8,31,821,2021,Chamoli,Chamoli,5,Uttarakhand
48,9,22,9,23,822,2021,Champawat,Champawat,5,Uttarakhand
49,23,304,30,364,823,2021,Dehradun,Dehradun,5,Uttarakhand
50,63,338,81,339,824,2021,Haridwar,Haridwar,5,Uttarakhand
51,40,146,74,168,825,2021,Nainital,Nainital,5,Uttarakhand
52,3,40,5,43,826,2021,Pauri Garhwal,Pauri Garhwal,5,Uttarakhand
53,7,14,17,14,827,2021,Pithoragarh,Pithoragarh,5,Uttarakhand
54,0,10,2,14,828,2021,Rudra Prayag,Rudra Prayag,5,Uttarakhand
55,11,22,23,59,829,2021,Tehri Garhwal,Tehri Garhwal,5,Uttarakhand
56,52,201,133,343,830,2021,Udhamsingh Nagar,Udam Singh Nagar,5,Uttarakhand
57,1,0,0,0,831,2021,Uttarkashi,Uttar Kashi,5,Uttarakhand
49,0,0,0,0,832,2021,Grp,Dehradun,5,Uttarakhand
9999,0,0,0,0,833,2021,Cyber Cell,Cyber Cell,5,Uttarakhand
664,22,275,138,671,834,2021,Alipurduar,Alipurduar,19,West Bengal
704,14,491,82,641,835,2021,Asansol-Durgapur Pc,Paschim Bardhaman,19,West Bengal
305,4,326,136,606,836,2021,Bankura,Bankura,19,West Bengal
303,50,554,163,649,837,2021,Barrackpur Pc,24 Paraganas North,19,West Bengal
303,15,314,85,438,838,2021,Bidhannagar Pc,24 Paraganas North,19,West Bengal
307,5,276,66,485,839,2021,Birbhum,Birbhum,19,West Bengal
308,32,384,353,1022,840,2021,Coochbehar,Coochbehar,19,West Bengal
310,28,231,251,763,841,2021,Dakshin Dinajpur,Dinajpur Dakshin,19,West Bengal
309,17,110,22,234,842,2021,Darjeeling,Darjeeling,19,West Bengal
312,13,373,162,888,843,2021,Hooghly Rural Police,Hooghly,19,West Bengal
313,2,16,1,8,844,2021,Howrah Grp,Howrah,19,West Bengal
313,59,725,263,818,845,2021,Howrah Pc,Howrah,19,West Bengal
313,31,272,260,638,846,2021,Howrah Rural,Howrah,19,West Bengal
314,7,315,188,759,847,2021,Jalpaiguri,Jalpaiguri,19,West Bengal
703,0,99,75,239,848,2021,Jhargram,Jhargram,19,West Bengal
318,0,1,0,1,849,2021,Kharagpur Grp,Medinipur West,19,West Bengal
315,196,1578,516,1366,850,2021,Kolkata,Kolkata,19,West Bengal
316,115,476,793,1164,851,2021,Malda,Maldah,19,West Bengal
319,23,470,253,1161,852,2021,Murshidabad Police District,Murshidabad,19,West Bengal
318,23,433,593,1028,853,2021,Paschim Medinipur,Medinipur West,19,West Bengal
317,39,354,560,1069,854,2021,Purab Medinipur,Medinipur East,19,West Bengal
321,5,158,53,327,855,2021,Purulia,Purulia,19,West Bengal
315,0,4,2,10,856,2021,Sealdah Grp,Kolkata,19,West Bengal
309,1,1,0,1,857,2021,Siliguri Grp,Darjeeling,19,West Bengal
309,65,446,245,744,858,2021,Siliguri Pc,Darjeeling,19,West Bengal
304,52,564,407,1488,859,2021,Baruipur Police,24 Paraganas South,19,West Bengal
312,10,327,68,418,860,2021,Chandannagar Pc,Hooghly,19,West Bengal
304,23,392,110,685,861,2021,Diamond Harbour Police,24 Paraganas South,19,West Bengal
702,7,53,20,100,862,2021,Kalimpong,Kalimpong,19,West Bengal
306,24,591,384,1206,863,2021,Purba Bardhaman,Purba Bardhaman,19,West Bengal
304,25,189,253,542,864,2021,Sundarban Police,24 Paraganas South,19,West Bengal
303,401,168,1235,289,865,2021,Barasat,24 Paraganas North,19,West Bengal
303,0,405,0,0,866,2021,Basirhat,24 Paraganas North,19,West Bengal
303,21,5,281,66,867,2021,Bangaon,24 Paraganas North,19,West Bengal
311,94,113,32,358,868,2021,Islampur,Dinajpur Uttar,19,West Bengal
319,23,5,136,7,869,2021,Jangipur Police District,Murshidabad,19,West Bengal
320,58,398,215,742,870,2021,Krishnagar,Nadia,19,West Bengal
311,14,178,77,502,871,2021,Raiganj,Dinajpur Uttar,19,West Bengal
320,0,0,0,0,872,2021,Ranaghat,Nadia,19,West Bengal
602,3,34,16,26,873,2021,South Andaman,South Andamans,35,Andaman And Nicobar Islands                   
632,1,8,4,9,874,2021,North And Middle Andaman,North And Middle Andaman,35,Andaman And Nicobar Islands                   
603,1,4,0,1,875,2021,Nicobar,Nicobars,35,Andaman And Nicobar Islands                   
44,47,302,133,400,876,2021,Chandigarh,Chandigarh,4,Chandigarh
465,3,20,11,46,877,2021,Dadra And Nagar Haveli,Dadra And Nagar Haveli,38,The Dadra And Nagar Haveli And Daman And Diu
463,1,16,4,26,878,2021,Daman,Daman,38,The Dadra And Nagar Haveli And Daman And Diu
464,0,8,0,13,879,2021,Diu,Diu,38,The Dadra And Nagar Haveli And Daman And Diu
77,94,310,172,312,880,2021,Central,Central,7,Delhi
82,0,0,0,0,881,2021,Crime Branch,North West,7,Delhi
78,89,385,221,444,882,2021,East,East,7,Delhi
79,0,0,0,0,883,2021,Eow,New Delhi,7,Delhi
79,0,8,0,3,884,2021,Igi Airport,New Delhi,7,Delhi
82,0,6,0,3,885,2021,Metro,North West,7,Delhi
79,25,50,13,49,886,2021,New Delhi,New Delhi,7,Delhi
80,83,352,172,354,887,2021,North,North,7,Delhi
81,164,729,371,924,888,2021,North-East,North East,7,Delhi
82,89,416,307,558,889,2021,North-West,North West,7,Delhi
82,150,721,384,1058,890,2021,Outer,North West,7,Delhi
79,6,32,8,32,891,2021,Railway,New Delhi,7,Delhi
83,88,451,220,668,892,2021,South,South,7,Delhi
670,110,519,398,621,893,2021,South-East,South East,7,Delhi
84,79,371,260,568,894,2021,South-West,South West,7,Delhi
82,0,0,0,0,895,2021,Spl Cell,North West,7,Delhi
79,0,0,0,0,896,2021,Spuwac,New Delhi,7,Delhi
79,0,0,0,0,897,2021,Vigilance,New Delhi,7,Delhi
85,59,450,263,489,898,2021,West,West,7,Delhi
82,146,495,344,660,899,2021,Rohini,North West,7,Delhi
671,56,439,159,424,900,2021,Shahdara,Shahdara,7,Delhi
84,126,652,366,889,901,2021,Dwarka,South West,7,Delhi
79,234,654,516,842,902,2021,Outer North,New Delhi,7,Delhi
6,0,6,0,4,903,2021,Kargil,Kargil,37,Ladakh
9,0,13,0,1,904,2021,Leh,Leh Ladakh,37,Ladakh
553,0,0,0,0,905,2021,Lakshadweep,Lakshadweep District,31,Lakshadweep
598,0,0,0,0,906,2021,Karaikal,Karaikal,34,Puducherry
600,10,76,25,154,907,2021,Puducherry,Pondicherry,34,Puducherry
745,8,28,54,26,908,2022,Alluri Sitharama Raju,Alluri Sitharama Raju,28,Andhra Pradesh
744,20,69,56,141,909,2022,Anakapalli,Anakapalli,28,Andhra Pradesh
502,38,179,220,431,910,2022,Anantapuramu,Anantapur,28,Andhra Pradesh
753,31,60,135,157,911,2022,Annamayya,Annamayya,28,Andhra Pradesh
750,24,97,79,218,912,2022,Bapatla,Bapatla,28,Andhra Pradesh
503,18,96,177,361,913,2022,Chittoor,Chittoor,28,Andhra Pradesh
747,23,142,77,190,914,2022,Dr Br Ambedkar Konaseema,Konaseema,28,Andhra Pradesh
505,36,172,139,264,915,2022,East Godavari,East Godavari,28,Andhra Pradesh
748,27,200,98,315,916,2022,Eluru,Eluru,28,Andhra Pradesh
502,1,3,1,5,917,2022,Guntakal Railway,Anantapur,28,Andhra Pradesh
506,75,268,174,514,918,2022,Guntur,Guntur,28,Andhra Pradesh
746,9,148,94,295,919,2022,Kakinada,Kakinada,28,Andhra Pradesh
510,32,156,85,283,920,2022,Krishna,Krishna,28,Andhra Pradesh
511,22,80,94,144,921,2022,Kurnool,Kurnool,28,Andhra Pradesh
755,28,105,96,204,922,2022,Nandyal,Nandyal,28,Andhra Pradesh
749,71,415,172,689,923,2022,Ntr,Ntr,28,Andhra Pradesh
751,45,88,111,253,924,2022,Palnadu,Palnadu,28,Andhra Pradesh
743,9,36,13,69,925,2022,Parvathipuram Manyam,Parvathipuram Manyam,28,Andhra Pradesh
517,73,139,151,323,926,2022,Prakasam,Prakasam,28,Andhra Pradesh
515,70,159,200,342,927,2022,Sri Potti Sriramulu Nellore,Spsr Nellore,28,Andhra Pradesh
754,35,82,168,256,928,2022,Sri Sathya Sai,Sri Sathya Sai,28,Andhra Pradesh
519,42,117,119,272,929,2022,Srikakulam,Srikakulam,28,Andhra Pradesh
752,61,163,217,398,930,2022,Tirupati,Tirupati,28,Andhra Pradesh
749,0,22,0,13,931,2022,Viiayawada Railway,Ntr,28,Andhra Pradesh
520,37,293,100,415,932,2022,Visakhapatnam,Visakhapatanam,28,Andhra Pradesh
521,23,148,29,217,933,2022,Vizianagaram,Vizianagaram,28,Andhra Pradesh
523,19,148,95,248,934,2022,West Godavari,West Godavari,28,Andhra Pradesh
504,44,118,164,272,935,2022,Ysr,Y.S.R.,28,Andhra Pradesh
628,0,2,0,0,936,2022,Anjaw,Anjaw,12,Arunachal Pradesh
229,4,3,2,5,937,2022,Changlang,Changlang,12,Arunachal Pradesh
237,0,0,0,0,938,2022,Crime Branch,Papum Pare,12,Arunachal Pradesh
230,0,0,0,0,939,2022,Dibang Valley,Dibang Valley,12,Arunachal Pradesh
231,0,0,0,0,940,2022,Kameng East,East Kameng,12,Arunachal Pradesh
242,0,0,0,0,941,2022,Kameng West,West Kameng,12,Arunachal Pradesh
233,1,23,1,1,942,2022,Kurung Kumey,Kurung Kumey,12,Arunachal Pradesh
234,0,0,0,0,943,2022,Lohit,Lohit,12,Arunachal Pradesh
666,0,0,0,0,944,2022,Longding,Longding,12,Arunachal Pradesh
235,0,0,0,0,945,2022,Lower Dibang Valley,Lower Dibang Valley,12,Arunachal Pradesh
237,0,0,0,0,946,2022,Papum Pare City,Papum Pare,12,Arunachal Pradesh
237,0,0,0,0,947,2022,Papum Pare Rural,Papum Pare,12,Arunachal Pradesh
232,0,0,0,0,948,2022,Siang East,East Siang,12,Arunachal Pradesh
240,0,0,0,0,949,2022,Siang Upper,Upper Siang,12,Arunachal Pradesh
243,0,0,0,0,950,2022,Siang West,West Siang,12,Arunachal Pradesh
236,2,0,0,0,951,2022,Subansiri Lower,Lower Subansiri,12,Arunachal Pradesh
241,0,0,0,0,952,2022,Subansiri Upper,Upper Subansiri,12,Arunachal Pradesh
238,0,0,0,0,953,2022,Tawang,Tawang,12,Arunachal Pradesh
239,2,3,0,5,954,2022,Tirap,Tirap,12,Arunachal Pradesh
678,0,0,2,0,955,2022,Namsai,Namsai,12,Arunachal Pradesh
679,0,0,0,0,956,2022,Siang,Siang,12,Arunachal Pradesh
718,0,0,0,0,957,2022,Kamle,Kamle,12,Arunachal Pradesh
677,0,0,0,0,958,2022,Kra Dadi,Kra Daadi,12,Arunachal Pradesh
719,0,0,0,0,959,2022,Lower Siang,Lower Siang,12,Arunachal Pradesh
724,0,0,0,0,960,2022,Leparada,Leparada,12,Arunachal Pradesh
725,0,0,0,0,961,2022,Shiyomi,Shi Yomi,12,Arunachal Pradesh
723,0,0,0,0,962,2022,Pakkessang,Pakke Kessang,12,Arunachal Pradesh
618,0,0,0,0,963,2022,Bieo,Kamrup Metro,18,Assam
280,0,28,0,49,964,2022,Barpeta,Barpeta,18,Assam
616,5,27,11,103,965,2022,Baksa,Baksa,18,Assam
281,8,33,31,160,966,2022,Bongaigaon,Bongaigaon,18,Assam
618,0,0,0,0,967,2022,Cid,Kamrup Metro,18,Assam
282,0,0,0,0,968,2022,Cachar,Cachar,18,Assam
612,17,13,11,29,969,2022,Chirang,Chirang,18,Assam
283,7,20,11,68,970,2022,Darrang,Darrang,18,Assam
284,10,34,11,95,971,2022,Dhemaji,Dhemaji,18,Assam
285,32,35,176,38,972,2022,Dhubri,Dhubri,18,Assam
286,5,2,2,5,973,2022,Dibrugarh,Dibrugarh,18,Assam
618,0,0,0,0,974,2022,Grp,Kamrup Metro,18,Assam
287,0,0,0,0,975,2022,Goalpara,Goalpara,18,Assam
288,4,0,7,73,976,2022,Golaghat,Golaghat,18,Assam
618,92,500,118,629,977,2022,Guwahati City,Kamrup Metro,18,Assam
289,76,116,60,164,978,2022,Hailakandi,Hailakandi,18,Assam
710,3,3,4,6,979,2022,Hamren,West Karbi Anglong,18,Assam
290,2,19,30,56,980,2022,Jorhat,Jorhat,18,Assam
291,35,27,138,46,981,2022,Kamrup,Kamrup,18,Assam
292,0,0,0,0,982,2022,Karbi Anglong,Karbi Anglong,18,Assam
293,0,0,0,0,983,2022,Karimganj,Karimganj,18,Assam
294,0,0,27,42,984,2022,Kokrajhar,Kokrajhar,18,Assam
295,0,0,0,0,985,2022,Lakhimpur,Lakhimpur,18,Assam
296,0,0,0,0,986,2022,Morigaon,Marigaon,18,Assam
299,0,0,0,0,987,2022,Dima Hasao,Dima Hasao,18,Assam
297,17,15,61,53,988,2022,Nagaon,Nagaon,18,Assam
298,0,0,0,0,989,2022,Nalbari,Nalbari,18,Assam
618,0,0,0,0,990,2022,Rpo,Kamrup Metro,18,Assam
618,0,0,0,0,991,2022,Sou,Kamrup Metro,18,Assam
618,0,0,0,0,992,2022,Stf,Kamrup Metro,18,Assam
300,0,0,0,0,993,2022,Sibsagar,Sivasagar,18,Assam
301,0,0,0,0,994,2022,Sonitpur,Sonitpur,18,Assam
302,6,83,22,154,995,2022,Tinsukia,Tinsukia,18,Assam
617,8,32,9,128,996,2022,Udalguri,Udalguri,18,Assam
302,0,0,0,0,997,2022,Sadia,Tinsukia,18,Assam
706,2,4,5,11,998,2022,Majuli,Majuli,18,Assam
705,0,0,0,0,999,2022,Biswanath,Biswanath,18,Assam
709,0,0,0,0,1000,2022,Hojai,Hojai,18,Assam
707,7,15,21,78,1001,2022,South Salmara,South Salmara Mancachar,18,Assam
708,19,27,53,105,1002,2022,Charaideo,Charaideo,18,Assam
739,3,14,32,36,1003,2022,Bajali,Bajali,18,Assam
756,0,0,0,0,1004,2022,Tamulpur,Tamulpur,18,Assam
188,17,19,162,85,1005,2022,Araria,Araria,10,Bihar
611,7,0,29,13,1006,2022,Arwal,Arwal,10,Bihar
189,18,14,1,4,1007,2022,Aurangabad,Aurangabad,10,Bihar
211,1,5,16,11,1008,2022,Bagaha,Pashchim Champaran,10,Bihar
190,5,8,94,28,1009,2022,Banka,Banka,10,Bihar
191,24,20,223,37,1010,2022,Begusarai,Begusarai,10,Bihar
211,21,12,8,5,1011,2022,Bettiah,Pashchim Champaran,10,Bihar
200,12,6,64,31,1012,2022,Kaimur(Bhabhua),Kaimur (Bhabua),10,Bihar
192,28,38,161,161,1013,2022,Bhagalpur,Bhagalpur,10,Bihar
193,19,20,9,3,1014,2022,Bhojpur,Bhojpur,10,Bihar
194,6,6,4,6,1015,2022,Buxar,Buxar,10,Bihar
195,14,17,175,67,1016,2022,Darbhanga,Darbhanga,10,Bihar
196,22,12,16,17,1017,2022,Gaya,Gaya,10,Bihar
197,8,16,185,130,1018,2022,Gopalganj,Gopalganj,10,Bihar
207,0,0,0,2,1019,2022,Jamalpur Railway,Munger,10,Bihar
198,16,9,78,30,1020,2022,Jamui,Jamui,10,Bihar
199,10,3,52,32,1021,2022,Jehanabad,Jehanabad,10,Bihar
201,13,7,147,68,1022,2022,Katihar,Katihar,10,Bihar
201,0,0,2,0,1023,2022,Katihar Railway,Katihar,10,Bihar
202,10,13,57,153,1024,2022,Khagaria,Khagaria,10,Bihar
203,16,12,57,36,1025,2022,Kishanganj,Kishanganj,10,Bihar
204,4,3,66,35,1026,2022,Lakhisarai,Lakhisarai,10,Bihar
205,0,0,0,0,1027,2022,Madhepura,Madhepura,10,Bihar
206,10,12,188,15,1028,2022,Madhubani,Madhubani,10,Bihar
213,4,3,211,104,1029,2022,Motihari,Purbi Champaran,10,Bihar
207,26,25,117,80,1030,2022,Munger,Munger,10,Bihar
208,38,27,402,296,1031,2022,Muzaffarpur,Muzaffarpur,10,Bihar
208,1,0,5,2,1032,2022,Muzaffarpur Railway,Muzaffarpur,10,Bihar
209,55,57,244,161,1033,2022,Nalanda,Nalanda,10,Bihar
192,8,0,32,0,1034,2022,Naugachia,Bhagalpur,10,Bihar
210,30,23,132,63,1035,2022,Nawadah,Nawada,10,Bihar
212,153,176,655,343,1036,2022,Patna,Patna,10,Bihar
212,0,0,0,0,1037,2022,Patna Railway,Patna,10,Bihar
214,4,3,25,18,1038,2022,Purnea,Purnia,10,Bihar
215,17,17,31,22,1039,2022,Rohtas,Rohtas,10,Bihar
216,0,0,0,0,1040,2022,Saharsa,Saharsa,10,Bihar
217,0,5,189,146,1041,2022,Samastipur,Samastipur,10,Bihar
218,57,31,467,27,1042,2022,Saran,Saran,10,Bihar
219,7,12,48,22,1043,2022,Sheikhpura,Sheikhpura,10,Bihar
220,2,3,33,12,1044,2022,Sheohar,Sheohar,10,Bihar
221,24,35,270,145,1045,2022,Sitamarhi,Sitamarhi,10,Bihar
222,21,21,188,76,1046,2022,Siwan,Siwan,10,Bihar
223,5,5,84,46,1047,2022,Supaul,Supaul,10,Bihar
224,63,53,277,167,1048,2022,Vaishali,Vaishali,10,Bihar
212,0,0,0,0,1049,2022,Economic Offences Unit,Patna,10,Bihar
212,0,0,0,0,1050,2022,Anti Terrorist Squad,Patna,10,Bihar
646,4,112,63,324,1051,2022,Balod,Balod,22,Chhattisgarh
644,23,149,182,472,1052,2022,Balodbazar,Baloda Bazar,22,Chhattisgarh
649,17,54,71,131,1053,2022,Balrampur,Balrampur,22,Chhattisgarh
650,10,88,70,279,1054,2022,Bemetra,Bemetara,22,Chhattisgarh
375,0,0,0,0,1055,2022,Bilaspur,Bilaspur,22,Chhattisgarh
636,0,21,12,25,1056,2022,Bizapur,Bijapur,22,Chhattisgarh
376,4,28,22,52,1057,2022,Dantewara,Dantewada,22,Chhattisgarh
377,10,108,52,348,1058,2022,Dhamtari,Dhamtari,22,Chhattisgarh
378,43,385,234,784,1059,2022,Durg,Durg,22,Chhattisgarh
645,8,88,37,212,1060,2022,Gariyaband,Gariyaband,22,Chhattisgarh
387,2,6,4,15,1061,2022,Grp Raipur,Raipur,22,Chhattisgarh
374,11,84,68,222,1062,2022,Jagdalpur,Bastar,22,Chhattisgarh
379,45,230,275,634,1063,2022,Janjgir,Janjgir-Champa,22,Chhattisgarh
380,16,73,94,256,1064,2022,Jashpur,Jashpur,22,Chhattisgarh
382,15,110,91,283,1065,2022,Kabirdham,Kabirdham,22,Chhattisgarh
381,8,95,66,273,1066,2022,Kanker,Kanker,22,Chhattisgarh
643,9,53,53,167,1067,2022,Kondagaon,Kondagaon,22,Chhattisgarh
383,39,161,129,467,1068,2022,Korba,Korba,22,Chhattisgarh
384,4,23,27,91,1069,2022,Koriya,Korea,22,Chhattisgarh
385,180,150,0,560,1070,2022,Mahasamund,Mahasamund,22,Chhattisgarh
647,4,69,70,235,1071,2022,Mungali,Mungeli,22,Chhattisgarh
637,4,7,14,37,1072,2022,Narayanpur,Narayanpur,22,Chhattisgarh
386,28,228,151,456,1073,2022,Raigarh,Raigarh,22,Chhattisgarh
387,103,737,389,1473,1074,2022,Raipur,Raipur,22,Chhattisgarh
388,8,178,99,419,1075,2022,Rajnandgaon,Rajnandgaon,22,Chhattisgarh
389,20,129,118,307,1076,2022,Sarguja,Surguja,22,Chhattisgarh
642,6,14,14,24,1077,2022,Sukma,Sukma,22,Chhattisgarh
648,9,74,65,191,1078,2022,Surajpur,Surajpur,22,Chhattisgarh
734,14,41,56,121,1079,2022,Gaurela-Pendra-Marwari,Gaurella Pendra Marwahi,22,Chhattisgarh
759,7,59,64,150,1080,2022,Khairagarh - Chhuikhadan-Gandai,Khairgarh Chhuikhadan Gandai,22,Chhattisgarh
760,6,43,75,179,1081,2022,Manendragarh-Chirmiri-Bharatpur,Manendragarh Chirimiri Bharatpur,22,Chhattisgarh
761,3,29,29,98,1082,2022,Mohla-Manpur-Ambagarh Chouki,Mohla Manpur Ambagarh Chouki,22,Chhattisgarh
762,0,0,0,0,1083,2022,Sakti,Sakti,22,Chhattisgarh
763,7,74,66,266,1084,2022,Sarangarh-Bilaigarh,Sarangarh Bilaigarh,22,Chhattisgarh
551,9,168,4,126,1085,2022,North Goa,North Goa,30,Goa
552,7,145,6,147,1086,2022,South Goa,South Goa,30,Goa
551,0,12,0,0,1087,2022,Cid,North Goa,30,Goa
438,76,1156,327,2384,1088,2022,Ahmedabad City,Ahmadabad,24,Gujarat
438,7,66,5,118,1089,2022,Ahmedabad Rural,Ahmadabad,24,Gujarat
439,0,28,0,78,1090,2022,Amreli,Amreli,24,Gujarat
440,0,134,0,302,1091,2022,Anand,Anand,24,Gujarat
672,14,113,14,144,1092,2022,Arvalli,Arvalli,24,Gujarat
441,12,111,100,302,1093,2022,Banaskantha,Banas Kantha,24,Gujarat
442,20,182,14,206,1094,2022,Bharuch,Bharuch,24,Gujarat
443,7,55,16,136,1095,2022,Bhavnagar,Bhavnagar,24,Gujarat
676,0,27,41,77,1096,2022,Botad,Botad,24,Gujarat
668,2,19,3,26,1097,2022,Chhotaudepur,Chhotaudepur,24,Gujarat
446,0,0,0,0,1098,2022,Cid Crime,Gandhinagar,24,Gujarat
445,6,25,169,74,1099,2022,Dahod,Dohad,24,Gujarat
444,0,0,0,0,1100,2022,Dang,Dang,24,Gujarat
674,2,33,0,54,1101,2022,Devbhumi Dwarka,Devbhumi Dwarka,24,Gujarat
446,21,206,29,456,1102,2022,Gandhinagar,Gandhinagar,24,Gujarat
675,2,9,26,15,1103,2022,Gir Somnath,Gir Somnath,24,Gujarat
447,18,63,6,107,1104,2022,Jamnagar,Jamnagar,24,Gujarat
448,2,29,2,33,1105,2022,Junagadh,Junagadh,24,Gujarat
449,5,130,75,272,1106,2022,Kachchh East(G),Kachchh,24,Gujarat
449,12,132,54,252,1107,2022,Kachchh West(B),Kachchh,24,Gujarat
450,12,88,20,207,1108,2022,Kheda,Kheda,24,Gujarat
669,7,20,62,0,1109,2022,Mahisagar,Mahisagar,24,Gujarat
451,2,138,1,410,1110,2022,Mehsana,Mahesana,24,Gujarat
673,0,16,0,23,1111,2022,Morbi,Morbi,24,Gujarat
452,1,14,1,30,1112,2022,Narmada,Narmada,24,Gujarat
453,4,77,6,72,1113,2022,Navsari,Navsari,24,Gujarat
454,6,51,9,87,1114,2022,Panchmahal,Panch Mahals,24,Gujarat
455,0,83,0,347,1115,2022,Patan,Patan,24,Gujarat
456,4,8,4,25,1116,2022,Porbandar,Porbandar,24,Gujarat
457,9,264,12,426,1117,2022,Rajkot City,Rajkot,24,Gujarat
457,5,96,64,342,1118,2022,Rajkot Rural,Rajkot,24,Gujarat
458,2,72,4,208,1119,2022,Sabarkantha,Sabar Kantha,24,Gujarat
459,270,849,217,1344,1120,2022,Surat City,Surat,24,Gujarat
459,6,67,8,87,1121,2022,Surat Rural,Surat,24,Gujarat
460,1,23,3,37,1122,2022,Surendranagar,Surendranagar,24,Gujarat
641,0,16,0,14,1123,2022,Tapi,Tapi,24,Gujarat
461,1,259,0,334,1124,2022,Vadodara City,Vadodara,24,Gujarat
461,0,67,0,131,1125,2022,Vadodara Rural,Vadodara,24,Gujarat
462,15,73,10,124,1126,2022,Valsad,Valsad,24,Gujarat
438,0,10,0,5,1127,2022,W.Rly Ahmedabad,Ahmadabad,24,Gujarat
461,0,10,4,11,1128,2022,W.Rly Vadodara,Vadodara,24,Gujarat
438,0,0,0,0,1129,2022,Cyber Ahmedabad Range,Ahmadabad,24,Gujarat
443,0,0,0,0,1130,2022,Cyber Bhavnagar Range,Bhavnagar,24,Gujarat
9999,0,0,0,0,1131,2022,Cyber Border Range,Cyber Border Range,24,Gujarat
446,0,0,0,0,1132,2022,Cyber Gandhinagar Range,Gandhinagar,24,Gujarat
448,0,0,0,0,1133,2022,Cyber Junagadh Range,Junagadh,24,Gujarat
454,0,0,0,0,1134,2022,Cyber Panchmahal Range,Panch Mahals,24,Gujarat
457,0,0,0,0,1135,2022,Cyber Rajkot Range,Rajkot,24,Gujarat
459,0,0,0,0,1136,2022,Cyber Surat Range,Surat,24,Gujarat
461,0,0,0,0,1137,2022,Cyber Vadodara Range,Vadodara,24,Gujarat
58,12,201,4,250,1138,2022,Ambala,Ambala,6,Haryana
59,29,144,30,30,1139,2022,Bhiwani,Bhiwani,6,Haryana
60,45,413,54,668,1140,2022,Faridabad,Faridabad,6,Haryana
61,31,154,36,319,1141,2022,Fatehabad,Fatehabad,6,Haryana
58,3,18,4,13,1142,2022,Grp,Ambala,6,Haryana
62,38,189,213,347,1143,2022,Gurugram,Gurugram,6,Haryana
63,50,310,40,607,1144,2022,Hissar,Hisar,6,Haryana
64,33,146,30,358,1145,2022,Jhajjar,Jhajjar,6,Haryana
65,1,28,2,28,1146,2022,Jind,Jind,6,Haryana
66,39,148,34,233,1147,2022,Kaithal,Kaithal,6,Haryana
67,58,462,71,695,1148,2022,Karnal,Karnal,6,Haryana
68,44,220,68,336,1149,2022,Kurukshetra,Kurukshetra,6,Haryana
69,39,94,25,271,1150,2022,Mahendergarh,Mahendragarh,6,Haryana
604,19,48,8,85,1151,2022,Nuh,Nuh,6,Haryana
619,55,140,30,257,1152,2022,Palwal,Palwal,6,Haryana
70,17,105,87,213,1153,2022,Panchkula,Panchkula,6,Haryana
71,252,247,269,269,1154,2022,Panipat,Panipat,6,Haryana
72,54,131,58,282,1155,2022,Rewari,Rewari,6,Haryana
73,82,454,55,309,1156,2022,Rohtak,Rohtak,6,Haryana
74,19,173,118,451,1157,2022,Sirsa,Sirsa,6,Haryana
75,106,292,155,645,1158,2022,Sonipat,Sonipat,6,Haryana
76,74,276,112,362,1159,2022,Yamunanagar,Yamunanagar,6,Haryana
62,0,0,0,0,1160,2022,Irrigation & Power,Gurugram,6,Haryana
701,13,53,0,111,1161,2022,Charkhi Dadri,Charki Dadri,6,Haryana
63,11,74,13,190,1162,2022,Hansi,Hisar,6,Haryana
25,2,85,29,232,1163,2022,Baddi,Solan,2,Himachal Pradesh
15,6,55,21,124,1164,2022,Bilaspur,Bilaspur,2,Himachal Pradesh
16,0,35,25,89,1165,2022,Chamba,Chamba,2,Himachal Pradesh
23,0,0,0,0,1166,2022,Cid,Shimla,2,Himachal Pradesh
23,0,0,0,0,1167,2022,Grp,Shimla,2,Himachal Pradesh
17,8,52,6,78,1168,2022,Hamirpur,Hamirpur,2,Himachal Pradesh
18,8,154,27,261,1169,2022,Kangra,Kangra,2,Himachal Pradesh
19,1,26,6,26,1170,2022,Kinnaur,Kinnaur,2,Himachal Pradesh
20,3,64,14,58,1171,2022,Kullu,Kullu,2,Himachal Pradesh
21,0,8,0,2,1172,2022,Lahaul & Spiti,Lahul And Spiti,2,Himachal Pradesh
22,13,87,43,235,1173,2022,Mandi,Mandi,2,Himachal Pradesh
23,16,1,38,0,1174,2022,Shimla,Shimla,2,Himachal Pradesh
24,5,53,18,117,1175,2022,Sirmaur,Sirmaur,2,Himachal Pradesh
25,11,61,41,85,1176,2022,Solan,Solan,2,Himachal Pradesh
26,2,16,28,6,1177,2022,Una,Una,2,Himachal Pradesh
23,0,0,0,0,1178,2022,Cyber,Shimla,2,Himachal Pradesh
322,0,5,26,0,1179,2022,Bokaro,Bokaro,20,Jharkhand
343,18,23,21,42,1180,2022,Chaibasa,West Singhbhum,20,Jharkhand
323,9,28,7,57,1181,2022,Chatra,Chatra,20,Jharkhand
324,10,0,3,0,1182,2022,Deoghar,Deoghar,20,Jharkhand
325,0,0,0,0,1183,2022,Dhanbad,Dhanbad,20,Jharkhand
325,0,2,2,4,1184,2022,Dhanbad Railway,Dhanbad,20,Jharkhand
326,0,0,4,13,1185,2022,Dumka,Dumka,20,Jharkhand
328,0,0,0,0,1186,2022,Garhwa,Garhwa,20,Jharkhand
329,10,30,16,50,1187,2022,Giridih,Giridih,20,Jharkhand
330,8,14,3,29,1188,2022,Godda,Godda,20,Jharkhand
331,14,31,38,53,1189,2022,Gumla,Gumla,20,Jharkhand
332,15,32,15,61,1190,2022,Hazaribagh,Hazaribagh,20,Jharkhand
327,14,43,7,40,1191,2022,Jamshedpur,East Singhbum,20,Jharkhand
327,1,5,0,2,1192,2022,Jamshedpur Railway,East Singhbum,20,Jharkhand
333,6,16,4,34,1193,2022,Jamtara,Jamtara,20,Jharkhand
606,1,0,11,0,1194,2022,Khunti,Khunti,20,Jharkhand
334,4,5,3,7,1195,2022,Koderma,Koderma,20,Jharkhand
335,9,19,20,5,1196,2022,Latehar,Latehar,20,Jharkhand
336,14,26,47,60,1197,2022,Lohardagga,Lohardaga,20,Jharkhand
337,1,3,0,2,1198,2022,Pakur,Pakur,20,Jharkhand
338,5,0,5,2,1199,2022,Palamu,Palamu,20,Jharkhand
607,0,0,0,0,1200,2022,Ramgarh,Ramgarh,20,Jharkhand
339,15,42,14,67,1201,2022,Ranchi,Ranchi,20,Jharkhand
340,3,3,4,4,1202,2022,Sahebganj,Sahebganj,20,Jharkhand
341,0,0,0,0,1203,2022,Saraikela,Saraikela Kharsawan,20,Jharkhand
342,0,0,0,0,1204,2022,Simdega,Simdega,20,Jharkhand
524,13,92,13,171,1205,2022,Bagalkot,Bagalkote,29,Karnataka
525,107,1902,114,2729,1206,2022,Bengaluru City,Bengaluru Urban,29,Karnataka
525,24,339,35,642,1207,2022,Bengaluru District,Bengaluru Urban,29,Karnataka
527,28,169,30,405,1208,2022,Belagavi District,Belagavi,29,Karnataka
528,10,111,13,110,1209,2022,Ballari,Ballari,29,Karnataka
529,9,62,9,99,1210,2022,Bidar,Bidar,29,Karnataka
530,20,119,11,247,1211,2022,Vijayapura,Vijayapura,29,Karnataka
630,12,121,10,394,1212,2022,Chikkaballapura,Chikkaballapura,29,Karnataka
531,13,88,12,164,1213,2022,Chamarajnagar,Chamarajanagara,29,Karnataka
532,14,138,20,277,1214,2022,Chikkamagaluru,Chikkamagaluru,29,Karnataka
533,16,158,12,493,1215,2022,Chitradurga,Chitradurga,29,Karnataka
534,10,80,6,81,1216,2022,Dakshina Kannada,Dakshina Kannada,29,Karnataka
535,13,235,19,449,1217,2022,Davanagere,Davangere,29,Karnataka
536,4,77,5,89,1218,2022,Dharwad,Dharwad,29,Karnataka
537,7,62,6,135,1219,2022,Gadag,Gadag,29,Karnataka
538,10,47,7,115,1220,2022,Kalaburgi,Kalaburagi,29,Karnataka
539,1,126,9,244,1221,2022,Hassan,Hassan,29,Karnataka
540,7,100,17,264,1222,2022,Haveri,Haveri,29,Karnataka
536,7,124,10,180,1223,2022,Hubballi Dharwad City,Dharwad,29,Karnataka
527,9,44,9,164,1224,2022,K.G.F.,Belagavi,29,Karnataka
541,6,54,7,88,1225,2022,Kodagu,Kodagu,29,Karnataka
542,21,143,12,378,1226,2022,Kolar,Kolar,29,Karnataka
543,10,66,8,174,1227,2022,Koppal,Koppal,29,Karnataka
544,22,234,30,467,1228,2022,Mandya,Mandya,29,Karnataka
534,10,88,1,85,1229,2022,Mangaluru City,Dakshina Kannada,29,Karnataka
545,9,193,11,243,1230,2022,Mysuru City,Mysuru,29,Karnataka
545,25,254,22,446,1231,2022,Mysuru District,Mysuru,29,Karnataka
546,9,79,3,163,1232,2022,Raichur,Raichur,29,Karnataka
525,0,11,0,9,1233,2022,K.Railways,Bengaluru Urban,29,Karnataka
631,15,262,19,425,1234,2022,Ramanagara,Ramanagara,29,Karnataka
547,22,283,24,542,1235,2022,Shimoga,Shivamogga,29,Karnataka
548,28,185,16,499,1236,2022,Tumakuru,Tumakuru,29,Karnataka
549,3,119,5,126,1237,2022,Udupi,Udupi,29,Karnataka
550,13,136,16,205,1238,2022,Uttara Kannada,Uttara Kannada,29,Karnataka
635,0,27,0,61,1239,2022,Yadgiri,Yadgir,29,Karnataka
527,2,84,4,132,1240,2022,Belagavi City,Belagavi,29,Karnataka
538,5,56,9,95,1241,2022,Kalaburgi City,Kalaburagi,29,Karnataka
738,8,80,14,124,1242,2022,Vijayanagara,Vijayanagar,29,Karnataka
554,51,233,62,453,1243,2022,Alapuzha,Alappuzha,32,Kerala
555,25,168,27,206,1244,2022,Ernakulam Commr.,Ernakulam,32,Kerala
555,32,231,58,343,1245,2022,Ernakulam Rural,Ernakulam,32,Kerala
556,39,154,55,231,1246,2022,Idukki,Idukki,32,Kerala
557,24,72,26,97,1247,2022,Kannur City,Kannur,32,Kerala
558,31,112,26,160,1248,2022,Kasargod,Kasaragod,32,Kerala
559,67,180,65,405,1249,2022,Kollam Commr.,Kollam,32,Kerala
559,32,108,27,304,1250,2022,Kollam Rural,Kollam,32,Kerala
560,38,256,55,297,1251,2022,Kottayam,Kottayam,32,Kerala
561,62,168,44,178,1252,2022,Kozhikode Commr.,Kozhikode,32,Kerala
561,54,186,45,340,1253,2022,Kozhikode Rural,Kozhikode,32,Kerala
562,85,177,69,275,1254,2022,Malappuram,Malappuram,32,Kerala
563,56,193,70,324,1255,2022,Palakkad,Palakkad,32,Kerala
564,38,118,40,342,1256,2022,Pathanamthitta,Pathanamthitta,32,Kerala
565,2,16,0,4,1257,2022,Railways,Thiruvananthapuram,32,Kerala
566,24,210,36,253,1258,2022,Thrissur Rural,Thrissur,32,Kerala
565,21,146,34,229,1259,2022,Trivandrum Commr.,Thiruvananthapuram,32,Kerala
565,63,279,104,573,1260,2022,Trivandrum Rural,Thiruvananthapuram,32,Kerala
567,19,102,34,128,1261,2022,Wayanadu,Wayanad,32,Kerala
565,0,0,0,0,1262,2022,Crime Branch,Thiruvananthapuram,32,Kerala
557,21,67,19,112,1263,2022,Kannur Rural,Kannur,32,Kerala
667,9,79,38,181,1264,2022,Agar,Agar Malwa,23,Madhya Pradesh
639,3,41,64,318,1265,2022,Alirajpur,Alirajpur,23,Madhya Pradesh
390,35,136,137,349,1266,2022,Anuppur,Anuppur,23,Madhya Pradesh
391,34,137,88,298,1267,2022,Ashok Nagar,Ashoknagar,23,Madhya Pradesh
392,23,321,215,849,1268,2022,Balaghat,Balaghat,23,Madhya Pradesh
393,10,149,157,517,1269,2022,Barwani,Barwani,23,Madhya Pradesh
394,29,266,169,836,1270,2022,Betul,Betul,23,Madhya Pradesh
395,29,0,95,0,1271,2022,Bhind,Bhind,23,Madhya Pradesh
396,168,4,393,8,1272,2022,Bhopal Commissionarate,Bhopal,23,Madhya Pradesh
396,3,46,6,38,1273,2022,Bhopal Railway,Bhopal,23,Madhya Pradesh
397,22,135,89,234,1274,2022,Burhanpur,Burhanpur,23,Madhya Pradesh
398,60,271,194,564,1275,2022,Chhatarpur,Chhatarpur,23,Madhya Pradesh
399,15,407,75,1118,1276,2022,Chhindwara,Chhindwara,23,Madhya Pradesh
400,31,0,143,0,1277,2022,Damoh,Damoh,23,Madhya Pradesh
401,18,121,61,209,1278,2022,Datia,Datia,23,Madhya Pradesh
402,0,0,0,0,1279,2022,Dewas,Dewas,23,Madhya Pradesh
403,48,357,514,1297,1280,2022,Dhar,Dhar,23,Madhya Pradesh
404,11,62,105,278,1281,2022,Dindori,Dindori,23,Madhya Pradesh
406,19,231,110,311,1282,2022,Guna,Guna,23,Madhya Pradesh
407,113,692,265,971,1283,2022,Gwalior,Gwalior,23,Madhya Pradesh
408,10,152,134,427,1284,2022,Harda,Harda,23,Madhya Pradesh
409,91,278,79,312,1285,2022,Narmadapuram,Narmadapuram,23,Madhya Pradesh
410,166,1294,626,1931,1286,2022,Indore Commissionarate,Indore,23,Madhya Pradesh
410,4,13,5,27,1287,2022,Indore Railway,Indore,23,Madhya Pradesh
411,151,935,461,1515,1288,2022,Jabalpur,Jabalpur,23,Madhya Pradesh
411,2,30,3,31,1289,2022,Jabalpur Railway,Jabalpur,23,Madhya Pradesh
412,8,102,185,489,1290,2022,Jhabua,Jhabua,23,Madhya Pradesh
413,60,297,211,590,1291,2022,Katni,Katni,23,Madhya Pradesh
410,24,270,211,818,1292,2022,Khandwa,Indore,23,Madhya Pradesh
414,54,287,309,902,1293,2022,Khargone,Khargone,23,Madhya Pradesh
415,15,175,172,475,1294,2022,Mandla,Mandla,23,Madhya Pradesh
416,28,0,132,2,1295,2022,Mandsaur,Mandsaur,23,Madhya Pradesh
417,67,239,116,307,1296,2022,Morena,Morena,23,Madhya Pradesh
418,0,349,0,563,1297,2022,Narsinghpur,Narsinghpur,23,Madhya Pradesh
419,12,173,88,433,1298,2022,Neemuch,Neemuch,23,Madhya Pradesh
420,35,163,152,330,1299,2022,Panna,Panna,23,Madhya Pradesh
421,60,338,219,534,1300,2022,Raisen,Raisen,23,Madhya Pradesh
422,0,0,0,0,1301,2022,Rajgarh,Rajgarh,23,Madhya Pradesh
423,37,361,309,951,1302,2022,Ratlam,Ratlam,23,Madhya Pradesh
424,134,10,377,0,1303,2022,Rewa,Rewa,23,Madhya Pradesh
425,93,762,383,1212,1304,2022,Sagar,Sagar,23,Madhya Pradesh
426,124,434,305,915,1305,2022,Satna,Satna,23,Madhya Pradesh
428,32,291,192,675,1306,2022,Seoni,Seoni,23,Madhya Pradesh
429,54,254,172,447,1307,2022,Shahdol,Shahdol,23,Madhya Pradesh
430,22,115,73,337,1308,2022,Shajapur,Shajapur,23,Madhya Pradesh
431,12,53,28,129,1309,2022,Sheopur,Sheopur,23,Madhya Pradesh
432,59,220,177,491,1310,2022,Shivpuri,Shivpuri,23,Madhya Pradesh
433,0,0,0,0,1311,2022,Sidhi,Sidhi,23,Madhya Pradesh
427,30,285,151,603,1312,2022,Sehore,Sehore,23,Madhya Pradesh
638,26,126,128,280,1313,2022,Singrauli,Singrauli,23,Madhya Pradesh
434,16,61,116,136,1314,2022,Tikamgarh,Tikamgarh,23,Madhya Pradesh
435,59,389,131,803,1315,2022,Ujjain,Ujjain,23,Madhya Pradesh
436,19,0,48,4,1316,2022,Umaria,Umaria,23,Madhya Pradesh
437,58,405,207,621,1317,2022,Vidisha,Vidisha,23,Madhya Pradesh
396,0,0,0,0,1318,2022,Cyber Crime Cell,Bhopal,23,Madhya Pradesh
722,6,47,30,111,1319,2022,Niwari,Niwari,23,Madhya Pradesh
396,16,1,51,51,1320,2022,Bhopal Rural,Bhopal,23,Madhya Pradesh
410,22,268,167,532,1321,2022,Indore Rural,Indore,23,Madhya Pradesh
466,86,1053,104,1666,1322,2022,Ahmednagar,Ahmednagar,27,Maharashtra
467,0,381,0,553,1323,2022,Akola,Akola,27,Maharashtra
468,0,335,0,450,1324,2022,Amravati Commr.,Amravati,27,Maharashtra
468,10,404,16,782,1325,2022,Amravati Rural,Amravati,27,Maharashtra
469,33,721,36,800,1326,2022,Aurangabad Commr.,Aurangabad,27,Maharashtra
469,0,428,0,484,1327,2022,Aurangabad Rural,Aurangabad,27,Maharashtra
470,27,391,94,525,1328,2022,Beed,Beed,27,Maharashtra
471,0,247,0,475,1329,2022,Bhandara,Bhandara,27,Maharashtra
472,59,434,55,648,1330,2022,Buldhana,Buldhana,27,Maharashtra
473,0,620,0,997,1331,2022,Chandrapur,Chandrapur,27,Maharashtra
474,0,381,0,596,1332,2022,Dhule,Dhule,27,Maharashtra
475,16,155,34,322,1333,2022,Gadchiroli,Gadchiroli,27,Maharashtra
476,0,222,0,399,1334,2022,Gondia,Gondia,27,Maharashtra
477,0,186,0,175,1335,2022,Hingoli,Hingoli,27,Maharashtra
478,92,781,91,1242,1336,2022,Jalgaon,Jalgaon,27,Maharashtra
479,0,264,0,50,1337,2022,Jalna,Jalna,27,Maharashtra
480,47,764,50,1452,1338,2022,Kolhapur,Kolhapur,27,Maharashtra
481,0,303,0,455,1339,2022,Latur,Latur,27,Maharashtra
482,172,4178,177,4437,1340,2022,Mumbai Commr.,Mumbai,27,Maharashtra
482,5,86,5,59,1341,2022,Mumbai Railway,Mumbai,27,Maharashtra
484,1,1523,2,1546,1342,2022,Nagpur Commr.,Nagpur,27,Maharashtra
484,0,20,0,14,1343,2022,Nagpur Railway,Nagpur,27,Maharashtra
484,0,463,0,843,1344,2022,Nagpur Rural,Nagpur,27,Maharashtra
485,41,508,37,535,1345,2022,Nanded,Nanded,27,Maharashtra
486,11,170,15,320,1346,2022,Nandurbar,Nandurbar,27,Maharashtra
487,36,567,30,851,1347,2022,Nasik Commr.,Nashik,27,Maharashtra
487,5,910,6,1324,1348,2022,Nasik Rural,Nashik,27,Maharashtra
483,65,793,41,912,1349,2022,Navi Mumbai,Mumbai Suburban,27,Maharashtra
488,31,204,24,352,1350,2022,Osmanabad,Osmanabad,27,Maharashtra
665,5,222,4,416,1351,2022,Palghar,Palghar,27,Maharashtra
489,0,226,0,270,1352,2022,Parbhani,Parbhani,27,Maharashtra
490,57,1363,68,1482,1353,2022,Pune Commr.,Pune,27,Maharashtra
490,2,17,0,10,1354,2022,Pune Railway,Pune,27,Maharashtra
490,124,1025,145,1549,1355,2022,Pune Rural,Pune,27,Maharashtra
491,2,240,9,300,1356,2022,Raigad,Raigad,27,Maharashtra
492,0,241,0,258,1357,2022,Ratnagiri,Ratnagiri,27,Maharashtra
493,38,684,41,1080,1358,2022,Sangli,Sangli,27,Maharashtra
494,62,552,58,1133,1359,2022,Satara,Satara,27,Maharashtra
495,4,82,5,124,1360,2022,Sindhudurg,Sindhudurg,27,Maharashtra
496,8,334,7,422,1361,2022,Solapur Commr.,Solapur,27,Maharashtra
496,0,677,0,1073,1362,2022,Solapur Rural,Solapur,27,Maharashtra
497,180,2113,184,2462,1363,2022,Thane Commr.,Thane,27,Maharashtra
497,31,285,36,392,1364,2022,Thane Rural,Thane,27,Maharashtra
498,0,458,0,673,1365,2022,Wardha,Wardha,27,Maharashtra
499,0,231,0,290,1366,2022,Washim,Washim,27,Maharashtra
500,0,430,0,759,1367,2022,Yavatmal,Yavatmal,27,Maharashtra
490,103,1206,127,1614,1368,2022,Pimpri Chinchwad City,Pune,27,Maharashtra
469,0,32,0,19,1369,2022,Aurangabad Railway,Aurangabad,27,Maharashtra
497,95,997,120,1190,1370,2022,Mira Bhayandar Vasai Virar Commr.,Thane,27,Maharashtra
252,2,12,1,24,1371,2022,Bishnupur,Bishnupur,14,Manipur
253,0,0,0,0,1372,2022,Chandel,Chandel,14,Manipur
254,0,0,0,0,1373,2022,Churachandpur,Churachandpur,14,Manipur
256,0,0,0,0,1374,2022,Cid,Imphal West,14,Manipur
255,10,31,5,34,1375,2022,Imphal East,Imphal East,14,Manipur
256,4,19,10,13,1376,2022,Imphal West,Imphal West,14,Manipur
257,0,0,0,0,1377,2022,Senapati,Senapati,14,Manipur
258,0,0,0,0,1378,2022,Tamenglong,Tamenglong,14,Manipur
259,2,11,8,11,1379,2022,Thoubal,Thoubal,14,Manipur
260,0,0,0,0,1380,2022,Ukhrul,Ukhrul,14,Manipur
711,11,14,5,31,1381,2022,Kakching,Kakching,14,Manipur
717,0,0,0,0,1382,2022,Kamjong,Kamjong,14,Manipur
712,0,0,0,0,1383,2022,Kangpokpi,Kangpokpi,14,Manipur
713,0,8,2,7,1384,2022,Jiribam,Jiribam,14,Manipur
714,0,0,0,0,1385,2022,Noney,Noney,14,Manipur
715,0,0,0,0,1386,2022,Pherzawl,Pherzawl,14,Manipur
716,0,0,0,0,1387,2022,Tengnoupal,Tengnoupal,14,Manipur
256,0,0,0,0,1388,2022,Narcotic,Imphal West,14,Manipur
273,0,0,1,0,1389,2022,Garo Hills East,East Garo Hills,17,Meghalaya
656,0,0,0,0,1390,2022,Garo Hills North,North Garo Hills,17,Meghalaya
277,0,0,0,0,1391,2022,Garo Hills South,South Garo Hills,17,Meghalaya
663,2,0,0,0,1392,2022,Garo Hills South West,South West Garo Hills,17,Meghalaya
278,0,0,0,0,1393,2022,Garo Hills West,West Garo Hills,17,Meghalaya
275,3,1,1,0,1394,2022,Jaintia Hills West,West Jaintia Hills,17,Meghalaya
657,6,1,0,0,1395,2022,Jaintia Hills East,East Jaintia Hills,17,Meghalaya
274,0,0,0,0,1396,2022,Khasi Hills East,East Khasi Hills,17,Meghalaya
658,1,0,0,0,1397,2022,Khasi Hills South West,South West Khasi Hills,17,Meghalaya
279,0,0,0,0,1398,2022,Khasi Hills West,West Khasi Hills,17,Meghalaya
276,11,0,0,0,1399,2022,Ri-Bhoi,Ri Bhoi,17,Meghalaya
274,0,0,0,0,1400,2022,Cyber Cell,East Khasi Hills,17,Meghalaya
740,0,0,0,0,1401,2022,Khasi Hills Eastern West,Eastern West Khasi Hills,17,Meghalaya
261,0,0,0,0,1402,2022,Aizawl,Aizawl,15,Mizoram
262,0,0,0,0,1403,2022,Champhai,Champhai,15,Mizoram
263,0,0,1,0,1404,2022,Kolasib,Kolasib,15,Mizoram
264,0,0,0,0,1405,2022,Lawngtlai,Lawngtlai,15,Mizoram
265,0,0,0,0,1406,2022,Lunglei,Lunglei,15,Mizoram
266,0,0,0,0,1407,2022,Mamit,Mamit,15,Mizoram
267,0,0,0,0,1408,2022,Saiha,Saiha,15,Mizoram
268,0,0,0,0,1409,2022,Serchhip,Serchhip,15,Mizoram
261,0,0,0,0,1410,2022,Spl Narcotic,Aizawl,15,Mizoram
727,0,0,0,0,1411,2022,Saitual,Saitual,15,Mizoram
728,0,0,0,0,1412,2022,Khawzawl,Khawzawl,15,Mizoram
726,0,0,0,0,1413,2022,Hnahthial,Hnahthial,15,Mizoram
261,0,0,0,0,1414,2022,Cyber,Aizawl,15,Mizoram
244,1,0,2,0,1415,2022,Dimapur,Dimapur,13,Nagaland
614,0,0,0,0,1416,2022,Kiphire,Kiphire,13,Nagaland
245,2,0,35,5,1417,2022,Kohima,Kohima,13,Nagaland
615,0,0,0,0,1418,2022,Longleng,Longleng,13,Nagaland
246,0,0,0,0,1419,2022,Mokokchung,Mokokchung,13,Nagaland
247,0,0,0,0,1420,2022,Mon,Mon,13,Nagaland
613,0,0,0,0,1421,2022,Peren,Peren,13,Nagaland
248,0,0,0,0,1422,2022,Phek,Phek,13,Nagaland
249,0,0,0,0,1423,2022,Tuensang,Tuensang,13,Nagaland
250,0,0,0,0,1424,2022,Wokha,Wokha,13,Nagaland
251,1,0,0,0,1425,2022,Zunheboto,Zunheboto,13,Nagaland
344,0,0,0,0,1426,2022,Angul,Anugul,21,Odisha
346,0,0,0,0,1427,2022,Balasore,Baleshwar,21,Odisha
347,0,0,0,0,1428,2022,Baragarh,Bargarh,21,Odisha
346,0,0,0,0,1429,2022,Berhampur,Baleshwar,21,Odisha
348,0,0,0,0,1430,2022,Bhadrak,Bhadrak,21,Odisha
345,0,0,0,0,1431,2022,Bolangir,Balangir,21,Odisha
349,0,0,0,0,1432,2022,Boudh,Boudh,21,Odisha
350,0,0,0,0,1433,2022,Cuttack,Cuttack,21,Odisha
362,0,0,0,0,1434,2022,Dcp Bbsr,Khordha,21,Odisha
350,0,0,0,0,1435,2022,Dcp Ctc,Cuttack,21,Odisha
351,0,0,0,0,1436,2022,Deogarh,Deogarh,21,Odisha
352,0,0,0,0,1437,2022,Dhenkanal,Dhenkanal,21,Odisha
353,0,0,0,0,1438,2022,Gajapati,Gajapati,21,Odisha
354,0,0,0,0,1439,2022,Ganjam,Ganjam,21,Odisha
355,0,0,0,0,1440,2022,Jagatsinghpur,Jagatsinghapur,21,Odisha
356,0,0,0,0,1441,2022,Jajpur,Jajapur,21,Odisha
357,0,0,0,0,1442,2022,Jharsuguda,Jharsuguda,21,Odisha
358,0,0,0,0,1443,2022,Kalahandi,Kalahandi,21,Odisha
359,0,0,0,0,1444,2022,Kandhamal,Kandhamal,21,Odisha
360,0,0,0,0,1445,2022,Kendrapara,Kendrapara,21,Odisha
361,0,0,0,0,1446,2022,Keonjhar,Kendujhar,21,Odisha
362,0,0,0,0,1447,2022,Khurda,Khordha,21,Odisha
363,0,0,0,0,1448,2022,Koraput,Koraput,21,Odisha
364,0,0,0,0,1449,2022,Malkangiri,Malkangiri,21,Odisha
365,0,0,0,0,1450,2022,Mayurbhanj,Mayurbhanj,21,Odisha
367,0,0,0,0,1451,2022,Nayagarh,Nayagarh,21,Odisha
366,0,0,0,0,1452,2022,Nabarangpur,Nabarangpur,21,Odisha
368,0,0,0,0,1453,2022,Nuapada,Nuapada,21,Odisha
369,0,0,0,0,1454,2022,Puri,Puri,21,Odisha
370,0,0,0,0,1455,2022,Rayagada,Rayagada,21,Odisha
373,0,0,0,0,1456,2022,Rourkela,Sundargarh,21,Odisha
371,0,0,0,0,1457,2022,Sambalpur,Sambalpur,21,Odisha
372,0,0,0,0,1458,2022,Sonepur,Sonepur,21,Odisha
350,0,0,0,0,1459,2022,Srp(Cuttack),Cuttack,21,Odisha
373,0,0,0,0,1460,2022,Srp(Rourkela),Sundargarh,21,Odisha
373,0,0,0,0,1461,2022,Sundargarh,Sundargarh,21,Odisha
350,507,4010,4250,9820,1462,2022,Cid Cb,Cuttack,21,Odisha
27,6,42,81,43,1463,2022,Amritsar Rural,Amritsar,3,Punjab
605,0,0,0,0,1464,2022,Barnala,Barnala,3,Punjab
32,0,27,0,0,1465,2022,Batala,Gurdaspur,3,Punjab
28,11,49,79,51,1466,2022,Bathinda,Bathinda,3,Punjab
27,7,44,45,38,1467,2022,Cp Amritsar,Amritsar,3,Punjab
34,15,180,76,289,1468,2022,Cp Jalandhar,Jalandhar,3,Punjab
36,25,31,45,32,1469,2022,Cp Ludhiana,Ludhiana,3,Punjab
29,1,2,21,0,1470,2022,Faridkot,Faridkot,3,Punjab
30,2,3,42,24,1471,2022,Fatehgarh Sahib,Fatehgarh Sahib,3,Punjab
651,11,59,27,46,1472,2022,Fazilka,Fazilka,3,Punjab
31,0,47,46,38,1473,2022,Ferozepur,Ferozepur,3,Punjab
41,3,7,2,1,1474,2022,Grp,Patiala,3,Punjab
32,3,15,25,10,1475,2022,Gurdaspur,Gurdaspur,3,Punjab
33,11,95,92,132,1476,2022,Hoshiarpur,Hoshiarpur,3,Punjab
34,5,91,7,136,1477,2022,Jalandhar Rural,Jalandhar,3,Punjab
35,9,19,7,33,1478,2022,Kapurthala,Kapurthala,3,Punjab
36,8,68,22,62,1479,2022,Khanna,Ludhiana,3,Punjab
36,2,17,45,30,1480,2022,Ludhiana Rural,Ludhiana,3,Punjab
37,3,51,1,21,1481,2022,Mansa,Mansa,3,Punjab
38,2,78,1,48,1482,2022,Moga,Moga,3,Punjab
39,5,54,5,136,1483,2022,Muktsar,Sri Muktsar Sahib,3,Punjab
662,7,38,4,33,1484,2022,Pathankot,Pathankot,3,Punjab
41,24,24,121,51,1485,2022,Patiala,Patiala,3,Punjab
42,8,40,26,30,1486,2022,Ropar,Rupnagar,3,Punjab
43,11,7,55,19,1487,2022,Sangrur,Sangrur,3,Punjab
608,0,0,0,0,1488,2022,Sas Nagar,S.A.S Nagar,3,Punjab
40,5,0,33,0,1489,2022,Sbs Nagar,Shahid Bhagat Singh Nagar,3,Punjab
609,1,51,2,61,1490,2022,Tarn Taran,Tarn Taran,3,Punjab
608,0,0,0,0,1491,2022,Bureau Of Investigation,S.A.S Nagar,3,Punjab
608,0,0,0,0,1492,2022,Intelligence Wing,S.A.S Nagar,3,Punjab
608,0,0,0,0,1493,2022,Nri Wing,S.A.S Nagar,3,Punjab
27,0,0,0,0,1494,2022,Special Task Force,Amritsar,3,Punjab
737,1,6,17,6,1495,2022,Malerkotla,Malerkotla,3,Punjab
86,63,411,268,1118,1496,2022,Ajmer,Ajmer,8,Rajasthan
87,51,209,124,364,1497,2022,Alwar,Alwar,8,Rajasthan
88,6,162,231,438,1498,2022,Banswara,Banswara,8,Rajasthan
89,20,134,136,492,1499,2022,Baran,Baran,8,Rajasthan
90,16,92,62,251,1500,2022,Barmer,Barmer,8,Rajasthan
91,23,151,19,218,1501,2022,Bharatpur,Bharatpur,8,Rajasthan
92,30,276,361,1081,1502,2022,Bhilwara,Bhilwara,8,Rajasthan
93,23,211,85,85,1503,2022,Bikaner,Bikaner,8,Rajasthan
94,22,144,128,550,1504,2022,Bundi,Bundi,8,Rajasthan
95,19,192,238,828,1505,2022,Chittorgarh,Chittorgarh,8,Rajasthan
96,20,106,77,414,1506,2022,Churu,Churu,8,Rajasthan
97,39,119,61,168,1507,2022,Dausa,Dausa,8,Rajasthan
98,19,78,9,122,1508,2022,Dholpur,Dholpur,8,Rajasthan
99,8,76,230,448,1509,2022,Dungarpur,Dungarpur,8,Rajasthan
86,0,13,2,15,1510,2022,Grp Ajmer,Ajmer,8,Rajasthan
107,2,6,3,5,1511,2022,Grp Jodhpur,Jodhpur,8,Rajasthan
100,22,326,143,861,1512,2022,Ganganagar,Ganganagar,8,Rajasthan
101,14,191,110,501,1513,2022,Hanumangarh,Hanumangarh,8,Rajasthan
102,51,286,117,452,1514,2022,Jaipur East,Jaipur,8,Rajasthan
102,36,251,93,388,1515,2022,Jaipur North,Jaipur,8,Rajasthan
783,31,171,102,380,1516,2022,Jaipur Rural,Jaipur (Gramin),8,Rajasthan
102,39,288,115,413,1517,2022,Jaipur South,Jaipur,8,Rajasthan
102,74,374,158,597,1518,2022,Jaipur West,Jaipur,8,Rajasthan
103,1,31,8,33,1519,2022,Jaisalmer,Jaisalmer,8,Rajasthan
104,15,94,80,404,1520,2022,Jalore,Jalore,8,Rajasthan
105,22,169,156,518,1521,2022,Jhalawar,Jhalawar,8,Rajasthan
106,31,134,103,624,1522,2022,Jhunjhunu,Jhunjhunu,8,Rajasthan
107,33,172,56,270,1523,2022,Jodhpur East,Jodhpur,8,Rajasthan
107,29,239,88,359,1524,2022,Jodhpur West,Jodhpur,8,Rajasthan
107,17,66,64,230,1525,2022,Jodhpur Rural,Jodhpur,8,Rajasthan
108,27,69,15,122,1526,2022,Karauli,Karauli,8,Rajasthan
109,62,296,158,642,1527,2022,Kota City,Kota,8,Rajasthan
109,16,109,80,460,1528,2022,Kota Rural,Kota,8,Rajasthan
110,24,173,141,605,1529,2022,Nagaur,Nagaur,8,Rajasthan
111,23,162,154,947,1530,2022,Pali,Pali,8,Rajasthan
629,5,96,128,385,1531,2022,Pratapgarh,Pratapgarh,8,Rajasthan
112,12,133,141,697,1532,2022,Rajsamand,Rajsamand,8,Rajasthan
113,29,91,16,156,1533,2022,Sawai Madhopur,Sawai Madhopur,8,Rajasthan
114,44,173,139,691,1534,2022,Sikar,Sikar,8,Rajasthan
115,8,82,79,447,1535,2022,Sirohi,Sirohi,8,Rajasthan
116,10,101,44,334,1536,2022,Tonk,Tonk,8,Rajasthan
117,48,299,433,1318,1537,2022,Udaipur,Udaipur,8,Rajasthan
102,0,0,0,0,1538,2022,Jaipur Metro,Jaipur,8,Rajasthan
102,0,0,0,0,1539,2022,Scrb,Jaipur,8,Rajasthan
102,0,0,0,0,1540,2022,Sog,Jaipur,8,Rajasthan
102,0,0,0,0,1541,2022,Ssb,Jaipur,8,Rajasthan
102,0,0,0,0,1542,2022,Jaipur Crime,Jaipur,8,Rajasthan
770,37,185,118,301,1543,2022,Bhiwadi,Khairthal-Tijara,8,Rajasthan
225,3,16,1,40,1544,2022,Gangtok (East),Gangtok,11,Sikkim
226,7,7,1,1,1545,2022,Mangan (North),Mangan,11,Sikkim
227,0,11,3,19,1546,2022,Namchi (South),Namchi,11,Sikkim
742,0,5,0,6,1547,2022,Soreng (West),Soreng,11,Sikkim
741,0,11,1,13,1548,2022,Pakyong (East),Pakyong,11,Sikkim
228,0,0,0,0,1549,2022,Gyalshing (West),Gyalshing,11,Sikkim
610,22,31,69,144,1550,2022,Ariyalur,Ariyalur,33,Tamil Nadu
568,165,866,441,1345,1551,2022,Chennai,Chennai,33,Tamil Nadu
569,61,196,148,490,1552,2022,Coimbatore,Coimbatore,33,Tamil Nadu
569,84,241,107,448,1553,2022,Coimbatore City,Coimbatore,33,Tamil Nadu
570,19,197,54,730,1554,2022,Cuddalore,Cuddalore,33,Tamil Nadu
571,21,36,98,157,1555,2022,Dharmapuri,Dharmapuri,33,Tamil Nadu
572,60,140,217,409,1556,2022,Dindigul,Dindigul,33,Tamil Nadu
573,54,96,186,161,1557,2022,Erode,Erode,33,Tamil Nadu
574,13,84,54,249,1558,2022,Kanchipuram,Kanchipuram,33,Tamil Nadu
575,45,147,50,235,1559,2022,Kanyakumari,Kanniyakumari,33,Tamil Nadu
576,27,45,75,175,1560,2022,Karur,Karur,33,Tamil Nadu
577,44,131,110,182,1561,2022,Krishnagiri,Krishnagiri,33,Tamil Nadu
578,54,150,200,401,1562,2022,Madurai,Madurai,33,Tamil Nadu
578,79,234,131,445,1563,2022,Madurai City,Madurai,33,Tamil Nadu
579,33,88,83,264,1564,2022,Nagapattinam,Nagapattinam,33,Tamil Nadu
580,57,116,114,309,1565,2022,Namakkal,Namakkal,33,Tamil Nadu
587,9,33,43,69,1566,2022,Nilgiris,The Nilgiris,33,Tamil Nadu
581,12,35,44,105,1567,2022,Perambalur,Perambalur,33,Tamil Nadu
582,20,128,77,474,1568,2022,Pudukottai,Pudukkottai,33,Tamil Nadu
583,22,62,28,206,1569,2022,Ramnathapuram,Ramanathapuram,33,Tamil Nadu
568,1,11,5,10,1570,2022,Railway Chennai,Chennai,33,Tamil Nadu
591,2,7,2,10,1571,2022,Railway Trichy,Tiruchirappalli,33,Tamil Nadu
584,44,80,160,285,1572,2022,Salem,Salem,33,Tamil Nadu
584,43,137,47,285,1573,2022,Salem City,Salem,33,Tamil Nadu
585,31,75,99,270,1574,2022,Sivagangai,Sivaganga,33,Tamil Nadu
586,60,154,160,454,1575,2022,Thanjavur,Thanjavur,33,Tamil Nadu
588,52,133,145,297,1576,2022,Theni,Theni,33,Tamil Nadu
592,25,64,78,157,1577,2022,Thirunelveli,Tirunelveli,33,Tamil Nadu
592,21,51,25,95,1578,2022,Thirunelveli City,Tirunelveli,33,Tamil Nadu
589,52,129,122,452,1579,2022,Thiruvallur,Thiruvallur,33,Tamil Nadu
593,49,105,202,400,1580,2022,Thiruvannamalai,Tiruvannamalai,33,Tamil Nadu
590,12,21,35,131,1581,2022,Thiruvarur,Thiruvarur,33,Tamil Nadu
594,43,169,108,404,1582,2022,Thoothukudi,Tuticorin,33,Tamil Nadu
634,20,118,122,296,1583,2022,Tiruppur,Tiruppur,33,Tamil Nadu
634,49,129,86,241,1584,2022,Tiruppur City,Tiruppur,33,Tamil Nadu
591,35,100,105,287,1585,2022,Trichy,Tiruchirappalli,33,Tamil Nadu
591,27,99,80,175,1586,2022,Trichy City,Tiruchirappalli,33,Tamil Nadu
595,42,84,142,240,1587,2022,Vellore,Vellore,33,Tamil Nadu
596,25,178,50,546,1588,2022,Villupuram,Villupuram,33,Tamil Nadu
597,81,153,176,416,1589,2022,Virudhunagar,Virudhunagar,33,Tamil Nadu
568,0,0,0,0,1590,2022,Cyber Cell,Chennai,33,Tamil Nadu
568,0,0,0,0,1591,2022,Other Units,Chennai,33,Tamil Nadu
730,37,89,65,314,1592,2022,Chengalpattu,Chengalpattu,33,Tamil Nadu
729,13,57,89,218,1593,2022,Kallakurichi,Kallakurichi,33,Tamil Nadu
731,11,57,75,177,1594,2022,Ranipet,Ranipet,33,Tamil Nadu
732,40,66,102,225,1595,2022,Tiruppattur,Tirupathur,33,Tamil Nadu
733,69,114,124,379,1596,2022,Tenkasi,Tenkasi,33,Tamil Nadu
589,122,451,206,752,1597,2022,Avadi,Thiruvallur,33,Tamil Nadu
730,44,199,119,363,1598,2022,Tambaram,Chengalpattu,33,Tamil Nadu
507,340,1579,328,2146,1599,2022,Cyberabad Commissionerate,Hyderabad,36,Telangana
507,176,1498,164,1835,1600,2022,Hyderabad Commissionerate,Hyderabad,36,Telangana
508,24,109,59,227,1601,2022,Karimnagar Commissionerate,Karimnagar,36,Telangana
509,27,131,39,306,1602,2022,Khammam Commissionerate,Khammam,36,Telangana
516,63,294,74,362,1603,2022,Nizamabad Commissionerate,Nizamabad,36,Telangana
697,256,1531,213,1922,1604,2022,Rachakonda Commissionerate,Yadadri Bhuvanagiri,36,Telangana
682,30,227,28,432,1605,2022,Ramagundam Commissionerate,Peddapalli,36,Telangana
692,29,139,31,274,1606,2022,Siddipet Commissionerate,Siddipet,36,Telangana
522,55,304,202,619,1607,2022,Warangal Commissionerate,Warangal,36,Telangana
501,9,69,3,114,1608,2022,Adilabad,Adilabad,36,Telangana
690,25,98,137,273,1609,2022,Bhadradri Kothagudem,Bhadradri Kothagudem,36,Telangana
681,11,85,45,230,1610,2022,Jagityal,Jagitial,36,Telangana
687,5,27,3,98,1611,2022,Jayashankar Bhupalpalli,Jayashankar Bhupalapally,36,Telangana
695,18,62,15,100,1612,2022,Jogulamba Gadwal,Jogulamba Gadwal,36,Telangana
685,46,185,99,265,1613,2022,Kamareddy ,Kamareddy,36,Telangana
699,7,35,5,51,1614,2022,Kumaram Bheem Asifabad,Kumuram Bheem Asifabad,36,Telangana
688,5,48,70,143,1615,2022,Mahabubabad,Mahabubabad,36,Telangana
512,39,135,29,307,1616,2022,Mahabubnagar,Mahabubnagar,36,Telangana
513,20,94,28,206,1617,2022,Medak,Medak,36,Telangana
694,22,69,36,203,1618,2022,Nagarkurnool,Nagarkurnool,36,Telangana
514,37,128,40,323,1619,2022,Nalgonda,Nalgonda,36,Telangana
680,18,87,38,117,1620,2022,Nirmal,Nirmal,36,Telangana
683,8,43,14,139,1621,2022,Rajanna Siricilla,Rajanna Sircilla,36,Telangana
691,80,241,185,351,1622,2022,Sangareddy,Sangareddy,36,Telangana
696,29,92,29,237,1623,2022,Suryapet,Suryapet,36,Telangana
698,33,87,24,196,1624,2022,Vikarabad,Vikarabad,36,Telangana
693,17,31,49,119,1625,2022,Wanaparthy,Wanaparthy,36,Telangana
507,4,17,1,13,1626,2022,Railway Police Secunderabad,Hyderabad,36,Telangana
720,4,20,5,58,1627,2022,Mulug,Mulugu,36,Telangana
721,11,22,2,105,1628,2022,Narayanpet,Narayanpet,36,Telangana
269,1,44,3,113,1629,2022,Dhalai,Dhalai,16,Tripura
654,0,48,11,163,1630,2022,Gomati,Gomati,16,Tripura
272,0,0,0,0,1631,2022,Grp,West Tripura,16,Tripura
652,0,35,0,64,1632,2022,Kowai,Khowai,16,Tripura
270,2,7,8,6,1633,2022,North,North Tripura,16,Tripura
653,2,29,12,71,1634,2022,Sipahijala,Sepahijala,16,Tripura
271,12,40,16,139,1635,2022,South,South Tripura,16,Tripura
655,1,15,12,44,1636,2022,Unakoti,Unakoti,16,Tripura
272,6,156,40,431,1637,2022,West,West Tripura,16,Tripura
118,0,0,0,0,1638,2022,Agra,Agra,9,Uttar Pradesh
119,11,62,12,100,1639,2022,Aligarh,Aligarh,9,Uttar Pradesh
120,20,138,66,181,1640,2022,Prayagraj,Prayagraj,9,Uttar Pradesh
121,29,0,0,100,1641,2022,Ambedkar Nagar,Ambedkar Nagar,9,Uttar Pradesh
640,7,20,17,21,1642,2022,Amethi,Amethi,9,Uttar Pradesh
122,2,22,4,23,1643,2022,Auraiya,Auraiya,9,Uttar Pradesh
123,3,79,10,189,1644,2022,Azamgarh,Azamgarh,9,Uttar Pradesh
133,14,62,24,98,1645,2022,Badaun,Budaun,9,Uttar Pradesh
124,10,64,15,111,1646,2022,Baghpat,Baghpat,9,Uttar Pradesh
125,55,63,48,97,1647,2022,Bahraich,Bahraich,9,Uttar Pradesh
126,18,114,28,197,1648,2022,Ballia,Ballia,9,Uttar Pradesh
127,18,1,22,154,1649,2022,Balrampur,Balrampur,9,Uttar Pradesh
128,7,15,27,35,1650,2022,Banda,Banda,9,Uttar Pradesh
129,58,42,68,53,1651,2022,Barabanki,Barabanki,9,Uttar Pradesh
130,18,63,13,74,1652,2022,Bareilly,Bareilly,9,Uttar Pradesh
131,9,36,21,91,1653,2022,Basti,Basti,9,Uttar Pradesh
132,14,88,27,139,1654,2022,Bijnor,Bijnor,9,Uttar Pradesh
134,4,56,17,79,1655,2022,Bulandshahar,Bulandshahr,9,Uttar Pradesh
135,0,0,0,0,1656,2022,Chandoli,Chandauli,9,Uttar Pradesh
136,5,4,7,9,1657,2022,Chitrakoot,Chitrakoot,9,Uttar Pradesh
137,0,0,4,0,1658,2022,Deoria,Deoria,9,Uttar Pradesh
138,5,20,6,40,1659,2022,Etah,Etah,9,Uttar Pradesh
139,34,37,45,96,1660,2022,Etawah,Etawah,9,Uttar Pradesh
140,11,31,25,45,1661,2022,Ayodhya,Ayodhya,9,Uttar Pradesh
141,0,0,0,0,1662,2022,Fatehgarh,Farrukhabad,9,Uttar Pradesh
142,67,55,16,127,1663,2022,Fatehpur,Fatehpur,9,Uttar Pradesh
143,2,0,6,0,1664,2022,Firozabad,Firozabad,9,Uttar Pradesh
162,6,15,5,26,1665,2022,Grp,Lucknow,9,Uttar Pradesh
144,25,225,95,410,1666,2022,Gautambudh Nagar,Gautam Buddha Nagar,9,Uttar Pradesh
145,26,154,71,195,1667,2022,Ghaziabad,Ghaziabad,9,Uttar Pradesh
146,71,77,149,130,1668,2022,Ghazipur,Ghazipur,9,Uttar Pradesh
147,1,35,19,56,1669,2022,Gonda,Gonda,9,Uttar Pradesh
148,6,104,11,151,1670,2022,Gorakhpur,Gorakhpur,9,Uttar Pradesh
149,13,8,113,52,1671,2022,Hamirpur,Hamirpur,9,Uttar Pradesh
661,27,71,49,88,1672,2022,Hapur,Hapur,9,Uttar Pradesh
150,10,46,33,61,1673,2022,Hardoi,Hardoi,9,Uttar Pradesh
163,8,22,10,51,1674,2022,Hathras,Hathras,9,Uttar Pradesh
151,0,28,2,0,1675,2022,Jalaun,Jalaun,9,Uttar Pradesh
152,6,19,11,49,1676,2022,Jaunpur,Jaunpur,9,Uttar Pradesh
153,28,209,24,184,1677,2022,Jhansi,Jhansi,9,Uttar Pradesh
155,15,43,65,60,1678,2022,Kannauj,Kannauj,9,Uttar Pradesh
156,3,0,4,4,1679,2022,Kanpur Dehat,Kanpur Dehat,9,Uttar Pradesh
157,118,228,143,281,1680,2022,Kanpur Commissionarate,Kanpur Nagar,9,Uttar Pradesh
633,0,0,0,0,1681,2022,Kasganj,Kasganj,9,Uttar Pradesh
158,0,0,54,0,1682,2022,Kaushambi,Kaushambi,9,Uttar Pradesh
159,0,0,0,0,1683,2022,Khiri,Kheri,9,Uttar Pradesh
160,2,6,14,21,1684,2022,Kushi Nagar,Kushi Nagar,9,Uttar Pradesh
161,21,0,103,0,1685,2022,Lalitpur,Lalitpur,9,Uttar Pradesh
162,157,0,180,0,1686,2022,Lucknow Commissionarate,Lucknow,9,Uttar Pradesh
164,0,0,0,0,1687,2022,Maharajganj,Maharajganj,9,Uttar Pradesh
165,11,0,25,0,1688,2022,Mahoba,Mahoba,9,Uttar Pradesh
166,0,0,0,0,1689,2022,Mainpuri,Mainpuri,9,Uttar Pradesh
167,0,0,0,0,1690,2022,Mathura,Mathura,9,Uttar Pradesh
168,3,17,2,33,1691,2022,Mau,Mau,9,Uttar Pradesh
169,11,111,12,100,1692,2022,Meerut,Meerut,9,Uttar Pradesh
170,11,45,32,99,1693,2022,Mirzapur,Mirzapur,9,Uttar Pradesh
171,0,0,7,65,1694,2022,Moradabad,Moradabad,9,Uttar Pradesh
172,0,0,0,0,1695,2022,Muzaffarnagar,Muzaffarnagar,9,Uttar Pradesh
173,5,99,0,93,1696,2022,Pilibhit,Pilibhit,9,Uttar Pradesh
174,0,0,0,0,1697,2022,Pratapgarh,Pratapgarh,9,Uttar Pradesh
175,8,35,32,61,1698,2022,Raibareilly,Rae Bareli,9,Uttar Pradesh
176,0,0,0,0,1699,2022,Rampur,Rampur,9,Uttar Pradesh
177,12,97,12,100,1700,2022,Saharanpur,Saharanpur,9,Uttar Pradesh
659,4,24,9,36,1701,2022,Sambhal,Sambhal,9,Uttar Pradesh
178,6,21,48,88,1702,2022,Sant Kabirnagar,Sant Kabeer Nagar,9,Uttar Pradesh
180,18,44,33,83,1703,2022,Shahjahanpur,Shahjahanpur,9,Uttar Pradesh
660,4,45,4,44,1704,2022,Shamli,Shamli,9,Uttar Pradesh
181,11,12,7,33,1705,2022,Shrawasti,Shravasti,9,Uttar Pradesh
182,5,48,6,157,1706,2022,Sidharthnagar,Siddharth Nagar,9,Uttar Pradesh
183,33,140,25,144,1707,2022,Sitapur,Sitapur,9,Uttar Pradesh
184,11,56,24,121,1708,2022,Sonbhadra,Sonbhadra,9,Uttar Pradesh
179,22,0,32,0,1709,2022,Bhadohi,Bhadohi,9,Uttar Pradesh
185,5,20,3,8,1710,2022,Sultanpur,Sultanpur,9,Uttar Pradesh
186,0,0,0,0,1711,2022,Unnao,Unnao,9,Uttar Pradesh
187,33,191,65,174,1712,2022,Varanasi Commissionarate,Varanasi,9,Uttar Pradesh
162,0,0,0,0,1713,2022,Lucknow Grameen,Lucknow,9,Uttar Pradesh
156,0,0,0,0,1714,2022,Kanpur Outer,Kanpur Dehat,9,Uttar Pradesh
187,0,0,0,0,1715,2022,Vasanasi Dehat,Varanasi,9,Uttar Pradesh
45,6,42,13,44,1716,2022,Almora,Almora,5,Uttarakhand
46,5,23,8,26,1717,2022,Bageshwar,Bageshwar,5,Uttarakhand
47,3,23,9,26,1718,2022,Chamoli,Chamoli,5,Uttarakhand
48,10,41,17,48,1719,2022,Champawat,Champawat,5,Uttarakhand
49,9,375,9,430,1720,2022,Dehradun,Dehradun,5,Uttarakhand
50,96,396,103,314,1721,2022,Haridwar,Haridwar,5,Uttarakhand
51,24,170,63,165,1722,2022,Nainital,Nainital,5,Uttarakhand
52,8,40,8,58,1723,2022,Pauri Garhwal,Pauri Garhwal,5,Uttarakhand
53,10,16,22,18,1724,2022,Pithoragarh,Pithoragarh,5,Uttarakhand
54,1,12,6,15,1725,2022,Rudra Prayag,Rudra Prayag,5,Uttarakhand
55,7,30,18,49,1726,2022,Tehri Garhwal,Tehri Garhwal,5,Uttarakhand
56,43,241,146,415,1727,2022,Udhamsingh Nagar,Udam Singh Nagar,5,Uttarakhand
57,3,26,3,23,1728,2022,Uttarkashi,Uttar Kashi,5,Uttarakhand
49,0,3,0,1,1729,2022,Grp,Dehradun,5,Uttarakhand
9999,0,0,0,0,1730,2022,Cyber Cell,Cyber Cell,5,Uttarakhand
664,25,327,145,790,1731,2022,Alipurduar,Alipurduar,19,West Bengal
704,41,715,138,761,1732,2022,Asansol-Durgapur Pc,Paschim Bardhaman,19,West Bengal
305,9,428,238,797,1733,2022,Bankura,Bankura,19,West Bengal
303,115,1190,390,1391,1734,2022,Barrackpur Pc,24 Paraganas North,19,West Bengal
303,46,364,121,450,1735,2022,Bidhannagar Pc,24 Paraganas North,19,West Bengal
307,18,357,91,664,1736,2022,Birbhum,Birbhum,19,West Bengal
308,50,495,521,1273,1737,2022,Coochbehar,Coochbehar,19,West Bengal
310,43,334,371,992,1738,2022,Dakshin Dinajpur,Dinajpur Dakshin,19,West Bengal
309,4,117,25,253,1739,2022,Darjeeling,Darjeeling,19,West Bengal
312,24,422,251,893,1740,2022,Hooghly Rural Police,Hooghly,19,West Bengal
313,0,10,0,7,1741,2022,Howrah Grp,Howrah,19,West Bengal
313,89,808,295,863,1742,2022,Howrah Pc,Howrah,19,West Bengal
313,24,350,295,743,1743,2022,Howrah Rural,Howrah,19,West Bengal
314,21,325,204,826,1744,2022,Jalpaiguri,Jalpaiguri,19,West Bengal
703,6,111,115,254,1745,2022,Jhargram,Jhargram,19,West Bengal
318,0,14,0,1,1746,2022,Kharagpur Grp,Medinipur West,19,West Bengal
315,251,1977,552,1674,1747,2022,Kolkata,Kolkata,19,West Bengal
316,106,562,660,1433,1748,2022,Malda,Maldah,19,West Bengal
319,186,588,385,1355,1749,2022,Murshidabad Police District,Murshidabad,19,West Bengal
318,52,625,868,1389,1750,2022,Paschim Medinipur,Medinipur West,19,West Bengal
317,66,507,863,1471,1751,2022,Purab Medinipur,Medinipur East,19,West Bengal
321,16,204,91,399,1752,2022,Purulia,Purulia,19,West Bengal
315,3,19,6,12,1753,2022,Sealdah Grp,Kolkata,19,West Bengal
309,0,3,0,1,1754,2022,Siliguri Grp,Darjeeling,19,West Bengal
309,61,499,263,754,1755,2022,Siliguri Pc,Darjeeling,19,West Bengal
304,66,666,500,1122,1756,2022,Baruipur Police,24 Paraganas South,19,West Bengal
312,34,416,92,448,1757,2022,Chandannagar Pc,Hooghly,19,West Bengal
304,30,592,205,1023,1758,2022,Diamond Harbour Police,24 Paraganas South,19,West Bengal
702,0,0,0,0,1759,2022,Kalimpong,Kalimpong,19,West Bengal
306,46,726,621,1560,1760,2022,Purba Bardhaman,Purba Bardhaman,19,West Bengal
304,38,241,344,723,1761,2022,Sundarban Police,24 Paraganas South,19,West Bengal
303,84,710,436,1230,1762,2022,Barasat,24 Paraganas North,19,West Bengal
303,25,333,387,387,1763,2022,Basirhat,24 Paraganas North,19,West Bengal
303,30,252,282,812,1764,2022,Bangaon,24 Paraganas North,19,West Bengal
311,19,178,117,403,1765,2022,Islampur,Dinajpur Uttar,19,West Bengal
319,7,337,17,506,1766,2022,Jangipur Police District,Murshidabad,19,West Bengal
320,31,227,586,1495,1767,2022,Krishnagar,Nadia,19,West Bengal
311,14,162,64,476,1768,2022,Raiganj,Dinajpur Uttar,19,West Bengal
320,204,71,32,523,1769,2022,Ranaghat,Nadia,19,West Bengal
602,8,52,22,50,1770,2022,South Andaman,South Andamans,35,Andaman And Nicobar Islands                   
632,3,10,4,8,1771,2022,North And Middle Andaman,North And Middle Andaman,35,Andaman And Nicobar Islands                   
603,0,4,0,1,1772,2022,Nicobar,Nicobars,35,Andaman And Nicobar Islands                   
44,35,274,133,340,1773,2022,Chandigarh,Chandigarh,4,Chandigarh
465,0,28,0,65,1774,2022,Dadra And Nagar Haveli,Dadra And Nagar Haveli,38,The Dadra And Nagar Haveli And Daman And Diu
463,1,42,6,59,1775,2022,Daman,Daman,38,The Dadra And Nagar Haveli And Daman And Diu
464,3,6,1,4,1776,2022,Diu,Diu,38,The Dadra And Nagar Haveli And Daman And Diu
77,96,352,185,302,1777,2022,Central,Central,7,Delhi
82,0,0,0,0,1778,2022,Crime Branch,North West,7,Delhi
78,72,443,213,520,1779,2022,East,East,7,Delhi
79,0,0,0,0,1780,2022,Eow,New Delhi,7,Delhi
79,0,26,0,3,1781,2022,Igi Airport,New Delhi,7,Delhi
82,1,8,4,6,1782,2022,Metro,North West,7,Delhi
79,16,58,20,42,1783,2022,New Delhi,New Delhi,7,Delhi
80,113,445,213,403,1784,2022,North,North,7,Delhi
81,180,868,349,965,1785,2022,North-East,North East,7,Delhi
82,103,428,241,465,1786,2022,North-West,North West,7,Delhi
82,143,773,336,1026,1787,2022,Outer,North West,7,Delhi
79,4,34,11,34,1788,2022,Railway,New Delhi,7,Delhi
83,91,493,289,662,1789,2022,South,South,7,Delhi
670,162,606,400,736,1790,2022,South-East,South East,7,Delhi
84,98,479,262,597,1791,2022,South-West,South West,7,Delhi
82,0,0,0,0,1792,2022,Spl Cell,North West,7,Delhi
79,0,0,0,0,1793,2022,Spuwac,New Delhi,7,Delhi
79,0,0,0,0,1794,2022,Vigilance,New Delhi,7,Delhi
85,71,546,267,619,1795,2022,West,West,7,Delhi
82,179,606,338,674,1796,2022,Rohini,North West,7,Delhi
671,93,506,195,540,1797,2022,Shahdara,Shahdara,7,Delhi
84,139,697,354,919,1798,2022,Dwarka,South West,7,Delhi
79,291,737,611,1082,1799,2022,Outer North,New Delhi,7,Delhi
1,3,69,15,49,1800,2022,Anantnag,Anantnag,1,Jammu And Kashmir
11,1,15,0,13,1801,2022,Awantipora,Pulwama,1,Jammu And Kashmir
623,8,14,2,31,1802,2022,Bandipora,Bandipora,1,Jammu And Kashmir
3,0,0,25,27,1803,2022,Baramulla,Baramulla,1,Jammu And Kashmir
2,0,43,0,68,1804,2022,Budgam,Budgam,1,Jammu And Kashmir
5,0,0,0,0,1805,2022,Special Crime Wing Jammu,Jammu,1,Jammu And Kashmir
5,0,0,0,0,1806,2022,Special Crime Wing Kashmir,Jammu,1,Jammu And Kashmir
4,1,18,5,68,1807,2022,Doda,Doda,1,Jammu And Kashmir
626,8,34,7,33,1808,2022,Ganderbal,Ganderbal,1,Jammu And Kashmir
8,0,0,0,0,1809,2022,Handwara,Kupwara,1,Jammu And Kashmir
5,0,393,0,256,1810,2022,Jammu,Jammu,1,Jammu And Kashmir
7,10,35,44,164,1811,2022,Kathua,Kathua,1,Jammu And Kashmir
620,4,11,0,40,1812,2022,Kishtwar,Kishtwar,1,Jammu And Kashmir
622,0,26,1,15,1813,2022,Kulgam,Kulgam,1,Jammu And Kashmir
8,5,31,0,67,1814,2022,Kupwara,Kupwara,1,Jammu And Kashmir
10,4,22,1,101,1815,2022,Poonch,Poonch,1,Jammu And Kashmir
11,0,41,0,19,1816,2022,Pulwama,Pulwama,1,Jammu And Kashmir
5,1,6,0,2,1817,2022,Railways Jammu,Jammu,1,Jammu And Kashmir
5,0,0,0,0,1818,2022,Railways Kashmir,Jammu,1,Jammu And Kashmir
627,0,0,0,0,1819,2022,Railways Katra,Reasi,1,Jammu And Kashmir
12,2,33,2,116,1820,2022,Rajouri,Rajouri,1,Jammu And Kashmir
621,8,6,33,12,1821,2022,Ramban,Ramban,1,Jammu And Kashmir
627,5,51,23,85,1822,2022,Reasi,Reasi,1,Jammu And Kashmir
624,4,45,23,97,1823,2022,Samba,Samba,1,Jammu And Kashmir
625,4,19,16,13,1824,2022,Shopian,Shopian,1,Jammu And Kashmir
3,3,0,7,8,1825,2022,Sopore,Baramulla,1,Jammu And Kashmir
13,12,186,11,130,1826,2022,Srinagar,Srinagar,1,Jammu And Kashmir
14,8,68,32,105,1827,2022,Udhampur,Udhampur,1,Jammu And Kashmir
5,0,0,0,0,1828,2022,Cyber Crime Jammu,Jammu,1,Jammu And Kashmir
5,0,0,0,0,1829,2022,Cyber Crime Kashmir,Jammu,1,Jammu And Kashmir
5,0,0,0,0,1830,2022,Anti Narcotic Task Force Jammu,Jammu,1,Jammu And Kashmir
13,0,0,0,0,1831,2022,Anti Narcotic Task Force Kashmir,Srinagar,1,Jammu And Kashmir
5,0,0,0,0,1832,2022,Eow Jammu,Jammu,1,Jammu And Kashmir
13,0,0,0,0,1833,2022,Eow Kashmir,Srinagar,1,Jammu And Kashmir
5,0,0,0,0,1834,2022,Cice Jammu,Jammu,1,Jammu And Kashmir
5,0,0,0,0,1835,2022,Cice Kashmir,Jammu,1,Jammu And Kashmir
6,0,5,0,2,1836,2022,Kargil,Kargil,37,Ladakh
9,0,11,0,5,1837,2022,Leh,Leh Ladakh,37,Ladakh
553,0,0,0,0,1838,2022,Lakshadweep,Lakshadweep District,31,Lakshadweep
598,0,0,0,0,1839,2022,Karaikal,Karaikal,34,Puducherry
600,14,77,24,134,1840,2022,Puducherry,Pondicherry,34,Puducherry
502,61,153,236,345,0,2017,Anantapur,Anantapur,28,Andhra Pradesh
503,27,60,94,139,1,2017,Chittoor,Chittoor,28,Andhra Pradesh
504,35,83,60,149,2,2017,Cuddapah,Y.S.R.,28,Andhra Pradesh
505,49,222,118,279,3,2017,East Godavari,East Godavari,28,Andhra Pradesh
502,1,8,0,3,4,2017,Guntakal Railway,Anantapur,28,Andhra Pradesh
506,63,121,48,224,5,2017,Guntur,Guntur,28,Andhra Pradesh
506,14,141,5,228,6,2017,Guntur Urban,Guntur,28,Andhra Pradesh
510,52,118,115,205,7,2017,Krishna,Krishna,28,Andhra Pradesh
511,31,73,87,155,8,2017,Kurnool,Kurnool,28,Andhra Pradesh
515,39,114,107,209,9,2017,Nellore,Spsr Nellore,28,Andhra Pradesh
517,35,107,62,213,10,2017,Prakasham,Prakasam,28,Andhra Pradesh
505,24,84,37,71,11,2017,Rajahmundry,East Godavari,28,Andhra Pradesh
519,11,49,32,102,12,2017,Srikakulam,Srikakulam,28,Andhra Pradesh
752,53,103,93,166,13,2017,Tirupathi Urban,Tirupati,28,Andhra Pradesh
749,75,310,155,407,14,2017,Vijayawada City,Ntr,28,Andhra Pradesh
749,5,9,0,4,15,2017,Vijayawada Railway,Ntr,28,Andhra Pradesh
520,21,68,16,68,16,2017,Visakha Rural,Visakhapatanam,28,Andhra Pradesh
520,21,297,36,334,17,2017,Visakhapatnam,Visakhapatanam,28,Andhra Pradesh
521,23,71,54,114,18,2017,Vizianagaram,Vizianagaram,28,Andhra Pradesh
523,78,205,126,329,19,2017,West Godavari,West Godavari,28,Andhra Pradesh
628,0,0,0,0,20,2017,Anjaw,Anjaw,12,Arunachal Pradesh
229,0,5,2,2,21,2017,Changlang,Changlang,12,Arunachal Pradesh
237,0,0,0,0,22,2017,Crime Branch,Papum Pare,12,Arunachal Pradesh
230,0,0,0,0,23,2017,Dibang Valley,Dibang Valley,12,Arunachal Pradesh
231,0,0,0,0,24,2017,Kameng East,East Kameng,12,Arunachal Pradesh
242,1,1,0,3,25,2017,Kameng West,West Kameng,12,Arunachal Pradesh
233,0,0,0,0,26,2017,Kurung Kumey,Kurung Kumey,12,Arunachal Pradesh
234,0,0,0,0,27,2017,Lohit,Lohit,12,Arunachal Pradesh
666,0,0,0,0,28,2017,Longding,Longding,12,Arunachal Pradesh
235,0,0,2,0,29,2017,Lower Dibang Valley,Lower Dibang Valley,12,Arunachal Pradesh
237,2,0,34,44,30,2017,Papum Pare City,Papum Pare,12,Arunachal Pradesh
237,0,0,0,0,31,2017,Papum Pare Rural,Papum Pare,12,Arunachal Pradesh
232,0,0,0,0,32,2017,Siang East,East Siang,12,Arunachal Pradesh
240,0,0,0,3,33,2017,Siang Upper,Upper Siang,12,Arunachal Pradesh
243,0,0,0,0,34,2017,Siang West,West Siang,12,Arunachal Pradesh
236,0,0,0,0,35,2017,Subansiri Lower,Lower Subansiri,12,Arunachal Pradesh
241,0,0,0,0,36,2017,Subansiri Upper,Upper Subansiri,12,Arunachal Pradesh
238,0,0,0,0,37,2017,Tawang,Tawang,12,Arunachal Pradesh
239,0,0,0,0,38,2017,Tirap,Tirap,12,Arunachal Pradesh
678,0,0,0,0,39,2017,Namsai,Namsai,12,Arunachal Pradesh
679,0,0,0,0,40,2017,Siang,Siang,12,Arunachal Pradesh
718,0,0,0,0,41,2017,Kamle,Kamle,12,Arunachal Pradesh
719,0,0,0,0,42,2017,Lower Siang,Lower Siang,12,Arunachal Pradesh
618,0,0,0,0,43,2017,Bieo,Kamrup Metro,18,Assam
280,3,26,2,102,44,2017,Barpeta,Barpeta,18,Assam
616,20,21,11,42,45,2017,Baksa,Baksa,18,Assam
281,9,11,57,139,46,2017,Bongaigaon,Bongaigaon,18,Assam
618,0,0,0,0,47,2017,Cid,Kamrup Metro,18,Assam
282,24,91,101,216,48,2017,Cachar,Cachar,18,Assam
612,6,20,18,24,49,2017,Chirang,Chirang,18,Assam
283,10,14,20,5,50,2017,Darrang,Darrang,18,Assam
284,4,4,1,8,51,2017,Dhemaji,Dhemaji,18,Assam
285,29,49,37,81,52,2017,Dhubri,Dhubri,18,Assam
286,8,0,6,60,53,2017,Dibrugarh,Dibrugarh,18,Assam
618,0,3,4,1,54,2017,Grp,Kamrup Metro,18,Assam
287,45,0,0,0,55,2017,Goalpara,Goalpara,18,Assam
288,14,0,67,166,56,2017,Golaghat,Golaghat,18,Assam
618,0,0,0,0,57,2017,Guwahati City,Kamrup Metro,18,Assam
289,6,12,0,7,58,2017,Hailakandi,Hailakandi,18,Assam
710,0,0,0,0,59,2017,Hamren,West Karbi Anglong,18,Assam
290,25,40,18,33,60,2017,Jorhat,Jorhat,18,Assam
291,19,7,44,49,61,2017,Kamrup,Kamrup,18,Assam
292,18,31,38,42,62,2017,Karbi Anglong,Karbi Anglong,18,Assam
293,25,38,23,126,63,2017,Karimganj,Karimganj,18,Assam
294,0,30,20,32,64,2017,Kokrajhar,Kokrajhar,18,Assam
295,32,50,50,60,65,2017,Lakhimpur,Lakhimpur,18,Assam
296,2,5,9,13,66,2017,Morigaon,Marigaon,18,Assam
299,0,0,0,0,67,2017,Dima Hasao,Dima Hasao,18,Assam
297,4,30,13,59,68,2017,Nagaon,Nagaon,18,Assam
298,0,3,6,6,69,2017,Nalbari,Nalbari,18,Assam
618,0,0,0,0,70,2017,Rpo,Kamrup Metro,18,Assam
618,0,0,0,0,71,2017,Sou,Kamrup Metro,18,Assam
618,0,0,0,0,72,2017,Stf,Kamrup Metro,18,Assam
300,15,55,0,105,73,2017,Sibsagar,Sivasagar,18,Assam
301,4,0,0,0,74,2017,Sonitpur,Sonitpur,18,Assam
302,10,14,20,5,75,2017,Tinsukia,Tinsukia,18,Assam
617,18,0,19,0,76,2017,Udalguri,Udalguri,18,Assam
302,4,1,4,14,77,2017,Sadia,Tinsukia,18,Assam
706,1,0,2,0,78,2017,Majuli,Majuli,18,Assam
705,13,12,59,57,79,2017,Biswanath,Biswanath,18,Assam
709,30,19,64,56,80,2017,Hojai,Hojai,18,Assam
707,4,5,6,16,81,2017,South Salmara,South Salmara Mancachar,18,Assam
708,4,0,37,22,82,2017,Charaideo,Charaideo,18,Assam
188,21,16,112,33,83,2017,Araria,Araria,10,Bihar
611,8,1,21,5,84,2017,Arwal,Arwal,10,Bihar
189,12,6,9,9,85,2017,Aurangabad,Aurangabad,10,Bihar
211,10,4,65,20,86,2017,Bagaha,Pashchim Champaran,10,Bihar
190,11,9,74,52,87,2017,Banka,Banka,10,Bihar
191,26,11,118,50,88,2017,Begusarai,Begusarai,10,Bihar
211,17,2,133,27,89,2017,Bettiah,Pashchim Champaran,10,Bihar
200,37,8,73,19,90,2017,Bhabhua,Kaimur (Bhabua),10,Bihar
192,26,20,84,59,91,2017,Bhagalpur,Bhagalpur,10,Bihar
193,11,13,96,37,92,2017,Bhojpur,Bhojpur,10,Bihar
194,7,4,50,28,93,2017,Buxar,Buxar,10,Bihar
195,33,25,154,83,94,2017,Darbhanga,Darbhanga,10,Bihar
196,66,38,147,39,95,2017,Gaya,Gaya,10,Bihar
197,22,4,132,8,96,2017,Gopalganj,Gopalganj,10,Bihar
207,0,0,0,0,97,2017,Jamalpur Railway,Munger,10,Bihar
198,9,24,58,14,98,2017,Jamui,Jamui,10,Bihar
199,33,11,30,8,99,2017,Jehanabad,Jehanabad,10,Bihar
201,29,10,114,36,100,2017,Katihar,Katihar,10,Bihar
201,1,0,0,0,101,2017,Katihar Railway,Katihar,10,Bihar
202,24,17,106,31,102,2017,Khagaria,Khagaria,10,Bihar
203,10,14,66,23,103,2017,Kishanganj,Kishanganj,10,Bihar
204,20,6,35,16,104,2017,Lakhisarai,Lakhisarai,10,Bihar
205,6,3,84,51,105,2017,Madhepura,Madhepura,10,Bihar
206,35,6,88,43,106,2017,Madhubani,Madhubani,10,Bihar
213,19,10,157,20,107,2017,Motihari,Purbi Champaran,10,Bihar
207,13,10,66,31,108,2017,Munger,Munger,10,Bihar
208,52,75,176,52,109,2017,Muzaffarpur,Muzaffarpur,10,Bihar
208,0,2,4,4,110,2017,Muzaffarpur Railway,Muzaffarpur,10,Bihar
209,97,46,188,75,111,2017,Nalanda,Nalanda,10,Bihar
192,9,11,67,18,112,2017,Naugachia,Bhagalpur,10,Bihar
210,43,25,109,28,113,2017,Nawadah,Nawada,10,Bihar
212,167,194,464,264,114,2017,Patna,Patna,10,Bihar
212,7,6,3,8,115,2017,Patna Railway,Patna,10,Bihar
214,11,8,33,71,116,2017,Purnea,Purnia,10,Bihar
215,17,12,93,25,117,2017,Rohtas,Rohtas,10,Bihar
216,21,8,3,3,118,2017,Saharsa,Saharsa,10,Bihar
217,27,18,191,95,119,2017,Samastipur,Samastipur,10,Bihar
218,47,44,232,91,120,2017,Saran,Saran,10,Bihar
219,7,5,41,15,121,2017,Sheikhpura,Sheikhpura,10,Bihar
220,3,1,31,19,122,2017,Sheohar,Sheohar,10,Bihar
221,53,9,186,72,123,2017,Sitamarhi,Sitamarhi,10,Bihar
222,27,14,144,31,124,2017,Siwan,Siwan,10,Bihar
223,14,7,72,28,125,2017,Supaul,Supaul,10,Bihar
224,46,21,199,71,126,2017,Vaishali,Vaishali,10,Bihar
212,0,0,0,0,127,2017,Economic Offences Unit,Patna,10,Bihar
212,0,0,0,0,128,2017,Anti Terrorist Squad,Patna,10,Bihar
646,6,89,27,197,129,2017,Balod,Balod,22,Chhattisgarh
644,14,133,104,343,130,2017,Balodbazar,Baloda Bazar,22,Chhattisgarh
649,1,3,1,0,131,2017,Balrampur,Balrampur,22,Chhattisgarh
650,8,35,47,148,132,2017,Bemetra,Bemetara,22,Chhattisgarh
375,76,304,185,546,133,2017,Bilaspur,Bilaspur,22,Chhattisgarh
636,0,4,6,11,134,2017,Bizapur,Bijapur,22,Chhattisgarh
376,14,18,7,25,135,2017,Dantewara,Dantewada,22,Chhattisgarh
377,6,68,28,171,136,2017,Dhamtari,Dhamtari,22,Chhattisgarh
378,88,357,158,631,137,2017,Durg,Durg,22,Chhattisgarh
645,3,43,17,93,138,2017,Gariyaband,Gariyaband,22,Chhattisgarh
387,1,15,2,18,139,2017,Grp Raipur,Raipur,22,Chhattisgarh
374,10,67,28,106,140,2017,Jagdalpur,Bastar,22,Chhattisgarh
379,14,149,91,278,141,2017,Janjgir,Janjgir-Champa,22,Chhattisgarh
380,14,33,57,97,142,2017,Jashpur,Jashpur,22,Chhattisgarh
382,14,43,52,131,143,2017,Kabirdham,Kabirdham,22,Chhattisgarh
381,7,62,44,138,144,2017,Kanker,Kanker,22,Chhattisgarh
643,6,21,12,50,145,2017,Kondagaon,Kondagaon,22,Chhattisgarh
383,38,112,57,208,146,2017,Korba,Korba,22,Chhattisgarh
384,16,61,40,173,147,2017,Koriya,Korea,22,Chhattisgarh
385,19,103,61,285,148,2017,Mahasamund,Mahasamund,22,Chhattisgarh
647,8,43,48,91,149,2017,Mungali,Mungeli,22,Chhattisgarh
637,0,6,5,8,150,2017,Narayanpur,Narayanpur,22,Chhattisgarh
386,28,173,100,300,151,2017,Raigarh,Raigarh,22,Chhattisgarh
387,171,557,302,996,152,2017,Raipur,Raipur,22,Chhattisgarh
388,21,181,67,378,153,2017,Rajnandgaon,Rajnandgaon,22,Chhattisgarh
389,27,72,68,212,154,2017,Sarguja,Surguja,22,Chhattisgarh
642,0,6,1,9,155,2017,Sukma,Sukma,22,Chhattisgarh
648,19,62,25,100,156,2017,Surajpur,Surajpur,22,Chhattisgarh
551,1,150,4,128,157,2017,North Goa,North Goa,30,Goa
552,3,142,4,134,158,2017,South Goa,South Goa,30,Goa
551,0,8,1,3,159,2017,Cid,North Goa,30,Goa
438,128,869,351,1507,160,2017,Ahmedabad City,Ahmadabad,24,Gujarat
438,8,76,39,145,161,2017,Ahmedabad Rural,Ahmadabad,24,Gujarat
439,5,23,9,65,162,2017,Amreli,Amreli,24,Gujarat
440,1,123,19,289,163,2017,Anand,Anand,24,Gujarat
672,2,27,1,71,164,2017,Arvalli,Arvalli,24,Gujarat
441,5,95,3,171,165,2017,Banaskantha,Banas Kantha,24,Gujarat
442,12,130,15,174,166,2017,Bharuch,Bharuch,24,Gujarat
443,0,67,0,53,167,2017,Bhavnagar,Bhavnagar,24,Gujarat
676,0,11,11,40,168,2017,Botad,Botad,24,Gujarat
668,2,20,2,26,169,2017,Chhotaudepur,Chhotaudepur,24,Gujarat
446,0,0,0,0,170,2017,Cid Crime,Gandhinagar,24,Gujarat
445,1,17,3,26,171,2017,Dahod,Dohad,24,Gujarat
444,1,1,0,8,172,2017,Dang,Dang,24,Gujarat
674,6,32,2,55,173,2017,Devbhumi Dwarka,Devbhumi Dwarka,24,Gujarat
446,9,166,98,317,174,2017,Gandhinagar,Gandhinagar,24,Gujarat
675,2,18,2,21,175,2017,Gir Somnath,Gir Somnath,24,Gujarat
447,7,65,15,158,176,2017,Jamnagar,Jamnagar,24,Gujarat
448,2,32,1,18,177,2017,Junagadh,Junagadh,24,Gujarat
449,10,73,35,172,178,2017,Kachchh East(G),Kachchh,24,Gujarat
449,2,65,32,144,179,2017,Kachchh West(B),Kachchh,24,Gujarat
450,6,72,4,112,180,2017,Kheda,Kheda,24,Gujarat
669,3,25,10,38,181,2017,Mahisagar,Mahisagar,24,Gujarat
451,8,219,15,290,182,2017,Mehsana,Mahesana,24,Gujarat
673,0,36,0,78,183,2017,Morbi,Morbi,24,Gujarat
452,0,8,2,11,184,2017,Narmada,Narmada,24,Gujarat
453,3,86,5,84,185,2017,Navsari,Navsari,24,Gujarat
454,7,51,6,74,186,2017,Panchmahal,Panch Mahals,24,Gujarat
455,1,26,0,76,187,2017,Patan,Patan,24,Gujarat
456,2,25,1,37,188,2017,Porbandar,Porbandar,24,Gujarat
457,0,231,6,378,189,2017,Rajkot City,Rajkot,24,Gujarat
457,13,85,30,228,190,2017,Rajkot Rural,Rajkot,24,Gujarat
458,5,72,12,163,191,2017,Sabarkantha,Sabar Kantha,24,Gujarat
459,80,703,140,851,192,2017,Surat City,Surat,24,Gujarat
459,8,67,13,135,193,2017,Surat Rural,Surat,24,Gujarat
460,0,33,0,51,194,2017,Surendranagar,Surendranagar,24,Gujarat
641,0,20,1,10,195,2017,Tapi,Tapi,24,Gujarat
461,26,291,116,409,196,2017,Vadodara City,Vadodara,24,Gujarat
461,5,46,12,52,197,2017,Vadodara Rural,Vadodara,24,Gujarat
462,10,84,9,122,198,2017,Valsad,Valsad,24,Gujarat
438,1,3,3,10,199,2017,W.Rly Ahmedabad,Ahmadabad,24,Gujarat
461,6,29,2,18,200,2017,W.Rly Vadodara,Vadodara,24,Gujarat
58,39,116,37,121,201,2017,Ambala,Ambala,6,Haryana
59,20,87,25,137,202,2017,Bhiwani,Bhiwani,6,Haryana
60,54,299,32,443,203,2017,Faridabad,Faridabad,6,Haryana
61,24,93,32,195,204,2017,Fatehabad,Fatehabad,6,Haryana
58,2,6,0,3,205,2017,Grp,Ambala,6,Haryana
62,41,296,27,359,206,2017,Gurugram,Gurugram,6,Haryana
63,37,127,56,262,207,2017,Hissar,Hisar,6,Haryana
64,36,99,54,133,208,2017,Jhajjar,Jhajjar,6,Haryana
65,21,60,71,170,209,2017,Jind,Jind,6,Haryana
66,35,87,25,84,210,2017,Kaithal,Kaithal,6,Haryana
67,19,71,6,51,211,2017,Karnal,Karnal,6,Haryana
68,54,135,49,165,212,2017,Kurukshetra,Kurukshetra,6,Haryana
69,30,36,13,64,213,2017,Mahendergarh,Mahendragarh,6,Haryana
604,19,13,3,21,214,2017,Mewat,Nuh,6,Haryana
619,28,42,105,60,215,2017,Palwal,Palwal,6,Haryana
70,24,41,49,144,216,2017,Panchkula,Panchkula,6,Haryana
71,111,230,223,343,217,2017,Panipat,Panipat,6,Haryana
72,41,60,49,122,218,2017,Rewari,Rewari,6,Haryana
73,73,179,45,177,219,2017,Rohtak,Rohtak,6,Haryana
74,20,63,32,181,220,2017,Sirsa,Sirsa,6,Haryana
75,58,133,71,196,221,2017,Sonipat,Sonipat,6,Haryana
76,45,138,48,144,222,2017,Yamunanagar,Yamunanagar,6,Haryana
62,0,0,0,0,223,2017,Irrigation And Power,Gurugram,6,Haryana
701,13,27,14,44,224,2017,Charkhi Dadri,Charki Dadri,6,Haryana
63,12,40,12,83,225,2017,Hansi,Hisar,6,Haryana
25,4,29,4,25,226,2017,Baddi,Solan,2,Himachal Pradesh
15,4,38,19,64,227,2017,Bilaspur,Bilaspur,2,Himachal Pradesh
16,4,15,23,5,228,2017,Chamba,Chamba,2,Himachal Pradesh
23,0,0,0,0,229,2017,Cid,Shimla,2,Himachal Pradesh
23,0,0,0,1,230,2017,Grp,Shimla,2,Himachal Pradesh
17,5,26,6,58,231,2017,Hamirpur,Hamirpur,2,Himachal Pradesh
18,8,80,7,107,232,2017,Kangra,Kangra,2,Himachal Pradesh
19,3,9,2,3,233,2017,Kinnaur,Kinnaur,2,Himachal Pradesh
20,2,40,0,48,234,2017,Kullu,Kullu,2,Himachal Pradesh
21,0,0,0,3,235,2017,Lahaul And Spiti,Lahul And Spiti,2,Himachal Pradesh
22,22,58,44,119,236,2017,Mandi,Mandi,2,Himachal Pradesh
23,27,42,24,104,237,2017,Shimla,Shimla,2,Himachal Pradesh
24,3,28,13,70,238,2017,Sirmaur,Sirmaur,2,Himachal Pradesh
25,9,26,12,52,239,2017,Solan,Solan,2,Himachal Pradesh
26,5,25,12,27,240,2017,Una,Una,2,Himachal Pradesh
23,0,0,0,0,241,2017,Cyber,Shimla,2,Himachal Pradesh
1,4,36,4,68,242,2017,Anantnag,Anantnag,1,Jammu And Kashmir
11,0,32,0,12,243,2017,Awantipora,Pulwama,1,Jammu And Kashmir
623,6,14,4,11,244,2017,Bandipora,Bandipora,1,Jammu And Kashmir
3,3,0,5,7,245,2017,Baramulla,Baramulla,1,Jammu And Kashmir
2,1,39,0,34,246,2017,Budgam,Budgam,1,Jammu And Kashmir
5,0,0,0,0,247,2017,Crime Jammu,Jammu,1,Jammu And Kashmir
5,0,0,0,0,248,2017,Crime Srinagar,Jammu,1,Jammu And Kashmir
4,0,17,1,35,249,2017,Doda,Doda,1,Jammu And Kashmir
626,8,10,1,24,250,2017,Ganderbal,Ganderbal,1,Jammu And Kashmir
8,2,8,1,11,251,2017,Handwara,Kupwara,1,Jammu And Kashmir
5,0,237,0,189,252,2017,Jammu,Jammu,1,Jammu And Kashmir
6,0,6,3,5,253,2017,Kargil,Kargil,1,Jammu And Kashmir
7,0,36,17,72,254,2017,Kathua,Kathua,1,Jammu And Kashmir
620,2,15,1,26,255,2017,Kishtwar,Kishtwar,1,Jammu And Kashmir
622,0,39,0,20,256,2017,Kulgam,Kulgam,1,Jammu And Kashmir
8,0,34,0,34,257,2017,Kupwara,Kupwara,1,Jammu And Kashmir
9,0,8,0,7,258,2017,Leh,Leh Ladakh,1,Jammu And Kashmir
10,0,10,0,39,259,2017,Poonch,Poonch,1,Jammu And Kashmir
11,2,10,0,15,260,2017,Pulwama,Pulwama,1,Jammu And Kashmir
5,0,2,0,0,261,2017,Railways Jammu,Jammu,1,Jammu And Kashmir
5,0,0,0,0,262,2017,Railways Kashmir,Jammu,1,Jammu And Kashmir
627,0,0,0,0,263,2017,Railways Katra,Reasi,1,Jammu And Kashmir
12,1,9,0,71,264,2017,Rajouri,Rajouri,1,Jammu And Kashmir
621,1,17,4,34,265,2017,Ramban,Ramban,1,Jammu And Kashmir
627,0,32,1,61,266,2017,Reasi,Reasi,1,Jammu And Kashmir
624,2,22,4,42,267,2017,Samba,Samba,1,Jammu And Kashmir
625,8,10,5,5,268,2017,Shopian,Shopian,1,Jammu And Kashmir
3,8,18,2,14,269,2017,Sopore,Baramulla,1,Jammu And Kashmir
13,3,94,3,75,270,2017,Srinagar,Srinagar,1,Jammu And Kashmir
14,1,42,3,74,271,2017,Udhampur,Udhampur,1,Jammu And Kashmir
322,0,0,0,0,272,2017,Bokaro,Bokaro,20,Jharkhand
343,1,0,15,2,273,2017,Chaibasa,West Singhbhum,20,Jharkhand
323,7,0,3,0,274,2017,Chatra,Chatra,20,Jharkhand
324,10,25,6,29,275,2017,Deoghar,Deoghar,20,Jharkhand
325,9,24,4,4,276,2017,Dhanbad,Dhanbad,20,Jharkhand
325,3,3,3,2,277,2017,Dhanbad Railway,Dhanbad,20,Jharkhand
326,6,8,5,0,278,2017,Dumka,Dumka,20,Jharkhand
328,13,0,4,0,279,2017,Garhwa,Garhwa,20,Jharkhand
329,12,6,8,10,280,2017,Giridih,Giridih,20,Jharkhand
330,2,5,1,2,281,2017,Godda,Godda,20,Jharkhand
331,11,2,12,7,282,2017,Gumla,Gumla,20,Jharkhand
332,19,16,21,13,283,2017,Hazaribagh,Hazaribagh,20,Jharkhand
327,11,18,8,5,284,2017,Jamshedpur,East Singhbum,20,Jharkhand
327,0,4,0,1,285,2017,Jamshedpur Railway,East Singhbum,20,Jharkhand
333,6,0,1,0,286,2017,Jamtara,Jamtara,20,Jharkhand
606,21,3,41,6,287,2017,Khunti,Khunti,20,Jharkhand
334,2,0,1,0,288,2017,Koderma,Koderma,20,Jharkhand
335,9,0,5,0,289,2017,Latehar,Latehar,20,Jharkhand
336,7,1,1,3,290,2017,Lohardagga,Lohardaga,20,Jharkhand
337,3,5,3,3,291,2017,Pakur,Pakur,20,Jharkhand
338,5,1,4,5,292,2017,Palamu,Palamu,20,Jharkhand
607,2,12,2,9,293,2017,Ramgarh,Ramgarh,20,Jharkhand
339,17,59,22,32,294,2017,Ranchi,Ranchi,20,Jharkhand
340,7,0,2,0,295,2017,Sahebganj,Sahebganj,20,Jharkhand
341,10,11,4,7,296,2017,Saraikela,Saraikela Kharsawan,20,Jharkhand
342,16,14,35,10,297,2017,Simdega,Simdega,20,Jharkhand
524,0,38,1,78,298,2017,Bagalkot,Bagalkote,29,Karnataka
525,341,2049,397,2822,299,2017,Bengaluru City,Bengaluru Urban,29,Karnataka
525,29,251,48,468,300,2017,Bengaluru District,Bengaluru Urban,29,Karnataka
527,34,127,24,192,301,2017,Belagavi District,Belagavi,29,Karnataka
528,13,91,14,134,302,2017,Ballari,Ballari,29,Karnataka
529,1,27,0,46,303,2017,Bidar,Bidar,29,Karnataka
530,12,55,12,119,304,2017,Vijayapura,Vijayapura,29,Karnataka
630,11,80,23,228,305,2017,Chikkaballapura,Chikkaballapura,29,Karnataka
531,3,40,3,89,306,2017,Chamarajnagar,Chamarajanagara,29,Karnataka
532,7,61,17,113,307,2017,Chikkamagaluru,Chikkamagaluru,29,Karnataka
533,3,74,10,151,308,2017,Chitradurga,Chitradurga,29,Karnataka
534,10,64,6,59,309,2017,Dakshina Kannada,Dakshina Kannada,29,Karnataka
535,14,122,15,201,310,2017,Davanagere,Davangere,29,Karnataka
536,0,33,0,50,311,2017,Dharwad,Dharwad,29,Karnataka
537,0,34,0,56,312,2017,Gadag,Gadag,29,Karnataka
538,4,52,0,84,313,2017,Kalaburgi,Kalaburagi,29,Karnataka
539,15,119,10,187,314,2017,Hassan,Hassan,29,Karnataka
540,9,50,8,81,315,2017,Haveri,Haveri,29,Karnataka
536,22,84,11,95,316,2017,Hubballi Dharwad City,Dharwad,29,Karnataka
527,6,22,4,56,317,2017,K.G.F.,Belagavi,29,Karnataka
541,23,49,55,80,318,2017,Kodagu,Kodagu,29,Karnataka
542,7,61,13,145,319,2017,Kolar,Kolar,29,Karnataka
543,4,41,1,50,320,2017,Koppal,Koppal,29,Karnataka
544,45,142,35,360,321,2017,Mandya,Mandya,29,Karnataka
534,4,127,1,104,322,2017,Mangaluru City,Dakshina Kannada,29,Karnataka
545,52,200,62,254,323,2017,Mysuru City,Mysuru,29,Karnataka
545,26,136,22,280,324,2017,Mysuru District,Mysuru,29,Karnataka
546,9,34,9,73,325,2017,Raichur,Raichur,29,Karnataka
525,2,9,3,10,326,2017,K.Railways,Bengaluru Urban,29,Karnataka
631,26,191,24,278,327,2017,Ramanagara,Ramanagara,29,Karnataka
547,25,168,19,349,328,2017,Shimoga,Shivamogga,29,Karnataka
548,16,110,16,283,329,2017,Tumakuru,Tumakuru,29,Karnataka
549,23,78,18,59,330,2017,Udupi,Udupi,29,Karnataka
550,5,89,9,130,331,2017,Uttara Kannada,Uttara Kannada,29,Karnataka
635,0,15,1,30,332,2017,Yadgiri,Yadgir,29,Karnataka
527,7,65,5,67,333,2017,Belagavi City,Belagavi,29,Karnataka
554,41,181,36,470,334,2017,Alapuzha,Alappuzha,32,Kerala
555,35,177,66,269,335,2017,Ernakulam Commr.,Ernakulam,32,Kerala
555,45,165,48,322,336,2017,Ernakulam Rural,Ernakulam,32,Kerala
556,32,133,45,157,337,2017,Idukki,Idukki,32,Kerala
557,30,66,41,189,338,2017,Kannur,Kannur,32,Kerala
558,17,66,10,135,339,2017,Kasargod,Kasaragod,32,Kerala
559,34,107,42,301,340,2017,Kollam Commr.,Kollam,32,Kerala
559,57,133,57,511,341,2017,Kollam Rural,Kollam,32,Kerala
560,38,115,37,311,342,2017,Kottayam,Kottayam,32,Kerala
561,18,72,17,134,343,2017,Kozhikode Commr.,Kozhikode,32,Kerala
561,54,94,35,203,344,2017,Kozhikode Rural,Kozhikode,32,Kerala
562,69,142,46,258,345,2017,Malappuram,Malappuram,32,Kerala
563,77,120,58,363,346,2017,Palakkad,Palakkad,32,Kerala
564,0,0,0,0,347,2017,Pathanamthitta,Pathanamthitta,32,Kerala
565,8,13,2,6,348,2017,Railways,Thiruvananthapuram,32,Kerala
566,27,101,35,206,349,2017,Thrissur Commr.,Thrissur,32,Kerala
566,44,175,63,417,350,2017,Thrissur Rural,Thrissur,32,Kerala
565,50,267,46,327,351,2017,Trivandrum Commr.,Thiruvananthapuram,32,Kerala
565,71,247,74,597,352,2017,Trivandrum Rural,Thiruvananthapuram,32,Kerala
567,25,53,38,99,353,2017,Wayanadu,Wayanad,32,Kerala
565,0,2,0,5,354,2017,Crime Branch,Thiruvananthapuram,32,Kerala
667,7,31,26,93,355,2017,Agar,Agar Malwa,23,Madhya Pradesh
639,2,35,78,197,356,2017,Alirajpur,Alirajpur,23,Madhya Pradesh
390,36,79,68,201,357,2017,Anuppur,Anuppur,23,Madhya Pradesh
391,33,94,69,155,358,2017,Ashok Nagar,Ashoknagar,23,Madhya Pradesh
392,44,186,132,496,359,2017,Balaghat,Balaghat,23,Madhya Pradesh
393,17,80,87,229,360,2017,Barwani,Barwani,23,Madhya Pradesh
394,39,214,147,470,361,2017,Betul,Betul,23,Madhya Pradesh
395,47,92,104,137,362,2017,Bhind,Bhind,23,Madhya Pradesh
396,204,752,283,1070,363,2017,Bhopal,Bhopal,23,Madhya Pradesh
396,4,51,3,48,364,2017,Bhopal Railway,Bhopal,23,Madhya Pradesh
397,12,64,61,178,365,2017,Burhanpur,Burhanpur,23,Madhya Pradesh
398,74,158,161,277,366,2017,Chhatarpur,Chhatarpur,23,Madhya Pradesh
399,73,346,208,772,367,2017,Chhindwara,Chhindwara,23,Madhya Pradesh
400,55,171,135,208,368,2017,Damoh,Damoh,23,Madhya Pradesh
401,10,47,45,95,369,2017,Datia,Datia,23,Madhya Pradesh
402,20,166,156,437,370,2017,Dewas,Dewas,23,Madhya Pradesh
403,44,232,266,713,371,2017,Dhar,Dhar,23,Madhya Pradesh
404,16,41,81,162,372,2017,Dindori,Dindori,23,Madhya Pradesh
406,22,116,98,254,373,2017,Guna,Guna,23,Madhya Pradesh
407,141,548,222,684,374,2017,Gwalior,Gwalior,23,Madhya Pradesh
408,27,79,75,203,375,2017,Harda,Harda,23,Madhya Pradesh
409,59,253,464,72,376,2017,Hoshangabad,Narmadapuram,23,Madhya Pradesh
410,164,840,432,1323,377,2017,Indore,Indore,23,Madhya Pradesh
410,1,25,2,16,378,2017,Indore Railway,Indore,23,Madhya Pradesh
411,142,702,339,1022,379,2017,Jabalpur,Jabalpur,23,Madhya Pradesh
411,2,29,4,19,380,2017,Jabalpur Railway,Jabalpur,23,Madhya Pradesh
412,11,87,188,379,381,2017,Jhabua,Jhabua,23,Madhya Pradesh
413,65,192,155,394,382,2017,Katni,Katni,23,Madhya Pradesh
410,13,111,119,345,383,2017,Khandwa,Indore,23,Madhya Pradesh
414,50,150,221,552,384,2017,Khargone,Khargone,23,Madhya Pradesh
415,24,88,91,281,385,2017,Mandla,Mandla,23,Madhya Pradesh
416,24,149,79,363,386,2017,Mandsaur,Mandsaur,23,Madhya Pradesh
417,62,118,70,177,387,2017,Morena,Morena,23,Madhya Pradesh
418,26,225,99,319,388,2017,Narsinghpur,Narsinghpur,23,Madhya Pradesh
419,7,96,50,234,389,2017,Neemuch,Neemuch,23,Madhya Pradesh
420,33,81,95,133,390,2017,Panna,Panna,23,Madhya Pradesh
421,250,200,175,381,391,2017,Raisen,Raisen,23,Madhya Pradesh
422,21,100,83,241,392,2017,Rajgarh,Rajgarh,23,Madhya Pradesh
423,24,223,182,527,393,2017,Ratlam,Ratlam,23,Madhya Pradesh
424,121,223,264,503,394,2017,Rewa,Rewa,23,Madhya Pradesh
425,89,351,237,644,395,2017,Sagar,Sagar,23,Madhya Pradesh
426,123,261,237,582,396,2017,Satna,Satna,23,Madhya Pradesh
428,39,170,86,396,397,2017,Seoni,Seoni,23,Madhya Pradesh
429,65,179,167,319,398,2017,Shahdol,Shahdol,23,Madhya Pradesh
430,13,63,44,153,399,2017,Shajapur,Shajapur,23,Madhya Pradesh
431,4,21,9,57,400,2017,Sheopur,Sheopur,23,Madhya Pradesh
432,30,132,102,245,401,2017,Shivpuri,Shivpuri,23,Madhya Pradesh
433,60,78,130,251,402,2017,Sidhi,Sidhi,23,Madhya Pradesh
427,42,158,102,311,403,2017,Sehore,Sehore,23,Madhya Pradesh
638,22,70,68,140,404,2017,Singrauli,Singrauli,23,Madhya Pradesh
434,33,85,146,186,405,2017,Tikamgarh,Tikamgarh,23,Madhya Pradesh
435,48,330,199,621,406,2017,Ujjain,Ujjain,23,Madhya Pradesh
436,31,66,51,109,407,2017,Umaria,Umaria,23,Madhya Pradesh
437,76,560,214,804,408,2017,Vidisha,Vidisha,23,Madhya Pradesh
9999,0,0,0,0,409,2017,Cyber Crime Cell,Cyber Crime Cell,23,Madhya Pradesh
466,54,702,84,959,410,2017,Ahmednagar,Cyber Crime Cell,27,Maharashtra
467,11,228,23,283,411,2017,Akola,Cyber Crime Cell,27,Maharashtra
468,4,284,0,326,412,2017,Amravati Commr.,Cyber Border Range,27,Maharashtra
468,0,268,1,404,413,2017,Amravati Rural,Cyber Crime Cell,27,Maharashtra
469,0,484,0,459,414,2017,Aurangabad Commr.,Aurangabad,27,Maharashtra
469,7,154,11,202,415,2017,Aurangabad Rural,Aurangabad,27,Maharashtra
470,12,85,10,149,416,2017,Beed,Beed,27,Maharashtra
471,11,192,33,395,417,2017,Bhandara,Bhandara,27,Maharashtra
472,42,252,50,263,418,2017,Buldhana,Buldhana,27,Maharashtra
473,0,492,0,746,419,2017,Chandrapur,Chandrapur,27,Maharashtra
474,10,220,7,294,420,2017,Dhule,Dhule,27,Maharashtra
475,0,110,0,198,421,2017,Gadchiroli,Gadchiroli,27,Maharashtra
476,0,168,0,314,422,2017,Gondia,Gondia,27,Maharashtra
477,11,71,11,66,423,2017,Hingoli,Hingoli,27,Maharashtra
478,98,442,196,604,424,2017,Jalgaon,Jalgaon,27,Maharashtra
479,0,78,0,96,425,2017,Jalna,Jalna,27,Maharashtra
480,42,518,76,839,426,2017,Kolhapur,Kolhapur,27,Maharashtra
481,1,196,0,310,427,2017,Latur,Latur,27,Maharashtra
482,69,4587,119,4599,428,2017,Mumbai Commr.,Mumbai,27,Maharashtra
482,6,98,4,61,429,2017,Mumbai Railway,Mumbai,27,Maharashtra
484,75,1368,111,1305,430,2017,Nagpur Commr.,Nagpur,27,Maharashtra
484,2,57,5,47,431,2017,Nagpur Railway,Nagpur,27,Maharashtra
484,0,328,0,578,432,2017,Nagpur Rural,Nagpur,27,Maharashtra
485,14,284,20,337,433,2017,Nanded,Nanded,27,Maharashtra
486,9,108,13,174,434,2017,Nandurbar,Nandurbar,27,Maharashtra
487,2,645,7,708,435,2017,Nasik Commr.,Nashik,27,Maharashtra
487,168,321,531,266,436,2017,Nasik Rural,Nashik,27,Maharashtra
483,26,745,27,856,437,2017,Navi Mumbai,Mumbai Suburban,27,Maharashtra
488,10,126,8,199,438,2017,Osmanabad,Osmanabad,27,Maharashtra
665,75,695,63,989,439,2017,Palghar,Palghar,27,Maharashtra
489,19,158,19,196,440,2017,Parbhani,Parbhani,27,Maharashtra
490,118,2033,233,2343,441,2017,Pune Commr.,Pune,27,Maharashtra
490,3,26,0,22,442,2017,Pune Railway,Pune,27,Maharashtra
490,36,1050,42,1517,443,2017,Pune Rural,Pune,27,Maharashtra
491,9,212,11,325,444,2017,Raigad,Raigad,27,Maharashtra
492,6,250,18,267,445,2017,Ratnagiri,Ratnagiri,27,Maharashtra
493,36,410,31,632,446,2017,Sangli,Sangli,27,Maharashtra
494,19,396,18,732,447,2017,Satara,Satara,27,Maharashtra
495,4,98,3,108,448,2017,Sindhudurg,Sindhudurg,27,Maharashtra
496,7,256,18,242,449,2017,Solapur Commr.,Solapur,27,Maharashtra
496,0,346,13,574,450,2017,Solapur Rural,Solapur,27,Maharashtra
497,38,1529,30,1768,451,2017,Thane Commr.,Thane,27,Maharashtra
497,1,395,1,431,452,2017,Thane Rural,Thane,27,Maharashtra
498,5,343,11,464,453,2017,Wardha,Wardha,27,Maharashtra
499,14,129,11,186,454,2017,Washim,Washim,27,Maharashtra
500,0,375,0,577,455,2017,Yavatmal,Yavatmal,27,Maharashtra
252,10,6,0,7,456,2017,Bishnupur,Bishnupur,14,Manipur
253,0,2,0,0,457,2017,Chandel,Chandel,14,Manipur
254,0,0,0,0,458,2017,Churachandpur,Churachandpur,14,Manipur
256,0,0,0,0,459,2017,Cid,Imphal West,14,Manipur
255,26,50,14,51,460,2017,Imphal East,Imphal East,14,Manipur
256,2,19,5,26,461,2017,Imphal West,Imphal West,14,Manipur
257,0,1,0,0,462,2017,Senapati,Senapati,14,Manipur
258,0,0,0,0,463,2017,Tamenglong,Tamenglong,14,Manipur
259,14,18,12,24,464,2017,Thoubal,Thoubal,14,Manipur
260,0,2,0,0,465,2017,Ukhrul,Ukhrul,14,Manipur
273,0,0,0,0,466,2017,Garo Hills East,East Garo Hills,17,Meghalaya
656,0,2,4,3,467,2017,Garo Hills North,North Garo Hills,17,Meghalaya
277,1,2,0,0,468,2017,Garo Hills South,South Garo Hills,17,Meghalaya
663,0,1,5,1,469,2017,Garo Hills South West,South West Garo Hills,17,Meghalaya
278,1,1,0,2,470,2017,Garo Hills West,West Garo Hills,17,Meghalaya
275,5,3,17,2,471,2017,Jaintia Hills West,West Jaintia Hills,17,Meghalaya
657,2,7,3,4,472,2017,Jaintia Hills East,East Jaintia Hills,17,Meghalaya
274,28,82,45,79,473,2017,Khasi Hills East,East Khasi Hills,17,Meghalaya
658,0,0,0,0,474,2017,Khasi Hills South West,South West Khasi Hills,17,Meghalaya
279,0,1,3,0,475,2017,Khasi Hills West,West Khasi Hills,17,Meghalaya
276,2,4,3,1,476,2017,Ri-Bhoi,Ri Bhoi,17,Meghalaya
261,0,0,0,0,477,2017,Aizawl,Aizawl,15,Mizoram
262,0,0,0,0,478,2017,Champhai,Champhai,15,Mizoram
263,0,0,0,0,479,2017,Kolasib,Kolasib,15,Mizoram
264,0,0,0,0,480,2017,Lawngtlai,Lawngtlai,15,Mizoram
265,0,0,0,0,481,2017,Lunglei,Lunglei,15,Mizoram
266,0,0,0,0,482,2017,Mamit,Mamit,15,Mizoram
267,0,0,0,0,483,2017,Saiha,Saiha,15,Mizoram
268,0,0,1,0,484,2017,Serchhip,Serchhip,15,Mizoram
261,0,0,0,0,485,2017,Spl Narcotic,Aizawl,15,Mizoram
244,12,15,25,8,486,2017,Dimapur,Dimapur,13,Nagaland
614,0,0,0,0,487,2017,Kiphire,Kiphire,13,Nagaland
245,19,1,28,25,488,2017,Kohima,Kohima,13,Nagaland
615,0,0,0,0,489,2017,Longleng,Longleng,13,Nagaland
246,0,0,0,0,490,2017,Mokokchung,Mokokchung,13,Nagaland
247,0,0,0,0,491,2017,Mon,Mon,13,Nagaland
613,0,0,0,0,492,2017,Peren,Peren,13,Nagaland
248,0,0,0,0,493,2017,Phek,Phek,13,Nagaland
249,0,0,0,0,494,2017,Tuensang,Tuensang,13,Nagaland
250,0,0,0,0,495,2017,Wokha,Wokha,13,Nagaland
251,2,1,3,0,496,2017,Zunheboto,Zunheboto,13,Nagaland
344,0,0,0,0,497,2017,Angul,Anugul,21,Odisha
346,0,0,0,0,498,2017,Balasore,Baleshwar,21,Odisha
347,0,0,0,0,499,2017,Baragarh,Bargarh,21,Odisha
346,723,956,1521,2666,500,2017,Berhampur,Baleshwar,21,Odisha
348,0,0,0,0,501,2017,Bhadrak,Bhadrak,21,Odisha
345,0,0,0,0,502,2017,Bolangir,Balangir,21,Odisha
349,0,0,0,0,503,2017,Boudh,Boudh,21,Odisha
350,0,0,0,0,504,2017,Cuttack,Cuttack,21,Odisha
362,0,0,0,0,505,2017,Dcp Bbsr,Khordha,21,Odisha
350,0,0,0,0,506,2017,Dcp Ctc,Cuttack,21,Odisha
351,0,0,0,0,507,2017,Deogarh,Deogarh,21,Odisha
352,0,0,0,0,508,2017,Dhenkanal,Dhenkanal,21,Odisha
353,0,0,0,0,509,2017,Gajapati,Gajapati,21,Odisha
354,0,0,0,0,510,2017,Ganjam,Ganjam,21,Odisha
355,0,0,0,0,511,2017,Jagatsinghpur,Jagatsinghapur,21,Odisha
356,0,0,0,0,512,2017,Jajpur,Jajapur,21,Odisha
357,0,0,0,0,513,2017,Jharsuguda,Jharsuguda,21,Odisha
358,0,0,0,0,514,2017,Kalahandi,Kalahandi,21,Odisha
359,0,0,0,0,515,2017,Kandhamal,Kandhamal,21,Odisha
360,0,0,0,0,516,2017,Kendrapara,Kendrapara,21,Odisha
361,0,0,0,0,517,2017,Keonjhar,Kendujhar,21,Odisha
362,0,0,0,0,518,2017,Khurda,Khordha,21,Odisha
363,0,0,0,0,519,2017,Koraput,Koraput,21,Odisha
364,0,0,0,0,520,2017,Malkangiri,Malkangiri,21,Odisha
365,0,0,0,0,521,2017,Mayurbhanj,Mayurbhanj,21,Odisha
367,0,0,0,0,522,2017,Nayagarh,Nayagarh,21,Odisha
366,0,0,0,0,523,2017,Nabarangpur,Nabarangpur,21,Odisha
368,0,0,0,0,524,2017,Nuapada,Nuapada,21,Odisha
369,0,0,0,0,525,2017,Puri,Puri,21,Odisha
370,0,0,0,0,526,2017,Rayagada,Rayagada,21,Odisha
373,0,0,0,0,527,2017,Rourkela,Sundargarh,21,Odisha
371,0,0,0,0,528,2017,Sambalpur,Sambalpur,21,Odisha
372,0,0,0,0,529,2017,Sonepur,Sonepur,21,Odisha
350,0,0,0,0,530,2017,Srp(Cuttack),Cuttack,21,Odisha
373,0,0,0,0,531,2017,Srp(Rourkela),Sundargarh,21,Odisha
373,0,0,0,0,532,2017,Sundargarh,Sundargarh,21,Odisha
350,0,0,0,0,533,2017,Cid Cb,Cuttack,21,Odisha
27,6,29,77,19,534,2017,Amritsar Rural,Amritsar,3,Punjab
605,5,10,9,8,535,2017,Barnala,Barnala,3,Punjab
32,1,22,1,20,536,2017,Batala,Gurdaspur,3,Punjab
28,0,8,0,4,537,2017,Bathinda,Bathinda,3,Punjab
27,12,114,41,57,538,2017,Cp Amritsar,Amritsar,3,Punjab
34,0,124,0,130,539,2017,Cp Jalandhar,Jalandhar,3,Punjab
36,76,70,55,59,540,2017,Cp Ludhiana,Ludhiana,3,Punjab
29,0,17,0,15,541,2017,Faridkot,Faridkot,3,Punjab
30,14,30,16,3,542,2017,Fatehgarh Sahib,Fatehgarh Sahib,3,Punjab
651,2,35,0,14,543,2017,Fazilka,Fazilka,3,Punjab
31,6,35,37,21,544,2017,Ferozepur,Ferozepur,3,Punjab
41,0,3,2,2,545,2017,Grp,Patiala,3,Punjab
32,0,21,0,7,546,2017,Gurdaspur,Gurdaspur,3,Punjab
33,9,79,142,13,547,2017,Hoshiarpur,Hoshiarpur,3,Punjab
34,3,65,3,78,548,2017,Jalandhar Rural,Jalandhar,3,Punjab
35,2,19,39,13,549,2017,Kapurthala,Kapurthala,3,Punjab
36,6,47,7,32,550,2017,Khanna,Ludhiana,3,Punjab
36,0,31,0,15,551,2017,Ludhiana Rural,Ludhiana,3,Punjab
37,0,14,0,6,552,2017,Mansa,Mansa,3,Punjab
38,2,31,0,24,553,2017,Moga,Moga,3,Punjab
39,2,44,0,25,554,2017,Muktsar,Sri Muktsar Sahib,3,Punjab
662,0,13,2,12,555,2017,Pathankot,Pathankot,3,Punjab
41,9,84,4,18,556,2017,Patiala,Patiala,3,Punjab
42,2,12,19,5,557,2017,Ropar,Rupnagar,3,Punjab
43,9,13,44,18,558,2017,Sangrur,Sangrur,3,Punjab
608,9,47,76,32,559,2017,Sas Nagar,S.A.S Nagar,3,Punjab
40,4,29,3,20,560,2017,Sbs Nagar,Shahid Bhagat Singh Nagar,3,Punjab
609,1,17,1,8,561,2017,Tarn Taran,Tarn Taran,3,Punjab
608,0,0,0,0,562,2017,Bureau Of Investigation,S.A.S Nagar,3,Punjab
608,0,0,0,0,563,2017,Intelligence Wing,S.A.S Nagar,3,Punjab
608,0,0,0,0,564,2017,Nri Wing,S.A.S Nagar,3,Punjab
27,0,0,0,0,565,2017,Special Task Force,Amritsar,3,Punjab
86,53,208,123,541,566,2017,Ajmer,Ajmer,8,Rajasthan
87,55,173,125,248,567,2017,Alwar,Alwar,8,Rajasthan
88,5,40,2,132,568,2017,Banswara,Banswara,8,Rajasthan
89,5,72,31,231,569,2017,Baran,Baran,8,Rajasthan
90,11,43,33,77,570,2017,Barmer,Barmer,8,Rajasthan
91,15,59,4,104,571,2017,Bharatpur,Bharatpur,8,Rajasthan
92,25,160,154,409,572,2017,Bhilwara,Bhilwara,8,Rajasthan
93,5,37,2,39,573,2017,Bikaner,Bikaner,8,Rajasthan
94,12,67,55,236,574,2017,Bundi,Bundi,8,Rajasthan
95,0,100,1,449,575,2017,Chittorgarh,Chittorgarh,8,Rajasthan
96,21,58,57,138,576,2017,Churu,Churu,8,Rajasthan
97,18,34,14,65,577,2017,Dausa,Dausa,8,Rajasthan
98,13,37,7,59,578,2017,Dholpur,Dholpur,8,Rajasthan
99,6,46,20,188,579,2017,Dungarpur,Dungarpur,8,Rajasthan
86,1,21,0,18,580,2017,Grp Ajmer,Ajmer,8,Rajasthan
107,0,2,0,3,581,2017,Grp Jodhpur,Jodhpur,8,Rajasthan
100,26,166,63,338,582,2017,Ganganagar,Ganganagar,8,Rajasthan
101,18,126,60,190,583,2017,Hanumangarh,Hanumangarh,8,Rajasthan
102,87,469,49,450,584,2017,Jaipur East,Jaipur,8,Rajasthan
102,21,181,53,224,585,2017,Jaipur North,Jaipur,8,Rajasthan
783,9,90,11,140,586,2017,Jaipur Rural,Jaipur (Gramin),8,Rajasthan
102,30,41,28,58,587,2017,Jaipur South,Jaipur,8,Rajasthan
102,11,71,17,109,588,2017,Jaipur West,Jaipur,8,Rajasthan
103,4,18,2,19,589,2017,Jaisalmer,Jaisalmer,8,Rajasthan
104,6,36,43,177,590,2017,Jalore,Jalore,8,Rajasthan
105,5,67,96,198,591,2017,Jhalawar,Jhalawar,8,Rajasthan
106,23,114,59,192,592,2017,Jhunjhunu,Jhunjhunu,8,Rajasthan
107,16,97,38,151,593,2017,Jodhpur East,Jodhpur,8,Rajasthan
107,15,120,37,179,594,2017,Jodhpur West,Jodhpur,8,Rajasthan
107,9,50,28,72,595,2017,Jodhpur Rural,Jodhpur,8,Rajasthan
108,2,27,2,66,596,2017,Karauli,Karauli,8,Rajasthan
109,42,245,96,426,597,2017,Kota City,Kota,8,Rajasthan
109,10,59,61,193,598,2017,Kota Rural,Kota,8,Rajasthan
110,20,97,31,244,599,2017,Nagaur,Nagaur,8,Rajasthan
111,47,86,34,444,600,2017,Pali,Pali,8,Rajasthan
629,3,36,2,134,601,2017,Pratapgarh,Pratapgarh,8,Rajasthan
112,4,57,57,288,602,2017,Rajsamand,Rajsamand,8,Rajasthan
113,24,39,20,67,603,2017,Sawai Madhopur,Sawai Madhopur,8,Rajasthan
114,32,97,74,297,604,2017,Sikar,Sikar,8,Rajasthan
115,6,49,30,171,605,2017,Sirohi,Sirohi,8,Rajasthan
116,1,40,17,137,606,2017,Tonk,Tonk,8,Rajasthan
117,9,215,55,638,607,2017,Udaipur,Udaipur,8,Rajasthan
102,0,0,0,0,608,2017,Jaipur Metro,Jaipur,8,Rajasthan
102,0,0,0,0,609,2017,Scrb,Jaipur,8,Rajasthan
102,0,0,0,0,610,2017,Sog,Jaipur,8,Rajasthan
102,0,0,0,0,611,2017,Ssb,Jaipur,8,Rajasthan
225,13,99,2,132,612,2017,East,Gangtok,11,Sikkim
226,6,9,1,13,613,2017,North,Mangan,11,Sikkim
227,10,14,8,18,614,2017,South,Namchi,11,Sikkim
228,6,23,2,46,615,2017,West,Gyalshing,11,Sikkim
610,14,20,39,71,616,2017,Ariyalur,Ariyalur,33,Tamil Nadu
568,259,1036,555,1343,617,2017,Chennai,Chennai,33,Tamil Nadu
569,21,79,45,162,618,2017,Coimbatore,Coimbatore,33,Tamil Nadu
569,17,60,66,84,619,2017,Coimbatore City,Coimbatore,33,Tamil Nadu
570,17,53,61,133,620,2017,Cuddalore,Cuddalore,33,Tamil Nadu
571,10,17,24,28,621,2017,Dharmapuri,Dharmapuri,33,Tamil Nadu
572,33,54,47,102,622,2017,Dindigul,Dindigul,33,Tamil Nadu
573,14,46,41,51,623,2017,Erode,Erode,33,Tamil Nadu
574,39,143,144,397,624,2017,Kanchipuram,Kanchipuram,33,Tamil Nadu
575,61,457,52,114,625,2017,Kanyakumari,Kanniyakumari,33,Tamil Nadu
576,6,10,32,33,626,2017,Karur,Karur,33,Tamil Nadu
577,29,51,47,131,627,2017,Krishnagiri,Krishnagiri,33,Tamil Nadu
578,58,136,119,327,628,2017,Madurai,Madurai,33,Tamil Nadu
578,34,103,65,184,629,2017,Madurai City,Madurai,33,Tamil Nadu
579,21,48,63,158,630,2017,Nagapattinam,Nagapattinam,33,Tamil Nadu
580,27,31,28,49,631,2017,Namakkal,Namakkal,33,Tamil Nadu
587,10,14,17,29,632,2017,Nilgiris,The Nilgiris,33,Tamil Nadu
581,5,9,36,55,633,2017,Perambalur,Perambalur,33,Tamil Nadu
582,7,26,24,84,634,2017,Pudukottai,Pudukkottai,33,Tamil Nadu
583,15,38,42,129,635,2017,Ramnathapuram,Ramanathapuram,33,Tamil Nadu
568,3,12,2,10,636,2017,Railway Chennai,Chennai,33,Tamil Nadu
591,1,2,0,5,637,2017,Railway Trichy,Tiruchirappalli,33,Tamil Nadu
584,30,42,110,142,638,2017,Salem,Salem,33,Tamil Nadu
584,9,30,33,49,639,2017,Salem City,Salem,33,Tamil Nadu
585,23,34,53,130,640,2017,Sivagangai,Sivaganga,33,Tamil Nadu
586,29,59,61,185,641,2017,Thanjavur,Thanjavur,33,Tamil Nadu
588,30,36,83,135,642,2017,Theni,Theni,33,Tamil Nadu
592,47,112,116,251,643,2017,Thirunelveli,Tirunelveli,33,Tamil Nadu
592,12,44,33,64,644,2017,Thirunelveli City,Tirunelveli,33,Tamil Nadu
589,32,105,121,266,645,2017,Thiruvallur,Thiruvallur,33,Tamil Nadu
593,26,46,84,212,646,2017,Thiruvannamalai,Tiruvannamalai,33,Tamil Nadu
590,15,24,28,47,647,2017,Thiruvarur,Thiruvarur,33,Tamil Nadu
594,45,89,75,191,648,2017,Thoothukudi,Tuticorin,33,Tamil Nadu
634,21,56,72,151,649,2017,Tiruppur,Tiruppur,33,Tamil Nadu
634,25,61,105,191,650,2017,Tiruppur City,Tiruppur,33,Tamil Nadu
591,17,26,32,74,651,2017,Trichy,Tiruchirappalli,33,Tamil Nadu
591,34,60,54,121,652,2017,Trichy City,Tiruchirappalli,33,Tamil Nadu
595,77,149,247,441,653,2017,Vellore,Vellore,33,Tamil Nadu
596,27,107,31,144,654,2017,Villupuram,Villupuram,33,Tamil Nadu
597,38,48,71,133,655,2017,Virudhunagar,Virudhunagar,33,Tamil Nadu
568,0,0,0,0,656,2017,Cyber Cell,Chennai,33,Tamil Nadu
568,0,0,0,0,657,2017,Other Units,Chennai,33,Tamil Nadu
518,299,1098,392,1399,658,2017,Cyberabad Commissionerate,Ranga Reddy,36,Telangana
507,224,1175,256,1377,659,2017,Hyderabad Commissionerate,Hyderabad,36,Telangana
508,15,67,40,181,660,2017,Karimnagar Commissionerate,Karimnagar,36,Telangana
509,6,65,11,184,661,2017,Khammam Commissionerate,Khammam,36,Telangana
516,46,122,82,218,662,2017,Nizamabad Commissionerate,Nizamabad,36,Telangana
697,195,681,224,927,663,2017,Rachakonda Commissionerate,Yadadri Bhuvanagiri,36,Telangana
682,20,108,60,245,664,2017,Ramagundam Commissionerate,Peddapalli,36,Telangana
692,28,64,71,114,665,2017,Siddipet Commissionerate,Siddipet,36,Telangana
522,43,106,99,269,666,2017,Warangal Commissionerate,Warangal,36,Telangana
501,8,30,27,46,667,2017,Adilabad,Adilabad,36,Telangana
690,5,51,0,145,668,2017,Bhadradri Kothagudem,Bhadradri Kothagudem,36,Telangana
681,15,45,44,125,669,2017,Jagityal,Jagitial,36,Telangana
687,0,25,26,62,670,2017,Jayashankar Bhupalpalli,Jayashankar Bhupalapally,36,Telangana
695,25,41,26,45,671,2017,Jogulamba Gadwal,Jogulamba Gadwal,36,Telangana
685,15,61,22,116,672,2017,Kamareddy ,Kamareddy,36,Telangana
699,9,9,16,43,673,2017,Kumaram Bheem Asifabad,Kumuram Bheem Asifabad,36,Telangana
688,6,26,23,61,674,2017,Mahabubabad,Mahabubabad,36,Telangana
512,46,56,70,171,675,2017,Mahabubnagar,Mahabubnagar,36,Telangana
513,24,52,26,88,676,2017,Medak,Medak,36,Telangana
694,15,29,17,87,677,2017,Nagarkurnool,Nagarkurnool,36,Telangana
514,29,74,51,160,678,2017,Nalgonda,Nalgonda,36,Telangana
680,25,34,27,74,679,2017,Nirmal,Nirmal,36,Telangana
683,4,24,5,33,680,2017,Rajanna Siricilla,Rajanna Sircilla,36,Telangana
691,46,122,115,185,681,2017,Sangareddy,Sangareddy,36,Telangana
696,9,34,24,96,682,2017,Suryapet,Suryapet,36,Telangana
698,29,27,23,55,683,2017,Vikarabad,Vikarabad,36,Telangana
693,11,26,39,66,684,2017,Wanaparthy,Wanaparthy,36,Telangana
507,2,14,3,14,685,2017,Railway Police Secunderabad,Hyderabad,36,Telangana
269,4,33,6,56,686,2017,Dhalai,Dhalai,16,Tripura
654,1,46,8,71,687,2017,Gomati,Gomati,16,Tripura
272,0,0,0,0,688,2017,Grp,West Tripura,16,Tripura
652,1,46,2,55,689,2017,Kowai,Khowai,16,Tripura
270,4,20,10,33,690,2017,North,North Tripura,16,Tripura
653,2,59,7,112,691,2017,Sipahijala,Sepahijala,16,Tripura
271,2,35,10,51,692,2017,South,South Tripura,16,Tripura
655,1,28,11,81,693,2017,Unakoti,Unakoti,16,Tripura
272,14,164,57,296,694,2017,West,West Tripura,16,Tripura
118,29,172,30,119,695,2017,Agra,Agra,9,Uttar Pradesh
119,17,56,8,32,696,2017,Aligarh,Aligarh,9,Uttar Pradesh
120,48,116,58,89,697,2017,Prayagraj,Prayagraj,9,Uttar Pradesh
121,14,26,7,17,698,2017,Ambedkar Nagar,Ambedkar Nagar,9,Uttar Pradesh
640,8,15,16,11,699,2017,Amethi,Amethi,9,Uttar Pradesh
154,3,6,3,0,700,2017,Amroha,Amroha,9,Uttar Pradesh
122,9,18,10,16,701,2017,Auraiya,Auraiya,9,Uttar Pradesh
123,18,90,32,88,702,2017,Azamgarh,Azamgarh,9,Uttar Pradesh
133,18,34,14,24,703,2017,Badaun,Budaun,9,Uttar Pradesh
124,10,78,4,65,704,2017,Baghpat,Baghpat,9,Uttar Pradesh
125,10,12,6,12,705,2017,Bahraich,Bahraich,9,Uttar Pradesh
126,4,40,11,37,706,2017,Ballia,Ballia,9,Uttar Pradesh
127,6,14,4,5,707,2017,Balrampur,Balrampur,9,Uttar Pradesh
128,1,8,0,10,708,2017,Banda,Banda,9,Uttar Pradesh
129,19,16,11,13,709,2017,Barabanki,Barabanki,9,Uttar Pradesh
130,5,61,14,42,710,2017,Bareilly,Bareilly,9,Uttar Pradesh
131,9,48,0,0,711,2017,Basti,Basti,9,Uttar Pradesh
132,3,71,4,51,712,2017,Bijnor,Bijnor,9,Uttar Pradesh
134,12,42,9,53,713,2017,Bulandshahar,Bulandshahr,9,Uttar Pradesh
135,9,25,21,26,714,2017,Chandoli,Chandauli,9,Uttar Pradesh
136,8,7,10,19,715,2017,Chitrakoot,Chitrakoot,9,Uttar Pradesh
137,14,19,14,25,716,2017,Deoria,Deoria,9,Uttar Pradesh
138,11,37,12,26,717,2017,Etah,Etah,9,Uttar Pradesh
139,27,20,32,9,718,2017,Etawah,Etawah,9,Uttar Pradesh
140,11,29,18,30,719,2017,Ayodhya,Ayodhya,9,Uttar Pradesh
141,9,22,10,20,720,2017,Fatehgarh,Farrukhabad,9,Uttar Pradesh
142,13,37,12,56,721,2017,Fatehpur,Fatehpur,9,Uttar Pradesh
143,6,28,17,34,722,2017,Firozabad,Firozabad,9,Uttar Pradesh
144,55,123,42,104,723,2017,Gautambudh Nagar,Gautam Buddha Nagar,9,Uttar Pradesh
145,45,152,50,85,724,2017,Ghaziabad,Ghaziabad,9,Uttar Pradesh
146,16,40,28,59,725,2017,Ghazipur,Ghazipur,9,Uttar Pradesh
147,14,20,10,14,726,2017,Gonda,Gonda,9,Uttar Pradesh
148,6,40,11,23,727,2017,Gorakhpur,Gorakhpur,9,Uttar Pradesh
149,11,8,80,7,728,2017,Hamirpur,Hamirpur,9,Uttar Pradesh
661,17,53,21,63,729,2017,Hapur,Hapur,9,Uttar Pradesh
150,0,0,0,0,730,2017,Hardoi,Hardoi,9,Uttar Pradesh
163,11,25,9,18,731,2017,Hathras,Hathras,9,Uttar Pradesh
151,4,22,5,17,732,2017,Jalaun,Jalaun,9,Uttar Pradesh
152,11,23,20,45,733,2017,Jaunpur,Jaunpur,9,Uttar Pradesh
153,6,24,10,15,734,2017,Jhansi,Jhansi,9,Uttar Pradesh
155,10,31,11,6,735,2017,Kannauj,Kannauj,9,Uttar Pradesh
156,2,7,8,8,736,2017,Kanpur Dehat,Kanpur Dehat,9,Uttar Pradesh
157,47,87,35,78,737,2017,Kanpur Nagar,Kanpur Nagar,9,Uttar Pradesh
633,10,34,3,20,738,2017,Kasganj,Kasganj,9,Uttar Pradesh
158,50,62,0,0,739,2017,Kaushambi,Kaushambi,9,Uttar Pradesh
159,42,14,0,0,740,2017,Khiri,Kheri,9,Uttar Pradesh
160,3,7,3,7,741,2017,Kushi Nagar,Kushi Nagar,9,Uttar Pradesh
161,5,6,43,13,742,2017,Lalitpur,Lalitpur,9,Uttar Pradesh
162,380,787,330,543,743,2017,Lucknow,Lucknow,9,Uttar Pradesh
164,4,7,3,9,744,2017,Maharajganj,Maharajganj,9,Uttar Pradesh
165,13,4,50,35,745,2017,Mahoba,Mahoba,9,Uttar Pradesh
166,13,22,13,36,746,2017,Mainpuri,Mainpuri,9,Uttar Pradesh
167,19,76,22,65,747,2017,Mathura,Mathura,9,Uttar Pradesh
168,15,27,15,20,748,2017,Mau,Mau,9,Uttar Pradesh
169,12,91,8,70,749,2017,Meerut,Meerut,9,Uttar Pradesh
170,11,43,15,30,750,2017,Mirzapur,Mirzapur,9,Uttar Pradesh
171,26,129,27,69,751,2017,Moradabad,Moradabad,9,Uttar Pradesh
172,23,42,7,28,752,2017,Muzaffarnagar,Muzaffarnagar,9,Uttar Pradesh
173,3,62,6,38,753,2017,Pilibhit,Pilibhit,9,Uttar Pradesh
174,6,3,4,9,754,2017,Pratapgarh,Pratapgarh,9,Uttar Pradesh
175,9,21,15,12,755,2017,Raibareilly,Rae Bareli,9,Uttar Pradesh
176,9,26,54,118,756,2017,Rampur,Rampur,9,Uttar Pradesh
177,9,54,2,40,757,2017,Saharanpur,Saharanpur,9,Uttar Pradesh
659,12,27,6,23,758,2017,Sambhal,Sambhal,9,Uttar Pradesh
178,4,10,15,15,759,2017,Sant Kabirnagar,Sant Kabeer Nagar,9,Uttar Pradesh
180,33,44,28,30,760,2017,Shahjahanpur,Shahjahanpur,9,Uttar Pradesh
660,6,38,2,29,761,2017,Shamli,Shamli,9,Uttar Pradesh
181,0,0,2,1,762,2017,Shrawasti,Shravasti,9,Uttar Pradesh
182,6,24,3,25,763,2017,Sidharthnagar,Siddharth Nagar,9,Uttar Pradesh
183,30,65,33,38,764,2017,Sitapur,Sitapur,9,Uttar Pradesh
184,11,32,11,4,765,2017,Sonbhadra,Sonbhadra,9,Uttar Pradesh
179,16,16,22,13,766,2017,Bhadohi,Bhadohi,9,Uttar Pradesh
185,1,16,9,17,767,2017,Sultanpur,Sultanpur,9,Uttar Pradesh
186,16,45,19,67,768,2017,Unnao,Unnao,9,Uttar Pradesh
187,22,87,22,58,769,2017,Varanasi,Varanasi,9,Uttar Pradesh
45,0,0,0,0,770,2017,Almora,Almora,5,Uttarakhand
46,0,0,0,0,771,2017,Bageshwar,Bageshwar,5,Uttarakhand
47,0,0,0,0,772,2017,Chamoli,Chamoli,5,Uttarakhand
48,0,0,0,0,773,2017,Champawat,Champawat,5,Uttarakhand
49,0,0,0,0,774,2017,Dehradun,Dehradun,5,Uttarakhand
50,0,0,0,0,775,2017,Haridwar,Haridwar,5,Uttarakhand
51,0,0,0,0,776,2017,Nainital,Nainital,5,Uttarakhand
52,0,0,0,0,777,2017,Pauri Garhwal,Pauri Garhwal,5,Uttarakhand
53,0,0,0,0,778,2017,Pithoragarh,Pithoragarh,5,Uttarakhand
54,0,0,0,0,779,2017,Rudra Prayag,Rudra Prayag,5,Uttarakhand
55,298,956,309,772,780,2017,Tehri Garhwal,Tehri Garhwal,5,Uttarakhand
56,0,0,0,0,781,2017,Udhamsingh Nagar,Udam Singh Nagar,5,Uttarakhand
57,0,0,0,0,782,2017,Uttarkashi,Uttar Kashi,5,Uttarakhand
49,0,0,0,0,783,2017,Grp,Dehradun,5,Uttarakhand
664,47,288,110,536,784,2017,Alipurduar,Alipurduar,19,West Bengal
704,37,345,59,411,785,2017,Asansol-Durgapur Pc,Paschim Bardhaman,19,West Bengal
305,6,323,34,451,786,2017,Bankura,Bankura,19,West Bengal
303,195,1174,473,1390,787,2017,Barrackpur Pc,24 Paraganas North,19,West Bengal
303,53,344,120,430,788,2017,Bidhannagar Pc,24 Paraganas North,19,West Bengal
307,9,167,29,277,789,2017,Birbhum,Birbhum,19,West Bengal
308,40,260,133,813,790,2017,Coochbehar,Coochbehar,19,West Bengal
310,38,235,156,615,791,2017,Dakshin Dinajpur,Dinajpur Dakshin,19,West Bengal
309,24,102,19,238,792,2017,Darjeeling,Darjeeling,19,West Bengal
312,34,347,204,572,793,2017,Hooghly Rural Police,Hooghly,19,West Bengal
313,6,40,4,18,794,2017,Howrah Grp,Howrah,19,West Bengal
313,82,612,173,613,795,2017,Howrah Pc,Howrah,19,West Bengal
313,73,439,295,695,796,2017,Howrah Rural,Howrah,19,West Bengal
314,31,330,78,643,797,2017,Jalpaiguri,Jalpaiguri,19,West Bengal
703,9,87,41,143,798,2017,Jhargram,Jhargram,19,West Bengal
318,0,13,1,4,799,2017,Kharagpur Grp,Medinipur West,19,West Bengal
315,336,1810,521,1667,800,2017,Kolkata,Kolkata,19,West Bengal
316,87,449,227,856,801,2017,Malda,Maldah,19,West Bengal
319,25,607,49,1539,802,2017,Murshidabad,Murshidabad,19,West Bengal
320,67,757,224,1484,803,2017,Nadia,Nadia,19,West Bengal
318,44,408,228,627,804,2017,Paschim Medinipur,Medinipur West,19,West Bengal
317,33,292,189,662,805,2017,Purab Medinipur,Medinipur East,19,West Bengal
321,14,149,33,188,806,2017,Purulia,Purulia,19,West Bengal
315,11,28,6,18,807,2017,Sealdah Grp,Kolkata,19,West Bengal
309,0,6,0,1,808,2017,Siliguri Grp,Darjeeling,19,West Bengal
309,104,441,251,648,809,2017,Siliguri Pc,Darjeeling,19,West Bengal
311,53,196,130,482,810,2017,Uttar Dinajpur,Dinajpur Uttar,19,West Bengal
304,99,557,386,1139,811,2017,Baruipur Police,24 Paraganas South,19,West Bengal
312,31,271,118,393,812,2017,Chandannagar Pc,Hooghly,19,West Bengal
304,104,500,393,728,813,2017,Diamond Harbour Police,24 Paraganas South,19,West Bengal
702,9,36,5,84,814,2017,Kalimpong,Kalimpong,19,West Bengal
306,85,377,190,643,815,2017,Purba Bardhaman,Purba Bardhaman,19,West Bengal
304,54,192,98,470,816,2017,Sundarban Police,24 Paraganas South,19,West Bengal
303,162,1037,844,1945,817,2017,Barasat,24 Paraganas North,19,West Bengal
303,45,276,310,579,818,2017,Basirhat,24 Paraganas North,19,West Bengal
602,13,57,25,40,819,2017,South Andaman,South Andamans,35,Andaman And Nicobar Islands
632,0,0,0,0,820,2017,North And Middle Andaman,North And Middle Andaman,35,Andaman And Nicobar Islands
603,0,0,0,0,821,2017,Nicobar,Nicobars,35,Andaman And Nicobar Islands
44,78,175,152,189,822,2017,Chandigarh,Chandigarh,4,Chandigarh
465,0,17,2,23,823,2017,Dadra And Nagar Haveli,Dadra And Nagar Haveli,38,The Dadra And Nagar Haveli And Daman And Diu
463,15,26,6,37,824,2017,Daman,Daman,38,The Dadra And Nagar Haveli And Daman And Diu
464,0,10,1,2,825,2017,Diu,Diu,38,The Dadra And Nagar Haveli And Daman And Diu
77,154,408,169,379,826,2017,Central,Central,7,Delhi
82,0,0,0,0,827,2017,Crime Branch,North West,7,Delhi
78,121,526,223,480,828,2017,East,East,7,Delhi
79,0,0,0,0,829,2017,Eow,New Delhi,7,Delhi
79,0,25,0,2,830,2017,Igi Airport,New Delhi,7,Delhi
82,5,11,6,17,831,2017,Metro,North West,7,Delhi
79,35,56,30,48,832,2017,New Delhi,New Delhi,7,Delhi
80,106,475,165,370,833,2017,North,North,7,Delhi
81,280,779,355,860,834,2017,North-East,North East,7,Delhi
82,237,681,377,706,835,2017,North-West,North West,7,Delhi
82,268,969,460,1138,836,2017,Outer,North West,7,Delhi
79,20,101,21,53,837,2017,Railway,New Delhi,7,Delhi
83,189,670,300,763,838,2017,South,South,7,Delhi
670,210,575,350,640,839,2017,South-East,South East,7,Delhi
84,150,384,215,377,840,2017,South-West,South West,7,Delhi
82,0,0,0,0,841,2017,Spl Cell,North West,7,Delhi
79,0,0,0,0,842,2017,Spuwac,New Delhi,7,Delhi
79,0,0,0,0,843,2017,Vigilance,New Delhi,7,Delhi
85,102,578,230,531,844,2017,West,West,7,Delhi
82,360,811,493,866,845,2017,Rohini,North West,7,Delhi
671,122,479,184,407,846,2017,Shahdara,Shahdara,7,Delhi
84,176,622,341,646,847,2017,Dwarka,South West,7,Delhi
553,0,1,0,0,848,2017,Lakshadweep,Lakshadweep District,31,Lakshadweep
598,0,0,0,0,849,2017,Karaikal,Karaikal,34,Puducherry
600,14,53,20,85,850,2017,Puducherry,Pondicherry,34,Puducherry
502,46,140,232,423,851,2018,Anantapur,Anantapur,28,Andhra Pradesh
503,37,56,138,216,852,2018,Chittoor,Chittoor,28,Andhra Pradesh
504,26,40,58,98,853,2018,Cuddapah,Y.S.R.,28,Andhra Pradesh
505,71,210,157,254,854,2018,East Godavari,East Godavari,28,Andhra Pradesh
502,2,7,1,8,855,2018,Guntakal Railway,Anantapur,28,Andhra Pradesh
506,86,161,73,275,856,2018,Guntur,Guntur,28,Andhra Pradesh
506,43,159,46,247,857,2018,Guntur Urban,Guntur,28,Andhra Pradesh
510,19,137,17,247,858,2018,Krishna,Krishna,28,Andhra Pradesh
511,64,89,149,210,859,2018,Kurnool,Kurnool,28,Andhra Pradesh
515,33,123,99,233,860,2018,Nellore,Spsr Nellore,28,Andhra Pradesh
517,56,114,63,260,861,2018,Prakasham,Prakasam,28,Andhra Pradesh
505,21,76,36,91,862,2018,Rajahmundry,East Godavari,28,Andhra Pradesh
519,20,55,33,96,863,2018,Srikakulam,Srikakulam,28,Andhra Pradesh
752,39,103,61,124,864,2018,Tirupathi Urban,Tirupati,28,Andhra Pradesh
749,76,279,142,484,865,2018,Vijayawada City,Ntr,28,Andhra Pradesh
749,3,13,2,8,866,2018,Vijayawada Railway,Ntr,28,Andhra Pradesh
520,27,69,26,115,867,2018,Visakha Rural,Visakhapatanam,28,Andhra Pradesh
520,13,279,22,381,868,2018,Visakhapatnam,Visakhapatanam,28,Andhra Pradesh
521,15,66,71,98,869,2018,Vizianagaram,Vizianagaram,28,Andhra Pradesh
523,47,228,134,364,870,2018,West Godavari,West Godavari,28,Andhra Pradesh
628,0,0,0,0,871,2018,Anjaw,Anjaw,12,Arunachal Pradesh
229,0,1,2,2,872,2018,Changlang,Changlang,12,Arunachal Pradesh
237,0,0,0,0,873,2018,Crime Branch,Papum Pare,12,Arunachal Pradesh
230,0,0,0,0,874,2018,Dibang Valley,Dibang Valley,12,Arunachal Pradesh
231,0,0,0,0,875,2018,Kameng East,East Kameng,12,Arunachal Pradesh
242,0,1,1,3,876,2018,Kameng West,West Kameng,12,Arunachal Pradesh
233,0,0,0,0,877,2018,Kurung Kumey,Kurung Kumey,12,Arunachal Pradesh
234,0,0,0,0,878,2018,Lohit,Lohit,12,Arunachal Pradesh
666,0,0,0,0,879,2018,Longding,Longding,12,Arunachal Pradesh
235,1,0,4,0,880,2018,Lower Dibang Valley,Lower Dibang Valley,12,Arunachal Pradesh
237,0,0,0,0,881,2018,Papum Pare City,Papum Pare,12,Arunachal Pradesh
237,0,0,0,0,882,2018,Papum Pare Rural,Papum Pare,12,Arunachal Pradesh
232,0,0,0,0,883,2018,Siang East,East Siang,12,Arunachal Pradesh
240,0,0,0,0,884,2018,Siang Upper,Upper Siang,12,Arunachal Pradesh
243,0,0,0,0,885,2018,Siang West,West Siang,12,Arunachal Pradesh
236,0,0,0,0,886,2018,Subansiri Lower,Lower Subansiri,12,Arunachal Pradesh
241,0,0,0,0,887,2018,Subansiri Upper,Upper Subansiri,12,Arunachal Pradesh
238,0,0,0,0,888,2018,Tawang,Tawang,12,Arunachal Pradesh
239,0,0,0,0,889,2018,Tirap,Tirap,12,Arunachal Pradesh
678,0,0,0,0,890,2018,Namsai,Namsai,12,Arunachal Pradesh
679,0,0,0,0,891,2018,Siang,Siang,12,Arunachal Pradesh
718,0,0,0,0,892,2018,Kamle,Kamle,12,Arunachal Pradesh
719,0,0,0,0,893,2018,Lower Siang,Lower Siang,12,Arunachal Pradesh
724,0,0,0,0,894,2018,Leparada,Leparada,12,Arunachal Pradesh
618,0,0,0,0,895,2018,Bieo,Kamrup Metro,18,Assam
280,3,8,3,10,896,2018,Barpeta,Barpeta,18,Assam
616,14,15,12,94,897,2018,Baksa,Baksa,18,Assam
281,6,8,32,72,898,2018,Bongaigaon,Bongaigaon,18,Assam
618,0,0,0,0,899,2018,Cid,Kamrup Metro,18,Assam
282,30,92,42,327,900,2018,Cachar,Cachar,18,Assam
612,37,2,55,24,901,2018,Chirang,Chirang,18,Assam
283,0,29,0,64,902,2018,Darrang,Darrang,18,Assam
284,17,35,15,74,903,2018,Dhemaji,Dhemaji,18,Assam
285,17,46,75,69,904,2018,Dhubri,Dhubri,18,Assam
286,8,18,7,24,905,2018,Dibrugarh,Dibrugarh,18,Assam
618,1,6,2,4,906,2018,Grp,Kamrup Metro,18,Assam
287,0,15,0,6,907,2018,Goalpara,Goalpara,18,Assam
288,4,20,121,253,908,2018,Golaghat,Golaghat,18,Assam
618,96,359,111,551,909,2018,Guwahati City,Kamrup Metro,18,Assam
289,0,34,60,69,910,2018,Hailakandi,Hailakandi,18,Assam
710,0,0,0,0,911,2018,Hamren,West Karbi Anglong,18,Assam
290,13,6,10,7,912,2018,Jorhat,Jorhat,18,Assam
291,30,117,86,290,913,2018,Kamrup,Kamrup,18,Assam
292,19,15,35,6,914,2018,Karbi Anglong,Karbi Anglong,18,Assam
293,3,69,13,171,915,2018,Karimganj,Karimganj,18,Assam
294,0,0,0,0,916,2018,Kokrajhar,Kokrajhar,18,Assam
295,0,0,0,0,917,2018,Lakhimpur,Lakhimpur,18,Assam
296,0,0,143,222,918,2018,Morigaon,Marigaon,18,Assam
299,8,8,7,20,919,2018,Dima Hasao,Dima Hasao,18,Assam
297,10,49,17,103,920,2018,Nagaon,Nagaon,18,Assam
298,2,4,2,3,921,2018,Nalbari,Nalbari,18,Assam
618,0,0,0,0,922,2018,Rpo,Kamrup Metro,18,Assam
618,0,0,0,0,923,2018,Sou,Kamrup Metro,18,Assam
618,0,0,0,0,924,2018,Stf,Kamrup Metro,18,Assam
300,10,6,18,27,925,2018,Sibsagar,Sivasagar,18,Assam
301,25,32,121,109,926,2018,Sonitpur,Sonitpur,18,Assam
302,8,16,14,48,927,2018,Tinsukia,Tinsukia,18,Assam
617,11,42,94,63,928,2018,Udalguri,Udalguri,18,Assam
302,6,14,5,35,929,2018,Sadia,Tinsukia,18,Assam
706,0,0,0,0,930,2018,Majuli,Majuli,18,Assam
705,0,0,0,0,931,2018,Biswanath,Biswanath,18,Assam
709,58,39,85,126,932,2018,Hojai,Hojai,18,Assam
707,4,6,7,24,933,2018,South Salmara,South Salmara Mancachar,18,Assam
708,0,0,0,0,934,2018,Charaideo,Charaideo,18,Assam
188,11,7,149,13,935,2018,Araria,Araria,10,Bihar
611,6,0,27,4,936,2018,Arwal,Arwal,10,Bihar
189,9,24,35,16,937,2018,Aurangabad,Aurangabad,10,Bihar
211,12,9,58,14,938,2018,Bagaha,Pashchim Champaran,10,Bihar
190,16,12,103,54,939,2018,Banka,Banka,10,Bihar
191,36,6,165,53,940,2018,Begusarai,Begusarai,10,Bihar
211,74,22,47,22,941,2018,Bettiah,Pashchim Champaran,10,Bihar
200,25,6,87,20,942,2018,Bhabhua,Kaimur (Bhabua),10,Bihar
192,30,19,177,77,943,2018,Bhagalpur,Bhagalpur,10,Bihar
193,12,11,90,28,944,2018,Bhojpur,Bhojpur,10,Bihar
194,14,11,105,34,945,2018,Buxar,Buxar,10,Bihar
195,28,20,187,77,946,2018,Darbhanga,Darbhanga,10,Bihar
196,45,45,214,91,947,2018,Gaya,Gaya,10,Bihar
197,11,21,163,45,948,2018,Gopalganj,Gopalganj,10,Bihar
207,1,2,2,1,949,2018,Jamalpur Railway,Munger,10,Bihar
198,14,16,84,37,950,2018,Jamui,Jamui,10,Bihar
199,24,9,88,8,951,2018,Jehanabad,Jehanabad,10,Bihar
201,26,11,219,7,952,2018,Katihar,Katihar,10,Bihar
201,4,3,2,9,953,2018,Katihar Railway,Katihar,10,Bihar
202,19,4,91,39,954,2018,Khagaria,Khagaria,10,Bihar
203,11,6,74,32,955,2018,Kishanganj,Kishanganj,10,Bihar
204,20,5,31,12,956,2018,Lakhisarai,Lakhisarai,10,Bihar
205,14,7,112,54,957,2018,Madhepura,Madhepura,10,Bihar
206,21,5,122,58,958,2018,Madhubani,Madhubani,10,Bihar
213,29,24,213,92,959,2018,Motihari,Purbi Champaran,10,Bihar
207,21,13,113,47,960,2018,Munger,Munger,10,Bihar
208,76,59,336,159,961,2018,Muzaffarpur,Muzaffarpur,10,Bihar
208,3,1,3,4,962,2018,Muzaffarpur Railway,Muzaffarpur,10,Bihar
209,89,31,172,77,963,2018,Nalanda,Nalanda,10,Bihar
192,12,7,65,18,964,2018,Naugachia,Bhagalpur,10,Bihar
210,41,24,116,47,965,2018,Nawadah,Nawada,10,Bihar
212,152,167,607,255,966,2018,Patna,Patna,10,Bihar
212,3,7,6,6,967,2018,Patna Railway,Patna,10,Bihar
214,28,17,116,41,968,2018,Purnea,Purnia,10,Bihar
215,35,16,135,42,969,2018,Rohtas,Rohtas,10,Bihar
216,23,17,67,45,970,2018,Saharsa,Saharsa,10,Bihar
217,22,9,184,74,971,2018,Samastipur,Samastipur,10,Bihar
218,54,48,308,99,972,2018,Saran,Saran,10,Bihar
219,14,7,44,13,973,2018,Sheikhpura,Sheikhpura,10,Bihar
220,7,9,54,11,974,2018,Sheohar,Sheohar,10,Bihar
221,61,15,230,74,975,2018,Sitamarhi,Sitamarhi,10,Bihar
222,27,9,186,7,976,2018,Siwan,Siwan,10,Bihar
223,16,10,98,35,977,2018,Supaul,Supaul,10,Bihar
224,53,44,216,123,978,2018,Vaishali,Vaishali,10,Bihar
212,0,0,0,0,979,2018,Economic Offences Unit,Patna,10,Bihar
212,0,0,0,0,980,2018,Anti Terrorist Squad,Patna,10,Bihar
646,10,72,37,223,981,2018,Balod,Balod,22,Chhattisgarh
644,28,115,103,408,982,2018,Balodbazar,Baloda Bazar,22,Chhattisgarh
649,11,21,49,61,983,2018,Balrampur,Balrampur,22,Chhattisgarh
650,7,62,52,164,984,2018,Bemetra,Bemetara,22,Chhattisgarh
375,74,320,267,683,985,2018,Bilaspur,Bilaspur,22,Chhattisgarh
636,3,5,4,14,986,2018,Bizapur,Bijapur,22,Chhattisgarh
376,4,19,7,26,987,2018,Dantewara,Dantewada,22,Chhattisgarh
377,16,77,43,256,988,2018,Dhamtari,Dhamtari,22,Chhattisgarh
378,65,359,190,683,989,2018,Durg,Durg,22,Chhattisgarh
645,5,49,40,118,990,2018,Gariyaband,Gariyaband,22,Chhattisgarh
387,0,15,1,10,991,2018,Grp Raipur,Raipur,22,Chhattisgarh
374,9,47,44,119,992,2018,Jagdalpur,Bastar,22,Chhattisgarh
379,34,159,152,415,993,2018,Janjgir,Janjgir-Champa,22,Chhattisgarh
380,14,39,72,126,994,2018,Jashpur,Jashpur,22,Chhattisgarh
382,28,70,62,156,995,2018,Kabirdham,Kabirdham,22,Chhattisgarh
381,86,104,276,94,996,2018,Kanker,Kanker,22,Chhattisgarh
643,4,19,22,68,997,2018,Kondagaon,Kondagaon,22,Chhattisgarh
383,30,132,94,258,998,2018,Korba,Korba,22,Chhattisgarh
384,15,70,56,186,999,2018,Koriya,Korea,22,Chhattisgarh
385,8,100,38,293,1000,2018,Mahasamund,Mahasamund,22,Chhattisgarh
647,15,61,59,133,1001,2018,Mungali,Mungeli,22,Chhattisgarh
637,4,10,4,8,1002,2018,Narayanpur,Narayanpur,22,Chhattisgarh
386,53,219,147,477,1003,2018,Raigarh,Raigarh,22,Chhattisgarh
387,126,582,342,1177,1004,2018,Raipur,Raipur,22,Chhattisgarh
388,21,192,88,529,1005,2018,Rajnandgaon,Rajnandgaon,22,Chhattisgarh
389,14,86,78,202,1006,2018,Sarguja,Surguja,22,Chhattisgarh
642,1,5,5,3,1007,2018,Sukma,Sukma,22,Chhattisgarh
648,8,58,49,141,1008,2018,Surajpur,Surajpur,22,Chhattisgarh
551,5,137,7,114,1009,2018,North Goa,North Goa,30,Goa
552,1,109,3,108,1010,2018,South Goa,South Goa,30,Goa
551,0,6,0,2,1011,2018,Cid,North Goa,30,Goa
438,91,849,332,1597,1012,2018,Ahmedabad City,Ahmadabad,24,Gujarat
438,10,47,9,118,1013,2018,Ahmedabad Rural,Ahmadabad,24,Gujarat
439,4,21,4,123,1014,2018,Amreli,Amreli,24,Gujarat
440,0,114,0,345,1015,2018,Anand,Anand,24,Gujarat
672,0,0,0,0,1016,2018,Arvalli,Arvalli,24,Gujarat
441,1,96,1,96,1017,2018,Banaskantha,Banas Kantha,24,Gujarat
442,15,120,19,205,1018,2018,Bharuch,Bharuch,24,Gujarat
443,0,69,0,75,1019,2018,Bhavnagar,Bhavnagar,24,Gujarat
676,2,11,15,50,1020,2018,Botad,Botad,24,Gujarat
668,1,13,0,20,1021,2018,Chhotaudepur,Chhotaudepur,24,Gujarat
446,0,0,0,0,1022,2018,Cid Crime,Gandhinagar,24,Gujarat
445,1,14,89,24,1023,2018,Dahod,Dohad,24,Gujarat
444,0,0,0,0,1024,2018,Dang,Dang,24,Gujarat
674,5,22,9,64,1025,2018,Devbhumi Dwarka,Devbhumi Dwarka,24,Gujarat
446,19,152,19,302,1026,2018,Gandhinagar,Gandhinagar,24,Gujarat
675,3,22,2,41,1027,2018,Gir Somnath,Gir Somnath,24,Gujarat
447,13,72,5,150,1028,2018,Jamnagar,Jamnagar,24,Gujarat
448,3,29,2,39,1029,2018,Junagadh,Junagadh,24,Gujarat
449,6,44,33,156,1030,2018,Kachchh East(G),Kachchh,24,Gujarat
449,6,71,40,150,1031,2018,Kachchh West(B),Kachchh,24,Gujarat
450,3,65,2,100,1032,2018,Kheda,Kheda,24,Gujarat
669,3,21,9,45,1033,2018,Mahisagar,Mahisagar,24,Gujarat
451,7,141,6,517,1034,2018,Mehsana,Mahesana,24,Gujarat
673,0,23,1,84,1035,2018,Morbi,Morbi,24,Gujarat
452,0,8,1,17,1036,2018,Narmada,Narmada,24,Gujarat
453,7,77,4,106,1037,2018,Navsari,Navsari,24,Gujarat
454,3,52,5,86,1038,2018,Panchmahal,Panch Mahals,24,Gujarat
455,2,32,1,148,1039,2018,Patan,Patan,24,Gujarat
456,6,16,2,51,1040,2018,Porbandar,Porbandar,24,Gujarat
457,30,286,102,497,1041,2018,Rajkot City,Rajkot,24,Gujarat
457,20,36,7,158,1042,2018,Rajkot Rural,Rajkot,24,Gujarat
458,4,85,6,167,1043,2018,Sabarkantha,Sabar Kantha,24,Gujarat
459,266,1071,470,1582,1044,2018,Surat City,Surat,24,Gujarat
459,8,76,8,80,1045,2018,Surat Rural,Surat,24,Gujarat
460,0,24,0,42,1046,2018,Surendranagar,Surendranagar,24,Gujarat
641,1,13,5,26,1047,2018,Tapi,Tapi,24,Gujarat
461,18,318,106,451,1048,2018,Vadodara City,Vadodara,24,Gujarat
461,3,47,2,68,1049,2018,Vadodara Rural,Vadodara,24,Gujarat
462,6,114,10,119,1050,2018,Valsad,Valsad,24,Gujarat
438,1,16,0,12,1051,2018,W.Rly Ahmedabad,Ahmadabad,24,Gujarat
461,1,10,3,6,1052,2018,W.Rly Vadodara,Vadodara,24,Gujarat
58,68,87,14,154,1053,2018,Ambala,Ambala,6,Haryana
59,36,91,41,178,1054,2018,Bhiwani,Bhiwani,6,Haryana
60,117,357,88,543,1055,2018,Faridabad,Faridabad,6,Haryana
61,53,120,52,251,1056,2018,Fatehabad,Fatehabad,6,Haryana
58,2,11,1,5,1057,2018,Grp,Ambala,6,Haryana
62,50,152,137,234,1058,2018,Gurugram,Gurugram,6,Haryana
63,38,101,100,272,1059,2018,Hissar,Hisar,6,Haryana
64,0,0,0,0,1060,2018,Jhajjar,Jhajjar,6,Haryana
65,23,145,31,227,1061,2018,Jind,Jind,6,Haryana
66,36,120,16,100,1062,2018,Kaithal,Kaithal,6,Haryana
67,13,61,11,57,1063,2018,Karnal,Karnal,6,Haryana
68,56,151,44,237,1064,2018,Kurukshetra,Kurukshetra,6,Haryana
69,28,56,28,108,1065,2018,Mahendergarh,Mahendragarh,6,Haryana
604,18,30,6,35,1066,2018,Mewat,Nuh,6,Haryana
619,83,77,64,104,1067,2018,Palwal,Palwal,6,Haryana
70,2,73,27,152,1068,2018,Panchkula,Panchkula,6,Haryana
71,125,95,183,169,1069,2018,Panipat,Panipat,6,Haryana
72,47,101,62,207,1070,2018,Rewari,Rewari,6,Haryana
73,94,238,57,278,1071,2018,Rohtak,Rohtak,6,Haryana
74,25,88,55,282,1072,2018,Sirsa,Sirsa,6,Haryana
75,33,93,39,214,1073,2018,Sonipat,Sonipat,6,Haryana
76,47,134,57,218,1074,2018,Yamunanagar,Yamunanagar,6,Haryana
62,0,0,0,0,1075,2018,Irrigation And Power,Gurugram,6,Haryana
701,6,32,2,80,1076,2018,Charkhi Dadri,Charki Dadri,6,Haryana
63,9,29,18,73,1077,2018,Hansi,Hisar,6,Haryana
25,6,56,19,51,1078,2018,Baddi,Solan,2,Himachal Pradesh
15,4,34,15,85,1079,2018,Bilaspur,Bilaspur,2,Himachal Pradesh
16,9,20,4,65,1080,2018,Chamba,Chamba,2,Himachal Pradesh
23,0,0,0,0,1081,2018,Cid,Shimla,2,Himachal Pradesh
23,0,0,0,1,1082,2018,Grp,Shimla,2,Himachal Pradesh
17,6,15,5,42,1083,2018,Hamirpur,Hamirpur,2,Himachal Pradesh
18,16,98,15,175,1084,2018,Kangra,Kangra,2,Himachal Pradesh
19,1,9,0,4,1085,2018,Kinnaur,Kinnaur,2,Himachal Pradesh
20,7,51,8,46,1086,2018,Kullu,Kullu,2,Himachal Pradesh
21,0,7,0,0,1087,2018,Lahaul And Spiti,Lahul And Spiti,2,Himachal Pradesh
22,17,85,65,211,1088,2018,Mandi,Mandi,2,Himachal Pradesh
23,38,5,63,3,1089,2018,Shimla,Shimla,2,Himachal Pradesh
24,10,37,27,87,1090,2018,Sirmaur,Sirmaur,2,Himachal Pradesh
25,5,37,20,78,1091,2018,Solan,Solan,2,Himachal Pradesh
26,6,90,18,72,1092,2018,Una,Una,2,Himachal Pradesh
23,0,0,0,0,1093,2018,Cyber,Shimla,2,Himachal Pradesh
1,5,51,4,49,1094,2018,Anantnag,Anantnag,1,Jammu And Kashmir
11,0,23,0,12,1095,2018,Awantipora,Pulwama,1,Jammu And Kashmir
623,6,10,4,18,1096,2018,Bandipora,Bandipora,1,Jammu And Kashmir
3,2,3,3,10,1097,2018,Baramulla,Baramulla,1,Jammu And Kashmir
2,4,44,2,98,1098,2018,Budgam,Budgam,1,Jammu And Kashmir
5,0,0,0,0,1099,2018,Crime Jammu,Jammu,1,Jammu And Kashmir
5,0,0,0,0,1100,2018,Crime Srinagar,Jammu,1,Jammu And Kashmir
4,3,19,4,51,1101,2018,Doda,Doda,1,Jammu And Kashmir
626,4,23,13,53,1102,2018,Ganderbal,Ganderbal,1,Jammu And Kashmir
8,6,25,0,6,1103,2018,Handwara,Kupwara,1,Jammu And Kashmir
5,0,231,0,199,1104,2018,Jammu,Jammu,1,Jammu And Kashmir
6,0,5,1,3,1105,2018,Kargil,Kargil,1,Jammu And Kashmir
7,6,36,28,109,1106,2018,Kathua,Kathua,1,Jammu And Kashmir
620,1,23,10,13,1107,2018,Kishtwar,Kishtwar,1,Jammu And Kashmir
622,0,42,0,27,1108,2018,Kulgam,Kulgam,1,Jammu And Kashmir
8,10,82,18,65,1109,2018,Kupwara,Kupwara,1,Jammu And Kashmir
9,0,8,0,5,1110,2018,Leh,Leh Ladakh,1,Jammu And Kashmir
10,1,18,1,57,1111,2018,Poonch,Poonch,1,Jammu And Kashmir
11,0,38,0,12,1112,2018,Pulwama,Pulwama,1,Jammu And Kashmir
5,0,7,0,1,1113,2018,Railways Jammu,Jammu,1,Jammu And Kashmir
5,0,0,0,0,1114,2018,Railways Kashmir,Jammu,1,Jammu And Kashmir
627,0,0,0,1,1115,2018,Railways Katra,Reasi,1,Jammu And Kashmir
12,3,5,0,46,1116,2018,Rajouri,Rajouri,1,Jammu And Kashmir
621,5,11,4,30,1117,2018,Ramban,Ramban,1,Jammu And Kashmir
627,0,20,0,62,1118,2018,Reasi,Reasi,1,Jammu And Kashmir
624,1,30,10,42,1119,2018,Samba,Samba,1,Jammu And Kashmir
625,5,38,15,12,1120,2018,Shopian,Shopian,1,Jammu And Kashmir
3,7,27,0,17,1121,2018,Sopore,Baramulla,1,Jammu And Kashmir
13,21,97,73,35,1122,2018,Srinagar,Srinagar,1,Jammu And Kashmir
14,4,84,10,102,1123,2018,Udhampur,Udhampur,1,Jammu And Kashmir
322,7,0,16,0,1124,2018,Bokaro,Bokaro,20,Jharkhand
343,4,1,17,11,1125,2018,Chaibasa,West Singhbhum,20,Jharkhand
323,3,0,0,1,1126,2018,Chatra,Chatra,20,Jharkhand
324,8,5,6,7,1127,2018,Deoghar,Deoghar,20,Jharkhand
325,4,15,4,6,1128,2018,Dhanbad,Dhanbad,20,Jharkhand
325,0,5,1,2,1129,2018,Dhanbad Railway,Dhanbad,20,Jharkhand
326,7,16,4,15,1130,2018,Dumka,Dumka,20,Jharkhand
328,5,2,2,7,1131,2018,Garhwa,Garhwa,20,Jharkhand
329,13,13,9,15,1132,2018,Giridih,Giridih,20,Jharkhand
330,0,0,4,0,1133,2018,Godda,Godda,20,Jharkhand
331,4,2,26,2,1134,2018,Gumla,Gumla,20,Jharkhand
332,18,15,24,19,1135,2018,Hazaribagh,Hazaribagh,20,Jharkhand
327,11,12,8,5,1136,2018,Jamshedpur,East Singhbum,20,Jharkhand
327,0,2,0,2,1137,2018,Jamshedpur Railway,East Singhbum,20,Jharkhand
333,0,0,0,0,1138,2018,Jamtara,Jamtara,20,Jharkhand
606,10,4,24,6,1139,2018,Khunti,Khunti,20,Jharkhand
334,0,0,0,0,1140,2018,Koderma,Koderma,20,Jharkhand
335,4,9,3,6,1141,2018,Latehar,Latehar,20,Jharkhand
336,8,3,1,2,1142,2018,Lohardagga,Lohardaga,20,Jharkhand
337,1,2,2,0,1143,2018,Pakur,Pakur,20,Jharkhand
338,21,17,16,17,1144,2018,Palamu,Palamu,20,Jharkhand
607,1,2,2,1,1145,2018,Ramgarh,Ramgarh,20,Jharkhand
339,22,60,33,71,1146,2018,Ranchi,Ranchi,20,Jharkhand
340,0,0,0,0,1147,2018,Sahebganj,Sahebganj,20,Jharkhand
341,0,0,0,0,1148,2018,Saraikela,Saraikela Kharsawan,20,Jharkhand
342,2,1,1,1,1149,2018,Simdega,Simdega,20,Jharkhand
524,2,35,0,87,1150,2018,Bagalkot,Bagalkote,29,Karnataka
525,274,1929,481,2901,1151,2018,Bengaluru City,Bengaluru Urban,29,Karnataka
525,24,240,69,479,1152,2018,Bengaluru District,Bengaluru Urban,29,Karnataka
527,20,127,20,206,1153,2018,Belagavi District,Belagavi,29,Karnataka
528,19,95,12,146,1154,2018,Ballari,Ballari,29,Karnataka
529,1,29,0,78,1155,2018,Bidar,Bidar,29,Karnataka
530,15,74,9,110,1156,2018,Vijayapura,Vijayapura,29,Karnataka
630,18,85,11,240,1157,2018,Chikkaballapura,Chikkaballapura,29,Karnataka
531,5,45,7,94,1158,2018,Chamarajnagar,Chamarajanagara,29,Karnataka
532,11,68,4,123,1159,2018,Chikkamagaluru,Chikkamagaluru,29,Karnataka
533,1,89,1,186,1160,2018,Chitradurga,Chitradurga,29,Karnataka
534,6,67,5,79,1161,2018,Dakshina Kannada,Dakshina Kannada,29,Karnataka
535,14,116,7,290,1162,2018,Davanagere,Davangere,29,Karnataka
536,0,35,0,56,1163,2018,Dharwad,Dharwad,29,Karnataka
537,1,27,0,62,1164,2018,Gadag,Gadag,29,Karnataka
538,0,52,0,88,1165,2018,Kalaburgi,Kalaburagi,29,Karnataka
539,16,135,17,282,1166,2018,Hassan,Hassan,29,Karnataka
540,10,53,9,121,1167,2018,Haveri,Haveri,29,Karnataka
536,7,58,4,86,1168,2018,Hubballi Dharwad City,Dharwad,29,Karnataka
527,3,20,2,65,1169,2018,K.G.F.,Belagavi,29,Karnataka
541,11,79,31,89,1170,2018,Kodagu,Kodagu,29,Karnataka
542,11,46,14,154,1171,2018,Kolar,Kolar,29,Karnataka
543,0,35,0,67,1172,2018,Koppal,Koppal,29,Karnataka
544,19,167,31,396,1173,2018,Mandya,Mandya,29,Karnataka
534,2,120,3,90,1174,2018,Mangaluru City,Dakshina Kannada,29,Karnataka
545,55,192,74,262,1175,2018,Mysuru City,Mysuru,29,Karnataka
545,25,170,21,322,1176,2018,Mysuru District,Mysuru,29,Karnataka
546,5,49,1,81,1177,2018,Raichur,Raichur,29,Karnataka
525,5,9,0,11,1178,2018,K.Railways,Bengaluru Urban,29,Karnataka
631,32,184,27,359,1179,2018,Ramanagara,Ramanagara,29,Karnataka
547,34,207,34,411,1180,2018,Shimoga,Shivamogga,29,Karnataka
548,11,138,25,310,1181,2018,Tumakuru,Tumakuru,29,Karnataka
549,6,85,7,66,1182,2018,Udupi,Udupi,29,Karnataka
550,5,87,8,129,1183,2018,Uttara Kannada,Uttara Kannada,29,Karnataka
635,5,18,2,32,1184,2018,Yadgiri,Yadgir,29,Karnataka
527,4,67,10,63,1185,2018,Belagavi City,Belagavi,29,Karnataka
554,34,214,51,514,1186,2018,Alapuzha,Alappuzha,32,Kerala
555,35,173,54,389,1187,2018,Ernakulam Commr.,Ernakulam,32,Kerala
555,59,183,55,450,1188,2018,Ernakulam Rural,Ernakulam,32,Kerala
556,31,146,38,211,1189,2018,Idukki,Idukki,32,Kerala
557,30,133,36,246,1190,2018,Kannur,Kannur,32,Kerala
558,28,86,37,133,1191,2018,Kasargod,Kasaragod,32,Kerala
559,72,141,68,492,1192,2018,Kollam Commr.,Kollam,32,Kerala
559,70,172,50,462,1193,2018,Kollam Rural,Kollam,32,Kerala
560,19,149,52,441,1194,2018,Kottayam,Kottayam,32,Kerala
561,44,117,51,114,1195,2018,Kozhikode Commr.,Kozhikode,32,Kerala
561,51,146,42,320,1196,2018,Kozhikode Rural,Kozhikode,32,Kerala
562,87,182,71,302,1197,2018,Malappuram,Malappuram,32,Kerala
563,68,211,86,459,1198,2018,Palakkad,Palakkad,32,Kerala
564,34,98,36,274,1199,2018,Pathanamthitta,Pathanamthitta,32,Kerala
565,0,21,0,4,1200,2018,Railways,Thiruvananthapuram,32,Kerala
566,63,205,80,429,1201,2018,Thrissur Commr.,Thrissur,32,Kerala
566,47,151,66,347,1202,2018,Thrissur Rural,Thrissur,32,Kerala
565,37,129,67,306,1203,2018,Trivandrum Commr.,Thiruvananthapuram,32,Kerala
565,92,277,98,790,1204,2018,Trivandrum Rural,Thiruvananthapuram,32,Kerala
567,9,49,29,86,1205,2018,Wayanadu,Wayanad,32,Kerala
565,0,3,0,3,1206,2018,Crime Branch,Thiruvananthapuram,32,Kerala
667,7,40,28,102,1207,2018,Agar,Agar Malwa,23,Madhya Pradesh
639,7,26,75,258,1208,2018,Alirajpur,Alirajpur,23,Madhya Pradesh
390,21,67,118,267,1209,2018,Anuppur,Anuppur,23,Madhya Pradesh
391,24,79,103,153,1210,2018,Ashok Nagar,Ashoknagar,23,Madhya Pradesh
392,30,215,123,593,1211,2018,Balaghat,Balaghat,23,Madhya Pradesh
393,12,87,56,273,1212,2018,Barwani,Barwani,23,Madhya Pradesh
394,60,277,223,656,1213,2018,Betul,Betul,23,Madhya Pradesh
395,52,86,81,183,1214,2018,Bhind,Bhind,23,Madhya Pradesh
396,204,752,283,1070,1215,2018,Bhopal,Bhopal,23,Madhya Pradesh
396,8,61,14,51,1216,2018,Bhopal Railway,Bhopal,23,Madhya Pradesh
397,11,84,43,123,1217,2018,Burhanpur,Burhanpur,23,Madhya Pradesh
398,64,163,184,362,1218,2018,Chhatarpur,Chhatarpur,23,Madhya Pradesh
399,8,24,21,73,1219,2018,Chhindwara,Chhindwara,23,Madhya Pradesh
400,35,150,112,340,1220,2018,Damoh,Damoh,23,Madhya Pradesh
401,14,69,45,144,1221,2018,Datia,Datia,23,Madhya Pradesh
402,32,1,98,0,1222,2018,Dewas,Dewas,23,Madhya Pradesh
403,40,234,319,857,1223,2018,Dhar,Dhar,23,Madhya Pradesh
404,13,52,70,166,1224,2018,Dindori,Dindori,23,Madhya Pradesh
406,29,129,119,320,1225,2018,Guna,Guna,23,Madhya Pradesh
407,153,625,216,776,1226,2018,Gwalior,Gwalior,23,Madhya Pradesh
408,44,146,139,382,1227,2018,Harda,Harda,23,Madhya Pradesh
409,52,275,164,545,1228,2018,Hoshangabad,Narmadapuram,23,Madhya Pradesh
410,230,1016,593,1865,1229,2018,Indore,Indore,23,Madhya Pradesh
410,1,8,1,18,1230,2018,Indore Railway,Indore,23,Madhya Pradesh
411,150,833,367,1313,1231,2018,Jabalpur,Jabalpur,23,Madhya Pradesh
411,2,31,6,51,1232,2018,Jabalpur Railway,Jabalpur,23,Madhya Pradesh
412,18,64,198,407,1233,2018,Jhabua,Jhabua,23,Madhya Pradesh
413,60,192,168,484,1234,2018,Katni,Katni,23,Madhya Pradesh
410,18,147,150,496,1235,2018,Khandwa,Indore,23,Madhya Pradesh
414,75,175,246,621,1236,2018,Khargone,Khargone,23,Madhya Pradesh
415,20,87,110,258,1237,2018,Mandla,Mandla,23,Madhya Pradesh
416,28,199,110,442,1238,2018,Mandsaur,Mandsaur,23,Madhya Pradesh
417,59,134,75,224,1239,2018,Morena,Morena,23,Madhya Pradesh
418,26,238,110,434,1240,2018,Narsinghpur,Narsinghpur,23,Madhya Pradesh
419,2,94,35,258,1241,2018,Neemuch,Neemuch,23,Madhya Pradesh
420,17,61,89,183,1242,2018,Panna,Panna,23,Madhya Pradesh
421,51,217,199,455,1243,2018,Raisen,Raisen,23,Madhya Pradesh
422,18,114,99,296,1244,2018,Rajgarh,Rajgarh,23,Madhya Pradesh
423,23,256,211,692,1245,2018,Ratlam,Ratlam,23,Madhya Pradesh
424,12,89,140,132,1246,2018,Rewa,Rewa,23,Madhya Pradesh
425,98,407,297,796,1247,2018,Sagar,Sagar,23,Madhya Pradesh
426,162,561,402,1436,1248,2018,Satna,Satna,23,Madhya Pradesh
428,22,156,149,452,1249,2018,Seoni,Seoni,23,Madhya Pradesh
429,66,150,157,379,1250,2018,Shahdol,Shahdol,23,Madhya Pradesh
430,13,85,63,234,1251,2018,Shajapur,Shajapur,23,Madhya Pradesh
431,18,30,19,72,1252,2018,Sheopur,Sheopur,23,Madhya Pradesh
432,45,129,108,301,1253,2018,Shivpuri,Shivpuri,23,Madhya Pradesh
433,53,57,120,262,1254,2018,Sidhi,Sidhi,23,Madhya Pradesh
427,45,189,121,371,1255,2018,Sehore,Sehore,23,Madhya Pradesh
638,25,80,66,169,1256,2018,Singrauli,Singrauli,23,Madhya Pradesh
434,39,74,163,197,1257,2018,Tikamgarh,Tikamgarh,23,Madhya Pradesh
435,66,355,169,678,1258,2018,Ujjain,Ujjain,23,Madhya Pradesh
436,19,63,63,152,1259,2018,Umaria,Umaria,23,Madhya Pradesh
437,63,204,136,365,1260,2018,Vidisha,Vidisha,23,Madhya Pradesh
9999,0,0,0,0,1261,2018,Cyber Crime Cell,Cyber Crime Cell,23,Madhya Pradesh
466,66,740,54,1193,1262,2018,Ahmednagar,Cyber Crime Cell,27,Maharashtra
467,16,289,21,382,1263,2018,Akola,Cyber Crime Cell,27,Maharashtra
468,0,315,0,334,1264,2018,Amravati Commr.,Cyber Border Range,27,Maharashtra
468,2,281,4,536,1265,2018,Amravati Rural,Cyber Crime Cell,27,Maharashtra
469,0,587,1,607,1266,2018,Aurangabad Commr.,Aurangabad,27,Maharashtra
469,3,141,0,155,1267,2018,Aurangabad Rural,Aurangabad,27,Maharashtra
470,2,118,3,187,1268,2018,Beed,Beed,27,Maharashtra
471,0,220,0,486,1269,2018,Bhandara,Bhandara,27,Maharashtra
472,36,283,72,316,1270,2018,Buldhana,Buldhana,27,Maharashtra
473,0,513,0,793,1271,2018,Chandrapur,Chandrapur,27,Maharashtra
474,4,276,0,382,1272,2018,Dhule,Dhule,27,Maharashtra
475,1,95,2,208,1273,2018,Gadchiroli,Gadchiroli,27,Maharashtra
476,0,192,0,391,1274,2018,Gondia,Gondia,27,Maharashtra
477,0,82,1,103,1275,2018,Hingoli,Hingoli,27,Maharashtra
478,85,520,55,776,1276,2018,Jalgaon,Jalgaon,27,Maharashtra
479,0,87,0,137,1277,2018,Jalna,Jalna,27,Maharashtra
480,74,622,137,976,1278,2018,Kolhapur,Kolhapur,27,Maharashtra
481,0,204,29,367,1279,2018,Latur,Latur,27,Maharashtra
482,4,4779,1,5200,1280,2018,Mumbai Commr.,Mumbai,27,Maharashtra
482,3,127,3,85,1281,2018,Mumbai Railway,Mumbai,27,Maharashtra
484,0,1453,0,1645,1282,2018,Nagpur Commr.,Nagpur,27,Maharashtra
484,0,26,0,14,1283,2018,Nagpur Railway,Nagpur,27,Maharashtra
484,2,398,0,613,1284,2018,Nagpur Rural,Nagpur,27,Maharashtra
485,0,297,0,345,1285,2018,Nanded,Nanded,27,Maharashtra
486,18,105,1,170,1286,2018,Nandurbar,Nandurbar,27,Maharashtra
487,1,686,1,861,1287,2018,Nasik Commr.,Nashik,27,Maharashtra
487,39,575,247,764,1288,2018,Nasik Rural,Nashik,27,Maharashtra
483,48,822,38,1015,1289,2018,Navi Mumbai,Mumbai Suburban,27,Maharashtra
488,9,185,6,260,1290,2018,Osmanabad,Osmanabad,27,Maharashtra
665,100,791,108,1148,1291,2018,Palghar,Palghar,27,Maharashtra
489,4,191,5,212,1292,2018,Parbhani,Parbhani,27,Maharashtra
490,11,2084,7,2497,1293,2018,Pune Commr.,Pune,27,Maharashtra
490,2,27,1,22,1294,2018,Pune Railway,Pune,27,Maharashtra
490,79,1010,51,1495,1295,2018,Pune Rural,Pune,27,Maharashtra
491,19,274,39,326,1296,2018,Raigad,Raigad,27,Maharashtra
492,12,189,24,304,1297,2018,Ratnagiri,Ratnagiri,27,Maharashtra
493,36,518,19,784,1298,2018,Sangli,Sangli,27,Maharashtra
494,18,453,14,959,1299,2018,Satara,Satara,27,Maharashtra
495,12,92,3,108,1300,2018,Sindhudurg,Sindhudurg,27,Maharashtra
496,19,251,18,349,1301,2018,Solapur Commr.,Solapur,27,Maharashtra
496,0,431,0,681,1302,2018,Solapur Rural,Solapur,27,Maharashtra
497,0,1989,0,2352,1303,2018,Thane Commr.,Thane,27,Maharashtra
497,5,520,8,655,1304,2018,Thane Rural,Thane,27,Maharashtra
498,2,310,0,559,1305,2018,Wardha,Wardha,27,Maharashtra
499,0,162,2,206,1306,2018,Washim,Washim,27,Maharashtra
500,2,393,2,684,1307,2018,Yavatmal,Yavatmal,27,Maharashtra
490,0,534,0,316,1308,2018,Pimpri Chinchwad City,Pune,27,Maharashtra
469,0,25,0,29,1309,2018,Aurangabad Railway,Aurangabad,27,Maharashtra
252,8,8,4,7,1310,2018,Bishnupur,Bishnupur,14,Manipur
253,3,0,1,0,1311,2018,Chandel,Chandel,14,Manipur
254,0,0,0,0,1312,2018,Churachandpur,Churachandpur,14,Manipur
256,0,0,0,0,1313,2018,Cid,Imphal West,14,Manipur
255,16,30,21,64,1314,2018,Imphal East,Imphal East,14,Manipur
256,7,25,5,14,1315,2018,Imphal West,Imphal West,14,Manipur
257,0,5,0,1,1316,2018,Senapati,Senapati,14,Manipur
258,0,0,0,0,1317,2018,Tamenglong,Tamenglong,14,Manipur
259,12,13,8,36,1318,2018,Thoubal,Thoubal,14,Manipur
260,0,0,0,0,1319,2018,Ukhrul,Ukhrul,14,Manipur
273,0,0,0,0,1320,2018,Garo Hills East,East Garo Hills,17,Meghalaya
656,4,2,6,4,1321,2018,Garo Hills North,North Garo Hills,17,Meghalaya
277,0,0,0,0,1322,2018,Garo Hills South,South Garo Hills,17,Meghalaya
663,0,2,6,2,1323,2018,Garo Hills South West,South West Garo Hills,17,Meghalaya
278,2,5,10,11,1324,2018,Garo Hills West,West Garo Hills,17,Meghalaya
275,2,7,9,5,1325,2018,Jaintia Hills West,West Jaintia Hills,17,Meghalaya
657,1,1,7,1,1326,2018,Jaintia Hills East,East Jaintia Hills,17,Meghalaya
274,34,60,30,67,1327,2018,Khasi Hills East,East Khasi Hills,17,Meghalaya
658,0,0,0,0,1328,2018,Khasi Hills South West,South West Khasi Hills,17,Meghalaya
279,0,0,0,0,1329,2018,Khasi Hills West,West Khasi Hills,17,Meghalaya
276,5,5,2,6,1330,2018,Ri-Bhoi,Ri Bhoi,17,Meghalaya
274,0,0,0,0,1331,2018,Cyber Cell,East Khasi Hills,17,Meghalaya
261,0,0,0,0,1332,2018,Aizawl,Aizawl,15,Mizoram
262,3,0,0,0,1333,2018,Champhai,Champhai,15,Mizoram
263,0,0,0,0,1334,2018,Kolasib,Kolasib,15,Mizoram
264,0,0,0,0,1335,2018,Lawngtlai,Lawngtlai,15,Mizoram
265,0,0,0,0,1336,2018,Lunglei,Lunglei,15,Mizoram
266,0,0,0,0,1337,2018,Mamit,Mamit,15,Mizoram
267,0,0,0,0,1338,2018,Saiha,Saiha,15,Mizoram
268,0,0,0,0,1339,2018,Serchhip,Serchhip,15,Mizoram
261,0,0,0,0,1340,2018,Spl Narcotic,Aizawl,15,Mizoram
244,17,21,27,11,1341,2018,Dimapur,Dimapur,13,Nagaland
614,0,0,0,0,1342,2018,Kiphire,Kiphire,13,Nagaland
245,21,1,30,15,1343,2018,Kohima,Kohima,13,Nagaland
615,0,0,0,0,1344,2018,Longleng,Longleng,13,Nagaland
246,0,0,0,0,1345,2018,Mokokchung,Mokokchung,13,Nagaland
247,0,0,0,0,1346,2018,Mon,Mon,13,Nagaland
613,0,0,0,0,1347,2018,Peren,Peren,13,Nagaland
248,0,0,0,0,1348,2018,Phek,Phek,13,Nagaland
249,0,0,0,0,1349,2018,Tuensang,Tuensang,13,Nagaland
250,0,0,0,0,1350,2018,Wokha,Wokha,13,Nagaland
251,0,0,0,0,1351,2018,Zunheboto,Zunheboto,13,Nagaland
344,0,0,0,0,1352,2018,Angul,Anugul,21,Odisha
346,0,0,0,0,1353,2018,Balasore,Baleshwar,21,Odisha
347,0,0,0,0,1354,2018,Baragarh,Bargarh,21,Odisha
346,0,0,0,0,1355,2018,Berhampur,Baleshwar,21,Odisha
348,0,0,0,0,1356,2018,Bhadrak,Bhadrak,21,Odisha
345,0,0,0,0,1357,2018,Bolangir,Balangir,21,Odisha
349,0,0,0,0,1358,2018,Boudh,Boudh,21,Odisha
350,0,0,0,0,1359,2018,Cuttack,Cuttack,21,Odisha
362,0,0,0,0,1360,2018,Dcp Bbsr,Khordha,21,Odisha
350,0,0,0,0,1361,2018,Dcp Ctc,Cuttack,21,Odisha
351,0,0,0,0,1362,2018,Deogarh,Deogarh,21,Odisha
352,0,0,0,0,1363,2018,Dhenkanal,Dhenkanal,21,Odisha
353,0,0,0,0,1364,2018,Gajapati,Gajapati,21,Odisha
354,0,0,0,0,1365,2018,Ganjam,Ganjam,21,Odisha
355,0,0,0,0,1366,2018,Jagatsinghpur,Jagatsinghapur,21,Odisha
356,0,0,0,0,1367,2018,Jajpur,Jajapur,21,Odisha
357,0,0,0,0,1368,2018,Jharsuguda,Jharsuguda,21,Odisha
358,0,0,0,0,1369,2018,Kalahandi,Kalahandi,21,Odisha
359,0,0,0,0,1370,2018,Kandhamal,Kandhamal,21,Odisha
360,0,0,0,0,1371,2018,Kendrapara,Kendrapara,21,Odisha
361,0,0,0,0,1372,2018,Keonjhar,Kendujhar,21,Odisha
362,0,0,0,0,1373,2018,Khurda,Khordha,21,Odisha
363,0,0,0,0,1374,2018,Koraput,Koraput,21,Odisha
364,0,0,0,0,1375,2018,Malkangiri,Malkangiri,21,Odisha
365,0,0,0,0,1376,2018,Mayurbhanj,Mayurbhanj,21,Odisha
367,0,0,0,0,1377,2018,Nayagarh,Nayagarh,21,Odisha
366,0,0,0,0,1378,2018,Nabarangpur,Nabarangpur,21,Odisha
368,0,0,0,0,1379,2018,Nuapada,Nuapada,21,Odisha
369,0,0,0,0,1380,2018,Puri,Puri,21,Odisha
370,0,0,0,0,1381,2018,Rayagada,Rayagada,21,Odisha
373,0,0,0,0,1382,2018,Rourkela,Sundargarh,21,Odisha
371,0,0,0,0,1383,2018,Sambalpur,Sambalpur,21,Odisha
372,0,0,0,0,1384,2018,Sonepur,Sonepur,21,Odisha
350,0,0,0,0,1385,2018,Srp(Cuttack),Cuttack,21,Odisha
373,0,0,0,0,1386,2018,Srp(Rourkela),Sundargarh,21,Odisha
373,0,0,0,0,1387,2018,Sundargarh,Sundargarh,21,Odisha
350,451,2418,1875,8318,1388,2018,Cid Cb,Cuttack,21,Odisha
27,4,31,54,24,1389,2018,Amritsar Rural,Amritsar,3,Punjab
605,0,23,12,12,1390,2018,Barnala,Barnala,3,Punjab
32,0,7,0,3,1391,2018,Batala,Gurdaspur,3,Punjab
28,6,37,1,12,1392,2018,Bathinda,Bathinda,3,Punjab
27,13,111,61,74,1393,2018,Cp Amritsar,Amritsar,3,Punjab
34,0,227,0,254,1394,2018,Cp Jalandhar,Jalandhar,3,Punjab
36,116,120,111,118,1395,2018,Cp Ludhiana,Ludhiana,3,Punjab
29,6,20,20,7,1396,2018,Faridkot,Faridkot,3,Punjab
30,5,41,4,28,1397,2018,Fatehgarh Sahib,Fatehgarh Sahib,3,Punjab
651,3,43,5,27,1398,2018,Fazilka,Fazilka,3,Punjab
31,4,77,38,40,1399,2018,Ferozepur,Ferozepur,3,Punjab
41,0,8,4,4,1400,2018,Grp,Patiala,3,Punjab
32,1,15,0,10,1401,2018,Gurdaspur,Gurdaspur,3,Punjab
33,10,119,58,167,1402,2018,Hoshiarpur,Hoshiarpur,3,Punjab
34,18,76,19,102,1403,2018,Jalandhar Rural,Jalandhar,3,Punjab
35,5,28,0,18,1404,2018,Kapurthala,Kapurthala,3,Punjab
36,2,60,3,29,1405,2018,Khanna,Ludhiana,3,Punjab
36,0,16,0,4,1406,2018,Ludhiana Rural,Ludhiana,3,Punjab
37,1,16,0,5,1407,2018,Mansa,Mansa,3,Punjab
38,0,46,0,23,1408,2018,Moga,Moga,3,Punjab
39,6,57,3,28,1409,2018,Muktsar,Sri Muktsar Sahib,3,Punjab
662,0,12,2,14,1410,2018,Pathankot,Pathankot,3,Punjab
41,13,82,14,52,1411,2018,Patiala,Patiala,3,Punjab
42,5,9,8,7,1412,2018,Ropar,Rupnagar,3,Punjab
43,7,15,54,22,1413,2018,Sangrur,Sangrur,3,Punjab
608,17,59,7,56,1414,2018,Sas Nagar,S.A.S Nagar,3,Punjab
40,3,23,4,31,1415,2018,Sbs Nagar,Shahid Bhagat Singh Nagar,3,Punjab
609,6,25,2,15,1416,2018,Tarn Taran,Tarn Taran,3,Punjab
608,0,0,0,0,1417,2018,Bureau Of Investigation,S.A.S Nagar,3,Punjab
608,0,0,0,0,1418,2018,Intelligence Wing,S.A.S Nagar,3,Punjab
608,0,0,0,0,1419,2018,Nri Wing,S.A.S Nagar,3,Punjab
27,0,0,0,0,1420,2018,Special Task Force,Amritsar,3,Punjab
86,20,139,35,316,1421,2018,Ajmer,Ajmer,8,Rajasthan
87,56,182,142,353,1422,2018,Alwar,Alwar,8,Rajasthan
88,6,50,12,182,1423,2018,Banswara,Banswara,8,Rajasthan
89,3,71,48,264,1424,2018,Baran,Baran,8,Rajasthan
90,10,52,29,103,1425,2018,Barmer,Barmer,8,Rajasthan
91,18,58,8,115,1426,2018,Bharatpur,Bharatpur,8,Rajasthan
92,22,158,170,556,1427,2018,Bhilwara,Bhilwara,8,Rajasthan
93,5,4,0,66,1428,2018,Bikaner,Bikaner,8,Rajasthan
94,6,65,76,293,1429,2018,Bundi,Bundi,8,Rajasthan
95,7,135,70,500,1430,2018,Chittorgarh,Chittorgarh,8,Rajasthan
96,13,68,43,214,1431,2018,Churu,Churu,8,Rajasthan
97,14,46,9,86,1432,2018,Dausa,Dausa,8,Rajasthan
98,9,25,5,52,1433,2018,Dholpur,Dholpur,8,Rajasthan
99,2,43,35,239,1434,2018,Dungarpur,Dungarpur,8,Rajasthan
86,2,18,0,20,1435,2018,Grp Ajmer,Ajmer,8,Rajasthan
107,0,8,1,4,1436,2018,Grp Jodhpur,Jodhpur,8,Rajasthan
100,14,161,25,378,1437,2018,Ganganagar,Ganganagar,8,Rajasthan
101,7,115,38,256,1438,2018,Hanumangarh,Hanumangarh,8,Rajasthan
102,17,248,32,298,1439,2018,Jaipur East,Jaipur,8,Rajasthan
102,23,144,57,264,1440,2018,Jaipur North,Jaipur,8,Rajasthan
783,28,114,20,216,1441,2018,Jaipur Rural,Jaipur (Gramin),8,Rajasthan
102,20,132,43,197,1442,2018,Jaipur South,Jaipur,8,Rajasthan
102,49,233,88,316,1443,2018,Jaipur West,Jaipur,8,Rajasthan
103,3,18,5,29,1444,2018,Jaisalmer,Jaisalmer,8,Rajasthan
104,13,46,52,258,1445,2018,Jalore,Jalore,8,Rajasthan
105,16,102,141,292,1446,2018,Jhalawar,Jhalawar,8,Rajasthan
106,27,105,68,338,1447,2018,Jhunjhunu,Jhunjhunu,8,Rajasthan
107,15,108,33,173,1448,2018,Jodhpur East,Jodhpur,8,Rajasthan
107,16,125,33,213,1449,2018,Jodhpur West,Jodhpur,8,Rajasthan
107,7,43,32,125,1450,2018,Jodhpur Rural,Jodhpur,8,Rajasthan
108,1,34,4,56,1451,2018,Karauli,Karauli,8,Rajasthan
109,69,243,127,536,1452,2018,Kota City,Kota,8,Rajasthan
109,9,47,50,259,1453,2018,Kota Rural,Kota,8,Rajasthan
110,27,113,93,379,1454,2018,Nagaur,Nagaur,8,Rajasthan
111,37,100,26,546,1455,2018,Pali,Pali,8,Rajasthan
629,3,35,60,158,1456,2018,Pratapgarh,Pratapgarh,8,Rajasthan
112,7,74,79,427,1457,2018,Rajsamand,Rajsamand,8,Rajasthan
113,18,37,10,96,1458,2018,Sawai Madhopur,Sawai Madhopur,8,Rajasthan
114,33,126,45,382,1459,2018,Sikar,Sikar,8,Rajasthan
115,3,53,25,215,1460,2018,Sirohi,Sirohi,8,Rajasthan
116,4,57,5,214,1461,2018,Tonk,Tonk,8,Rajasthan
117,7,208,28,639,1462,2018,Udaipur,Udaipur,8,Rajasthan
102,0,0,0,0,1463,2018,Jaipur Metro,Jaipur,8,Rajasthan
102,0,0,0,0,1464,2018,Scrb,Jaipur,8,Rajasthan
102,0,0,0,0,1465,2018,Sog,Jaipur,8,Rajasthan
102,0,0,0,0,1466,2018,Ssb,Jaipur,8,Rajasthan
225,18,21,22,31,1467,2018,East,Gangtok,11,Sikkim
226,4,2,0,2,1468,2018,North,Mangan,11,Sikkim
227,7,27,0,0,1469,2018,South,Namchi,11,Sikkim
228,1,19,2,24,1470,2018,West,Gyalshing,11,Sikkim
610,14,19,29,75,1471,2018,Ariyalur,Ariyalur,33,Tamil Nadu
568,281,1097,575,1528,1472,2018,Chennai,Chennai,33,Tamil Nadu
569,14,81,67,164,1473,2018,Coimbatore,Coimbatore,33,Tamil Nadu
569,27,90,67,126,1474,2018,Coimbatore City,Coimbatore,33,Tamil Nadu
570,10,69,63,156,1475,2018,Cuddalore,Cuddalore,33,Tamil Nadu
571,11,14,25,42,1476,2018,Dharmapuri,Dharmapuri,33,Tamil Nadu
572,34,56,75,113,1477,2018,Dindigul,Dindigul,33,Tamil Nadu
573,27,58,38,114,1478,2018,Erode,Erode,33,Tamil Nadu
574,46,163,152,527,1479,2018,Kanchipuram,Kanchipuram,33,Tamil Nadu
575,53,533,34,188,1480,2018,Kanyakumari,Kanniyakumari,33,Tamil Nadu
576,7,13,46,52,1481,2018,Karur,Karur,33,Tamil Nadu
577,22,66,47,141,1482,2018,Krishnagiri,Krishnagiri,33,Tamil Nadu
578,46,93,96,236,1483,2018,Madurai,Madurai,33,Tamil Nadu
578,60,146,78,227,1484,2018,Madurai City,Madurai,33,Tamil Nadu
579,15,28,48,123,1485,2018,Nagapattinam,Nagapattinam,33,Tamil Nadu
580,14,28,19,36,1486,2018,Namakkal,Namakkal,33,Tamil Nadu
587,8,11,17,26,1487,2018,Nilgiris,The Nilgiris,33,Tamil Nadu
581,9,24,65,94,1488,2018,Perambalur,Perambalur,33,Tamil Nadu
582,11,23,35,87,1489,2018,Pudukottai,Pudukkottai,33,Tamil Nadu
583,27,46,48,141,1490,2018,Ramnathapuram,Ramanathapuram,33,Tamil Nadu
568,5,21,3,16,1491,2018,Railway Chennai,Chennai,33,Tamil Nadu
591,0,6,0,5,1492,2018,Railway Trichy,Tiruchirappalli,33,Tamil Nadu
584,27,64,102,145,1493,2018,Salem,Salem,33,Tamil Nadu
584,21,31,38,69,1494,2018,Salem City,Salem,33,Tamil Nadu
585,13,19,23,86,1495,2018,Sivagangai,Sivaganga,33,Tamil Nadu
586,24,60,81,159,1496,2018,Thanjavur,Thanjavur,33,Tamil Nadu
588,26,63,76,140,1497,2018,Theni,Theni,33,Tamil Nadu
592,46,121,97,300,1498,2018,Thirunelveli,Tirunelveli,33,Tamil Nadu
592,16,34,16,66,1499,2018,Thirunelveli City,Tirunelveli,33,Tamil Nadu
589,43,133,140,443,1500,2018,Thiruvallur,Thiruvallur,33,Tamil Nadu
593,39,68,113,229,1501,2018,Thiruvannamalai,Tiruvannamalai,33,Tamil Nadu
590,11,13,14,49,1502,2018,Thiruvarur,Thiruvarur,33,Tamil Nadu
594,39,82,90,195,1503,2018,Thoothukudi,Tuticorin,33,Tamil Nadu
634,16,62,82,155,1504,2018,Tiruppur,Tiruppur,33,Tamil Nadu
634,24,83,93,179,1505,2018,Tiruppur City,Tiruppur,33,Tamil Nadu
591,10,29,39,62,1506,2018,Trichy,Tiruchirappalli,33,Tamil Nadu
591,26,78,44,116,1507,2018,Trichy City,Tiruchirappalli,33,Tamil Nadu
595,55,147,259,430,1508,2018,Vellore,Vellore,33,Tamil Nadu
596,25,88,46,173,1509,2018,Villupuram,Villupuram,33,Tamil Nadu
597,26,47,63,147,1510,2018,Virudhunagar,Virudhunagar,33,Tamil Nadu
568,0,0,0,0,1511,2018,Cyber Cell,Chennai,33,Tamil Nadu
568,0,0,0,0,1512,2018,Other Units,Chennai,33,Tamil Nadu
518,256,1070,243,1618,1513,2018,Cyberabad Commissionerate,Ranga Reddy,36,Telangana
507,283,952,385,1273,1514,2018,Hyderabad Commissionerate,Hyderabad,36,Telangana
508,20,84,65,179,1515,2018,Karimnagar Commissionerate,Karimnagar,36,Telangana
509,10,107,6,229,1516,2018,Khammam Commissionerate,Khammam,36,Telangana
516,49,113,84,241,1517,2018,Nizamabad Commissionerate,Nizamabad,36,Telangana
697,243,649,195,943,1518,2018,Rachakonda Commissionerate,Yadadri Bhuvanagiri,36,Telangana
682,12,103,93,256,1519,2018,Ramagundam Commissionerate,Peddapalli,36,Telangana
692,19,52,60,123,1520,2018,Siddipet Commissionerate,Siddipet,36,Telangana
522,44,129,107,348,1521,2018,Warangal Commissionerate,Warangal,36,Telangana
501,18,35,17,69,1522,2018,Adilabad,Adilabad,36,Telangana
690,13,58,14,151,1523,2018,Bhadradri Kothagudem,Bhadradri Kothagudem,36,Telangana
681,13,39,37,135,1524,2018,Jagityal,Jagitial,36,Telangana
687,4,16,6,58,1525,2018,Jayashankar Bhupalpalli,Jayashankar Bhupalapally,36,Telangana
695,12,31,21,71,1526,2018,Jogulamba Gadwal,Jogulamba Gadwal,36,Telangana
685,21,46,28,119,1527,2018,Kamareddy ,Kamareddy,36,Telangana
699,6,19,19,52,1528,2018,Kumaram Bheem Asifabad,Kumuram Bheem Asifabad,36,Telangana
688,9,23,41,70,1529,2018,Mahabubabad,Mahabubabad,36,Telangana
512,24,75,34,170,1530,2018,Mahabubnagar,Mahabubnagar,36,Telangana
513,19,49,33,123,1531,2018,Medak,Medak,36,Telangana
694,7,36,27,109,1532,2018,Nagarkurnool,Nagarkurnool,36,Telangana
514,32,74,85,210,1533,2018,Nalgonda,Nalgonda,36,Telangana
680,7,41,36,69,1534,2018,Nirmal,Nirmal,36,Telangana
683,1,24,14,67,1535,2018,Rajanna Siricilla,Rajanna Sircilla,36,Telangana
691,59,145,118,216,1536,2018,Sangareddy,Sangareddy,36,Telangana
696,7,36,26,101,1537,2018,Suryapet,Suryapet,36,Telangana
698,10,27,18,71,1538,2018,Vikarabad,Vikarabad,36,Telangana
693,15,20,53,91,1539,2018,Wanaparthy,Wanaparthy,36,Telangana
507,8,19,4,10,1540,2018,Railway Police Secunderabad,Hyderabad,36,Telangana
269,2,32,8,51,1541,2018,Dhalai,Dhalai,16,Tripura
654,3,39,13,82,1542,2018,Gomati,Gomati,16,Tripura
272,0,0,0,0,1543,2018,Grp,West Tripura,16,Tripura
652,2,33,3,54,1544,2018,Kowai,Khowai,16,Tripura
270,1,33,16,52,1545,2018,North,North Tripura,16,Tripura
653,1,58,12,113,1546,2018,Sipahijala,Sepahijala,16,Tripura
271,6,38,28,75,1547,2018,South,South Tripura,16,Tripura
655,4,42,9,138,1548,2018,Unakoti,Unakoti,16,Tripura
272,22,211,52,380,1549,2018,West,West Tripura,16,Tripura
118,22,188,14,170,1550,2018,Agra,Agra,9,Uttar Pradesh
119,10,79,11,65,1551,2018,Aligarh,Aligarh,9,Uttar Pradesh
120,40,151,97,156,1552,2018,Prayagraj,Prayagraj,9,Uttar Pradesh
121,6,19,13,47,1553,2018,Ambedkar Nagar,Ambedkar Nagar,9,Uttar Pradesh
640,12,21,26,26,1554,2018,Amethi,Amethi,9,Uttar Pradesh
154,4,0,2,0,1555,2018,Amroha,Amroha,9,Uttar Pradesh
122,2,0,7,2,1556,2018,Auraiya,Auraiya,9,Uttar Pradesh
123,6,84,21,150,1557,2018,Azamgarh,Azamgarh,9,Uttar Pradesh
133,30,52,23,39,1558,2018,Badaun,Budaun,9,Uttar Pradesh
124,12,93,16,90,1559,2018,Baghpat,Baghpat,9,Uttar Pradesh
125,5,18,2,21,1560,2018,Bahraich,Bahraich,9,Uttar Pradesh
126,15,37,12,44,1561,2018,Ballia,Ballia,9,Uttar Pradesh
127,1,9,6,9,1562,2018,Balrampur,Balrampur,9,Uttar Pradesh
128,4,20,20,17,1563,2018,Banda,Banda,9,Uttar Pradesh
129,42,39,22,37,1564,2018,Barabanki,Barabanki,9,Uttar Pradesh
130,0,0,0,0,1565,2018,Bareilly,Bareilly,9,Uttar Pradesh
131,10,30,13,39,1566,2018,Basti,Basti,9,Uttar Pradesh
132,16,68,10,88,1567,2018,Bijnor,Bijnor,9,Uttar Pradesh
134,14,44,13,53,1568,2018,Bulandshahar,Bulandshahr,9,Uttar Pradesh
135,6,35,24,37,1569,2018,Chandoli,Chandauli,9,Uttar Pradesh
136,3,7,10,9,1570,2018,Chitrakoot,Chitrakoot,9,Uttar Pradesh
137,7,14,27,17,1571,2018,Deoria,Deoria,9,Uttar Pradesh
138,11,38,7,31,1572,2018,Etah,Etah,9,Uttar Pradesh
139,1,3,1,2,1573,2018,Etawah,Etawah,9,Uttar Pradesh
140,12,43,17,59,1574,2018,Ayodhya,Ayodhya,9,Uttar Pradesh
141,9,33,4,24,1575,2018,Fatehgarh,Farrukhabad,9,Uttar Pradesh
142,9,45,18,73,1576,2018,Fatehpur,Fatehpur,9,Uttar Pradesh
143,11,33,20,39,1577,2018,Firozabad,Firozabad,9,Uttar Pradesh
162,12,52,7,30,1578,2018,Grp,Lucknow,9,Uttar Pradesh
144,41,179,71,158,1579,2018,Gautambudh Nagar,Gautam Buddha Nagar,9,Uttar Pradesh
145,67,135,74,89,1580,2018,Ghaziabad,Ghaziabad,9,Uttar Pradesh
146,5,48,85,17,1581,2018,Ghazipur,Ghazipur,9,Uttar Pradesh
147,6,25,20,39,1582,2018,Gonda,Gonda,9,Uttar Pradesh
148,4,36,7,21,1583,2018,Gorakhpur,Gorakhpur,9,Uttar Pradesh
149,11,7,84,5,1584,2018,Hamirpur,Hamirpur,9,Uttar Pradesh
661,12,75,31,80,1585,2018,Hapur,Hapur,9,Uttar Pradesh
150,9,38,16,22,1586,2018,Hardoi,Hardoi,9,Uttar Pradesh
163,7,24,10,31,1587,2018,Hathras,Hathras,9,Uttar Pradesh
151,8,38,11,34,1588,2018,Jalaun,Jalaun,9,Uttar Pradesh
152,9,37,28,33,1589,2018,Jaunpur,Jaunpur,9,Uttar Pradesh
153,15,7,28,80,1590,2018,Jhansi,Jhansi,9,Uttar Pradesh
155,7,29,18,28,1591,2018,Kannauj,Kannauj,9,Uttar Pradesh
156,7,30,7,22,1592,2018,Kanpur Dehat,Kanpur Dehat,9,Uttar Pradesh
157,73,143,58,130,1593,2018,Kanpur Nagar,Kanpur Nagar,9,Uttar Pradesh
633,6,19,2,18,1594,2018,Kasganj,Kasganj,9,Uttar Pradesh
158,40,0,92,0,1595,2018,Kaushambi,Kaushambi,9,Uttar Pradesh
159,35,54,29,42,1596,2018,Khiri,Kheri,9,Uttar Pradesh
160,7,1,9,2,1597,2018,Kushi Nagar,Kushi Nagar,9,Uttar Pradesh
161,10,14,56,10,1598,2018,Lalitpur,Lalitpur,9,Uttar Pradesh
162,273,769,310,540,1599,2018,Lucknow,Lucknow,9,Uttar Pradesh
164,6,13,11,14,1600,2018,Maharajganj,Maharajganj,9,Uttar Pradesh
165,21,0,0,0,1601,2018,Mahoba,Mahoba,9,Uttar Pradesh
166,3,19,75,2,1602,2018,Mainpuri,Mainpuri,9,Uttar Pradesh
167,11,6,8,8,1603,2018,Mathura,Mathura,9,Uttar Pradesh
168,5,25,3,39,1604,2018,Mau,Mau,9,Uttar Pradesh
169,7,114,4,90,1605,2018,Meerut,Meerut,9,Uttar Pradesh
170,17,44,20,27,1606,2018,Mirzapur,Mirzapur,9,Uttar Pradesh
171,5,0,80,0,1607,2018,Moradabad,Moradabad,9,Uttar Pradesh
172,14,50,14,40,1608,2018,Muzaffarnagar,Muzaffarnagar,9,Uttar Pradesh
173,4,59,7,41,1609,2018,Pilibhit,Pilibhit,9,Uttar Pradesh
174,11,0,5,0,1610,2018,Pratapgarh,Pratapgarh,9,Uttar Pradesh
175,9,20,20,25,1611,2018,Raibareilly,Rae Bareli,9,Uttar Pradesh
176,18,5,50,166,1612,2018,Rampur,Rampur,9,Uttar Pradesh
177,17,103,3,80,1613,2018,Saharanpur,Saharanpur,9,Uttar Pradesh
659,6,37,6,24,1614,2018,Sambhal,Sambhal,9,Uttar Pradesh
178,8,10,18,15,1615,2018,Sant Kabirnagar,Sant Kabeer Nagar,9,Uttar Pradesh
180,9,45,9,44,1616,2018,Shahjahanpur,Shahjahanpur,9,Uttar Pradesh
660,11,25,2,31,1617,2018,Shamli,Shamli,9,Uttar Pradesh
181,0,0,1,0,1618,2018,Shrawasti,Shravasti,9,Uttar Pradesh
182,9,32,8,28,1619,2018,Sidharthnagar,Siddharth Nagar,9,Uttar Pradesh
183,41,71,29,98,1620,2018,Sitapur,Sitapur,9,Uttar Pradesh
184,13,36,0,58,1621,2018,Sonbhadra,Sonbhadra,9,Uttar Pradesh
179,32,8,13,19,1622,2018,Bhadohi,Bhadohi,9,Uttar Pradesh
185,18,7,8,19,1623,2018,Sultanpur,Sultanpur,9,Uttar Pradesh
186,19,47,21,59,1624,2018,Unnao,Unnao,9,Uttar Pradesh
187,43,134,41,110,1625,2018,Varanasi,Varanasi,9,Uttar Pradesh
45,0,0,0,0,1626,2018,Almora,Almora,5,Uttarakhand
46,0,0,0,0,1627,2018,Bageshwar,Bageshwar,5,Uttarakhand
47,0,0,0,0,1628,2018,Chamoli,Chamoli,5,Uttarakhand
48,0,0,0,0,1629,2018,Champawat,Champawat,5,Uttarakhand
49,0,0,0,0,1630,2018,Dehradun,Dehradun,5,Uttarakhand
50,0,0,0,0,1631,2018,Haridwar,Haridwar,5,Uttarakhand
51,0,0,0,0,1632,2018,Nainital,Nainital,5,Uttarakhand
52,0,0,0,0,1633,2018,Pauri Garhwal,Pauri Garhwal,5,Uttarakhand
53,6,11,9,21,1634,2018,Pithoragarh,Pithoragarh,5,Uttarakhand
54,0,0,0,0,1635,2018,Rudra Prayag,Rudra Prayag,5,Uttarakhand
55,291,787,327,860,1636,2018,Tehri Garhwal,Tehri Garhwal,5,Uttarakhand
56,0,0,0,0,1637,2018,Udhamsingh Nagar,Udam Singh Nagar,5,Uttarakhand
57,0,0,0,0,1638,2018,Uttarkashi,Uttar Kashi,5,Uttarakhand
49,0,0,0,0,1639,2018,Grp,Dehradun,5,Uttarakhand
664,26,273,148,572,1640,2018,Alipurduar,Alipurduar,19,West Bengal
704,37,486,73,624,1641,2018,Asansol-Durgapur Pc,Paschim Bardhaman,19,West Bengal
305,30,343,91,583,1642,2018,Bankura,Bankura,19,West Bengal
303,139,1238,471,1366,1643,2018,Barrackpur Pc,24 Paraganas North,19,West Bengal
303,29,350,130,457,1644,2018,Bidhannagar Pc,24 Paraganas North,19,West Bengal
307,10,228,47,358,1645,2018,Birbhum,Birbhum,19,West Bengal
308,40,367,184,942,1646,2018,Coochbehar,Coochbehar,19,West Bengal
310,38,264,201,712,1647,2018,Dakshin Dinajpur,Dinajpur Dakshin,19,West Bengal
309,10,116,34,269,1648,2018,Darjeeling,Darjeeling,19,West Bengal
312,36,398,235,737,1649,2018,Hooghly Rural Police,Hooghly,19,West Bengal
313,8,66,4,24,1650,2018,Howrah Grp,Howrah,19,West Bengal
313,108,678,161,715,1651,2018,Howrah Pc,Howrah,19,West Bengal
313,44,481,286,820,1652,2018,Howrah Rural,Howrah,19,West Bengal
314,24,335,88,728,1653,2018,Jalpaiguri,Jalpaiguri,19,West Bengal
703,6,88,51,188,1654,2018,Jhargram,Jhargram,19,West Bengal
318,1,9,0,1,1655,2018,Kharagpur Grp,Medinipur West,19,West Bengal
315,323,2016,666,1918,1656,2018,Kolkata,Kolkata,19,West Bengal
316,87,449,227,856,1657,2018,Malda,Maldah,19,West Bengal
319,32,622,38,1758,1658,2018,Murshidabad,Murshidabad,19,West Bengal
320,82,876,392,2076,1659,2018,Nadia,Nadia,19,West Bengal
318,52,493,350,910,1660,2018,Paschim Medinipur,Medinipur West,19,West Bengal
317,36,280,258,716,1661,2018,Purab Medinipur,Medinipur East,19,West Bengal
321,6,149,22,251,1662,2018,Purulia,Purulia,19,West Bengal
315,3,14,6,22,1663,2018,Sealdah Grp,Kolkata,19,West Bengal
309,0,6,0,3,1664,2018,Siliguri Grp,Darjeeling,19,West Bengal
309,68,443,255,703,1665,2018,Siliguri Pc,Darjeeling,19,West Bengal
311,26,190,43,504,1666,2018,Uttar Dinajpur,Dinajpur Uttar,19,West Bengal
304,71,469,304,829,1667,2018,Baruipur Police,24 Paraganas South,19,West Bengal
312,26,364,86,464,1668,2018,Chandannagar Pc,Hooghly,19,West Bengal
304,87,542,352,979,1669,2018,Diamond Harbour Police,24 Paraganas South,19,West Bengal
702,10,43,19,103,1670,2018,Kalimpong,Kalimpong,19,West Bengal
306,40,394,281,726,1671,2018,Purba Bardhaman,Purba Bardhaman,19,West Bengal
304,22,188,64,526,1672,2018,Sundarban Police,24 Paraganas South,19,West Bengal
303,117,775,607,1629,1673,2018,Barasat,24 Paraganas North,19,West Bengal
303,32,299,325,731,1674,2018,Basirhat,24 Paraganas North,19,West Bengal
602,10,79,38,62,1675,2018,South Andaman,South Andamans,35,Andaman And Nicobar Islands
632,0,0,0,0,1676,2018,North And Middle Andaman,North And Middle Andaman,35,Andaman And Nicobar Islands
603,0,0,0,0,1677,2018,Nicobar,Nicobars,35,Andaman And Nicobar Islands
44,87,153,147,207,1678,2018,Chandigarh,Chandigarh,4,Chandigarh
465,0,14,0,46,1679,2018,Dadra And Nagar Haveli,Dadra And Nagar Haveli,38,The Dadra And Nagar Haveli And Daman And Diu
463,7,31,18,59,1680,2018,Daman,Daman,38,The Dadra And Nagar Haveli And Daman And Diu
464,0,9,0,3,1681,2018,Diu,Diu,38,The Dadra And Nagar Haveli And Daman And Diu
77,122,375,174,337,1682,2018,Central,Central,7,Delhi
82,0,0,0,0,1683,2018,Crime Branch,North West,7,Delhi
78,151,501,249,566,1684,2018,East,East,7,Delhi
79,0,0,0,0,1685,2018,Eow,New Delhi,7,Delhi
79,0,10,0,7,1686,2018,Igi Airport,New Delhi,7,Delhi
82,1,25,2,19,1687,2018,Metro,North West,7,Delhi
79,51,86,25,48,1688,2018,New Delhi,New Delhi,7,Delhi
80,126,424,147,331,1689,2018,North,North,7,Delhi
81,259,806,354,979,1690,2018,North-East,North East,7,Delhi
82,211,642,440,817,1691,2018,North-West,North West,7,Delhi
82,217,972,481,1205,1692,2018,Outer,North West,7,Delhi
79,16,83,13,64,1693,2018,Railway,New Delhi,7,Delhi
83,218,685,362,779,1694,2018,South,South,7,Delhi
670,203,575,342,761,1695,2018,South-East,South East,7,Delhi
84,152,449,247,516,1696,2018,South-West,South West,7,Delhi
82,0,0,0,0,1697,2018,Spl Cell,North West,7,Delhi
79,0,0,0,0,1698,2018,Spuwac,New Delhi,7,Delhi
79,0,0,0,0,1699,2018,Vigilance,New Delhi,7,Delhi
85,102,527,235,557,1700,2018,West,West,7,Delhi
82,311,791,492,982,1701,2018,Rohini,North West,7,Delhi
671,107,518,178,460,1702,2018,Shahdara,Shahdara,7,Delhi
84,183,691,370,733,1703,2018,Dwarka,South West,7,Delhi
553,0,4,0,0,1704,2018,Lakshadweep,Lakshadweep District,31,Lakshadweep
598,0,0,0,0,1705,2018,Karaikal,Karaikal,34,Puducherry
600,15,80,34,120,1706,2018,Puducherry,Pondicherry,34,Puducherry
502,60,197,280,486,1707,2019,Anantapur,Anantapur,28,Andhra Pradesh
503,44,55,151,168,1708,2019,Chittoor,Chittoor,28,Andhra Pradesh
504,52,111,176,299,1709,2019,Cuddapah,Y.S.R.,28,Andhra Pradesh
505,27,188,102,257,1710,2019,East Godavari,East Godavari,28,Andhra Pradesh
502,1,5,0,4,1711,2019,Guntakal Railway,Anantapur,28,Andhra Pradesh
506,85,194,113,327,1712,2019,Guntur,Guntur,28,Andhra Pradesh
506,43,159,46,247,1713,2019,Guntur Urban,Guntur,28,Andhra Pradesh
510,13,169,27,255,1714,2019,Krishna,Krishna,28,Andhra Pradesh
511,43,162,174,330,1715,2019,Kurnool,Kurnool,28,Andhra Pradesh
515,36,105,111,234,1716,2019,Nellore,Spsr Nellore,28,Andhra Pradesh
517,56,120,96,248,1717,2019,Prakasham,Prakasam,28,Andhra Pradesh
505,33,163,51,182,1718,2019,Rajahmundry,East Godavari,28,Andhra Pradesh
519,33,77,52,179,1719,2019,Srikakulam,Srikakulam,28,Andhra Pradesh
752,14,118,68,192,1720,2019,Tirupathi Urban,Tirupati,28,Andhra Pradesh
749,108,302,172,349,1721,2019,Vijayawada City,Ntr,28,Andhra Pradesh
749,5,21,2,10,1722,2019,Vijayawada Railway,Ntr,28,Andhra Pradesh
520,28,109,31,156,1723,2019,Visakha Rural,Visakhapatanam,28,Andhra Pradesh
520,20,290,26,426,1724,2019,Visakhapatnam,Visakhapatanam,28,Andhra Pradesh
521,24,85,82,168,1725,2019,Vizianagaram,Vizianagaram,28,Andhra Pradesh
523,84,272,168,451,1726,2019,West Godavari,West Godavari,28,Andhra Pradesh
628,0,0,0,0,1727,2019,Anjaw,Anjaw,12,Arunachal Pradesh
229,3,3,7,2,1728,2019,Changlang,Changlang,12,Arunachal Pradesh
237,0,0,0,0,1729,2019,Crime Branch,Papum Pare,12,Arunachal Pradesh
230,0,0,0,0,1730,2019,Dibang Valley,Dibang Valley,12,Arunachal Pradesh
231,0,0,0,0,1731,2019,Kameng East,East Kameng,12,Arunachal Pradesh
242,0,0,2,0,1732,2019,Kameng West,West Kameng,12,Arunachal Pradesh
233,0,0,0,0,1733,2019,Kurung Kumey,Kurung Kumey,12,Arunachal Pradesh
234,0,0,0,0,1734,2019,Lohit,Lohit,12,Arunachal Pradesh
666,0,0,0,0,1735,2019,Longding,Longding,12,Arunachal Pradesh
235,0,0,0,0,1736,2019,Lower Dibang Valley,Lower Dibang Valley,12,Arunachal Pradesh
237,7,1,0,0,1737,2019,Papum Pare Rural,Papum Pare,12,Arunachal Pradesh
232,0,0,0,0,1738,2019,Siang East,East Siang,12,Arunachal Pradesh
240,0,0,0,0,1739,2019,Siang Upper,Upper Siang,12,Arunachal Pradesh
243,0,0,0,0,1740,2019,Siang West,West Siang,12,Arunachal Pradesh
236,0,0,0,0,1741,2019,Subansiri Lower,Lower Subansiri,12,Arunachal Pradesh
241,0,0,0,0,1742,2019,Subansiri Upper,Upper Subansiri,12,Arunachal Pradesh
238,0,0,0,0,1743,2019,Tawang,Tawang,12,Arunachal Pradesh
239,0,0,0,0,1744,2019,Tirap,Tirap,12,Arunachal Pradesh
678,0,0,0,0,1745,2019,Namsai,Namsai,12,Arunachal Pradesh
679,0,0,0,0,1746,2019,Siang,Siang,12,Arunachal Pradesh
718,0,0,0,0,1747,2019,Kamle,Kamle,12,Arunachal Pradesh
677,0,0,0,0,1748,2019,Kra Dadi,Kra Daadi,12,Arunachal Pradesh
719,0,0,0,0,1749,2019,Lower Siang,Lower Siang,12,Arunachal Pradesh
724,0,0,0,0,1750,2019,Leparada,Leparada,12,Arunachal Pradesh
725,0,0,0,0,1751,2019,Shiyomi,Shi Yomi,12,Arunachal Pradesh
723,0,0,0,0,1752,2019,Pakkessang,Pakke Kessang,12,Arunachal Pradesh
618,0,0,0,0,1753,2019,Bieo,Kamrup Metro,18,Assam
280,4,8,3,13,1754,2019,Barpeta,Barpeta,18,Assam
616,17,34,33,157,1755,2019,Baksa,Baksa,18,Assam
281,24,32,70,150,1756,2019,Bongaigaon,Bongaigaon,18,Assam
618,0,0,0,0,1757,2019,Cid,Kamrup Metro,18,Assam
282,203,304,42,161,1758,2019,Cachar,Cachar,18,Assam
612,3,19,9,64,1759,2019,Chirang,Chirang,18,Assam
283,2,22,6,54,1760,2019,Darrang,Darrang,18,Assam
284,32,157,10,100,1761,2019,Dhemaji,Dhemaji,18,Assam
285,17,58,102,148,1762,2019,Dhubri,Dhubri,18,Assam
286,2,0,10,0,1763,2019,Dibrugarh,Dibrugarh,18,Assam
618,0,0,0,0,1764,2019,Grp,Kamrup Metro,18,Assam
287,0,0,0,0,1765,2019,Goalpara,Goalpara,18,Assam
288,0,25,0,52,1766,2019,Golaghat,Golaghat,18,Assam
618,85,454,98,644,1767,2019,Guwahati City,Kamrup Metro,18,Assam
289,11,23,43,124,1768,2019,Hailakandi,Hailakandi,18,Assam
710,0,0,0,0,1769,2019,Hamren,West Karbi Anglong,18,Assam
290,29,0,10,0,1770,2019,Jorhat,Jorhat,18,Assam
291,13,95,24,219,1771,2019,Kamrup,Kamrup,18,Assam
292,0,0,0,0,1772,2019,Karbi Anglong,Karbi Anglong,18,Assam
293,0,0,0,0,1773,2019,Karimganj,Karimganj,18,Assam
294,0,0,0,0,1774,2019,Kokrajhar,Kokrajhar,18,Assam
295,19,57,74,26,1775,2019,Lakhimpur,Lakhimpur,18,Assam
296,0,0,0,100,1776,2019,Morigaon,Marigaon,18,Assam
299,2,9,4,25,1777,2019,Dima Hasao,Dima Hasao,18,Assam
297,0,0,0,0,1778,2019,Nagaon,Nagaon,18,Assam
298,0,0,0,0,1779,2019,Nalbari,Nalbari,18,Assam
618,0,0,0,0,1780,2019,Rpo,Kamrup Metro,18,Assam
618,0,0,0,0,1781,2019,Sou,Kamrup Metro,18,Assam
618,0,0,0,0,1782,2019,Stf,Kamrup Metro,18,Assam
300,9,4,13,6,1783,2019,Sibsagar,Sivasagar,18,Assam
301,22,8,172,116,1784,2019,Sonitpur,Sonitpur,18,Assam
302,12,28,5,83,1785,2019,Tinsukia,Tinsukia,18,Assam
617,0,0,0,0,1786,2019,Udalguri,Udalguri,18,Assam
302,0,8,2,25,1787,2019,Sadia,Tinsukia,18,Assam
706,0,5,0,7,1788,2019,Majuli,Majuli,18,Assam
705,0,0,0,0,1789,2019,Biswanath,Biswanath,18,Assam
709,36,58,101,131,1790,2019,Hojai,Hojai,18,Assam
707,6,9,13,36,1791,2019,South Salmara,South Salmara Mancachar,18,Assam
708,5,11,13,32,1792,2019,Charaideo,Charaideo,18,Assam
188,16,21,116,62,1793,2019,Araria,Araria,10,Bihar
611,5,1,25,14,1794,2019,Arwal,Arwal,10,Bihar
189,23,14,28,24,1795,2019,Aurangabad,Aurangabad,10,Bihar
211,7,3,66,19,1796,2019,Bagaha,Pashchim Champaran,10,Bihar
190,22,10,119,62,1797,2019,Banka,Banka,10,Bihar
191,12,5,129,7,1798,2019,Begusarai,Begusarai,10,Bihar
211,149,36,13,3,1799,2019,Bettiah,Pashchim Champaran,10,Bihar
200,21,14,95,34,1800,2019,Bhabhua,Kaimur (Bhabua),10,Bihar
192,36,29,224,99,1801,2019,Bhagalpur,Bhagalpur,10,Bihar
193,26,15,124,45,1802,2019,Bhojpur,Bhojpur,10,Bihar
194,25,11,85,54,1803,2019,Buxar,Buxar,10,Bihar
195,26,6,164,46,1804,2019,Darbhanga,Darbhanga,10,Bihar
196,75,42,249,99,1805,2019,Gaya,Gaya,10,Bihar
197,13,15,120,33,1806,2019,Gopalganj,Gopalganj,10,Bihar
207,4,0,0,0,1807,2019,Jamalpur Railway,Munger,10,Bihar
198,19,14,85,25,1808,2019,Jamui,Jamui,10,Bihar
199,17,15,75,19,1809,2019,Jehanabad,Jehanabad,10,Bihar
201,15,16,167,67,1810,2019,Katihar,Katihar,10,Bihar
201,2,2,0,1,1811,2019,Katihar Railway,Katihar,10,Bihar
202,24,10,102,55,1812,2019,Khagaria,Khagaria,10,Bihar
203,3,8,41,30,1813,2019,Kishanganj,Kishanganj,10,Bihar
204,16,8,65,7,1814,2019,Lakhisarai,Lakhisarai,10,Bihar
205,28,15,113,64,1815,2019,Madhepura,Madhepura,10,Bihar
206,3,2,19,3,1816,2019,Madhubani,Madhubani,10,Bihar
213,43,20,316,105,1817,2019,Motihari,Purbi Champaran,10,Bihar
207,28,23,132,54,1818,2019,Munger,Munger,10,Bihar
208,84,65,378,241,1819,2019,Muzaffarpur,Muzaffarpur,10,Bihar
208,0,0,2,0,1820,2019,Muzaffarpur Railway,Muzaffarpur,10,Bihar
209,77,42,244,102,1821,2019,Nalanda,Nalanda,10,Bihar
192,9,8,74,13,1822,2019,Naugachia,Bhagalpur,10,Bihar
210,42,24,137,62,1823,2019,Nawadah,Nawada,10,Bihar
212,179,150,689,372,1824,2019,Patna,Patna,10,Bihar
212,1,6,2,14,1825,2019,Patna Railway,Patna,10,Bihar
214,38,21,161,66,1826,2019,Purnea,Purnia,10,Bihar
215,36,34,169,77,1827,2019,Rohtas,Rohtas,10,Bihar
216,10,19,61,51,1828,2019,Saharsa,Saharsa,10,Bihar
217,26,22,200,90,1829,2019,Samastipur,Samastipur,10,Bihar
218,55,57,290,148,1830,2019,Saran,Saran,10,Bihar
219,3,8,25,15,1831,2019,Sheikhpura,Sheikhpura,10,Bihar
220,4,4,36,7,1832,2019,Sheohar,Sheohar,10,Bihar
221,47,19,245,83,1833,2019,Sitamarhi,Sitamarhi,10,Bihar
222,34,7,174,40,1834,2019,Siwan,Siwan,10,Bihar
223,9,7,110,42,1835,2019,Supaul,Supaul,10,Bihar
224,52,27,266,64,1836,2019,Vaishali,Vaishali,10,Bihar
212,0,0,0,0,1837,2019,Economic Offences Unit,Patna,10,Bihar
212,0,0,0,0,1838,2019,Anti Terrorist Squad,Patna,10,Bihar
646,11,84,77,305,1839,2019,Balod,Balod,22,Chhattisgarh
644,21,126,159,529,1840,2019,Balodbazar,Baloda Bazar,22,Chhattisgarh
649,8,35,46,104,1841,2019,Balrampur,Balrampur,22,Chhattisgarh
650,10,62,77,216,1842,2019,Bemetra,Bemetara,22,Chhattisgarh
375,46,271,336,739,1843,2019,Bilaspur,Bilaspur,22,Chhattisgarh
636,4,11,10,30,1844,2019,Bizapur,Bijapur,22,Chhattisgarh
376,8,21,8,38,1845,2019,Dantewara,Dantewada,22,Chhattisgarh
377,13,102,52,288,1846,2019,Dhamtari,Dhamtari,22,Chhattisgarh
378,62,399,212,808,1847,2019,Durg,Durg,22,Chhattisgarh
645,0,39,49,156,1848,2019,Gariyaband,Gariyaband,22,Chhattisgarh
387,0,16,1,17,1849,2019,Grp Raipur,Raipur,22,Chhattisgarh
374,5,60,71,146,1850,2019,Jagdalpur,Bastar,22,Chhattisgarh
379,28,169,148,519,1851,2019,Janjgir,Janjgir-Champa,22,Chhattisgarh
380,15,54,51,142,1852,2019,Jashpur,Jashpur,22,Chhattisgarh
382,17,80,72,216,1853,2019,Kabirdham,Kabirdham,22,Chhattisgarh
381,12,52,48,85,1854,2019,Kanker,Kanker,22,Chhattisgarh
643,1,29,15,85,1855,2019,Kondagaon,Kondagaon,22,Chhattisgarh
383,32,140,112,350,1856,2019,Korba,Korba,22,Chhattisgarh
384,9,86,63,246,1857,2019,Koriya,Korea,22,Chhattisgarh
385,17,92,57,317,1858,2019,Mahasamund,Mahasamund,22,Chhattisgarh
647,14,65,87,187,1859,2019,Mungali,Mungeli,22,Chhattisgarh
637,2,5,13,20,1860,2019,Narayanpur,Narayanpur,22,Chhattisgarh
386,39,203,176,560,1861,2019,Raigarh,Raigarh,22,Chhattisgarh
387,110,684,385,1407,1862,2019,Raipur,Raipur,22,Chhattisgarh
388,21,227,126,597,1863,2019,Rajnandgaon,Rajnandgaon,22,Chhattisgarh
389,17,83,85,233,1864,2019,Sarguja,Surguja,22,Chhattisgarh
642,6,7,10,21,1865,2019,Sukma,Sukma,22,Chhattisgarh
648,9,53,60,141,1866,2019,Surajpur,Surajpur,22,Chhattisgarh
551,3,148,7,124,1867,2019,North Goa,North Goa,30,Goa
552,4,157,17,147,1868,2019,South Goa,South Goa,30,Goa
551,0,6,0,2,1869,2019,Cid,North Goa,30,Goa
438,84,981,325,1824,1870,2019,Ahmedabad City,Ahmadabad,24,Gujarat
438,4,75,6,92,1871,2019,Ahmedabad Rural,Ahmadabad,24,Gujarat
439,0,23,0,146,1872,2019,Amreli,Amreli,24,Gujarat
440,0,146,0,345,1873,2019,Anand,Anand,24,Gujarat
672,0,35,0,85,1874,2019,Arvalli,Arvalli,24,Gujarat
441,1,102,2,212,1875,2019,Banaskantha,Banas Kantha,24,Gujarat
442,18,104,16,214,1876,2019,Bharuch,Bharuch,24,Gujarat
443,1,63,21,166,1877,2019,Bhavnagar,Bhavnagar,24,Gujarat
676,5,10,15,22,1878,2019,Botad,Botad,24,Gujarat
668,2,13,1,15,1879,2019,Chhotaudepur,Chhotaudepur,24,Gujarat
446,0,0,0,0,1880,2019,Cid Crime,Gandhinagar,24,Gujarat
445,4,14,101,45,1881,2019,Dahod,Dohad,24,Gujarat
444,0,0,0,0,1882,2019,Dang,Dang,24,Gujarat
674,1,25,18,62,1883,2019,Devbhumi Dwarka,Devbhumi Dwarka,24,Gujarat
446,16,140,10,289,1884,2019,Gandhinagar,Gandhinagar,24,Gujarat
675,2,16,38,38,1885,2019,Gir Somnath,Gir Somnath,24,Gujarat
447,8,76,8,162,1886,2019,Jamnagar,Jamnagar,24,Gujarat
448,4,32,69,24,1887,2019,Junagadh,Junagadh,24,Gujarat
449,0,166,1,82,1888,2019,Kachchh East(G),Kachchh,24,Gujarat
449,6,66,20,157,1889,2019,Kachchh West(B),Kachchh,24,Gujarat
450,5,58,5,120,1890,2019,Kheda,Kheda,24,Gujarat
669,2,18,3,33,1891,2019,Mahisagar,Mahisagar,24,Gujarat
451,0,147,6,447,1892,2019,Mehsana,Mahesana,24,Gujarat
673,0,22,0,90,1893,2019,Morbi,Morbi,24,Gujarat
452,0,11,0,11,1894,2019,Narmada,Narmada,24,Gujarat
453,3,79,4,124,1895,2019,Navsari,Navsari,24,Gujarat
454,4,65,5,84,1896,2019,Panchmahal,Panch Mahals,24,Gujarat
455,2,53,2,177,1897,2019,Patan,Patan,24,Gujarat
456,3,20,3,42,1898,2019,Porbandar,Porbandar,24,Gujarat
457,0,262,0,414,1899,2019,Rajkot City,Rajkot,24,Gujarat
457,22,69,8,248,1900,2019,Rajkot Rural,Rajkot,24,Gujarat
458,3,63,23,145,1901,2019,Sabarkantha,Sabar Kantha,24,Gujarat
459,152,1073,204,1593,1902,2019,Surat City,Surat,24,Gujarat
459,9,86,9,91,1903,2019,Surat Rural,Surat,24,Gujarat
460,0,27,0,45,1904,2019,Surendranagar,Surendranagar,24,Gujarat
641,3,22,4,27,1905,2019,Tapi,Tapi,24,Gujarat
461,23,298,106,375,1906,2019,Vadodara City,Vadodara,24,Gujarat
461,0,43,0,47,1907,2019,Vadodara Rural,Vadodara,24,Gujarat
462,8,83,9,113,1908,2019,Valsad,Valsad,24,Gujarat
438,0,5,0,6,1909,2019,W.Rly Ahmedabad,Ahmadabad,24,Gujarat
461,0,17,2,12,1910,2019,W.Rly Vadodara,Vadodara,24,Gujarat
58,22,220,19,181,1911,2019,Ambala,Ambala,6,Haryana
59,49,103,55,261,1912,2019,Bhiwani,Bhiwani,6,Haryana
60,96,424,88,683,1913,2019,Faridabad,Faridabad,6,Haryana
61,38,103,56,306,1914,2019,Fatehabad,Fatehabad,6,Haryana
58,6,33,4,20,1915,2019,Grp,Ambala,6,Haryana
62,48,182,157,242,1916,2019,Gurugram,Gurugram,6,Haryana
63,17,118,46,285,1917,2019,Hissar,Hisar,6,Haryana
64,232,188,288,248,1918,2019,Jhajjar,Jhajjar,6,Haryana
65,25,117,68,327,1919,2019,Jind,Jind,6,Haryana
66,34,96,25,121,1920,2019,Kaithal,Kaithal,6,Haryana
67,27,79,16,80,1921,2019,Karnal,Karnal,6,Haryana
68,7,205,26,283,1922,2019,Kurukshetra,Kurukshetra,6,Haryana
69,22,68,62,131,1923,2019,Mahendergarh,Mahendragarh,6,Haryana
604,14,36,17,54,1924,2019,Nuh,Nuh,6,Haryana
619,50,81,70,158,1925,2019,Palwal,Palwal,6,Haryana
70,58,118,104,262,1926,2019,Panchkula,Panchkula,6,Haryana
71,115,336,259,516,1927,2019,Panipat,Panipat,6,Haryana
72,42,140,74,286,1928,2019,Rewari,Rewari,6,Haryana
73,54,264,56,372,1929,2019,Rohtak,Rohtak,6,Haryana
74,19,107,69,305,1930,2019,Sirsa,Sirsa,6,Haryana
75,61,181,65,359,1931,2019,Sonipat,Sonipat,6,Haryana
76,46,182,69,264,1932,2019,Yamunanagar,Yamunanagar,6,Haryana
62,0,0,0,0,1933,2019,Irrigation And Power,Gurugram,6,Haryana
701,4,41,5,91,1934,2019,Charkhi Dadri,Charki Dadri,6,Haryana
63,13,35,18,108,1935,2019,Hansi,Hisar,6,Haryana
25,2,64,18,134,1936,2019,Baddi,Solan,2,Himachal Pradesh
15,5,31,22,111,1937,2019,Bilaspur,Bilaspur,2,Himachal Pradesh
16,3,35,15,62,1938,2019,Chamba,Chamba,2,Himachal Pradesh
23,0,0,0,0,1939,2019,Cid,Shimla,2,Himachal Pradesh
23,0,0,0,0,1940,2019,Grp,Shimla,2,Himachal Pradesh
17,8,26,7,73,1941,2019,Hamirpur,Hamirpur,2,Himachal Pradesh
18,8,84,16,198,1942,2019,Kangra,Kangra,2,Himachal Pradesh
19,7,17,3,14,1943,2019,Kinnaur,Kinnaur,2,Himachal Pradesh
20,13,110,12,95,1944,2019,Kullu,Kullu,2,Himachal Pradesh
21,0,3,1,4,1945,2019,Lahaul And Spiti,Lahul And Spiti,2,Himachal Pradesh
22,16,79,59,194,1946,2019,Mandi,Mandi,2,Himachal Pradesh
23,36,1,54,8,1947,2019,Shimla,Shimla,2,Himachal Pradesh
24,9,35,11,88,1948,2019,Sirmaur,Sirmaur,2,Himachal Pradesh
25,11,39,33,68,1949,2019,Solan,Solan,2,Himachal Pradesh
26,7,30,17,39,1950,2019,Una,Una,2,Himachal Pradesh
23,0,0,0,0,1951,2019,Cyber,Shimla,2,Himachal Pradesh
1,0,27,26,29,1952,2019,Anantnag,Anantnag,1,Jammu And Kashmir
11,0,18,0,14,1953,2019,Awantipora,Pulwama,1,Jammu And Kashmir
623,8,25,3,24,1954,2019,Bandipora,Bandipora,1,Jammu And Kashmir
3,0,0,0,0,1955,2019,Baramulla,Baramulla,1,Jammu And Kashmir
2,0,19,0,19,1956,2019,Budgam,Budgam,1,Jammu And Kashmir
5,0,0,0,0,1957,2019,Crime Jammu,Jammu,1,Jammu And Kashmir
5,0,0,0,0,1958,2019,Crime Srinagar,Jammu,1,Jammu And Kashmir
4,0,16,15,48,1959,2019,Doda,Doda,1,Jammu And Kashmir
626,2,15,0,33,1960,2019,Ganderbal,Ganderbal,1,Jammu And Kashmir
8,6,7,8,9,1961,2019,Handwara,Kupwara,1,Jammu And Kashmir
5,20,49,0,390,1962,2019,Jammu,Jammu,1,Jammu And Kashmir
6,0,5,1,5,1963,2019,Kargil,Kargil,1,Jammu And Kashmir
7,10,28,23,116,1964,2019,Kathua,Kathua,1,Jammu And Kashmir
620,0,11,0,28,1965,2019,Kishtwar,Kishtwar,1,Jammu And Kashmir
622,1,26,0,10,1966,2019,Kulgam,Kulgam,1,Jammu And Kashmir
8,5,26,1,43,1967,2019,Kupwara,Kupwara,1,Jammu And Kashmir
9,0,10,0,10,1968,2019,Leh,Leh Ladakh,1,Jammu And Kashmir
10,1,12,1,57,1969,2019,Poonch,Poonch,1,Jammu And Kashmir
11,0,41,0,17,1970,2019,Pulwama,Pulwama,1,Jammu And Kashmir
5,0,2,0,1,1971,2019,Railways Jammu,Jammu,1,Jammu And Kashmir
5,0,0,0,0,1972,2019,Railways Kashmir,Jammu,1,Jammu And Kashmir
627,0,0,0,0,1973,2019,Railways Katra,Reasi,1,Jammu And Kashmir
12,3,18,0,98,1974,2019,Rajouri,Rajouri,1,Jammu And Kashmir
621,3,7,0,38,1975,2019,Ramban,Ramban,1,Jammu And Kashmir
627,1,30,20,54,1976,2019,Reasi,Reasi,1,Jammu And Kashmir
624,3,16,8,36,1977,2019,Samba,Samba,1,Jammu And Kashmir
625,5,30,3,10,1978,2019,Shopian,Shopian,1,Jammu And Kashmir
3,6,21,1,20,1979,2019,Sopore,Baramulla,1,Jammu And Kashmir
13,20,147,43,105,1980,2019,Srinagar,Srinagar,1,Jammu And Kashmir
14,9,48,21,89,1981,2019,Udhampur,Udhampur,1,Jammu And Kashmir
322,9,0,5,0,1982,2019,Bokaro,Bokaro,20,Jharkhand
343,1,1,14,2,1983,2019,Chaibasa,West Singhbhum,20,Jharkhand
323,2,0,0,0,1984,2019,Chatra,Chatra,20,Jharkhand
324,27,15,32,33,1985,2019,Deoghar,Deoghar,20,Jharkhand
325,15,31,10,6,1986,2019,Dhanbad,Dhanbad,20,Jharkhand
325,1,2,0,4,1987,2019,Dhanbad Railway,Dhanbad,20,Jharkhand
326,6,32,0,0,1988,2019,Dumka,Dumka,20,Jharkhand
328,7,3,5,0,1989,2019,Garhwa,Garhwa,20,Jharkhand
329,16,0,22,0,1990,2019,Giridih,Giridih,20,Jharkhand
330,10,0,1,0,1991,2019,Godda,Godda,20,Jharkhand
331,2,0,13,0,1992,2019,Gumla,Gumla,20,Jharkhand
332,8,21,4,31,1993,2019,Hazaribagh,Hazaribagh,20,Jharkhand
327,9,15,4,24,1994,2019,Jamshedpur,East Singhbum,20,Jharkhand
327,4,13,6,7,1995,2019,Jamshedpur Railway,East Singhbum,20,Jharkhand
333,4,19,3,13,1996,2019,Jamtara,Jamtara,20,Jharkhand
606,8,0,12,0,1997,2019,Khunti,Khunti,20,Jharkhand
334,0,0,0,0,1998,2019,Koderma,Koderma,20,Jharkhand
335,4,4,3,6,1999,2019,Latehar,Latehar,20,Jharkhand
336,0,0,0,0,2000,2019,Lohardagga,Lohardaga,20,Jharkhand
337,8,10,2,5,2001,2019,Pakur,Pakur,20,Jharkhand
338,20,28,20,53,2002,2019,Palamu,Palamu,20,Jharkhand
607,0,9,4,8,2003,2019,Ramgarh,Ramgarh,20,Jharkhand
339,18,53,10,75,2004,2019,Ranchi,Ranchi,20,Jharkhand
340,7,0,0,0,2005,2019,Sahebganj,Sahebganj,20,Jharkhand
341,0,0,0,0,2006,2019,Saraikela,Saraikela Kharsawan,20,Jharkhand
342,0,0,0,0,2007,2019,Simdega,Simdega,20,Jharkhand
524,3,53,4,116,2008,2019,Bagalkot,Bagalkote,29,Karnataka
525,52,2020,52,2952,2009,2019,Bengaluru City,Bengaluru Urban,29,Karnataka
525,27,256,35,631,2010,2019,Bengaluru District,Bengaluru Urban,29,Karnataka
527,2,127,16,240,2011,2019,Belagavi District,Belagavi,29,Karnataka
528,27,119,31,191,2012,2019,Ballari,Ballari,29,Karnataka
529,1,42,1,88,2013,2019,Bidar,Bidar,29,Karnataka
530,14,72,29,153,2014,2019,Vijayapura,Vijayapura,29,Karnataka
630,9,65,13,290,2015,2019,Chikkaballapura,Chikkaballapura,29,Karnataka
531,8,66,3,148,2016,2019,Chamarajnagar,Chamarajanagara,29,Karnataka
532,5,102,6,181,2017,2019,Chikkamagaluru,Chikkamagaluru,29,Karnataka
533,0,92,0,258,2018,2019,Chitradurga,Chitradurga,29,Karnataka
534,3,86,8,79,2019,2019,Dakshina Kannada,Dakshina Kannada,29,Karnataka
535,2,138,14,255,2020,2019,Davanagere,Davangere,29,Karnataka
536,2,25,1,55,2021,2019,Dharwad,Dharwad,29,Karnataka
537,0,38,0,84,2022,2019,Gadag,Gadag,29,Karnataka
538,2,44,4,115,2023,2019,Kalaburgi,Kalaburagi,29,Karnataka
539,16,150,22,322,2024,2019,Hassan,Hassan,29,Karnataka
540,6,59,11,152,2025,2019,Haveri,Haveri,29,Karnataka
536,4,84,16,100,2026,2019,Hubballi Dharwad City,Dharwad,29,Karnataka
527,9,30,7,90,2027,2019,K.G.F.,Belagavi,29,Karnataka
541,0,51,0,103,2028,2019,Kodagu,Kodagu,29,Karnataka
542,0,67,0,163,2029,2019,Kolar,Kolar,29,Karnataka
543,1,47,12,98,2030,2019,Koppal,Koppal,29,Karnataka
544,0,215,0,455,2031,2019,Mandya,Mandya,29,Karnataka
534,5,126,3,104,2032,2019,Mangaluru City,Dakshina Kannada,29,Karnataka
545,14,168,24,240,2033,2019,Mysuru City,Mysuru,29,Karnataka
545,17,170,34,362,2034,2019,Mysuru District,Mysuru,29,Karnataka
546,11,51,9,131,2035,2019,Raichur,Raichur,29,Karnataka
525,0,16,1,15,2036,2019,K.Railways,Bengaluru Urban,29,Karnataka
631,24,170,29,321,2037,2019,Ramanagara,Ramanagara,29,Karnataka
547,0,212,0,425,2038,2019,Shimoga,Shivamogga,29,Karnataka
548,39,119,85,369,2039,2019,Tumakuru,Tumakuru,29,Karnataka
549,9,74,6,59,2040,2019,Udupi,Udupi,29,Karnataka
550,11,95,12,164,2041,2019,Uttara Kannada,Uttara Kannada,29,Karnataka
635,7,27,1,31,2042,2019,Yadgiri,Yadgir,29,Karnataka
527,2,89,2,60,2043,2019,Belagavi City,Belagavi,29,Karnataka
538,4,24,3,21,2044,2019,Kalaburgi City,Kalaburagi,29,Karnataka
554,49,231,57,650,2045,2019,Alapuzha,Alappuzha,32,Kerala
555,29,175,33,331,2046,2019,Ernakulam Commr.,Ernakulam,32,Kerala
555,51,208,84,486,2047,2019,Ernakulam Rural,Ernakulam,32,Kerala
556,41,123,56,246,2048,2019,Idukki,Idukki,32,Kerala
557,53,187,25,320,2049,2019,Kannur,Kannur,32,Kerala
558,47,89,24,170,2050,2019,Kasargod,Kasaragod,32,Kerala
559,78,172,66,567,2051,2019,Kollam Commr.,Kollam,32,Kerala
559,58,174,58,596,2052,2019,Kollam Rural,Kollam,32,Kerala
560,29,195,56,491,2053,2019,Kottayam,Kottayam,32,Kerala
561,50,124,33,182,2054,2019,Kozhikode Commr.,Kozhikode,32,Kerala
561,41,175,42,364,2055,2019,Kozhikode Rural,Kozhikode,32,Kerala
562,122,190,67,356,2056,2019,Malappuram,Malappuram,32,Kerala
563,86,205,78,537,2057,2019,Palakkad,Palakkad,32,Kerala
564,47,112,48,298,2058,2019,Pathanamthitta,Pathanamthitta,32,Kerala
565,1,17,0,4,2059,2019,Railways,Thiruvananthapuram,32,Kerala
566,69,223,64,410,2060,2019,Thrissur Commr.,Thrissur,32,Kerala
566,56,167,39,365,2061,2019,Thrissur Rural,Thrissur,32,Kerala
565,75,190,60,439,2062,2019,Trivandrum Commr.,Thiruvananthapuram,32,Kerala
565,116,251,128,831,2063,2019,Trivandrum Rural,Thiruvananthapuram,32,Kerala
567,31,50,35,146,2064,2019,Wayanadu,Wayanad,32,Kerala
565,0,0,0,1,2065,2019,Crime Branch,Thiruvananthapuram,32,Kerala
667,7,41,19,205,2066,2019,Agar,Agar Malwa,23,Madhya Pradesh
639,2,45,100,326,2067,2019,Alirajpur,Alirajpur,23,Madhya Pradesh
390,30,102,117,292,2068,2019,Anuppur,Anuppur,23,Madhya Pradesh
391,29,94,84,213,2069,2019,Ashok Nagar,Ashoknagar,23,Madhya Pradesh
392,28,275,196,728,2070,2019,Balaghat,Balaghat,23,Madhya Pradesh
393,23,98,86,322,2071,2019,Barwani,Barwani,23,Madhya Pradesh
394,37,241,234,676,2072,2019,Betul,Betul,23,Madhya Pradesh
395,42,102,92,154,2073,2019,Bhind,Bhind,23,Madhya Pradesh
396,135,382,277,651,2074,2019,Bhopal,Bhopal,23,Madhya Pradesh
396,7,50,16,55,2075,2019,Bhopal Railway,Bhopal,23,Madhya Pradesh
397,13,89,56,185,2076,2019,Burhanpur,Burhanpur,23,Madhya Pradesh
398,54,175,197,450,2077,2019,Chhatarpur,Chhatarpur,23,Madhya Pradesh
399,30,393,249,946,2078,2019,Chhindwara,Chhindwara,23,Madhya Pradesh
400,31,262,206,724,2079,2019,Damoh,Damoh,23,Madhya Pradesh
401,23,102,41,180,2080,2019,Datia,Datia,23,Madhya Pradesh
402,45,228,184,594,2081,2019,Dewas,Dewas,23,Madhya Pradesh
403,38,278,354,1010,2082,2019,Dhar,Dhar,23,Madhya Pradesh
404,17,36,98,193,2083,2019,Dindori,Dindori,23,Madhya Pradesh
406,39,171,132,379,2084,2019,Guna,Guna,23,Madhya Pradesh
407,149,589,256,836,2085,2019,Gwalior,Gwalior,23,Madhya Pradesh
408,22,70,78,301,2086,2019,Harda,Harda,23,Madhya Pradesh
409,45,408,169,583,2087,2019,Hoshangabad,Narmadapuram,23,Madhya Pradesh
410,226,1382,630,2067,2088,2019,Indore,Indore,23,Madhya Pradesh
410,1,17,2,29,2089,2019,Indore Railway,Indore,23,Madhya Pradesh
411,157,832,433,1391,2090,2019,Jabalpur,Jabalpur,23,Madhya Pradesh
411,2,27,9,21,2091,2019,Jabalpur Railway,Jabalpur,23,Madhya Pradesh
412,10,76,73,373,2092,2019,Jhabua,Jhabua,23,Madhya Pradesh
413,26,174,87,492,2093,2019,Katni,Katni,23,Madhya Pradesh
410,16,142,141,404,2094,2019,Khandwa,Indore,23,Madhya Pradesh
414,39,181,65,928,2095,2019,Khargone,Khargone,23,Madhya Pradesh
415,18,126,82,371,2096,2019,Mandla,Mandla,23,Madhya Pradesh
416,24,184,101,539,2097,2019,Mandsaur,Mandsaur,23,Madhya Pradesh
417,81,175,74,323,2098,2019,Morena,Morena,23,Madhya Pradesh
418,25,235,125,459,2099,2019,Narsinghpur,Narsinghpur,23,Madhya Pradesh
419,12,112,30,371,2100,2019,Neemuch,Neemuch,23,Madhya Pradesh
420,22,100,133,264,2101,2019,Panna,Panna,23,Madhya Pradesh
421,34,219,170,572,2102,2019,Raisen,Raisen,23,Madhya Pradesh
422,24,138,138,437,2103,2019,Rajgarh,Rajgarh,23,Madhya Pradesh
423,38,257,621,411,2104,2019,Ratlam,Ratlam,23,Madhya Pradesh
424,142,4,266,1,2105,2019,Rewa,Rewa,23,Madhya Pradesh
425,114,425,345,890,2106,2019,Sagar,Sagar,23,Madhya Pradesh
426,120,311,294,747,2107,2019,Satna,Satna,23,Madhya Pradesh
428,23,165,165,438,2108,2019,Seoni,Seoni,23,Madhya Pradesh
429,51,171,139,458,2109,2019,Shahdol,Shahdol,23,Madhya Pradesh
430,19,86,63,233,2110,2019,Shajapur,Shajapur,23,Madhya Pradesh
431,11,31,20,104,2111,2019,Sheopur,Sheopur,23,Madhya Pradesh
432,42,142,140,363,2112,2019,Shivpuri,Shivpuri,23,Madhya Pradesh
433,52,83,148,271,2113,2019,Sidhi,Sidhi,23,Madhya Pradesh
427,47,188,190,500,2114,2019,Sehore,Sehore,23,Madhya Pradesh
638,33,76,107,206,2115,2019,Singrauli,Singrauli,23,Madhya Pradesh
434,33,67,113,233,2116,2019,Tikamgarh,Tikamgarh,23,Madhya Pradesh
435,70,407,190,745,2117,2019,Ujjain,Ujjain,23,Madhya Pradesh
436,23,59,69,153,2118,2019,Umaria,Umaria,23,Madhya Pradesh
437,59,244,153,420,2119,2019,Vidisha,Vidisha,23,Madhya Pradesh
9999,0,0,0,0,2120,2019,Cyber Crime Cell,Cyber Crime Cell,23,Madhya Pradesh
722,10,42,15,93,2121,2019,Niwari,Cyber Crime Cell,23,Madhya Pradesh
466,102,901,77,1350,2122,2019,Ahmednagar,Cyber Crime Cell,27,Maharashtra
467,1,333,2,423,2123,2019,Akola,Cyber Border Range,27,Maharashtra
468,1,342,0,399,2124,2019,Amravati Commr.,Cyber Crime Cell,27,Maharashtra
468,0,291,0,652,2125,2019,Amravati Rural,Amravati,27,Maharashtra
469,33,591,30,703,2126,2019,Aurangabad Commr.,Aurangabad,27,Maharashtra
469,0,161,0,213,2127,2019,Aurangabad Rural,Aurangabad,27,Maharashtra
470,21,203,20,292,2128,2019,Beed,Beed,27,Maharashtra
471,32,263,82,566,2129,2019,Bhandara,Bhandara,27,Maharashtra
472,31,310,32,473,2130,2019,Buldhana,Buldhana,27,Maharashtra
473,0,597,0,919,2131,2019,Chandrapur,Chandrapur,27,Maharashtra
474,7,299,23,442,2132,2019,Dhule,Dhule,27,Maharashtra
475,1,105,2,243,2133,2019,Gadchiroli,Gadchiroli,27,Maharashtra
476,0,168,0,420,2134,2019,Gondia,Gondia,27,Maharashtra
477,5,126,13,139,2135,2019,Hingoli,Hingoli,27,Maharashtra
478,79,588,65,926,2136,2019,Jalgaon,Jalgaon,27,Maharashtra
479,0,18,0,48,2137,2019,Jalna,Jalna,27,Maharashtra
480,77,636,82,1196,2138,2019,Kolhapur,Kolhapur,27,Maharashtra
481,0,239,0,437,2139,2019,Latur,Latur,27,Maharashtra
482,666,4501,1376,4919,2140,2019,Mumbai Commr.,Mumbai,27,Maharashtra
482,3,93,6,84,2141,2019,Mumbai Railway,Mumbai,27,Maharashtra
484,29,1587,121,1873,2142,2019,Nagpur Commr.,Nagpur,27,Maharashtra
484,0,22,0,21,2143,2019,Nagpur Railway,Nagpur,27,Maharashtra
484,0,454,0,669,2144,2019,Nagpur Rural,Nagpur,27,Maharashtra
485,9,354,10,444,2145,2019,Nanded,Nanded,27,Maharashtra
486,10,154,21,251,2146,2019,Nandurbar,Nandurbar,27,Maharashtra
487,559,214,47,955,2147,2019,Nasik Commr.,Nashik,27,Maharashtra
487,22,631,34,1038,2148,2019,Nasik Rural,Nashik,27,Maharashtra
483,41,824,38,995,2149,2019,Navi Mumbai,Mumbai Suburban,27,Maharashtra
488,13,171,14,297,2150,2019,Osmanabad,Osmanabad,27,Maharashtra
665,82,813,83,1149,2151,2019,Palghar,Palghar,27,Maharashtra
489,0,205,0,232,2152,2019,Parbhani,Parbhani,27,Maharashtra
490,16,1715,35,1796,2153,2019,Pune Commr.,Pune,27,Maharashtra
490,2,40,2,28,2154,2019,Pune Railway,Pune,27,Maharashtra
490,61,967,63,1614,2155,2019,Pune Rural,Pune,27,Maharashtra
491,38,284,74,294,2156,2019,Raigad,Raigad,27,Maharashtra
492,18,216,22,302,2157,2019,Ratnagiri,Ratnagiri,27,Maharashtra
493,13,501,14,854,2158,2019,Sangli,Sangli,27,Maharashtra
494,26,521,35,1094,2159,2019,Satara,Satara,27,Maharashtra
495,5,94,5,109,2160,2019,Sindhudurg,Sindhudurg,27,Maharashtra
496,20,288,48,397,2161,2019,Solapur Commr.,Solapur,27,Maharashtra
496,0,473,0,742,2162,2019,Solapur Rural,Solapur,27,Maharashtra
497,7,1988,3,2386,2163,2019,Thane Commr.,Thane,27,Maharashtra
497,0,573,0,697,2164,2019,Thane Rural,Thane,27,Maharashtra
498,2,374,1,600,2165,2019,Wardha,Wardha,27,Maharashtra
499,11,162,22,229,2166,2019,Washim,Washim,27,Maharashtra
500,0,412,1,757,2167,2019,Yavatmal,Yavatmal,27,Maharashtra
490,3,1092,13,1302,2168,2019,Pimpri Chinchwad City,Pune,27,Maharashtra
469,0,32,0,21,2169,2019,Aurangabad Railway,Aurangabad,27,Maharashtra
252,9,31,7,31,2170,2019,Bishnupur,Bishnupur,14,Manipur
253,0,1,0,1,2171,2019,Chandel,Chandel,14,Manipur
254,0,0,0,0,2172,2019,Churachandpur,Churachandpur,14,Manipur
256,0,0,0,0,2173,2019,Cid,Imphal West,14,Manipur
255,15,43,17,67,2174,2019,Imphal East,Imphal East,14,Manipur
256,5,19,10,25,2175,2019,Imphal West,Imphal West,14,Manipur
257,0,0,0,0,2176,2019,Senapati,Senapati,14,Manipur
258,0,0,0,0,2177,2019,Tamenglong,Tamenglong,14,Manipur
259,9,21,25,22,2178,2019,Thoubal,Thoubal,14,Manipur
260,0,0,0,0,2179,2019,Ukhrul,Ukhrul,14,Manipur
711,10,12,3,26,2180,2019,Kakching,Kakching,14,Manipur
717,0,0,0,0,2181,2019,Kamjong,Kamjong,14,Manipur
712,0,0,0,0,2182,2019,Kangpokpi,Kangpokpi,14,Manipur
713,1,5,0,7,2183,2019,Jiribam,Jiribam,14,Manipur
714,0,0,0,0,2184,2019,Noney,Noney,14,Manipur
715,0,0,0,0,2185,2019,Pherzawl,Pherzawl,14,Manipur
716,1,0,0,1,2186,2019,Tengnoupal,Tengnoupal,14,Manipur
256,0,0,0,0,2187,2019,Narcotic,Imphal West,14,Manipur
273,0,0,3,2,2188,2019,Garo Hills East,East Garo Hills,17,Meghalaya
656,2,0,1,0,2189,2019,Garo Hills North,North Garo Hills,17,Meghalaya
277,0,0,0,0,2190,2019,Garo Hills South,South Garo Hills,17,Meghalaya
663,0,0,0,2,2191,2019,Garo Hills South West,South West Garo Hills,17,Meghalaya
278,5,14,8,27,2192,2019,Garo Hills West,West Garo Hills,17,Meghalaya
275,0,4,1,0,2193,2019,Jaintia Hills West,West Jaintia Hills,17,Meghalaya
657,1,6,13,6,2194,2019,Jaintia Hills East,East Jaintia Hills,17,Meghalaya
274,33,84,36,97,2195,2019,Khasi Hills East,East Khasi Hills,17,Meghalaya
658,0,0,0,0,2196,2019,Khasi Hills South West,South West Khasi Hills,17,Meghalaya
279,0,0,0,0,2197,2019,Khasi Hills West,West Khasi Hills,17,Meghalaya
276,0,7,1,3,2198,2019,Ri-Bhoi,Ri Bhoi,17,Meghalaya
274,0,0,0,0,2199,2019,Cyber Cell,East Khasi Hills,17,Meghalaya
261,0,0,0,0,2200,2019,Aizawl,Aizawl,15,Mizoram
262,0,0,0,0,2201,2019,Champhai,Champhai,15,Mizoram
263,0,0,0,0,2202,2019,Kolasib,Kolasib,15,Mizoram
264,0,0,0,0,2203,2019,Lawngtlai,Lawngtlai,15,Mizoram
265,0,0,0,0,2204,2019,Lunglei,Lunglei,15,Mizoram
266,0,0,0,0,2205,2019,Mamit,Mamit,15,Mizoram
267,0,0,0,0,2206,2019,Saiha,Saiha,15,Mizoram
268,0,0,0,0,2207,2019,Serchhip,Serchhip,15,Mizoram
261,0,0,0,0,2208,2019,Spl Narcotic,Aizawl,15,Mizoram
244,7,11,30,10,2209,2019,Dimapur,Dimapur,13,Nagaland
614,0,0,0,0,2210,2019,Kiphire,Kiphire,13,Nagaland
245,0,0,0,0,2211,2019,Kohima,Kohima,13,Nagaland
615,0,0,0,0,2212,2019,Longleng,Longleng,13,Nagaland
246,0,0,0,0,2213,2019,Mokokchung,Mokokchung,13,Nagaland
247,0,0,0,0,2214,2019,Mon,Mon,13,Nagaland
613,0,0,0,0,2215,2019,Peren,Peren,13,Nagaland
248,0,0,0,0,2216,2019,Phek,Phek,13,Nagaland
249,0,0,0,0,2217,2019,Tuensang,Tuensang,13,Nagaland
250,0,0,0,0,2218,2019,Wokha,Wokha,13,Nagaland
251,0,0,0,0,2219,2019,Zunheboto,Zunheboto,13,Nagaland
344,0,0,0,0,2220,2019,Angul,Anugul,21,Odisha
346,0,0,0,0,2221,2019,Balasore,Baleshwar,21,Odisha
347,0,0,0,0,2222,2019,Baragarh,Bargarh,21,Odisha
346,0,0,0,0,2223,2019,Berhampur,Baleshwar,21,Odisha
348,0,0,0,0,2224,2019,Bhadrak,Bhadrak,21,Odisha
345,0,0,0,0,2225,2019,Bolangir,Balangir,21,Odisha
349,0,0,0,0,2226,2019,Boudh,Boudh,21,Odisha
350,0,0,0,0,2227,2019,Cuttack,Cuttack,21,Odisha
362,0,0,0,0,2228,2019,Dcp Bbsr,Khordha,21,Odisha
350,0,0,0,0,2229,2019,Dcp Ctc,Cuttack,21,Odisha
351,0,0,0,0,2230,2019,Deogarh,Deogarh,21,Odisha
352,0,0,0,0,2231,2019,Dhenkanal,Dhenkanal,21,Odisha
353,0,0,0,0,2232,2019,Gajapati,Gajapati,21,Odisha
354,0,0,0,0,2233,2019,Ganjam,Ganjam,21,Odisha
355,0,0,0,0,2234,2019,Jagatsinghpur,Jagatsinghapur,21,Odisha
356,0,0,0,0,2235,2019,Jajpur,Jajapur,21,Odisha
357,0,0,0,0,2236,2019,Jharsuguda,Jharsuguda,21,Odisha
358,0,0,0,0,2237,2019,Kalahandi,Kalahandi,21,Odisha
359,0,0,0,0,2238,2019,Kandhamal,Kandhamal,21,Odisha
360,0,0,0,0,2239,2019,Kendrapara,Kendrapara,21,Odisha
361,0,0,0,0,2240,2019,Keonjhar,Kendujhar,21,Odisha
362,0,0,0,0,2241,2019,Khurda,Khordha,21,Odisha
363,0,0,0,0,2242,2019,Koraput,Koraput,21,Odisha
364,0,0,0,0,2243,2019,Malkangiri,Malkangiri,21,Odisha
365,0,0,0,0,2244,2019,Mayurbhanj,Mayurbhanj,21,Odisha
367,0,0,0,0,2245,2019,Nayagarh,Nayagarh,21,Odisha
366,0,0,0,0,2246,2019,Nabarangpur,Nabarangpur,21,Odisha
368,0,0,0,0,2247,2019,Nuapada,Nuapada,21,Odisha
369,0,0,0,0,2248,2019,Puri,Puri,21,Odisha
370,0,0,0,0,2249,2019,Rayagada,Rayagada,21,Odisha
373,0,0,0,0,2250,2019,Rourkela,Sundargarh,21,Odisha
371,0,0,0,0,2251,2019,Sambalpur,Sambalpur,21,Odisha
372,0,0,0,0,2252,2019,Sonepur,Sonepur,21,Odisha
350,0,0,0,0,2253,2019,Srp(Cuttack),Cuttack,21,Odisha
373,0,0,0,0,2254,2019,Srp(Rourkela),Sundargarh,21,Odisha
373,0,0,0,0,2255,2019,Sundargarh,Sundargarh,21,Odisha
350,560,2740,2591,9426,2256,2019,Cid Cb,Cuttack,21,Odisha
27,10,31,77,29,2257,2019,Amritsar Rural,Amritsar,3,Punjab
605,3,19,10,25,2258,2019,Barnala,Barnala,3,Punjab
32,0,40,0,19,2259,2019,Batala,Gurdaspur,3,Punjab
28,11,53,5,27,2260,2019,Bathinda,Bathinda,3,Punjab
27,23,99,73,86,2261,2019,Cp Amritsar,Amritsar,3,Punjab
34,0,198,0,227,2262,2019,Cp Jalandhar,Jalandhar,3,Punjab
36,61,100,70,131,2263,2019,Cp Ludhiana,Ludhiana,3,Punjab
29,1,35,28,19,2264,2019,Faridkot,Faridkot,3,Punjab
30,3,34,1,21,2265,2019,Fatehgarh Sahib,Fatehgarh Sahib,3,Punjab
651,12,51,7,41,2266,2019,Fazilka,Fazilka,3,Punjab
31,1,68,47,41,2267,2019,Ferozepur,Ferozepur,3,Punjab
41,2,3,3,6,2268,2019,Grp,Patiala,3,Punjab
32,2,18,2,6,2269,2019,Gurdaspur,Gurdaspur,3,Punjab
33,11,102,49,171,2270,2019,Hoshiarpur,Hoshiarpur,3,Punjab
34,22,114,28,204,2271,2019,Jalandhar Rural,Jalandhar,3,Punjab
35,0,18,0,30,2272,2019,Kapurthala,Kapurthala,3,Punjab
36,8,59,3,47,2273,2019,Khanna,Ludhiana,3,Punjab
36,0,21,0,8,2274,2019,Ludhiana Rural,Ludhiana,3,Punjab
37,0,25,1,3,2275,2019,Mansa,Mansa,3,Punjab
38,2,57,1,36,2276,2019,Moga,Moga,3,Punjab
39,10,62,4,25,2277,2019,Muktsar,Sri Muktsar Sahib,3,Punjab
662,0,15,3,10,2278,2019,Pathankot,Pathankot,3,Punjab
41,28,35,126,76,2279,2019,Patiala,Patiala,3,Punjab
42,10,38,25,16,2280,2019,Ropar,Rupnagar,3,Punjab
43,25,24,74,45,2281,2019,Sangrur,Sangrur,3,Punjab
608,0,46,0,46,2282,2019,Sas Nagar,S.A.S Nagar,3,Punjab
40,4,27,4,24,2283,2019,Sbs Nagar,Shahid Bhagat Singh Nagar,3,Punjab
609,2,37,2,17,2284,2019,Tarn Taran,Tarn Taran,3,Punjab
608,0,0,0,0,2285,2019,Bureau Of Investigation,S.A.S Nagar,3,Punjab
608,0,0,0,0,2286,2019,Intelligence Wing,S.A.S Nagar,3,Punjab
608,0,0,0,0,2287,2019,Nri Wing,S.A.S Nagar,3,Punjab
27,0,0,0,0,2288,2019,Special Task Force,Amritsar,3,Punjab
86,59,269,239,825,2289,2019,Ajmer,Ajmer,8,Rajasthan
87,25,148,34,228,2290,2019,Alwar,Alwar,8,Rajasthan
88,8,73,16,275,2291,2019,Banswara,Banswara,8,Rajasthan
89,10,108,76,377,2292,2019,Baran,Baran,8,Rajasthan
90,9,64,53,149,2293,2019,Barmer,Barmer,8,Rajasthan
91,23,98,19,145,2294,2019,Bharatpur,Bharatpur,8,Rajasthan
92,34,197,231,743,2295,2019,Bhilwara,Bhilwara,8,Rajasthan
93,5,6,0,97,2296,2019,Bikaner,Bikaner,8,Rajasthan
94,13,95,151,414,2297,2019,Bundi,Bundi,8,Rajasthan
95,1,163,37,625,2298,2019,Chittorgarh,Chittorgarh,8,Rajasthan
96,24,74,41,188,2299,2019,Churu,Churu,8,Rajasthan
97,26,72,23,126,2300,2019,Dausa,Dausa,8,Rajasthan
98,12,35,8,71,2301,2019,Dholpur,Dholpur,8,Rajasthan
99,3,50,49,288,2302,2019,Dungarpur,Dungarpur,8,Rajasthan
86,1,29,0,13,2303,2019,Grp Ajmer,Ajmer,8,Rajasthan
107,0,8,0,4,2304,2019,Grp Jodhpur,Jodhpur,8,Rajasthan
100,22,201,30,504,2305,2019,Ganganagar,Ganganagar,8,Rajasthan
101,17,136,90,366,2306,2019,Hanumangarh,Hanumangarh,8,Rajasthan
102,22,293,43,332,2307,2019,Jaipur East,Jaipur,8,Rajasthan
102,50,247,91,339,2308,2019,Jaipur North,Jaipur,8,Rajasthan
783,35,134,40,275,2309,2019,Jaipur Rural,Jaipur (Gramin),8,Rajasthan
102,27,177,55,255,2310,2019,Jaipur South,Jaipur,8,Rajasthan
102,65,373,129,470,2311,2019,Jaipur West,Jaipur,8,Rajasthan
103,7,27,14,33,2312,2019,Jaisalmer,Jaisalmer,8,Rajasthan
104,13,61,79,274,2313,2019,Jalore,Jalore,8,Rajasthan
105,27,135,141,408,2314,2019,Jhalawar,Jhalawar,8,Rajasthan
106,36,137,81,409,2315,2019,Jhunjhunu,Jhunjhunu,8,Rajasthan
107,19,136,53,207,2316,2019,Jodhpur East,Jodhpur,8,Rajasthan
107,25,170,63,264,2317,2019,Jodhpur West,Jodhpur,8,Rajasthan
107,16,50,58,104,2318,2019,Jodhpur Rural,Jodhpur,8,Rajasthan
108,10,42,4,85,2319,2019,Karauli,Karauli,8,Rajasthan
109,75,341,164,624,2320,2019,Kota City,Kota,8,Rajasthan
109,10,66,113,347,2321,2019,Kota Rural,Kota,8,Rajasthan
110,25,105,107,439,2322,2019,Nagaur,Nagaur,8,Rajasthan
111,6,22,45,161,2323,2019,Pali,Pali,8,Rajasthan
629,0,52,1,193,2324,2019,Pratapgarh,Pratapgarh,8,Rajasthan
112,7,102,116,590,2325,2019,Rajsamand,Rajsamand,8,Rajasthan
113,27,53,6,154,2326,2019,Sawai Madhopur,Sawai Madhopur,8,Rajasthan
114,40,192,75,410,2327,2019,Sikar,Sikar,8,Rajasthan
115,15,60,24,268,2328,2019,Sirohi,Sirohi,8,Rajasthan
116,13,65,22,267,2329,2019,Tonk,Tonk,8,Rajasthan
117,5,251,55,846,2330,2019,Udaipur,Udaipur,8,Rajasthan
102,0,0,0,0,2331,2019,Jaipur Metro,Jaipur,8,Rajasthan
102,0,0,0,0,2332,2019,Scrb,Jaipur,8,Rajasthan
102,0,0,0,0,2333,2019,Sog,Jaipur,8,Rajasthan
102,0,0,0,0,2334,2019,Ssb,Jaipur,8,Rajasthan
102,0,0,0,0,2335,2019,Jaipur Crime,Jaipur,8,Rajasthan
770,27,127,85,202,2336,2019,Bhiwadi,Khairthal-Tijara,8,Rajasthan
225,13,24,20,71,2337,2019,East,Gangtok,11,Sikkim
226,0,2,1,0,2338,2019,North,Mangan,11,Sikkim
227,0,5,3,8,2339,2019,South,Namchi,11,Sikkim
228,0,16,1,32,2340,2019,West,Gyalshing,11,Sikkim
610,13,22,35,105,2341,2019,Ariyalur,Ariyalur,33,Tamil Nadu
568,252,1076,577,1562,2342,2019,Chennai,Chennai,33,Tamil Nadu
569,16,124,121,276,2343,2019,Coimbatore,Coimbatore,33,Tamil Nadu
569,36,128,111,184,2344,2019,Coimbatore City,Coimbatore,33,Tamil Nadu
570,12,69,53,218,2345,2019,Cuddalore,Cuddalore,33,Tamil Nadu
571,13,22,50,37,2346,2019,Dharmapuri,Dharmapuri,33,Tamil Nadu
572,34,64,93,116,2347,2019,Dindigul,Dindigul,33,Tamil Nadu
573,37,96,104,270,2348,2019,Erode,Erode,33,Tamil Nadu
574,43,238,122,525,2349,2019,Kanchipuram,Kanchipuram,33,Tamil Nadu
575,34,128,28,235,2350,2019,Kanyakumari,Kanniyakumari,33,Tamil Nadu
576,7,29,48,91,2351,2019,Karur,Karur,33,Tamil Nadu
577,19,41,42,97,2352,2019,Krishnagiri,Krishnagiri,33,Tamil Nadu
578,35,82,92,250,2353,2019,Madurai,Madurai,33,Tamil Nadu
578,62,123,102,291,2354,2019,Madurai City,Madurai,33,Tamil Nadu
579,19,30,54,123,2355,2019,Nagapattinam,Nagapattinam,33,Tamil Nadu
580,13,33,28,51,2356,2019,Namakkal,Namakkal,33,Tamil Nadu
587,4,16,19,18,2357,2019,Nilgiris,The Nilgiris,33,Tamil Nadu
581,6,17,57,79,2358,2019,Perambalur,Perambalur,33,Tamil Nadu
582,5,35,38,131,2359,2019,Pudukottai,Pudukkottai,33,Tamil Nadu
583,24,55,56,162,2360,2019,Ramnathapuram,Ramanathapuram,33,Tamil Nadu
568,3,30,4,19,2361,2019,Railway Chennai,Chennai,33,Tamil Nadu
591,0,8,0,3,2362,2019,Railway Trichy,Tiruchirappalli,33,Tamil Nadu
584,13,57,85,139,2363,2019,Salem,Salem,33,Tamil Nadu
584,16,53,41,67,2364,2019,Salem City,Salem,33,Tamil Nadu
585,14,36,48,85,2365,2019,Sivagangai,Sivaganga,33,Tamil Nadu
586,27,76,87,172,2366,2019,Thanjavur,Thanjavur,33,Tamil Nadu
588,32,41,75,96,2367,2019,Theni,Theni,33,Tamil Nadu
592,65,136,159,299,2368,2019,Thirunelveli,Tirunelveli,33,Tamil Nadu
592,10,29,26,62,2369,2019,Thirunelveli City,Tirunelveli,33,Tamil Nadu
589,53,134,147,414,2370,2019,Thiruvallur,Thiruvallur,33,Tamil Nadu
593,39,64,101,211,2371,2019,Thiruvannamalai,Tiruvannamalai,33,Tamil Nadu
590,10,21,25,97,2372,2019,Thiruvarur,Thiruvarur,33,Tamil Nadu
594,41,67,88,167,2373,2019,Thoothukudi,Tuticorin,33,Tamil Nadu
634,15,81,96,201,2374,2019,Tiruppur,Tiruppur,33,Tamil Nadu
634,16,86,82,112,2375,2019,Tiruppur City,Tiruppur,33,Tamil Nadu
591,14,36,25,94,2376,2019,Trichy,Tiruchirappalli,33,Tamil Nadu
591,20,64,35,93,2377,2019,Trichy City,Tiruchirappalli,33,Tamil Nadu
595,62,155,197,421,2378,2019,Vellore,Vellore,33,Tamil Nadu
596,23,91,91,218,2379,2019,Villupuram,Villupuram,33,Tamil Nadu
597,38,68,82,165,2380,2019,Virudhunagar,Virudhunagar,33,Tamil Nadu
568,0,0,0,0,2381,2019,Cyber Cell,Chennai,33,Tamil Nadu
568,0,0,0,0,2382,2019,Other Units,Chennai,33,Tamil Nadu
518,234,1244,153,1676,2383,2019,Cyberabad Commissionerate,Ranga Reddy,36,Telangana
507,306,1355,590,1733,2384,2019,Hyderabad Commissionerate,Hyderabad,36,Telangana
508,20,93,74,232,2385,2019,Karimnagar Commissionerate,Karimnagar,36,Telangana
509,13,115,11,264,2386,2019,Khammam Commissionerate,Khammam,36,Telangana
516,54,154,85,314,2387,2019,Nizamabad Commissionerate,Nizamabad,36,Telangana
697,238,911,201,1281,2388,2019,Rachakonda Commissionerate,Yadadri Bhuvanagiri,36,Telangana
682,9,108,25,303,2389,2019,Ramagundam Commissionerate,Peddapalli,36,Telangana
692,21,105,53,213,2390,2019,Siddipet Commissionerate,Siddipet,36,Telangana
522,70,178,130,453,2391,2019,Warangal Commissionerate,Warangal,36,Telangana
501,10,33,9,67,2392,2019,Adilabad,Adilabad,36,Telangana
690,9,57,13,168,2393,2019,Bhadradri Kothagudem,Bhadradri Kothagudem,36,Telangana
681,2,40,157,0,2394,2019,Jagityal,Jagitial,36,Telangana
687,4,16,6,58,2395,2019,Jayashankar Bhupalpalli,Jayashankar Bhupalapally,36,Telangana
695,14,33,24,48,2396,2019,Jogulamba Gadwal,Jogulamba Gadwal,36,Telangana
685,23,79,33,168,2397,2019,Kamareddy,Kamareddy,36,Telangana
699,6,33,3,47,2398,2019,Kumaram Bheem Asifabad,Kumuram Bheem Asifabad,36,Telangana
688,9,38,1,81,2399,2019,Mahabubabad,Mahabubabad,36,Telangana
512,25,69,30,175,2400,2019,Mahabubnagar,Mahabubnagar,36,Telangana
513,19,46,29,134,2401,2019,Medak,Medak,36,Telangana
694,15,25,28,77,2402,2019,Nagarkurnool,Nagarkurnool,36,Telangana
514,28,107,77,213,2403,2019,Nalgonda,Nalgonda,36,Telangana
680,14,40,23,85,2404,2019,Nirmal,Nirmal,36,Telangana
683,2,29,29,92,2405,2019,Rajanna Siricilla,Rajanna Sircilla,36,Telangana
691,65,151,151,277,2406,2019,Sangareddy,Sangareddy,36,Telangana
696,8,45,14,131,2407,2019,Suryapet,Suryapet,36,Telangana
698,17,36,31,126,2408,2019,Vikarabad,Vikarabad,36,Telangana
693,15,20,53,91,2409,2019,Wanaparthy,Wanaparthy,36,Telangana
507,1,38,3,16,2410,2019,Railway Police Secunderabad,Hyderabad,36,Telangana
720,1,7,2,27,2411,2019,Mulug,Mulugu,36,Telangana
721,3,25,15,62,2412,2019,Narayanpet,Narayanpet,36,Telangana
269,1,35,9,67,2413,2019,Dhalai,Dhalai,16,Tripura
654,2,55,8,131,2414,2019,Gomati,Gomati,16,Tripura
272,0,0,0,0,2415,2019,Grp,West Tripura,16,Tripura
652,1,36,2,64,2416,2019,Kowai,Khowai,16,Tripura
270,1,15,4,33,2417,2019,North,North Tripura,16,Tripura
653,1,55,14,134,2418,2019,Sipahijala,Sepahijala,16,Tripura
271,13,43,28,142,2419,2019,South,South Tripura,16,Tripura
655,2,29,12,88,2420,2019,Unakoti,Unakoti,16,Tripura
272,21,196,50,440,2421,2019,West,West Tripura,16,Tripura
118,28,168,23,138,2422,2019,Agra,Agra,9,Uttar Pradesh
119,17,83,13,66,2423,2019,Aligarh,Aligarh,9,Uttar Pradesh
120,37,140,71,135,2424,2019,Prayagraj,Prayagraj,9,Uttar Pradesh
121,6,20,17,26,2425,2019,Ambedkar Nagar,Ambedkar Nagar,9,Uttar Pradesh
640,6,17,14,26,2426,2019,Amethi,Amethi,9,Uttar Pradesh
154,6,32,10,41,2427,2019,Amroha,Amroha,9,Uttar Pradesh
122,6,12,23,16,2428,2019,Auraiya,Auraiya,9,Uttar Pradesh
123,29,92,31,121,2429,2019,Azamgarh,Azamgarh,9,Uttar Pradesh
133,12,44,32,40,2430,2019,Badaun,Budaun,9,Uttar Pradesh
124,7,61,11,75,2431,2019,Baghpat,Baghpat,9,Uttar Pradesh
125,3,27,8,27,2432,2019,Bahraich,Bahraich,9,Uttar Pradesh
126,14,45,10,52,2433,2019,Ballia,Ballia,9,Uttar Pradesh
127,12,25,14,25,2434,2019,Balrampur,Balrampur,9,Uttar Pradesh
128,2,10,3,27,2435,2019,Banda,Banda,9,Uttar Pradesh
129,17,39,24,20,2436,2019,Barabanki,Barabanki,9,Uttar Pradesh
130,14,51,17,50,2437,2019,Bareilly,Bareilly,9,Uttar Pradesh
131,5,33,20,50,2438,2019,Basti,Basti,9,Uttar Pradesh
132,18,79,17,75,2439,2019,Bijnor,Bijnor,9,Uttar Pradesh
134,15,127,15,109,2440,2019,Bulandshahar,Bulandshahr,9,Uttar Pradesh
135,7,81,16,92,2441,2019,Chandoli,Chandauli,9,Uttar Pradesh
136,0,0,10,0,2442,2019,Chitrakoot,Chitrakoot,9,Uttar Pradesh
137,0,0,0,0,2443,2019,Deoria,Deoria,9,Uttar Pradesh
138,9,36,16,38,2444,2019,Etah,Etah,9,Uttar Pradesh
139,16,27,23,53,2445,2019,Etawah,Etawah,9,Uttar Pradesh
140,11,32,15,57,2446,2019,Ayodhya,Ayodhya,9,Uttar Pradesh
141,9,32,13,26,2447,2019,Fatehgarh,Farrukhabad,9,Uttar Pradesh
142,5,49,17,102,2448,2019,Fatehpur,Fatehpur,9,Uttar Pradesh
143,11,35,15,25,2449,2019,Firozabad,Firozabad,9,Uttar Pradesh
162,1,77,3,53,2450,2019,Grp,Lucknow,9,Uttar Pradesh
144,38,193,56,260,2451,2019,Gautambudh Nagar,Gautam Buddha Nagar,9,Uttar Pradesh
145,39,183,60,111,2452,2019,Ghaziabad,Ghaziabad,9,Uttar Pradesh
146,5,39,18,57,2453,2019,Ghazipur,Ghazipur,9,Uttar Pradesh
147,3,38,6,57,2454,2019,Gonda,Gonda,9,Uttar Pradesh
148,89,57,190,43,2455,2019,Gorakhpur,Gorakhpur,9,Uttar Pradesh
149,0,2,22,32,2456,2019,Hamirpur,Hamirpur,9,Uttar Pradesh
661,8,65,21,82,2457,2019,Hapur,Hapur,9,Uttar Pradesh
150,0,0,0,0,2458,2019,Hardoi,Hardoi,9,Uttar Pradesh
163,4,19,1,34,2459,2019,Hathras,Hathras,9,Uttar Pradesh
151,6,33,8,33,2460,2019,Jalaun,Jalaun,9,Uttar Pradesh
152,6,22,17,41,2461,2019,Jaunpur,Jaunpur,9,Uttar Pradesh
153,6,0,90,15,2462,2019,Jhansi,Jhansi,9,Uttar Pradesh
155,21,36,15,53,2463,2019,Kannauj,Kannauj,9,Uttar Pradesh
156,9,66,4,41,2464,2019,Kanpur Dehat,Kanpur Dehat,9,Uttar Pradesh
157,81,116,79,138,2465,2019,Kanpur Nagar,Kanpur Nagar,9,Uttar Pradesh
633,7,17,6,18,2466,2019,Kasganj,Kasganj,9,Uttar Pradesh
158,0,0,0,0,2467,2019,Kaushambi,Kaushambi,9,Uttar Pradesh
159,41,57,45,49,2468,2019,Khiri,Kheri,9,Uttar Pradesh
160,2,0,3,0,2469,2019,Kushi Nagar,Kushi Nagar,9,Uttar Pradesh
161,5,0,0,32,2470,2019,Lalitpur,Lalitpur,9,Uttar Pradesh
162,250,178,260,159,2471,2019,Lucknow,Lucknow,9,Uttar Pradesh
164,2,14,14,25,2472,2019,Maharajganj,Maharajganj,9,Uttar Pradesh
165,7,0,13,0,2473,2019,Mahoba,Mahoba,9,Uttar Pradesh
166,10,6,26,5,2474,2019,Mainpuri,Mainpuri,9,Uttar Pradesh
167,3,2,11,7,2475,2019,Mathura,Mathura,9,Uttar Pradesh
168,0,18,2,25,2476,2019,Mau,Mau,9,Uttar Pradesh
169,8,101,6,101,2477,2019,Meerut,Meerut,9,Uttar Pradesh
170,19,40,29,63,2478,2019,Mirzapur,Mirzapur,9,Uttar Pradesh
171,56,198,68,176,2479,2019,Moradabad,Moradabad,9,Uttar Pradesh
172,0,0,0,0,2480,2019,Muzaffarnagar,Muzaffarnagar,9,Uttar Pradesh
173,9,58,4,45,2481,2019,Pilibhit,Pilibhit,9,Uttar Pradesh
174,5,11,18,5,2482,2019,Pratapgarh,Pratapgarh,9,Uttar Pradesh
175,9,24,16,31,2483,2019,Raibareilly,Rae Bareli,9,Uttar Pradesh
176,2,0,4,5,2484,2019,Rampur,Rampur,9,Uttar Pradesh
177,14,106,14,74,2485,2019,Saharanpur,Saharanpur,9,Uttar Pradesh
659,5,17,6,17,2486,2019,Sambhal,Sambhal,9,Uttar Pradesh
178,2,21,30,31,2487,2019,Sant Kabirnagar,Sant Kabeer Nagar,9,Uttar Pradesh
180,17,55,23,54,2488,2019,Shahjahanpur,Shahjahanpur,9,Uttar Pradesh
660,4,36,7,36,2489,2019,Shamli,Shamli,9,Uttar Pradesh
181,1,10,5,0,2490,2019,Shrawasti,Shravasti,9,Uttar Pradesh
182,8,26,5,22,2491,2019,Sidharthnagar,Siddharth Nagar,9,Uttar Pradesh
183,58,90,53,107,2492,2019,Sitapur,Sitapur,9,Uttar Pradesh
184,20,50,26,84,2493,2019,Sonbhadra,Sonbhadra,9,Uttar Pradesh
179,19,0,28,0,2494,2019,Bhadohi,Bhadohi,9,Uttar Pradesh
185,5,12,11,24,2495,2019,Sultanpur,Sultanpur,9,Uttar Pradesh
186,30,39,42,41,2496,2019,Unnao,Unnao,9,Uttar Pradesh
187,27,168,38,129,2497,2019,Varanasi,Varanasi,9,Uttar Pradesh
45,0,0,0,0,2498,2019,Almora,Almora,5,Uttarakhand
46,0,0,0,0,2499,2019,Bageshwar,Bageshwar,5,Uttarakhand
47,0,0,0,0,2500,2019,Chamoli,Chamoli,5,Uttarakhand
48,0,0,0,0,2501,2019,Champawat,Champawat,5,Uttarakhand
49,0,0,0,0,2502,2019,Dehradun,Dehradun,5,Uttarakhand
50,0,0,0,0,2503,2019,Haridwar,Haridwar,5,Uttarakhand
51,0,0,0,0,2504,2019,Nainital,Nainital,5,Uttarakhand
52,0,0,0,0,2505,2019,Pauri Garhwal,Pauri Garhwal,5,Uttarakhand
53,0,0,0,0,2506,2019,Pithoragarh,Pithoragarh,5,Uttarakhand
54,0,0,0,0,2507,2019,Rudra Prayag,Rudra Prayag,5,Uttarakhand
55,236,782,303,872,2508,2019,Tehri Garhwal,Tehri Garhwal,5,Uttarakhand
56,0,0,0,0,2509,2019,Udhamsingh Nagar,Udam Singh Nagar,5,Uttarakhand
57,0,0,0,0,2510,2019,Uttarkashi,Uttar Kashi,5,Uttarakhand
49,0,0,0,0,2511,2019,Grp,Dehradun,5,Uttarakhand
664,26,273,148,572,2512,2019,Alipurduar,Alipurduar,19,West Bengal
704,37,486,73,624,2513,2019,Asansol-Durgapur Pc,Paschim Bardhaman,19,West Bengal
305,30,343,91,583,2514,2019,Bankura,Bankura,19,West Bengal
303,139,1238,471,1366,2515,2019,Barrackpur Pc,24 Paraganas North,19,West Bengal
303,29,350,130,457,2516,2019,Bidhannagar Pc,24 Paraganas North,19,West Bengal
307,10,228,47,358,2517,2019,Birbhum,Birbhum,19,West Bengal
308,40,367,184,942,2518,2019,Coochbehar,Coochbehar,19,West Bengal
310,38,264,201,712,2519,2019,Dakshin Dinajpur,Dinajpur Dakshin,19,West Bengal
309,10,116,34,269,2520,2019,Darjeeling,Darjeeling,19,West Bengal
312,36,398,235,737,2521,2019,Hooghly Rural Police,Hooghly,19,West Bengal
313,8,66,4,24,2522,2019,Howrah Grp,Howrah,19,West Bengal
313,108,678,161,715,2523,2019,Howrah Pc,Howrah,19,West Bengal
313,44,481,286,820,2524,2019,Howrah Rural,Howrah,19,West Bengal
314,24,335,88,728,2525,2019,Jalpaiguri,Jalpaiguri,19,West Bengal
703,6,88,51,188,2526,2019,Jhargram,Jhargram,19,West Bengal
318,1,9,0,1,2527,2019,Kharagpur Grp,Medinipur West,19,West Bengal
315,323,2016,666,1918,2528,2019,Kolkata,Kolkata,19,West Bengal
316,87,449,227,856,2529,2019,Malda,Maldah,19,West Bengal
319,32,622,38,1758,2530,2019,Murshidabad,Murshidabad,19,West Bengal
320,82,876,392,2076,2531,2019,Nadia,Nadia,19,West Bengal
318,52,493,350,910,2532,2019,Paschim Medinipur,Medinipur West,19,West Bengal
317,36,280,258,716,2533,2019,Purab Medinipur,Medinipur East,19,West Bengal
321,6,149,22,251,2534,2019,Purulia,Purulia,19,West Bengal
315,3,14,6,22,2535,2019,Sealdah Grp,Kolkata,19,West Bengal
309,0,6,0,3,2536,2019,Siliguri Grp,Darjeeling,19,West Bengal
309,68,443,255,703,2537,2019,Siliguri Pc,Darjeeling,19,West Bengal
311,26,190,43,504,2538,2019,Uttar Dinajpur,Dinajpur Uttar,19,West Bengal
304,71,469,304,829,2539,2019,Baruipur Police,24 Paraganas South,19,West Bengal
312,26,364,86,464,2540,2019,Chandannagar Pc,Hooghly,19,West Bengal
304,87,542,352,979,2541,2019,Diamond Harbour Police,24 Paraganas South,19,West Bengal
702,10,43,19,103,2542,2019,Kalimpong,Kalimpong,19,West Bengal
306,40,394,281,726,2543,2019,Purba Bardhaman,Purba Bardhaman,19,West Bengal
304,22,188,64,526,2544,2019,Sundarban Police,24 Paraganas South,19,West Bengal
303,117,775,607,1629,2545,2019,Barasat,24 Paraganas North,19,West Bengal
303,32,299,325,731,2546,2019,Basirhat,24 Paraganas North,19,West Bengal
602,10,69,33,62,2547,2019,South Andaman,South Andamans,35,Andaman And Nicobar Islands
632,0,0,0,0,2548,2019,North And Middle Andaman,North And Middle Andaman,35,Andaman And Nicobar Islands
603,0,0,0,0,2549,2019,Nicobar,Nicobars,35,Andaman And Nicobar Islands
44,67,265,135,330,2550,2019,Chandigarh,Chandigarh,4,Chandigarh
465,0,19,3,47,2551,2019,Dadra And Nagar Haveli,Dadra And Nagar Haveli,38,The Dadra And Nagar Haveli And Daman And Diu
463,5,37,12,59,2552,2019,Daman,Daman,38,The Dadra And Nagar Haveli And Daman And Diu
464,0,11,0,11,2553,2019,Diu,Diu,38,The Dadra And Nagar Haveli And Daman And Diu
77,136,357,145,324,2554,2019,Central,Central,7,Delhi
82,0,0,0,0,2555,2019,Crime Branch,North West,7,Delhi
78,104,490,184,525,2556,2019,East,East,7,Delhi
79,0,0,0,0,2557,2019,Eow,New Delhi,7,Delhi
79,0,15,0,5,2558,2019,Igi Airport,New Delhi,7,Delhi
82,3,22,3,10,2559,2019,Metro,North West,7,Delhi
79,28,100,23,63,2560,2019,New Delhi,New Delhi,7,Delhi
80,75,466,173,404,2561,2019,North,North,7,Delhi
81,210,847,349,1031,2562,2019,North-East,North East,7,Delhi
82,206,639,311,626,2563,2019,North-West,North West,7,Delhi
82,156,794,359,956,2564,2019,Outer,North West,7,Delhi
79,21,91,18,74,2565,2019,Railway,New Delhi,7,Delhi
83,169,627,288,715,2566,2019,South,South,7,Delhi
670,186,528,315,657,2567,2019,South-East,South East,7,Delhi
84,113,444,251,542,2568,2019,South-West,South West,7,Delhi
82,0,0,0,0,2569,2019,Spl Cell,North West,7,Delhi
79,0,0,0,0,2570,2019,Spuwac,New Delhi,7,Delhi
79,0,0,0,0,2571,2019,Vigilance,New Delhi,7,Delhi
85,116,510,230,571,2572,2019,West,West,7,Delhi
82,202,633,365,769,2573,2019,Rohini,North West,7,Delhi
671,113,540,235,499,2574,2019,Shahdara,Shahdara,7,Delhi
84,185,745,340,882,2575,2019,Dwarka,South West,7,Delhi
79,275,728,468,834,2576,2019,Outer North,New Delhi,7,Delhi
553,0,1,0,0,2577,2019,Lakshadweep,Lakshadweep District,31,Lakshadweep
598,0,0,0,0,2578,2019,Karaikal,Karaikal,34,Puducherry
600,12,66,36,102,2579,2019,Puducherry,Pondicherry,34,Puducherry
502,32,177,284,585,2580,2020,Anantapur,Anantapur,28,Andhra Pradesh
503,37,106,262,433,2581,2020,Chittoor,Chittoor,28,Andhra Pradesh
504,47,120,138,277,2582,2020,Cuddapah,Y.S.R.,28,Andhra Pradesh
505,40,271,125,390,2583,2020,East Godavari,East Godavari,28,Andhra Pradesh
502,0,0,1,1,2584,2020,Guntakal Railway,Anantapur,28,Andhra Pradesh
506,61,171,111,299,2585,2020,Guntur,Guntur,28,Andhra Pradesh
506,30,121,77,204,2586,2020,Guntur Urban,Guntur,28,Andhra Pradesh
510,33,166,37,296,2587,2020,Krishna,Krishna,28,Andhra Pradesh
511,28,148,217,417,2588,2020,Kurnool,Kurnool,28,Andhra Pradesh
515,27,114,120,305,2589,2020,Nellore,Spsr Nellore,28,Andhra Pradesh
517,53,111,85,286,2590,2020,Prakasham,Prakasam,28,Andhra Pradesh
505,21,108,61,145,2591,2020,Rajahmundry,East Godavari,28,Andhra Pradesh
519,39,54,67,186,2592,2020,Srikakulam,Srikakulam,28,Andhra Pradesh
752,19,49,87,149,2593,2020,Tirupathi Urban,Tirupati,28,Andhra Pradesh
749,51,210,92,307,2594,2020,Vijayawada City,Ntr,28,Andhra Pradesh
749,1,6,2,2,2595,2020,Vijayawada Railway,Ntr,28,Andhra Pradesh
520,17,79,60,139,2596,2020,Visakha Rural,Visakhapatanam,28,Andhra Pradesh
520,37,214,54,377,2597,2020,Visakhapatnam,Visakhapatanam,28,Andhra Pradesh
521,18,89,35,175,2598,2020,Vizianagaram,Vizianagaram,28,Andhra Pradesh
523,62,272,177,511,2599,2020,West Godavari,West Godavari,28,Andhra Pradesh
628,0,0,0,0,2600,2020,Anjaw,Anjaw,12,Arunachal Pradesh
229,0,0,0,0,2601,2020,Changlang,Changlang,12,Arunachal Pradesh
237,0,0,0,0,2602,2020,Crime Branch,Papum Pare,12,Arunachal Pradesh
230,0,0,0,0,2603,2020,Dibang Valley,Dibang Valley,12,Arunachal Pradesh
231,0,0,0,0,2604,2020,Kameng East,East Kameng,12,Arunachal Pradesh
242,0,0,1,1,2605,2020,Kameng West,West Kameng,12,Arunachal Pradesh
233,0,0,0,0,2606,2020,Kurung Kumey,Kurung Kumey,12,Arunachal Pradesh
234,0,0,0,0,2607,2020,Lohit,Lohit,12,Arunachal Pradesh
666,0,0,0,0,2608,2020,Longding,Longding,12,Arunachal Pradesh
235,0,0,0,0,2609,2020,Lower Dibang Valley,Lower Dibang Valley,12,Arunachal Pradesh
237,3,2,4,0,2610,2020,Papum Pare City,Papum Pare,12,Arunachal Pradesh
237,2,4,0,0,2611,2020,Papum Pare Rural,Papum Pare,12,Arunachal Pradesh
232,0,0,0,0,2612,2020,Siang East,East Siang,12,Arunachal Pradesh
240,0,0,0,0,2613,2020,Siang Upper,Upper Siang,12,Arunachal Pradesh
243,0,0,0,0,2614,2020,Siang West,West Siang,12,Arunachal Pradesh
236,0,0,0,0,2615,2020,Subansiri Lower,Lower Subansiri,12,Arunachal Pradesh
241,0,0,0,0,2616,2020,Subansiri Upper,Upper Subansiri,12,Arunachal Pradesh
238,0,0,0,0,2617,2020,Tawang,Tawang,12,Arunachal Pradesh
239,0,0,0,0,2618,2020,Tirap,Tirap,12,Arunachal Pradesh
678,0,0,3,0,2619,2020,Namsai,Namsai,12,Arunachal Pradesh
679,0,0,0,0,2620,2020,Siang,Siang,12,Arunachal Pradesh
718,0,0,0,0,2621,2020,Kamle,Kamle,12,Arunachal Pradesh
677,0,0,0,0,2622,2020,Kra Dadi,Kra Daadi,12,Arunachal Pradesh
719,0,0,0,0,2623,2020,Lower Siang,Lower Siang,12,Arunachal Pradesh
724,0,0,0,0,2624,2020,Leparada,Leparada,12,Arunachal Pradesh
725,0,0,0,0,2625,2020,Shiyomi,Shi Yomi,12,Arunachal Pradesh
723,0,0,0,0,2626,2020,Pakkessang,Pakke Kessang,12,Arunachal Pradesh
618,0,0,0,0,2627,2020,Bieo,Kamrup Metro,18,Assam
280,4,7,14,14,2628,2020,Barpeta,Barpeta,18,Assam
616,3,29,9,133,2629,2020,Baksa,Baksa,18,Assam
281,8,29,1,152,2630,2020,Bongaigaon,Bongaigaon,18,Assam
618,0,0,0,0,2631,2020,Cid,Kamrup Metro,18,Assam
282,60,23,97,39,2632,2020,Cachar,Cachar,18,Assam
612,1,19,6,21,2633,2020,Chirang,Chirang,18,Assam
283,0,19,11,35,2634,2020,Darrang,Darrang,18,Assam
284,17,15,18,41,2635,2020,Dhemaji,Dhemaji,18,Assam
285,13,35,78,103,2636,2020,Dhubri,Dhubri,18,Assam
286,2,0,6,0,2637,2020,Dibrugarh,Dibrugarh,18,Assam
618,1,0,4,0,2638,2020,Grp,Kamrup Metro,18,Assam
287,0,0,0,0,2639,2020,Goalpara,Goalpara,18,Assam
288,11,22,13,202,2640,2020,Golaghat,Golaghat,18,Assam
618,69,352,90,507,2641,2020,Guwahati City,Kamrup Metro,18,Assam
289,2,24,22,104,2642,2020,Hailakandi,Hailakandi,18,Assam
710,0,4,1,11,2643,2020,Hamren,West Karbi Anglong,18,Assam
290,15,0,42,0,2644,2020,Jorhat,Jorhat,18,Assam
291,4,75,25,169,2645,2020,Kamrup,Kamrup,18,Assam
292,0,0,0,0,2646,2020,Karbi Anglong,Karbi Anglong,18,Assam
293,0,37,4,76,2647,2020,Karimganj,Karimganj,18,Assam
294,3,21,35,53,2648,2020,Kokrajhar,Kokrajhar,18,Assam
295,9,27,41,124,2649,2020,Lakhimpur,Lakhimpur,18,Assam
296,0,0,0,0,2650,2020,Morigaon,Marigaon,18,Assam
299,0,13,0,7,2651,2020,Dima Hasao,Dima Hasao,18,Assam
297,0,0,0,0,2652,2020,Nagaon,Nagaon,18,Assam
298,0,0,0,0,2653,2020,Nalbari,Nalbari,18,Assam
618,0,0,0,0,2654,2020,Rpo,Kamrup Metro,18,Assam
618,0,0,0,0,2655,2020,Sou,Kamrup Metro,18,Assam
618,0,0,0,0,2656,2020,Stf,Kamrup Metro,18,Assam
300,1,1,1,0,2657,2020,Sibsagar,Sivasagar,18,Assam
301,0,0,0,0,2658,2020,Sonitpur,Sonitpur,18,Assam
302,3,19,5,38,2659,2020,Tinsukia,Tinsukia,18,Assam
617,0,0,0,0,2660,2020,Udalguri,Udalguri,18,Assam
302,7,22,6,33,2661,2020,Sadia,Tinsukia,18,Assam
706,3,4,12,9,2662,2020,Majuli,Majuli,18,Assam
705,0,0,0,0,2663,2020,Biswanath,Biswanath,18,Assam
709,12,44,66,122,2664,2020,Hojai,Hojai,18,Assam
707,2,17,5,25,2665,2020,South Salmara,South Salmara Mancachar,18,Assam
708,4,28,8,76,2666,2020,Charaideo,Charaideo,18,Assam
188,11,11,75,91,2667,2020,Araria,Araria,10,Bihar
611,5,3,13,4,2668,2020,Arwal,Arwal,10,Bihar
189,10,8,46,16,2669,2020,Aurangabad,Aurangabad,10,Bihar
211,4,2,70,22,2670,2020,Bagaha,Pashchim Champaran,10,Bihar
190,9,11,62,24,2671,2020,Banka,Banka,10,Bihar
191,0,0,0,0,2672,2020,Begusarai,Begusarai,10,Bihar
211,8,20,96,35,2673,2020,Bettiah,Pashchim Champaran,10,Bihar
200,8,3,43,19,2674,2020,Bhabhua,Kaimur (Bhabua),10,Bihar
192,21,29,157,87,2675,2020,Bhagalpur,Bhagalpur,10,Bihar
193,20,23,105,51,2676,2020,Bhojpur,Bhojpur,10,Bihar
194,19,18,47,56,2677,2020,Buxar,Buxar,10,Bihar
195,11,9,116,23,2678,2020,Darbhanga,Darbhanga,10,Bihar
196,31,26,156,116,2679,2020,Gaya,Gaya,10,Bihar
197,23,2,65,101,2680,2020,Gopalganj,Gopalganj,10,Bihar
207,0,0,0,0,2681,2020,Jamalpur Railway,Munger,10,Bihar
198,7,24,45,39,2682,2020,Jamui,Jamui,10,Bihar
199,11,10,32,13,2683,2020,Jehanabad,Jehanabad,10,Bihar
201,0,43,55,86,2684,2020,Katihar,Katihar,10,Bihar
201,0,0,0,0,2685,2020,Katihar Railway,Katihar,10,Bihar
202,25,22,34,32,2686,2020,Khagaria,Khagaria,10,Bihar
203,7,7,47,40,2687,2020,Kishanganj,Kishanganj,10,Bihar
204,3,4,17,14,2688,2020,Lakhisarai,Lakhisarai,10,Bihar
205,8,27,47,38,2689,2020,Madhepura,Madhepura,10,Bihar
206,4,2,37,11,2690,2020,Madhubani,Madhubani,10,Bihar
213,17,19,173,50,2691,2020,Motihari,Purbi Champaran,10,Bihar
207,13,18,88,37,2692,2020,Munger,Munger,10,Bihar
208,43,77,255,177,2693,2020,Muzaffarpur,Muzaffarpur,10,Bihar
208,0,0,0,0,2694,2020,Muzaffarpur Railway,Muzaffarpur,10,Bihar
209,43,46,409,110,2695,2020,Nalanda,Nalanda,10,Bihar
192,0,0,0,0,2696,2020,Naugachia,Bhagalpur,10,Bihar
210,8,0,74,0,2697,2020,Nawadah,Nawada,10,Bihar
212,94,164,471,265,2698,2020,Patna,Patna,10,Bihar
212,1,2,2,0,2699,2020,Patna Railway,Patna,10,Bihar
214,13,14,87,84,2700,2020,Purnea,Purnia,10,Bihar
215,26,25,93,50,2701,2020,Rohtas,Rohtas,10,Bihar
216,5,10,43,36,2702,2020,Saharsa,Saharsa,10,Bihar
217,0,20,145,53,2703,2020,Samastipur,Samastipur,10,Bihar
218,40,48,229,91,2704,2020,Saran,Saran,10,Bihar
219,3,8,23,6,2705,2020,Sheikhpura,Sheikhpura,10,Bihar
220,0,2,14,30,2706,2020,Sheohar,Sheohar,10,Bihar
221,60,12,231,40,2707,2020,Sitamarhi,Sitamarhi,10,Bihar
222,16,9,117,43,2708,2020,Siwan,Siwan,10,Bihar
223,8,8,79,28,2709,2020,Supaul,Supaul,10,Bihar
224,39,49,296,75,2710,2020,Vaishali,Vaishali,10,Bihar
212,0,0,0,0,2711,2020,Economic Offences Unit,Patna,10,Bihar
212,0,0,0,0,2712,2020,Anti Terrorist Squad,Patna,10,Bihar
646,15,90,32,248,2713,2020,Balod,Balod,22,Chhattisgarh
644,12,127,176,346,2714,2020,Balodbazar,Baloda Bazar,22,Chhattisgarh
649,16,33,60,98,2715,2020,Balrampur,Balrampur,22,Chhattisgarh
650,10,45,40,175,2716,2020,Bemetra,Bemetara,22,Chhattisgarh
375,33,255,188,554,2717,2020,Bilaspur,Bilaspur,22,Chhattisgarh
636,4,18,11,21,2718,2020,Bizapur,Bijapur,22,Chhattisgarh
376,2,11,13,31,2719,2020,Dantewara,Dantewada,22,Chhattisgarh
377,11,103,61,296,2720,2020,Dhamtari,Dhamtari,22,Chhattisgarh
378,41,286,161,637,2721,2020,Durg,Durg,22,Chhattisgarh
645,4,43,38,147,2722,2020,Gariyaband,Gariyaband,22,Chhattisgarh
387,0,3,4,11,2723,2020,Grp Raipur,Raipur,22,Chhattisgarh
374,6,66,78,144,2724,2020,Jagdalpur,Bastar,22,Chhattisgarh
379,21,117,144,382,2725,2020,Janjgir,Janjgir-Champa,22,Chhattisgarh
380,6,37,76,114,2726,2020,Jashpur,Jashpur,22,Chhattisgarh
382,17,73,62,185,2727,2020,Kabirdham,Kabirdham,22,Chhattisgarh
381,1,57,47,165,2728,2020,Kanker,Kanker,22,Chhattisgarh
643,1,32,24,87,2729,2020,Kondagaon,Kondagaon,22,Chhattisgarh
383,20,124,86,284,2730,2020,Korba,Korba,22,Chhattisgarh
384,8,58,49,163,2731,2020,Koriya,Korea,22,Chhattisgarh
385,5,100,50,235,2732,2020,Mahasamund,Mahasamund,22,Chhattisgarh
647,8,52,50,150,2733,2020,Mungali,Mungeli,22,Chhattisgarh
637,3,3,12,14,2734,2020,Narayanpur,Narayanpur,22,Chhattisgarh
386,17,162,131,395,2735,2020,Raigarh,Raigarh,22,Chhattisgarh
387,46,508,260,1103,2736,2020,Raipur,Raipur,22,Chhattisgarh
388,12,166,87,439,2737,2020,Rajnandgaon,Rajnandgaon,22,Chhattisgarh
389,11,75,70,195,2738,2020,Sarguja,Surguja,22,Chhattisgarh
642,4,11,6,14,2739,2020,Sukma,Sukma,22,Chhattisgarh
648,8,44,53,154,2740,2020,Surajpur,Surajpur,22,Chhattisgarh
734,10,122,38,219,2741,2020,Gaurela-Pendra-Marwari,Gaurella Pendra Marwahi,22,Chhattisgarh
551,6,116,3,89,2742,2020,North Goa,North Goa,30,Goa
552,3,129,3,95,2743,2020,South Goa,South Goa,30,Goa
551,0,3,0,0,2744,2020,Cid,North Goa,30,Goa
438,64,849,264,1870,2745,2020,Ahmedabad City,Ahmadabad,24,Gujarat
438,9,35,2,95,2746,2020,Ahmedabad Rural,Ahmadabad,24,Gujarat
439,0,26,0,82,2747,2020,Amreli,Amreli,24,Gujarat
440,0,108,0,267,2748,2020,Anand,Anand,24,Gujarat
672,0,68,0,169,2749,2020,Arvalli,Arvalli,24,Gujarat
441,0,52,0,179,2750,2020,Banaskantha,Banas Kantha,24,Gujarat
442,17,139,14,217,2751,2020,Bharuch,Bharuch,24,Gujarat
443,6,47,7,122,2752,2020,Bhavnagar,Bhavnagar,24,Gujarat
676,1,12,16,65,2753,2020,Botad,Botad,24,Gujarat
668,3,31,3,13,2754,2020,Chhotaudepur,Chhotaudepur,24,Gujarat
446,0,0,0,0,2755,2020,Cid Crime,Gandhinagar,24,Gujarat
445,1,13,129,53,2756,2020,Dahod,Dohad,24,Gujarat
444,0,0,0,0,2757,2020,Dang,Dang,24,Gujarat
674,1,25,0,45,2758,2020,Devbhumi Dwarka,Devbhumi Dwarka,24,Gujarat
446,19,113,12,235,2759,2020,Gandhinagar,Gandhinagar,24,Gujarat
675,3,12,36,23,2760,2020,Gir Somnath,Gir Somnath,24,Gujarat
447,6,53,6,147,2761,2020,Jamnagar,Jamnagar,24,Gujarat
448,2,25,1,35,2762,2020,Junagadh,Junagadh,24,Gujarat
449,5,89,57,189,2763,2020,Kachchh East(G),Kachchh,24,Gujarat
449,1,72,37,175,2764,2020,Kachchh West(B),Kachchh,24,Gujarat
450,0,31,0,91,2765,2020,Kheda,Kheda,24,Gujarat
669,3,14,3,33,2766,2020,Mahisagar,Mahisagar,24,Gujarat
451,1,86,1,295,2767,2020,Mehsana,Mahesana,24,Gujarat
673,0,21,0,43,2768,2020,Morbi,Morbi,24,Gujarat
452,2,9,1,14,2769,2020,Narmada,Narmada,24,Gujarat
453,3,62,7,87,2770,2020,Navsari,Navsari,24,Gujarat
454,8,42,4,78,2771,2020,Panchmahal,Panch Mahals,24,Gujarat
455,2,53,2,213,2772,2020,Patan,Patan,24,Gujarat
456,4,23,2,52,2773,2020,Porbandar,Porbandar,24,Gujarat
457,0,204,0,390,2774,2020,Rajkot City,Rajkot,24,Gujarat
457,5,61,83,212,2775,2020,Rajkot Rural,Rajkot,24,Gujarat
458,2,37,10,155,2776,2020,Sabarkantha,Sabar Kantha,24,Gujarat
459,94,656,126,1089,2777,2020,Surat City,Surat,24,Gujarat
459,7,61,6,83,2778,2020,Surat Rural,Surat,24,Gujarat
460,1,21,3,43,2779,2020,Surendranagar,Surendranagar,24,Gujarat
641,0,21,3,23,2780,2020,Tapi,Tapi,24,Gujarat
461,13,182,74,326,2781,2020,Vadodara City,Vadodara,24,Gujarat
461,0,56,0,92,2782,2020,Vadodara Rural,Vadodara,24,Gujarat
462,6,55,5,67,2783,2020,Valsad,Valsad,24,Gujarat
438,0,1,0,2,2784,2020,W.Rly Ahmedabad,Ahmadabad,24,Gujarat
461,0,4,1,6,2785,2020,W.Rly Vadodara,Vadodara,24,Gujarat
438,0,0,0,0,2786,2020,Cyber Ahmedabad Range,Ahmadabad,24,Gujarat
443,0,0,0,0,2787,2020,Cyber Bhavnagar Range,Bhavnagar,24,Gujarat
9999,0,0,0,0,2788,2020,Cyber Border Range,Cyber Border Range,24,Gujarat
446,0,0,0,0,2789,2020,Cyber Gandhinagar Range,Gandhinagar,24,Gujarat
448,0,0,0,0,2790,2020,Cyber Junagadh Range,Junagadh,24,Gujarat
454,0,0,0,0,2791,2020,Cyber Panchmahal Range,Panch Mahals,24,Gujarat
457,0,0,0,0,2792,2020,Cyber Rajkot Range,Rajkot,24,Gujarat
459,0,0,0,0,2793,2020,Cyber Surat Range,Surat,24,Gujarat
461,0,0,0,0,2794,2020,Cyber Vadodara Range,Vadodara,24,Gujarat
58,12,161,16,214,2795,2020,Ambala,Ambala,6,Haryana
59,39,99,48,257,2796,2020,Bhiwani,Bhiwani,6,Haryana
60,72,354,55,605,2797,2020,Faridabad,Faridabad,6,Haryana
61,27,74,27,223,2798,2020,Fatehabad,Fatehabad,6,Haryana
58,0,3,1,6,2799,2020,Grp,Ambala,6,Haryana
62,25,149,121,221,2800,2020,Gurugram,Gurugram,6,Haryana
63,26,109,57,360,2801,2020,Hissar,Hisar,6,Haryana
64,22,121,23,236,2802,2020,Jhajjar,Jhajjar,6,Haryana
65,38,111,65,218,2803,2020,Jind,Jind,6,Haryana
66,20,101,13,113,2804,2020,Kaithal,Kaithal,6,Haryana
67,15,94,17,115,2805,2020,Karnal,Karnal,6,Haryana
68,10,178,52,236,2806,2020,Kurukshetra,Kurukshetra,6,Haryana
69,24,45,42,195,2807,2020,Mahendergarh,Mahendragarh,6,Haryana
604,12,28,11,44,2808,2020,Nuh,Nuh,6,Haryana
619,21,76,58,136,2809,2020,Palwal,Palwal,6,Haryana
70,11,58,41,169,2810,2020,Panchkula,Panchkula,6,Haryana
71,67,219,213,266,2811,2020,Panipat,Panipat,6,Haryana
72,36,111,70,245,2812,2020,Rewari,Rewari,6,Haryana
73,37,235,50,353,2813,2020,Rohtak,Rohtak,6,Haryana
74,18,93,95,349,2814,2020,Sirsa,Sirsa,6,Haryana
75,62,170,78,357,2815,2020,Sonipat,Sonipat,6,Haryana
76,47,173,72,297,2816,2020,Yamunanagar,Yamunanagar,6,Haryana
62,0,0,0,0,2817,2020,Irrigation And Power,Gurugram,6,Haryana
701,8,33,9,102,2818,2020,Charkhi Dadri,Charki Dadri,6,Haryana
63,8,54,13,134,2819,2020,Hansi,Hisar,6,Haryana
25,6,35,20,184,2820,2020,Baddi,Solan,2,Himachal Pradesh
15,3,38,21,105,2821,2020,Bilaspur,Bilaspur,2,Himachal Pradesh
16,1,34,16,49,2822,2020,Chamba,Chamba,2,Himachal Pradesh
23,0,0,0,0,2823,2020,Cid,Shimla,2,Himachal Pradesh
23,0,0,0,0,2824,2020,Grp,Shimla,2,Himachal Pradesh
17,5,32,7,63,2825,2020,Hamirpur,Hamirpur,2,Himachal Pradesh
18,3,45,5,70,2826,2020,Kangra,Kangra,2,Himachal Pradesh
19,1,21,6,21,2827,2020,Kinnaur,Kinnaur,2,Himachal Pradesh
20,7,35,10,56,2828,2020,Kullu,Kullu,2,Himachal Pradesh
21,0,3,0,5,2829,2020,Lahaul And Spiti,Lahul And Spiti,2,Himachal Pradesh
22,11,65,56,166,2830,2020,Mandi,Mandi,2,Himachal Pradesh
23,16,2,46,7,2831,2020,Shimla,Shimla,2,Himachal Pradesh
24,5,38,15,75,2832,2020,Sirmaur,Sirmaur,2,Himachal Pradesh
25,4,21,17,57,2833,2020,Solan,Solan,2,Himachal Pradesh
26,1,15,6,12,2834,2020,Una,Una,2,Himachal Pradesh
23,0,0,0,0,2835,2020,Cyber,Shimla,2,Himachal Pradesh
1,0,39,16,37,2836,2020,Anantnag,Anantnag,1,Jammu And Kashmir
11,0,38,0,5,2837,2020,Awantipora,Pulwama,1,Jammu And Kashmir
623,5,13,2,14,2838,2020,Bandipora,Bandipora,1,Jammu And Kashmir
3,0,0,30,37,2839,2020,Baramulla,Baramulla,1,Jammu And Kashmir
2,1,20,0,33,2840,2020,Budgam,Budgam,1,Jammu And Kashmir
5,0,0,0,0,2841,2020,Crime Jammu,Jammu,1,Jammu And Kashmir
5,0,0,0,0,2842,2020,Crime Srinagar,Jammu,1,Jammu And Kashmir
4,2,23,0,68,2843,2020,Doda,Doda,1,Jammu And Kashmir
626,2,23,0,39,2844,2020,Ganderbal,Ganderbal,1,Jammu And Kashmir
8,1,7,5,10,2845,2020,Handwara,Kupwara,1,Jammu And Kashmir
5,0,136,0,257,2846,2020,Jammu,Jammu,1,Jammu And Kashmir
7,6,35,27,135,2847,2020,Kathua,Kathua,1,Jammu And Kashmir
620,0,4,0,34,2848,2020,Kishtwar,Kishtwar,1,Jammu And Kashmir
622,1,34,4,14,2849,2020,Kulgam,Kulgam,1,Jammu And Kashmir
8,2,17,5,47,2850,2020,Kupwara,Kupwara,1,Jammu And Kashmir
10,3,11,16,61,2851,2020,Poonch,Poonch,1,Jammu And Kashmir
11,0,18,0,10,2852,2020,Pulwama,Pulwama,1,Jammu And Kashmir
5,0,1,0,0,2853,2020,Railways Jammu,Jammu,1,Jammu And Kashmir
5,0,0,0,0,2854,2020,Railways Kashmir,Jammu,1,Jammu And Kashmir
627,0,0,0,0,2855,2020,Railways Katra,Reasi,1,Jammu And Kashmir
12,5,10,6,74,2856,2020,Rajouri,Rajouri,1,Jammu And Kashmir
621,0,8,1,39,2857,2020,Ramban,Ramban,1,Jammu And Kashmir
627,0,11,0,60,2858,2020,Reasi,Reasi,1,Jammu And Kashmir
624,2,33,5,38,2859,2020,Samba,Samba,1,Jammu And Kashmir
625,10,33,8,25,2860,2020,Shopian,Shopian,1,Jammu And Kashmir
3,6,15,22,45,2861,2020,Sopore,Baramulla,1,Jammu And Kashmir
13,4,101,5,97,2862,2020,Srinagar,Srinagar,1,Jammu And Kashmir
14,13,23,15,58,2863,2020,Udhampur,Udhampur,1,Jammu And Kashmir
322,11,0,14,0,2864,2020,Bokaro,Bokaro,20,Jharkhand
343,0,0,2,0,2865,2020,Chaibasa,West Singhbhum,20,Jharkhand
323,9,8,6,14,2866,2020,Chatra,Chatra,20,Jharkhand
324,6,5,1,4,2867,2020,Deoghar,Deoghar,20,Jharkhand
325,1,2,1,1,2868,2020,Dhanbad,Dhanbad,20,Jharkhand
325,2,3,0,1,2869,2020,Dhanbad Railway,Dhanbad,20,Jharkhand
326,11,4,9,7,2870,2020,Dumka,Dumka,20,Jharkhand
328,5,0,19,0,2871,2020,Garhwa,Garhwa,20,Jharkhand
329,0,0,0,0,2872,2020,Giridih,Giridih,20,Jharkhand
330,1,0,2,0,2873,2020,Godda,Godda,20,Jharkhand
331,4,0,2,2,2874,2020,Gumla,Gumla,20,Jharkhand
332,10,16,15,34,2875,2020,Hazaribagh,Hazaribagh,20,Jharkhand
327,5,32,6,33,2876,2020,Jamshedpur,East Singhbum,20,Jharkhand
327,0,5,0,2,2877,2020,Jamshedpur Railway,East Singhbum,20,Jharkhand
333,14,0,21,0,2878,2020,Jamtara,Jamtara,20,Jharkhand
606,5,2,10,3,2879,2020,Khunti,Khunti,20,Jharkhand
334,0,0,0,0,2880,2020,Koderma,Koderma,20,Jharkhand
335,3,5,6,3,2881,2020,Latehar,Latehar,20,Jharkhand
336,7,0,25,0,2882,2020,Lohardagga,Lohardaga,20,Jharkhand
337,0,0,1,0,2883,2020,Pakur,Pakur,20,Jharkhand
338,10,15,12,29,2884,2020,Palamu,Palamu,20,Jharkhand
607,2,6,5,7,2885,2020,Ramgarh,Ramgarh,20,Jharkhand
339,11,50,11,64,2886,2020,Ranchi,Ranchi,20,Jharkhand
340,1,0,2,2,2887,2020,Sahebganj,Sahebganj,20,Jharkhand
341,15,0,0,0,2888,2020,Saraikela,Saraikela Kharsawan,20,Jharkhand
342,5,0,32,0,2889,2020,Simdega,Simdega,20,Jharkhand
524,1,45,2,104,2890,2020,Bagalkot,Bagalkote,29,Karnataka
525,124,1382,155,2323,2891,2020,Bengaluru City,Bengaluru Urban,29,Karnataka
525,27,215,36,593,2892,2020,Bengaluru District,Bengaluru Urban,29,Karnataka
527,16,101,19,226,2893,2020,Belagavi District,Belagavi,29,Karnataka
528,15,107,20,170,2894,2020,Ballari,Ballari,29,Karnataka
529,12,31,11,85,2895,2020,Bidar,Bidar,29,Karnataka
530,25,67,25,171,2896,2020,Vijayapura,Vijayapura,29,Karnataka
630,0,61,4,317,2897,2020,Chikkaballapura,Chikkaballapura,29,Karnataka
531,7,62,8,122,2898,2020,Chamarajnagar,Chamarajanagara,29,Karnataka
532,10,95,9,175,2899,2020,Chikkamagaluru,Chikkamagaluru,29,Karnataka
533,7,101,13,354,2900,2020,Chitradurga,Chitradurga,29,Karnataka
534,1,64,5,55,2901,2020,Dakshina Kannada,Dakshina Kannada,29,Karnataka
535,20,104,25,265,2902,2020,Davanagere,Davangere,29,Karnataka
536,0,32,0,52,2903,2020,Dharwad,Dharwad,29,Karnataka
537,4,11,7,70,2904,2020,Gadag,Gadag,29,Karnataka
538,0,33,1,73,2905,2020,Kalaburgi,Kalaburagi,29,Karnataka
539,13,121,5,313,2906,2020,Hassan,Hassan,29,Karnataka
540,4,71,9,196,2907,2020,Haveri,Haveri,29,Karnataka
536,2,61,11,61,2908,2020,Hubballi Dharwad City,Dharwad,29,Karnataka
527,2,24,10,63,2909,2020,K.G.F.,Belagavi,29,Karnataka
541,11,59,11,113,2910,2020,Kodagu,Kodagu,29,Karnataka
542,9,74,18,206,2911,2020,Kolar,Kolar,29,Karnataka
543,0,46,15,106,2912,2020,Koppal,Koppal,29,Karnataka
544,28,184,36,445,2913,2020,Mandya,Mandya,29,Karnataka
534,1,89,0,73,2914,2020,Mangaluru City,Dakshina Kannada,29,Karnataka
545,12,143,14,187,2915,2020,Mysuru City,Mysuru,29,Karnataka
545,14,155,18,326,2916,2020,Mysuru District,Mysuru,29,Karnataka
546,11,48,13,124,2917,2020,Raichur,Raichur,29,Karnataka
525,0,14,0,8,2918,2020,K.Railways,Bengaluru Urban,29,Karnataka
631,21,126,28,293,2919,2020,Ramanagara,Ramanagara,29,Karnataka
547,22,213,36,463,2920,2020,Shimoga,Shivamogga,29,Karnataka
548,22,150,19,415,2921,2020,Tumakuru,Tumakuru,29,Karnataka
549,1,72,11,71,2922,2020,Udupi,Udupi,29,Karnataka
550,8,72,6,138,2923,2020,Uttara Kannada,Uttara Kannada,29,Karnataka
635,5,21,4,37,2924,2020,Yadgiri,Yadgir,29,Karnataka
527,9,56,6,71,2925,2020,Belagavi City,Belagavi,29,Karnataka
538,7,17,4,64,2926,2020,Kalaburgi City,Kalaburagi,29,Karnataka
554,29,129,35,486,2927,2020,Alapuzha,Alappuzha,32,Kerala
555,18,110,13,150,2928,2020,Ernakulam Commr.,Ernakulam,32,Kerala
555,33,154,34,315,2929,2020,Ernakulam Rural,Ernakulam,32,Kerala
556,33,89,24,232,2930,2020,Idukki,Idukki,32,Kerala
557,25,69,30,175,2931,2020,Kannur,Kannur,32,Kerala
558,20,58,23,110,2932,2020,Kasargod,Kasaragod,32,Kerala
559,45,116,63,479,2933,2020,Kollam Commr.,Kollam,32,Kerala
559,37,153,32,474,2934,2020,Kollam Rural,Kollam,32,Kerala
560,16,113,40,255,2935,2020,Kottayam,Kottayam,32,Kerala
561,32,73,28,151,2936,2020,Kozhikode Commr.,Kozhikode,32,Kerala
561,36,104,30,295,2937,2020,Kozhikode Rural,Kozhikode,32,Kerala
562,73,131,36,319,2938,2020,Malappuram,Malappuram,32,Kerala
563,38,136,56,376,2939,2020,Palakkad,Palakkad,32,Kerala
564,18,92,25,70,2940,2020,Pathanamthitta,Pathanamthitta,32,Kerala
565,1,14,0,0,2941,2020,Railways,Thiruvananthapuram,32,Kerala
566,31,120,54,258,2942,2020,Thrissur Commr.,Thrissur,32,Kerala
566,17,128,251,506,2943,2020,Thrissur Rural,Thrissur,32,Kerala
565,17,131,29,376,2944,2020,Trivandrum Commr.,Thiruvananthapuram,32,Kerala
565,79,185,58,369,2945,2020,Trivandrum Rural,Thiruvananthapuram,32,Kerala
567,18,53,23,114,2946,2020,Wayanadu,Wayanad,32,Kerala
565,0,0,1,0,2947,2020,Crime Branch,Thiruvananthapuram,32,Kerala
667,5,56,32,131,2948,2020,Agar,Agar Malwa,23,Madhya Pradesh
639,4,49,91,284,2949,2020,Alirajpur,Alirajpur,23,Madhya Pradesh
390,10,94,93,205,2950,2020,Anuppur,Anuppur,23,Madhya Pradesh
391,18,100,107,199,2951,2020,Ashok Nagar,Ashoknagar,23,Madhya Pradesh
392,17,237,157,579,2952,2020,Balaghat,Balaghat,23,Madhya Pradesh
393,10,88,118,316,2953,2020,Barwani,Barwani,23,Madhya Pradesh
394,36,212,170,671,2954,2020,Betul,Betul,23,Madhya Pradesh
395,38,82,79,136,2955,2020,Bhind,Bhind,23,Madhya Pradesh
396,102,5,277,2,2956,2020,Bhopal,Bhopal,23,Madhya Pradesh
396,7,17,5,17,2957,2020,Bhopal Railway,Bhopal,23,Madhya Pradesh
397,5,79,51,147,2958,2020,Burhanpur,Burhanpur,23,Madhya Pradesh
398,34,117,153,310,2959,2020,Chhatarpur,Chhatarpur,23,Madhya Pradesh
399,15,308,124,819,2960,2020,Chhindwara,Chhindwara,23,Madhya Pradesh
400,21,188,145,349,2961,2020,Damoh,Damoh,23,Madhya Pradesh
401,14,93,44,135,2962,2020,Datia,Datia,23,Madhya Pradesh
402,16,183,188,619,2963,2020,Dewas,Dewas,23,Madhya Pradesh
403,34,226,334,923,2964,2020,Dhar,Dhar,23,Madhya Pradesh
404,15,37,84,186,2965,2020,Dindori,Dindori,23,Madhya Pradesh
406,20,149,161,326,2966,2020,Guna,Guna,23,Madhya Pradesh
407,96,468,205,746,2967,2020,Gwalior,Gwalior,23,Madhya Pradesh
408,11,88,70,260,2968,2020,Harda,Harda,23,Madhya Pradesh
409,19,269,126,544,2969,2020,Hoshangabad,Narmadapuram,23,Madhya Pradesh
410,148,1079,511,1751,2970,2020,Indore,Indore,23,Madhya Pradesh
410,0,2,1,4,2971,2020,Indore Railway,Indore,23,Madhya Pradesh
411,82,670,333,1094,2972,2020,Jabalpur,Jabalpur,23,Madhya Pradesh
411,0,7,1,9,2973,2020,Jabalpur Railway,Jabalpur,23,Madhya Pradesh
412,0,52,70,264,2974,2020,Jhabua,Jhabua,23,Madhya Pradesh
413,26,178,129,410,2975,2020,Katni,Katni,23,Madhya Pradesh
410,60,334,211,1028,2976,2020,Khandwa,Indore,23,Madhya Pradesh
414,33,167,284,579,2977,2020,Khargone,Khargone,23,Madhya Pradesh
415,19,114,115,280,2978,2020,Mandla,Mandla,23,Madhya Pradesh
416,22,171,85,463,2979,2020,Mandsaur,Mandsaur,23,Madhya Pradesh
417,44,146,84,279,2980,2020,Morena,Morena,23,Madhya Pradesh
418,14,196,111,401,2981,2020,Narsinghpur,Narsinghpur,23,Madhya Pradesh
419,5,103,56,310,2982,2020,Neemuch,Neemuch,23,Madhya Pradesh
420,12,92,127,244,2983,2020,Panna,Panna,23,Madhya Pradesh
421,23,159,184,560,2984,2020,Raisen,Raisen,23,Madhya Pradesh
422,10,108,106,352,2985,2020,Rajgarh,Rajgarh,23,Madhya Pradesh
423,17,214,215,661,2986,2020,Ratlam,Ratlam,23,Madhya Pradesh
424,50,31,116,111,2987,2020,Rewa,Rewa,23,Madhya Pradesh
425,76,418,304,820,2988,2020,Sagar,Sagar,23,Madhya Pradesh
426,82,310,197,649,2989,2020,Satna,Satna,23,Madhya Pradesh
428,22,217,135,479,2990,2020,Seoni,Seoni,23,Madhya Pradesh
429,30,258,130,772,2991,2020,Shahdol,Shahdol,23,Madhya Pradesh
430,9,64,83,207,2992,2020,Shajapur,Shajapur,23,Madhya Pradesh
431,3,40,23,102,2993,2020,Sheopur,Sheopur,23,Madhya Pradesh
432,25,124,135,366,2994,2020,Shivpuri,Shivpuri,23,Madhya Pradesh
433,31,87,116,264,2995,2020,Sidhi,Sidhi,23,Madhya Pradesh
427,25,180,78,404,2996,2020,Sehore,Sehore,23,Madhya Pradesh
638,31,97,89,192,2997,2020,Singrauli,Singrauli,23,Madhya Pradesh
434,4,66,16,174,2998,2020,Tikamgarh,Tikamgarh,23,Madhya Pradesh
435,25,263,156,624,2999,2020,Ujjain,Ujjain,23,Madhya Pradesh
436,8,61,46,156,3000,2020,Umaria,Umaria,23,Madhya Pradesh
437,31,181,156,373,3001,2020,Vidisha,Vidisha,23,Madhya Pradesh
9999,0,0,0,0,3002,2020,Cyber Crime Cell,Cyber Crime Cell,23,Madhya Pradesh
722,7,40,13,72,3003,2020,Niwari,Niwari,23,Madhya Pradesh
466,62,694,114,1157,3004,2020,Ahmednagar,Ahmednagar,27,Maharashtra
467,12,212,24,409,3005,2020,Akola,Akola,27,Maharashtra
468,0,239,0,323,3006,2020,Amravati Commr.,Amravati,27,Maharashtra
468,8,236,109,499,3007,2020,Amravati Rural,Amravati,27,Maharashtra
469,57,411,31,521,3008,2020,Aurangabad Commr.,Aurangabad,27,Maharashtra
469,7,192,28,310,3009,2020,Aurangabad Rural,Aurangabad,27,Maharashtra
470,19,217,18,355,3010,2020,Beed,Beed,27,Maharashtra
471,10,176,60,478,3011,2020,Bhandara,Bhandara,27,Maharashtra
472,48,224,48,428,3012,2020,Buldhana,Buldhana,27,Maharashtra
473,0,366,0,719,3013,2020,Chandrapur,Chandrapur,27,Maharashtra
474,27,201,91,268,3014,2020,Dhule,Dhule,27,Maharashtra
475,1,101,22,189,3015,2020,Gadchiroli,Gadchiroli,27,Maharashtra
476,0,99,0,276,3016,2020,Gondia,Gondia,27,Maharashtra
477,4,91,12,110,3017,2020,Hingoli,Hingoli,27,Maharashtra
478,57,504,40,946,3018,2020,Jalgaon,Jalgaon,27,Maharashtra
479,0,17,24,28,3019,2020,Jalna,Jalna,27,Maharashtra
480,40,384,35,1069,3020,2020,Kolhapur,Kolhapur,27,Maharashtra
481,0,180,0,304,3021,2020,Latur,Latur,27,Maharashtra
482,334,2806,791,3509,3022,2020,Mumbai Commr.,Mumbai,27,Maharashtra
482,5,44,4,21,3023,2020,Mumbai Railway,Mumbai,27,Maharashtra
484,23,1060,59,1418,3024,2020,Nagpur Commr.,Nagpur,27,Maharashtra
484,2,5,0,5,3025,2020,Nagpur Railway,Nagpur,27,Maharashtra
484,0,328,0,720,3026,2020,Nagpur Rural,Nagpur,27,Maharashtra
485,23,259,34,397,3027,2020,Nanded,Nanded,27,Maharashtra
486,1,100,1,237,3028,2020,Nandurbar,Nandurbar,27,Maharashtra
487,34,541,24,801,3029,2020,Nasik Commr.,Nashik,27,Maharashtra
487,0,595,0,1311,3030,2020,Nasik Rural,Nashik,27,Maharashtra
483,38,526,37,709,3031,2020,Navi Mumbai,Mumbai Suburban,27,Maharashtra
488,13,120,16,269,3032,2020,Osmanabad,Osmanabad,27,Maharashtra
665,19,141,17,230,3033,2020,Palghar,Palghar,27,Maharashtra
489,0,143,0,229,3034,2020,Parbhani,Parbhani,27,Maharashtra
490,45,1078,61,1508,3035,2020,Pune Commr.,Pune,27,Maharashtra
490,0,8,0,4,3036,2020,Pune Railway,Pune,27,Maharashtra
490,75,680,106,1297,3037,2020,Pune Rural,Pune,27,Maharashtra
491,15,180,21,310,3038,2020,Raigad,Raigad,27,Maharashtra
492,11,174,12,206,3039,2020,Ratnagiri,Ratnagiri,27,Maharashtra
493,16,414,24,908,3040,2020,Sangli,Sangli,27,Maharashtra
494,38,391,73,941,3041,2020,Satara,Satara,27,Maharashtra
495,6,80,7,97,3042,2020,Sindhudurg,Sindhudurg,27,Maharashtra
496,25,243,16,333,3043,2020,Solapur Commr.,Solapur,27,Maharashtra
496,0,346,0,621,3044,2020,Solapur Rural,Solapur,27,Maharashtra
497,34,1412,88,1842,3045,2020,Thane Commr.,Thane,27,Maharashtra
497,2,185,27,336,3046,2020,Thane Rural,Thane,27,Maharashtra
498,0,353,0,557,3047,2020,Wardha,Wardha,27,Maharashtra
499,2,134,18,189,3048,2020,Washim,Washim,27,Maharashtra
500,4,375,10,677,3049,2020,Yavatmal,Yavatmal,27,Maharashtra
490,4,792,3,1156,3050,2020,Pimpri Chinchwad City,Pune,27,Maharashtra
469,0,17,0,8,3051,2020,Aurangabad Railway,Aurangabad,27,Maharashtra
497,41,568,89,854,3052,2020,Mira Bhayandar Vasai Virar Commr.,Thane,27,Maharashtra
252,5,12,5,16,3053,2020,Bishnupur,Bishnupur,14,Manipur
253,0,0,1,2,3054,2020,Chandel,Chandel,14,Manipur
254,0,0,0,0,3055,2020,Churachandpur,Churachandpur,14,Manipur
256,0,0,0,0,3056,2020,Cid,Imphal West,14,Manipur
255,5,18,6,29,3057,2020,Imphal East,Imphal East,14,Manipur
256,3,6,7,19,3058,2020,Imphal West,Imphal West,14,Manipur
257,0,0,0,0,3059,2020,Senapati,Senapati,14,Manipur
258,0,0,0,0,3060,2020,Tamenglong,Tamenglong,14,Manipur
259,3,10,8,9,3061,2020,Thoubal,Thoubal,14,Manipur
260,0,0,0,0,3062,2020,Ukhrul,Ukhrul,14,Manipur
711,2,8,3,15,3063,2020,Kakching,Kakching,14,Manipur
717,0,0,0,0,3064,2020,Kamjong,Kamjong,14,Manipur
712,0,0,0,0,3065,2020,Kangpokpi,Kangpokpi,14,Manipur
713,0,4,3,2,3066,2020,Jiribam,Jiribam,14,Manipur
714,0,0,0,0,3067,2020,Noney,Noney,14,Manipur
715,0,0,0,0,3068,2020,Pherzawl,Pherzawl,14,Manipur
716,0,0,0,0,3069,2020,Tengnoupal,Tengnoupal,14,Manipur
256,0,0,0,0,3070,2020,Narcotic,Imphal West,14,Manipur
273,0,0,1,0,3071,2020,Garo Hills East,East Garo Hills,17,Meghalaya
656,0,2,0,4,3072,2020,Garo Hills North,North Garo Hills,17,Meghalaya
277,0,0,0,0,3073,2020,Garo Hills South,South Garo Hills,17,Meghalaya
663,0,0,0,0,3074,2020,Garo Hills South West,South West Garo Hills,17,Meghalaya
278,0,4,13,17,3075,2020,Garo Hills West,West Garo Hills,17,Meghalaya
275,1,1,2,0,3076,2020,Jaintia Hills West,West Jaintia Hills,17,Meghalaya
657,0,0,0,0,3077,2020,Jaintia Hills East,East Jaintia Hills,17,Meghalaya
274,6,66,15,46,3078,2020,Khasi Hills East,East Khasi Hills,17,Meghalaya
658,0,2,1,0,3079,2020,Khasi Hills South West,South West Khasi Hills,17,Meghalaya
279,0,0,0,0,3080,2020,Khasi Hills West,West Khasi Hills,17,Meghalaya
276,5,5,0,3,3081,2020,Ri-Bhoi,Ri Bhoi,17,Meghalaya
274,0,0,0,0,3082,2020,Cyber Cell,East Khasi Hills,17,Meghalaya
261,0,0,0,0,3083,2020,Aizawl,Aizawl,15,Mizoram
262,0,0,0,0,3084,2020,Champhai,Champhai,15,Mizoram
263,0,0,0,0,3085,2020,Kolasib,Kolasib,15,Mizoram
264,0,0,0,0,3086,2020,Lawngtlai,Lawngtlai,15,Mizoram
265,0,0,0,0,3087,2020,Lunglei,Lunglei,15,Mizoram
266,0,0,0,0,3088,2020,Mamit,Mamit,15,Mizoram
267,0,0,0,0,3089,2020,Saiha,Saiha,15,Mizoram
268,0,0,0,0,3090,2020,Serchhip,Serchhip,15,Mizoram
261,0,0,0,0,3091,2020,Spl Narcotic,Aizawl,15,Mizoram
727,0,0,0,0,3092,2020,Saitual,Saitual,15,Mizoram
728,0,0,0,0,3093,2020,Khawzawl,Khawzawl,15,Mizoram
726,0,0,0,0,3094,2020,Hnahthial,Hnahthial,15,Mizoram
261,0,0,0,0,3095,2020,Cyber,Aizawl,15,Mizoram
244,0,10,4,5,3096,2020,Dimapur,Dimapur,13,Nagaland
614,0,0,0,0,3097,2020,Kiphire,Kiphire,13,Nagaland
245,4,0,13,5,3098,2020,Kohima,Kohima,13,Nagaland
615,0,0,0,0,3099,2020,Longleng,Longleng,13,Nagaland
246,0,0,0,0,3100,2020,Mokokchung,Mokokchung,13,Nagaland
247,0,0,0,0,3101,2020,Mon,Mon,13,Nagaland
613,0,0,0,0,3102,2020,Peren,Peren,13,Nagaland
248,0,0,0,0,3103,2020,Phek,Phek,13,Nagaland
249,0,0,0,0,3104,2020,Tuensang,Tuensang,13,Nagaland
250,0,0,0,0,3105,2020,Wokha,Wokha,13,Nagaland
251,0,0,0,0,3106,2020,Zunheboto,Zunheboto,13,Nagaland
344,0,0,0,0,3107,2020,Angul,Anugul,21,Odisha
346,0,0,0,0,3108,2020,Balasore,Baleshwar,21,Odisha
347,0,0,0,0,3109,2020,Baragarh,Bargarh,21,Odisha
346,0,0,0,0,3110,2020,Berhampur,Baleshwar,21,Odisha
348,0,0,0,0,3111,2020,Bhadrak,Bhadrak,21,Odisha
345,0,0,0,0,3112,2020,Bolangir,Balangir,21,Odisha
349,0,0,0,0,3113,2020,Boudh,Boudh,21,Odisha
350,0,0,0,0,3114,2020,Cuttack,Cuttack,21,Odisha
362,0,0,0,0,3115,2020,Dcp Bbsr,Khordha,21,Odisha
350,0,0,0,0,3116,2020,Dcp Ctc,Cuttack,21,Odisha
351,0,0,0,0,3117,2020,Deogarh,Deogarh,21,Odisha
352,6,49,39,216,3118,2020,Dhenkanal,Dhenkanal,21,Odisha
353,0,0,0,0,3119,2020,Gajapati,Gajapati,21,Odisha
354,0,0,0,0,3120,2020,Ganjam,Ganjam,21,Odisha
355,0,0,0,0,3121,2020,Jagatsinghpur,Jagatsinghapur,21,Odisha
356,0,0,0,0,3122,2020,Jajpur,Jajapur,21,Odisha
357,0,0,0,0,3123,2020,Jharsuguda,Jharsuguda,21,Odisha
358,0,0,0,0,3124,2020,Kalahandi,Kalahandi,21,Odisha
359,0,0,0,0,3125,2020,Kandhamal,Kandhamal,21,Odisha
360,0,0,0,0,3126,2020,Kendrapara,Kendrapara,21,Odisha
361,0,0,0,0,3127,2020,Keonjhar,Kendujhar,21,Odisha
362,0,0,0,0,3128,2020,Khurda,Khordha,21,Odisha
363,0,0,0,0,3129,2020,Koraput,Koraput,21,Odisha
364,0,0,0,0,3130,2020,Malkangiri,Malkangiri,21,Odisha
365,0,0,0,0,3131,2020,Mayurbhanj,Mayurbhanj,21,Odisha
367,0,0,0,0,3132,2020,Nayagarh,Nayagarh,21,Odisha
366,0,0,0,0,3133,2020,Nabarangpur,Nabarangpur,21,Odisha
368,0,0,0,0,3134,2020,Nuapada,Nuapada,21,Odisha
369,0,0,0,0,3135,2020,Puri,Puri,21,Odisha
370,0,0,0,0,3136,2020,Rayagada,Rayagada,21,Odisha
373,0,0,0,0,3137,2020,Rourkela,Sundargarh,21,Odisha
371,0,0,0,0,3138,2020,Sambalpur,Sambalpur,21,Odisha
372,0,0,0,0,3139,2020,Sonepur,Sonepur,21,Odisha
350,0,0,0,0,3140,2020,Srp(Cuttack),Cuttack,21,Odisha
373,0,0,0,0,3141,2020,Srp(Rourkela),Sundargarh,21,Odisha
373,0,0,0,0,3142,2020,Sundargarh,Sundargarh,21,Odisha
350,337,2444,2517,9084,3143,2020,Cid Cb,Cuttack,21,Odisha
27,5,27,67,23,3144,2020,Amritsar Rural,Amritsar,3,Punjab
605,1,12,11,10,3145,2020,Barnala,Barnala,3,Punjab
32,1,40,0,14,3146,2020,Batala,Gurdaspur,3,Punjab
28,2,37,3,33,3147,2020,Bathinda,Bathinda,3,Punjab
27,9,70,67,72,3148,2020,Cp Amritsar,Amritsar,3,Punjab
34,0,140,0,172,3149,2020,Cp Jalandhar,Jalandhar,3,Punjab
36,19,41,25,43,3150,2020,Cp Ludhiana,Ludhiana,3,Punjab
29,0,18,0,11,3151,2020,Faridkot,Faridkot,3,Punjab
30,9,75,2,51,3152,2020,Fatehgarh Sahib,Fatehgarh Sahib,3,Punjab
651,5,46,6,41,3153,2020,Fazilka,Fazilka,3,Punjab
31,0,59,31,33,3154,2020,Ferozepur,Ferozepur,3,Punjab
41,1,1,1,2,3155,2020,Grp,Patiala,3,Punjab
32,2,13,0,9,3156,2020,Gurdaspur,Gurdaspur,3,Punjab
33,0,43,42,149,3157,2020,Hoshiarpur,Hoshiarpur,3,Punjab
34,22,95,41,196,3158,2020,Jalandhar Rural,Jalandhar,3,Punjab
35,0,29,0,25,3159,2020,Kapurthala,Kapurthala,3,Punjab
36,3,39,9,40,3160,2020,Khanna,Ludhiana,3,Punjab
36,0,26,0,9,3161,2020,Ludhiana Rural,Ludhiana,3,Punjab
37,0,4,0,5,3162,2020,Mansa,Mansa,3,Punjab
38,3,62,2,35,3163,2020,Moga,Moga,3,Punjab
39,1,52,2,42,3164,2020,Muktsar,Sri Muktsar Sahib,3,Punjab
662,2,20,0,16,3165,2020,Pathankot,Pathankot,3,Punjab
41,15,45,101,112,3166,2020,Patiala,Patiala,3,Punjab
42,4,38,23,17,3167,2020,Ropar,Rupnagar,3,Punjab
43,8,20,79,34,3168,2020,Sangrur,Sangrur,3,Punjab
608,0,18,2,22,3169,2020,Sas Nagar,S.A.S Nagar,3,Punjab
40,2,18,15,15,3170,2020,Sbs Nagar,Shahid Bhagat Singh Nagar,3,Punjab
609,8,41,4,20,3171,2020,Tarn Taran,Tarn Taran,3,Punjab
608,0,0,0,0,3172,2020,Bureau Of Investigation,S.A.S Nagar,3,Punjab
608,0,0,0,0,3173,2020,Intelligence Wing,S.A.S Nagar,3,Punjab
608,0,0,0,0,3174,2020,Nri Wing,S.A.S Nagar,3,Punjab
27,0,0,0,0,3175,2020,Special Task Force,Amritsar,3,Punjab
86,46,239,179,768,3176,2020,Ajmer,Ajmer,8,Rajasthan
87,22,106,73,236,3177,2020,Alwar,Alwar,8,Rajasthan
88,1,74,5,246,3178,2020,Banswara,Banswara,8,Rajasthan
89,12,75,74,354,3179,2020,Baran,Baran,8,Rajasthan
90,5,36,49,124,3180,2020,Barmer,Barmer,8,Rajasthan
91,14,99,9,169,3181,2020,Bharatpur,Bharatpur,8,Rajasthan
92,11,159,205,744,3182,2020,Bhilwara,Bhilwara,8,Rajasthan
93,0,0,0,0,3183,2020,Bikaner,Bikaner,8,Rajasthan
94,6,68,97,339,3184,2020,Bundi,Bundi,8,Rajasthan
95,9,132,154,563,3185,2020,Chittorgarh,Chittorgarh,8,Rajasthan
96,7,56,35,230,3186,2020,Churu,Churu,8,Rajasthan
97,10,152,26,142,3187,2020,Dausa,Dausa,8,Rajasthan
98,7,35,2,85,3188,2020,Dholpur,Dholpur,8,Rajasthan
99,4,49,53,260,3189,2020,Dungarpur,Dungarpur,8,Rajasthan
86,1,5,0,1,3190,2020,Grp Ajmer,Ajmer,8,Rajasthan
107,1,5,1,2,3191,2020,Grp Jodhpur,Jodhpur,8,Rajasthan
100,16,268,4,1413,3192,2020,Ganganagar,Ganganagar,8,Rajasthan
101,7,125,58,354,3193,2020,Hanumangarh,Hanumangarh,8,Rajasthan
102,6,180,17,321,3194,2020,Jaipur East,Jaipur,8,Rajasthan
102,18,148,69,282,3195,2020,Jaipur North,Jaipur,8,Rajasthan
783,5,175,55,188,3196,2020,Jaipur Rural,Jaipur (Gramin),8,Rajasthan
102,34,186,98,304,3197,2020,Jaipur South,Jaipur,8,Rajasthan
102,32,202,99,291,3198,2020,Jaipur West,Jaipur,8,Rajasthan
103,1,18,10,37,3199,2020,Jaisalmer,Jaisalmer,8,Rajasthan
104,5,51,62,272,3200,2020,Jalore,Jalore,8,Rajasthan
105,10,78,125,379,3201,2020,Jhalawar,Jhalawar,8,Rajasthan
106,10,72,59,375,3202,2020,Jhunjhunu,Jhunjhunu,8,Rajasthan
107,3,86,37,172,3203,2020,Jodhpur East,Jodhpur,8,Rajasthan
107,17,134,49,206,3204,2020,Jodhpur West,Jodhpur,8,Rajasthan
107,10,55,45,130,3205,2020,Jodhpur Rural,Jodhpur,8,Rajasthan
108,7,42,4,83,3206,2020,Karauli,Karauli,8,Rajasthan
109,35,211,110,522,3207,2020,Kota City,Kota,8,Rajasthan
109,5,62,75,309,3208,2020,Kota Rural,Kota,8,Rajasthan
110,14,111,93,357,3209,2020,Nagaur,Nagaur,8,Rajasthan
111,70,245,76,947,3210,2020,Pali,Pali,8,Rajasthan
629,6,47,71,206,3211,2020,Pratapgarh,Pratapgarh,8,Rajasthan
112,11,83,105,567,3212,2020,Rajsamand,Rajsamand,8,Rajasthan
113,8,26,6,119,3213,2020,Sawai Madhopur,Sawai Madhopur,8,Rajasthan
114,25,121,98,418,3214,2020,Sikar,Sikar,8,Rajasthan
115,5,52,36,277,3215,2020,Sirohi,Sirohi,8,Rajasthan
116,5,49,16,250,3216,2020,Tonk,Tonk,8,Rajasthan
117,9,190,100,751,3217,2020,Udaipur,Udaipur,8,Rajasthan
102,0,0,0,0,3218,2020,Jaipur Metro,Jaipur,8,Rajasthan
102,0,0,0,0,3219,2020,Scrb,Jaipur,8,Rajasthan
102,0,0,0,0,3220,2020,Sog,Jaipur,8,Rajasthan
102,0,0,0,0,3221,2020,Ssb,Jaipur,8,Rajasthan
102,0,0,0,0,3222,2020,Jaipur Crime,Jaipur,8,Rajasthan
770,21,86,89,180,3223,2020,Bhiwadi,Khairthal-Tijara,8,Rajasthan
225,0,20,7,43,3224,2020,East,Gangtok,11,Sikkim
226,0,1,0,0,3225,2020,North,Mangan,11,Sikkim
227,0,12,2,21,3226,2020,South,Namchi,11,Sikkim
228,0,5,2,20,3227,2020,West,Gyalshing,11,Sikkim
610,13,34,64,177,3228,2020,Ariyalur,Ariyalur,33,Tamil Nadu
568,180,902,551,1546,3229,2020,Chennai,Chennai,33,Tamil Nadu
569,21,108,149,225,3230,2020,Coimbatore,Coimbatore,33,Tamil Nadu
569,28,83,76,154,3231,2020,Coimbatore City,Coimbatore,33,Tamil Nadu
570,12,69,41,253,3232,2020,Cuddalore,Cuddalore,33,Tamil Nadu
571,9,21,67,66,3233,2020,Dharmapuri,Dharmapuri,33,Tamil Nadu
572,24,44,98,132,3234,2020,Dindigul,Dindigul,33,Tamil Nadu
573,36,103,155,362,3235,2020,Erode,Erode,33,Tamil Nadu
574,14,62,34,219,3236,2020,Kanchipuram,Kanchipuram,33,Tamil Nadu
575,33,125,30,225,3237,2020,Kanyakumari,Kanniyakumari,33,Tamil Nadu
576,13,44,59,128,3238,2020,Karur,Karur,33,Tamil Nadu
577,13,44,44,89,3239,2020,Krishnagiri,Krishnagiri,33,Tamil Nadu
578,34,92,109,268,3240,2020,Madurai,Madurai,33,Tamil Nadu
578,30,106,67,303,3241,2020,Madurai City,Madurai,33,Tamil Nadu
579,11,30,46,145,3242,2020,Nagapattinam,Nagapattinam,33,Tamil Nadu
580,22,48,85,190,3243,2020,Namakkal,Namakkal,33,Tamil Nadu
587,13,17,37,50,3244,2020,Nilgiris,The Nilgiris,33,Tamil Nadu
581,4,20,35,80,3245,2020,Perambalur,Perambalur,33,Tamil Nadu
582,16,56,66,254,3246,2020,Pudukottai,Pudukkottai,33,Tamil Nadu
583,24,47,52,215,3247,2020,Ramnathapuram,Ramanathapuram,33,Tamil Nadu
568,4,3,6,4,3248,2020,Railway Chennai,Chennai,33,Tamil Nadu
591,0,0,1,1,3249,2020,Railway Trichy,Tiruchirappalli,33,Tamil Nadu
584,17,45,125,131,3250,2020,Salem,Salem,33,Tamil Nadu
584,36,69,71,166,3251,2020,Salem City,Salem,33,Tamil Nadu
585,7,30,47,104,3252,2020,Sivagangai,Sivaganga,33,Tamil Nadu
586,21,74,100,259,3253,2020,Thanjavur,Thanjavur,33,Tamil Nadu
588,18,34,73,60,3254,2020,Theni,Theni,33,Tamil Nadu
592,22,39,75,151,3255,2020,Thirunelveli,Tirunelveli,33,Tamil Nadu
592,15,31,23,103,3256,2020,Thirunelveli City,Tirunelveli,33,Tamil Nadu
589,47,143,125,463,3257,2020,Thiruvallur,Thiruvallur,33,Tamil Nadu
593,23,61,114,307,3258,2020,Thiruvannamalai,Tiruvannamalai,33,Tamil Nadu
590,16,24,24,119,3259,2020,Thiruvarur,Thiruvarur,33,Tamil Nadu
594,30,75,112,224,3260,2020,Thoothukudi,Tuticorin,33,Tamil Nadu
634,5,55,80,175,3261,2020,Tiruppur,Tiruppur,33,Tamil Nadu
634,27,58,75,165,3262,2020,Tiruppur City,Tiruppur,33,Tamil Nadu
591,27,60,84,237,3263,2020,Trichy,Tiruchirappalli,33,Tamil Nadu
591,20,56,50,122,3264,2020,Trichy City,Tiruchirappalli,33,Tamil Nadu
595,12,67,77,194,3265,2020,Vellore,Vellore,33,Tamil Nadu
596,6,86,50,308,3266,2020,Villupuram,Villupuram,33,Tamil Nadu
597,41,53,117,172,3267,2020,Virudhunagar,Virudhunagar,33,Tamil Nadu
568,0,0,0,0,3268,2020,Cyber Cell,Chennai,33,Tamil Nadu
568,0,0,0,0,3269,2020,Other Units,Chennai,33,Tamil Nadu
730,29,66,71,269,3270,2020,Chengalpattu,Chengalpattu,33,Tamil Nadu
729,5,16,37,62,3271,2020,Kallakurichi,Kallakurichi,33,Tamil Nadu
731,22,51,64,191,3272,2020,Ranipet,Ranipet,33,Tamil Nadu
732,27,45,24,181,3273,2020,Tiruppattur,Tirupathur,33,Tamil Nadu
733,19,39,55,143,3274,2020,Tenkasi,Tenkasi,33,Tamil Nadu
518,259,1334,216,1863,3275,2020,Cyberabad Commissionerate,Ranga Reddy,36,Telangana
507,263,1213,456,1538,3276,2020,Hyderabad Commissionerate,Hyderabad,36,Telangana
508,23,101,59,231,3277,2020,Karimnagar Commissionerate,Karimnagar,36,Telangana
509,8,106,6,299,3278,2020,Khammam Commissionerate,Khammam,36,Telangana
516,34,163,88,276,3279,2020,Nizamabad Commissionerate,Nizamabad,36,Telangana
697,231,893,180,1448,3280,2020,Rachakonda Commissionerate,Yadadri Bhuvanagiri,36,Telangana
682,11,95,6,318,3281,2020,Ramagundam Commissionerate,Peddapalli,36,Telangana
692,35,111,68,299,3282,2020,Siddipet Commissionerate,Siddipet,36,Telangana
522,51,202,154,467,3283,2020,Warangal Commissionerate,Warangal,36,Telangana
501,5,26,9,69,3284,2020,Adilabad,Adilabad,36,Telangana
690,18,82,12,251,3285,2020,Bhadradri Kothagudem,Bhadradri Kothagudem,36,Telangana
681,15,50,60,174,3286,2020,Jagityal,Jagitial,36,Telangana
687,3,19,5,85,3287,2020,Jayashankar Bhupalpalli,Jayashankar Bhupalapally,36,Telangana
695,11,18,41,81,3288,2020,Jogulamba Gadwal,Jogulamba Gadwal,36,Telangana
685,32,90,66,196,3289,2020,Kamareddy ,Kamareddy,36,Telangana
699,9,35,8,52,3290,2020,Kumaram Bheem Asifabad,Kumuram Bheem Asifabad,36,Telangana
688,12,31,48,99,3291,2020,Mahabubabad,Mahabubabad,36,Telangana
512,33,63,17,234,3292,2020,Mahabubnagar,Mahabubnagar,36,Telangana
513,36,65,30,140,3293,2020,Medak,Medak,36,Telangana
694,8,34,25,120,3294,2020,Nagarkurnool,Nagarkurnool,36,Telangana
514,18,62,41,254,3295,2020,Nalgonda,Nalgonda,36,Telangana
680,8,47,23,93,3296,2020,Nirmal,Nirmal,36,Telangana
683,1,29,5,102,3297,2020,Rajanna Siricilla,Rajanna Sircilla,36,Telangana
691,46,162,125,281,3298,2020,Sangareddy,Sangareddy,36,Telangana
696,18,45,30,156,3299,2020,Suryapet,Suryapet,36,Telangana
698,18,40,16,177,3300,2020,Vikarabad,Vikarabad,36,Telangana
693,12,20,69,110,3301,2020,Wanaparthy,Wanaparthy,36,Telangana
507,0,9,0,3,3302,2020,Railway Police Secunderabad,Hyderabad,36,Telangana
720,5,19,1,40,3303,2020,Mulug,Mulugu,36,Telangana
721,7,22,6,78,3304,2020,Narayanpet,Narayanpet,36,Telangana
269,2,27,4,51,3305,2020,Dhalai,Dhalai,16,Tripura
654,1,32,12,195,3306,2020,Gomati,Gomati,16,Tripura
272,0,0,0,0,3307,2020,Grp,West Tripura,16,Tripura
652,0,39,4,53,3308,2020,Kowai,Khowai,16,Tripura
270,0,5,5,9,3309,2020,North,North Tripura,16,Tripura
653,4,22,11,91,3310,2020,Sipahijala,Sepahijala,16,Tripura
271,8,37,22,90,3311,2020,South,South Tripura,16,Tripura
655,0,16,7,37,3312,2020,Unakoti,Unakoti,16,Tripura
272,16,133,31,348,3313,2020,West,West Tripura,16,Tripura
118,12,130,11,143,3314,2020,Agra,Agra,9,Uttar Pradesh
119,15,58,10,60,3315,2020,Aligarh,Aligarh,9,Uttar Pradesh
120,22,91,53,102,3316,2020,Prayagraj,Prayagraj,9,Uttar Pradesh
121,3,10,4,22,3317,2020,Ambedkar Nagar,Ambedkar Nagar,9,Uttar Pradesh
640,1,19,6,13,3318,2020,Amethi,Amethi,9,Uttar Pradesh
154,2,0,9,0,3319,2020,Amroha,Amroha,9,Uttar Pradesh
122,4,12,8,12,3320,2020,Auraiya,Auraiya,9,Uttar Pradesh
123,27,81,34,142,3321,2020,Azamgarh,Azamgarh,9,Uttar Pradesh
133,11,33,24,54,3322,2020,Badaun,Budaun,9,Uttar Pradesh
124,4,77,12,64,3323,2020,Baghpat,Baghpat,9,Uttar Pradesh
125,1,65,9,63,3324,2020,Bahraich,Bahraich,9,Uttar Pradesh
126,7,56,13,56,3325,2020,Ballia,Ballia,9,Uttar Pradesh
127,6,24,11,33,3326,2020,Balrampur,Balrampur,9,Uttar Pradesh
128,3,8,5,19,3327,2020,Banda,Banda,9,Uttar Pradesh
129,17,32,23,48,3328,2020,Barabanki,Barabanki,9,Uttar Pradesh
130,7,32,12,57,3329,2020,Bareilly,Bareilly,9,Uttar Pradesh
131,0,0,0,0,3330,2020,Basti,Basti,9,Uttar Pradesh
132,7,82,8,134,3331,2020,Bijnor,Bijnor,9,Uttar Pradesh
134,8,63,18,82,3332,2020,Bulandshahar,Bulandshahr,9,Uttar Pradesh
135,1,64,7,86,3333,2020,Chandoli,Chandauli,9,Uttar Pradesh
136,0,3,0,2,3334,2020,Chitrakoot,Chitrakoot,9,Uttar Pradesh
137,0,0,0,0,3335,2020,Deoria,Deoria,9,Uttar Pradesh
138,2,27,4,39,3336,2020,Etah,Etah,9,Uttar Pradesh
139,7,30,18,66,3337,2020,Etawah,Etawah,9,Uttar Pradesh
140,3,15,15,29,3338,2020,Ayodhya,Ayodhya,9,Uttar Pradesh
141,2,31,8,29,3339,2020,Fatehgarh,Farrukhabad,9,Uttar Pradesh
142,13,42,10,83,3340,2020,Fatehpur,Fatehpur,9,Uttar Pradesh
143,35,23,36,27,3341,2020,Firozabad,Firozabad,9,Uttar Pradesh
162,0,21,4,12,3342,2020,Grp,Lucknow,9,Uttar Pradesh
144,20,188,87,239,3343,2020,Gautambudh Nagar,Gautam Buddha Nagar,9,Uttar Pradesh
145,36,129,57,117,3344,2020,Ghaziabad,Ghaziabad,9,Uttar Pradesh
146,11,3,7,0,3345,2020,Ghazipur,Ghazipur,9,Uttar Pradesh
147,6,22,14,41,3346,2020,Gonda,Gonda,9,Uttar Pradesh
148,0,0,0,0,3347,2020,Gorakhpur,Gorakhpur,9,Uttar Pradesh
149,0,20,1,11,3348,2020,Hamirpur,Hamirpur,9,Uttar Pradesh
661,8,87,14,62,3349,2020,Hapur,Hapur,9,Uttar Pradesh
150,12,8,0,3,3350,2020,Hardoi,Hardoi,9,Uttar Pradesh
163,3,12,2,19,3351,2020,Hathras,Hathras,9,Uttar Pradesh
151,9,52,0,2,3352,2020,Jalaun,Jalaun,9,Uttar Pradesh
152,4,12,5,31,3353,2020,Jaunpur,Jaunpur,9,Uttar Pradesh
153,0,0,74,10,3354,2020,Jhansi,Jhansi,9,Uttar Pradesh
155,19,0,0,0,3355,2020,Kannauj,Kannauj,9,Uttar Pradesh
156,11,4,20,18,3356,2020,Kanpur Dehat,Kanpur Dehat,9,Uttar Pradesh
157,73,143,68,130,3357,2020,Kanpur Nagar,Kanpur Nagar,9,Uttar Pradesh
633,4,31,3,32,3358,2020,Kasganj,Kasganj,9,Uttar Pradesh
158,8,14,49,47,3359,2020,Kaushambi,Kaushambi,9,Uttar Pradesh
159,29,12,24,19,3360,2020,Khiri,Kheri,9,Uttar Pradesh
160,1,4,18,9,3361,2020,Kushi Nagar,Kushi Nagar,9,Uttar Pradesh
161,3,1,15,12,3362,2020,Lalitpur,Lalitpur,9,Uttar Pradesh
162,208,322,205,234,3363,2020,Lucknow Commissionarate,Lucknow,9,Uttar Pradesh
164,0,0,15,22,3364,2020,Maharajganj,Maharajganj,9,Uttar Pradesh
165,2,0,14,0,3365,2020,Mahoba,Mahoba,9,Uttar Pradesh
166,15,0,33,0,3366,2020,Mainpuri,Mainpuri,9,Uttar Pradesh
167,6,4,20,10,3367,2020,Mathura,Mathura,9,Uttar Pradesh
168,2,20,6,15,3368,2020,Mau,Mau,9,Uttar Pradesh
169,2,66,6,62,3369,2020,Meerut,Meerut,9,Uttar Pradesh
170,6,45,17,63,3370,2020,Mirzapur,Mirzapur,9,Uttar Pradesh
171,24,20,45,15,3371,2020,Moradabad,Moradabad,9,Uttar Pradesh
172,16,64,36,56,3372,2020,Muzaffarnagar,Muzaffarnagar,9,Uttar Pradesh
173,9,60,6,44,3373,2020,Pilibhit,Pilibhit,9,Uttar Pradesh
174,4,9,6,16,3374,2020,Pratapgarh,Pratapgarh,9,Uttar Pradesh
175,5,35,15,49,3375,2020,Raibareilly,Rae Bareli,9,Uttar Pradesh
176,0,0,0,0,3376,2020,Rampur,Rampur,9,Uttar Pradesh
177,9,55,13,51,3377,2020,Saharanpur,Saharanpur,9,Uttar Pradesh
659,2,10,9,8,3378,2020,Sambhal,Sambhal,9,Uttar Pradesh
178,3,25,15,37,3379,2020,Sant Kabirnagar,Sant Kabeer Nagar,9,Uttar Pradesh
180,7,51,25,47,3380,2020,Shahjahanpur,Shahjahanpur,9,Uttar Pradesh
660,7,24,5,41,3381,2020,Shamli,Shamli,9,Uttar Pradesh
181,13,2,19,1,3382,2020,Shrawasti,Shravasti,9,Uttar Pradesh
182,3,19,4,38,3383,2020,Sidharthnagar,Siddharth Nagar,9,Uttar Pradesh
183,25,75,24,75,3384,2020,Sitapur,Sitapur,9,Uttar Pradesh
184,12,35,16,78,3385,2020,Sonbhadra,Sonbhadra,9,Uttar Pradesh
179,18,0,16,0,3386,2020,Bhadohi,Bhadohi,9,Uttar Pradesh
185,3,4,8,13,3387,2020,Sultanpur,Sultanpur,9,Uttar Pradesh
186,9,49,16,66,3388,2020,Unnao,Unnao,9,Uttar Pradesh
187,14,144,32,151,3389,2020,Varanasi,Varanasi,9,Uttar Pradesh
162,10,62,13,80,3390,2020,Lucknow Grameen,Lucknow,9,Uttar Pradesh
45,1,14,3,23,3391,2020,Almora,Almora,5,Uttarakhand
46,3,11,7,23,3392,2020,Bageshwar,Bageshwar,5,Uttarakhand
47,1,23,7,14,3393,2020,Chamoli,Chamoli,5,Uttarakhand
48,4,15,5,22,3394,2020,Champawat,Champawat,5,Uttarakhand
49,8,172,32,159,3395,2020,Dehradun,Dehradun,5,Uttarakhand
50,31,181,56,218,3396,2020,Haridwar,Haridwar,5,Uttarakhand
51,30,66,46,106,3397,2020,Nainital,Nainital,5,Uttarakhand
52,3,26,11,27,3398,2020,Pauri Garhwal,Pauri Garhwal,5,Uttarakhand
53,1,8,9,8,3399,2020,Pithoragarh,Pithoragarh,5,Uttarakhand
54,1,4,5,16,3400,2020,Rudra Prayag,Rudra Prayag,5,Uttarakhand
55,2,14,2,39,3401,2020,Tehri Garhwal,Tehri Garhwal,5,Uttarakhand
56,41,120,87,166,3402,2020,Udhamsingh Nagar,Udam Singh Nagar,5,Uttarakhand
57,2,7,1,16,3403,2020,Uttarkashi,Uttar Kashi,5,Uttarakhand
49,0,0,0,0,3404,2020,Grp,Dehradun,5,Uttarakhand
664,29,202,101,412,3405,2020,Alipurduar,Alipurduar,19,West Bengal
704,16,404,43,519,3406,2020,Asansol-Durgapur Pc,Paschim Bardhaman,19,West Bengal
305,6,263,92,557,3407,2020,Bankura,Bankura,19,West Bengal
303,74,935,334,1246,3408,2020,Barrackpur Pc,24 Paraganas North,19,West Bengal
303,12,273,74,383,3409,2020,Bidhannagar Pc,24 Paraganas North,19,West Bengal
307,10,272,44,453,3410,2020,Birbhum,Birbhum,19,West Bengal
308,27,266,241,771,3411,2020,Coochbehar,Coochbehar,19,West Bengal
310,22,181,193,625,3412,2020,Dakshin Dinajpur,Dinajpur Dakshin,19,West Bengal
309,6,104,40,266,3413,2020,Darjeeling,Darjeeling,19,West Bengal
312,2,263,119,699,3414,2020,Hooghly Rural Police,Hooghly,19,West Bengal
313,1,21,1,7,3415,2020,Howrah Grp,Howrah,19,West Bengal
313,30,625,180,657,3416,2020,Howrah Pc,Howrah,19,West Bengal
313,10,249,181,533,3417,2020,Howrah Rural,Howrah,19,West Bengal
314,16,311,100,624,3418,2020,Jalpaiguri,Jalpaiguri,19,West Bengal
703,2,95,50,208,3419,2020,Jhargram,Jhargram,19,West Bengal
318,0,2,0,2,3420,2020,Kharagpur Grp,Medinipur West,19,West Bengal
315,154,1425,393,1408,3421,2020,Kolkata,Kolkata,19,West Bengal
316,2,53,483,497,3422,2020,Malda,Maldah,19,West Bengal
319,25,569,210,1481,3423,2020,Murshidabad Police District,Murshidabad,19,West Bengal
318,27,568,528,1114,3424,2020,Paschim Medinipur,Medinipur West,19,West Bengal
317,39,330,507,1081,3425,2020,Purab Medinipur,Medinipur East,19,West Bengal
321,12,114,60,245,3426,2020,Purulia,Purulia,19,West Bengal
315,3,6,4,8,3427,2020,Sealdah Grp,Kolkata,19,West Bengal
309,0,1,0,1,3428,2020,Siliguri Grp,Darjeeling,19,West Bengal
309,47,404,185,633,3429,2020,Siliguri Pc,Darjeeling,19,West Bengal
304,154,79,217,1123,3430,2020,Baruipur Police,24 Paraganas South,19,West Bengal
312,12,286,67,346,3431,2020,Chandannagar Pc,Hooghly,19,West Bengal
304,28,243,179,407,3432,2020,Diamond Harbour Police,24 Paraganas South,19,West Bengal
702,0,36,22,88,3433,2020,Kalimpong,Kalimpong,19,West Bengal
306,34,461,417,772,3434,2020,Purba Bardhaman,Purba Bardhaman,19,West Bengal
304,11,156,83,443,3435,2020,Sundarban Police,24 Paraganas South,19,West Bengal
303,26,10,264,22,3436,2020,Barasat,24 Paraganas North,19,West Bengal
303,20,201,462,468,3437,2020,Basirhat,24 Paraganas North,19,West Bengal
303,5,151,159,471,3438,2020,Bangaon,24 Paraganas North,19,West Bengal
311,6,104,19,262,3439,2020,Islampur,Dinajpur Uttar,19,West Bengal
319,106,51,190,103,3440,2020,Jangipur Police District,Murshidabad,19,West Bengal
320,7,232,71,635,3441,2020,Krishnagar,Nadia,19,West Bengal
311,15,141,60,400,3442,2020,Raiganj,Dinajpur Uttar,19,West Bengal
320,12,440,267,824,3443,2020,Ranaghat,Nadia,19,West Bengal
602,7,35,14,23,3444,2020,South Andaman,South Andamans,35,Andaman And Nicobar Islands
632,0,0,0,0,3445,2020,North And Middle Andaman,North And Middle Andaman,35,Andaman And Nicobar Islands
603,0,0,0,0,3446,2020,Nicobar,Nicobars,35,Andaman And Nicobar Islands
44,44,232,109,333,3447,2020,Chandigarh,Chandigarh,4,Chandigarh
465,0,9,0,19,3448,2020,Dadra And Nagar Haveli,Dadra And Nagar Haveli,38,The Dadra And Nagar Haveli And Daman And Diu
463,1,24,1,26,3449,2020,Daman,Daman,38,The Dadra And Nagar Haveli And Daman And Diu
464,0,13,1,4,3450,2020,Diu,Diu,38,The Dadra And Nagar Haveli And Daman And Diu
77,56,240,128,233,3451,2020,Central,Central,7,Delhi
82,0,0,0,0,3452,2020,Crime Branch,North West,7,Delhi
78,71,332,146,416,3453,2020,East,East,7,Delhi
79,0,0,0,0,3454,2020,Eow,New Delhi,7,Delhi
79,0,9,0,1,3455,2020,Igi Airport,New Delhi,7,Delhi
82,0,3,0,6,3456,2020,Metro,North West,7,Delhi
79,8,53,14,41,3457,2020,New Delhi,New Delhi,7,Delhi
80,55,285,119,322,3458,2020,North,North,7,Delhi
81,110,665,283,867,3459,2020,North-East,North East,7,Delhi
82,68,350,246,437,3460,2020,North-West,North West,7,Delhi
82,96,637,293,759,3461,2020,Outer,North West,7,Delhi
79,5,18,2,30,3462,2020,Railway,New Delhi,7,Delhi
83,73,395,203,495,3463,2020,South,South,7,Delhi
670,75,403,252,554,3464,2020,South-East,South East,7,Delhi
84,58,322,177,433,3465,2020,South-West,South West,7,Delhi
82,0,0,0,0,3466,2020,Spl Cell,North West,7,Delhi
79,0,0,0,0,3467,2020,Spuwac,New Delhi,7,Delhi
79,0,0,0,0,3468,2020,Vigilance,New Delhi,7,Delhi
85,60,417,210,474,3469,2020,West,West,7,Delhi
82,134,531,239,631,3470,2020,Rohini,North West,7,Delhi
671,51,411,117,404,3471,2020,Shahdara,Shahdara,7,Delhi
84,82,565,308,687,3472,2020,Dwarka,South West,7,Delhi
79,170,492,388,729,3473,2020,Outer North,New Delhi,7,Delhi
6,0,5,1,4,3474,2020,Kargil,Kargil,37,Ladakh
9,0,7,0,3,3475,2020,Leh,Leh Ladakh,37,Ladakh
553,0,0,0,0,3476,2020,Lakshadweep,Lakshadweep District,31,Lakshadweep
598,0,0,0,0,3477,2020,Karaikal,Karaikal,34,Puducherry
