ID,Year,State Name,State Code,District Name,District Code,Registration Circles,Male (Below 12  Years,Male 12  Years  to 16  Years,Male 16  Years  to 18  Years,Male Children (All Ages),Male 18  Years  and Above),Female (Below 12  Years,Female 12  Years  to 16  Years,Female 16  Years  to 18  Years,Female Children (All Ages),Female 18  Years  and Above),Male (Below 18,Male 18  and Above),Female (Below 18,Female 18  and Above)
0,2021,Andhra Pradesh,28,Anantapur,502,Anantapur,3,21,19,43,248,4,111,331,446,778,43,248,446,778
1,2021,Andhra Pradesh,28,Chittoor,503,Chittoor,28,7,10,45,122,18,67,180,265,462,45,122,265,462
2,2021,Andhra Pradesh,28,Y.S.R.,504,Cuddapah,22,10,19,51,158,23,64,117,204,369,51,158,204,369
3,2021,Andhra Pradesh,28,East Godavari,505,East Godavari,11,11,7,29,324,18,32,141,191,502,29,324,191,502
4,2021,Andhra Pradesh,28,Anantapur,502,Guntakal Railway,1,0,0,1,2,0,0,0,0,3,1,2,0,3
5,2021,Andhra Pradesh,28,Guntur,506,Guntur,44,20,18,82,198,42,48,116,206,461,82,198,206,461
6,2021,Andhra Pradesh,28,Guntur,506,Guntur Urban,3,7,7,17,186,1,69,68,138,302,17,186,138,302
7,2021,Andhra Pradesh,28,Krishna,510,Krishna,30,1,0,31,173,28,2,2,32,314,31,173,32,314
8,2021,Andhra Pradesh,28,Kurnool,511,Kurnool,54,23,16,93,206,38,62,161,261,604,93,206,261,604
9,2021,Andhra Pradesh,28,Spsr Nellore,515,Nellore,26,8,16,50,137,21,52,104,177,352,50,137,177,352
10,2021,Andhra Pradesh,28,Prakasam,517,Prakasham,32,14,7,53,138,37,77,84,198,377,53,138,198,377
11,2021,Andhra Pradesh,28,East Godavari,505,Rajahmundry,14,4,5,23,134,14,30,28,72,199,23,134,72,199
12,2021,Andhra Pradesh,28,Srikakulam,519,Srikakulam,4,5,7,16,65,13,5,67,85,203,16,65,85,203
13,2021,Andhra Pradesh,28,Tirupati,752,Tirupathi Urban,17,10,2,29,79,13,33,101,147,211,29,79,147,211
14,2021,Andhra Pradesh,28,Ntr,749,Vijayawada City,19,4,12,35,257,19,28,81,128,399,35,257,128,399
15,2021,Andhra Pradesh,28,Ntr,749,Vijayawada Railway,0,0,0,0,9,0,0,0,0,9,0,9,0,9
16,2021,Andhra Pradesh,28,Visakhapatanam,520,Visakha Rural,7,4,7,18,106,7,9,35,51,165,18,106,51,165
17,2021,Andhra Pradesh,28,Visakhapatanam,520,Visakhapatnam,20,29,21,70,384,17,44,94,155,636,70,384,155,636
18,2021,Andhra Pradesh,28,Vizianagaram,521,Vizianagaram,4,13,5,22,118,8,7,23,38,215,22,118,38,215
19,2021,Andhra Pradesh,28,West Godavari,523,West Godavari,1,16,9,26,287,5,80,102,187,543,26,287,187,543
20,2021,Arunachal Pradesh,12,Anjaw,628,Anjaw,0,0,0,0,0,0,0,0,0,0,0,0,0,0
21,2021,Arunachal Pradesh,12,Changlang,229,Changlang,0,0,0,0,0,0,0,0,0,0,0,0,0,0
22,2021,Arunachal Pradesh,12,Papum Pare,237,Crime Branch,0,0,0,0,0,0,0,0,0,0,0,0,0,0
23,2021,Arunachal Pradesh,12,Dibang Valley,230,Dibang Valley,0,0,0,0,0,0,0,0,0,0,0,0,0,0
24,2021,Arunachal Pradesh,12,East Kameng,231,Kameng East,0,0,0,0,0,0,0,0,0,0,0,0,0,0
25,2021,Arunachal Pradesh,12,West Kameng,242,Kameng West,0,1,0,1,0,0,1,0,1,1,1,0,1,1
26,2021,Arunachal Pradesh,12,Kurung Kumey,233,Kurung Kumey,0,1,0,1,0,0,0,0,0,0,1,0,0,0
27,2021,Arunachal Pradesh,12,Lohit,234,Lohit,0,0,0,0,0,0,0,0,0,0,0,0,0,0
28,2021,Arunachal Pradesh,12,Longding,666,Longding,0,0,0,0,0,0,0,0,0,0,0,0,0,0
29,2021,Arunachal Pradesh,12,Lower Dibang Valley,235,Lower Dibang Valley,0,0,0,0,0,0,0,0,0,0,0,0,0,0
30,2021,Arunachal Pradesh,12,Papum Pare,237,Papum Pare City,0,0,0,0,0,0,0,0,0,0,0,0,0,0
31,2021,Arunachal Pradesh,12,Papum Pare,237,Papum Pare Rural,0,0,0,0,0,0,0,0,0,0,0,0,0,0
32,2021,Arunachal Pradesh,12,East Siang,232,Siang East,0,0,0,0,0,0,0,0,0,0,0,0,0,0
33,2021,Arunachal Pradesh,12,Upper Siang,240,Siang Upper,0,0,0,0,0,0,0,0,0,0,0,0,0,0
34,2021,Arunachal Pradesh,12,West Siang,243,Siang West,0,0,0,0,0,0,0,0,0,0,0,0,0,0
35,2021,Arunachal Pradesh,12,Lower Subansiri,236,Subansiri Lower,0,7,4,11,7,0,0,0,0,0,11,7,0,0
36,2021,Arunachal Pradesh,12,Upper Subansiri,241,Subansiri Upper,0,0,30,30,0,0,0,0,0,0,30,0,0,0
37,2021,Arunachal Pradesh,12,Tawang,238,Tawang,0,0,0,0,0,0,0,0,0,0,0,0,0,0
38,2021,Arunachal Pradesh,12,Tirap,239,Tirap,0,0,0,0,0,0,0,0,0,0,0,0,0,0
39,2021,Arunachal Pradesh,12,Namsai,678,Namsai,0,0,0,0,0,0,0,0,0,0,0,0,0,0
40,2021,Arunachal Pradesh,12,Siang,679,Siang,0,0,0,0,0,0,0,0,0,0,0,0,0,0
41,2021,Arunachal Pradesh,12,Kamle,718,Kamle,0,0,0,0,0,0,0,0,0,0,0,0,0,0
42,2021,Arunachal Pradesh,12,Kra Daadi,677,Kra Dadi,0,0,0,0,0,0,0,0,0,0,0,0,0,0
43,2021,Arunachal Pradesh,12,Lower Siang,719,Lower Siang,0,0,0,0,0,0,0,0,0,0,0,0,0,0
44,2021,Arunachal Pradesh,12,Leparada,724,Leparada,0,0,0,0,0,0,0,0,0,0,0,0,0,0
45,2021,Arunachal Pradesh,12,Shi Yomi,725,Shiyomi,0,0,0,0,0,0,0,0,0,0,0,0,0,0
46,2021,Arunachal Pradesh,12,Pakke Kessang,723,Pakkessang,0,0,0,0,0,0,0,0,0,0,0,0,0,0
47,2021,Assam,18,Kamrup Metro,618,Bieo,0,0,0,0,0,0,0,0,0,0,0,0,0,0
48,2021,Assam,18,Barpeta,280,Barpeta,0,0,0,0,73,0,0,0,0,19,0,73,0,19
49,2021,Assam,18,Baksa,616,Baksa,9,2,0,11,31,2,5,9,16,161,11,31,16,161
50,2021,Assam,18,Bongaigaon,281,Bongaigaon,4,1,7,12,25,1,4,30,35,165,12,25,35,165
51,2021,Assam,18,Kamrup Metro,618,Cid,0,0,0,0,0,0,0,0,0,0,0,0,0,0
52,2021,Assam,18,Cachar,282,Cachar,2,2,12,16,98,6,10,7,23,302,16,98,23,302
53,2021,Assam,18,Chirang,612,Chirang,0,0,0,0,0,0,0,0,0,0,0,0,0,0
54,2021,Assam,18,Darrang,283,Darrang,0,0,0,0,40,0,0,3,3,156,0,40,3,156
55,2021,Assam,18,Dhemaji,284,Dhemaji,2,2,0,4,25,3,3,7,13,50,4,25,13,50
56,2021,Assam,18,Dhubri,285,Dhubri,0,4,11,15,51,0,11,66,77,116,15,51,77,116
57,2021,Assam,18,Dibrugarh,286,Dibrugarh,0,6,0,6,9,0,6,8,14,14,6,9,14,14
58,2021,Assam,18,Kamrup Metro,618,Grp,0,0,0,0,0,0,0,0,0,0,0,0,0,0
59,2021,Assam,18,Goalpara,287,Goalpara,0,0,0,0,0,0,0,0,0,0,0,0,0,0
60,2021,Assam,18,Golaghat,288,Golaghat,0,13,0,13,6,0,30,227,257,0,13,6,257,0
61,2021,Assam,18,Kamrup Metro,618,Guwahati City,4,17,50,71,429,2,13,70,85,565,71,429,85,565
62,2021,Assam,18,Hailakandi,289,Hailakandi,38,0,32,70,23,1,14,32,47,21,70,23,47,21
63,2021,Assam,18,West Karbi Anglong,710,Hamren,0,0,0,0,3,0,0,0,0,14,0,3,0,14
64,2021,Assam,18,Jorhat,290,Jorhat,1,5,6,12,1,0,6,22,28,0,12,1,28,0
65,2021,Assam,18,Kamrup,291,Kamrup,1,0,10,11,94,0,13,26,39,257,11,94,39,257
66,2021,Assam,18,Karbi Anglong,292,Karbi Anglong,0,0,0,0,0,0,0,0,0,0,0,0,0,0
67,2021,Assam,18,Karimganj,293,Karimganj,0,0,0,0,0,0,0,0,0,0,0,0,0,0
68,2021,Assam,18,Kokrajhar,294,Kokrajhar,0,0,3,3,37,0,0,3,3,65,3,37,3,65
69,2021,Assam,18,Lakhimpur,295,Lakhimpur,0,1,1,2,54,2,3,3,8,105,2,54,8,105
70,2021,Assam,18,Marigaon,296,Morigaon,0,0,0,0,0,0,0,0,0,0,0,0,0,0
71,2021,Assam,18,Dima Hasao,299,Dima Hasao,0,0,0,0,0,0,0,0,0,0,0,0,0,0
72,2021,Assam,18,Nagaon,297,Nagaon,0,0,0,0,0,0,0,0,0,0,0,0,0,0
73,2021,Assam,18,Nalbari,298,Nalbari,0,0,0,0,0,0,0,0,0,0,0,0,0,0
74,2021,Assam,18,Kamrup Metro,618,Rpo,0,0,0,0,0,0,0,0,0,0,0,0,0,0
75,2021,Assam,18,Kamrup Metro,618,Sou,0,0,0,0,0,0,0,0,0,0,0,0,0,0
76,2021,Assam,18,Kamrup Metro,618,Stf,0,0,0,0,0,0,0,0,0,0,0,0,0,0
77,2021,Assam,18,Sivasagar,300,Sibsagar,5,2,0,7,3,3,11,30,44,78,7,3,44,78
78,2021,Assam,18,Sonitpur,301,Sonitpur,0,0,0,0,0,0,0,0,0,0,0,0,0,0
79,2021,Assam,18,Tinsukia,302,Tinsukia,0,8,9,17,96,0,52,25,77,0,17,96,77,0
80,2021,Assam,18,Udalguri,617,Udalguri,2,0,0,2,44,0,2,0,2,125,2,44,2,125
81,2021,Assam,18,Tinsukia,302,Sadia,0,0,0,0,0,0,0,0,0,0,0,0,0,0
82,2021,Assam,18,Majuli,706,Majuli,0,0,0,0,0,0,0,0,0,0,0,0,0,0
83,2021,Assam,18,Biswanath,705,Biswanath,0,0,7,7,0,0,0,28,28,0,7,0,28,0
84,2021,Assam,18,Hojai,709,Hojai,0,0,24,24,19,0,0,24,24,64,24,19,24,64
85,2021,Assam,18,South Salmara Mancachar,707,South Salmara,0,0,1,1,0,0,0,0,0,3,1,0,0,3
86,2021,Assam,18,Charaideo,708,Charaideo,1,4,0,5,26,0,20,9,29,46,5,26,29,46
87,2021,Bihar,10,Araria,188,Araria,0,0,0,0,0,0,0,0,0,0,0,0,0,0
88,2021,Bihar,10,Arwal,611,Arwal,0,0,0,0,4,4,0,10,14,11,0,4,14,11
89,2021,Bihar,10,Aurangabad,189,Aurangabad,0,11,0,11,22,1,0,5,6,7,11,22,6,7
90,2021,Bihar,10,Pashchim Champaran,211,Bagaha,0,0,1,1,1,1,0,1,2,0,1,1,2,0
91,2021,Bihar,10,Banka,190,Banka,0,0,0,0,3,5,54,44,103,23,0,3,103,23
92,2021,Bihar,10,Begusarai,191,Begusarai,0,0,0,0,7,0,0,26,26,130,0,7,26,130
93,2021,Bihar,10,Pashchim Champaran,211,Bettiah,9,0,3,12,22,32,0,74,106,208,12,22,106,208
94,2021,Bihar,10,Kaimur (Bhabua),200,Kaimur(Bhabhua),3,4,4,11,7,7,21,29,57,13,11,7,57,13
95,2021,Bihar,10,Bhagalpur,192,Bhagalpur,0,0,0,0,0,0,0,0,0,0,0,0,0,0
96,2021,Bihar,10,Bhojpur,193,Bhojpur,2,9,20,31,13,1,18,56,75,24,31,13,75,24
97,2021,Bihar,10,Buxar,194,Buxar,0,3,2,5,2,0,1,2,3,2,5,2,3,2
98,2021,Bihar,10,Darbhanga,195,Darbhanga,4,7,12,23,17,17,120,0,137,87,23,17,137,87
99,2021,Bihar,10,Gaya,196,Gaya,6,2,5,13,16,2,1,5,8,9,13,16,8,9
100,2021,Bihar,10,Gopalganj,197,Gopalganj,4,12,2,18,13,0,37,151,188,66,18,13,188,66
101,2021,Bihar,10,Munger,207,Jamalpur Railway,0,0,0,0,0,0,0,0,0,0,0,0,0,0
102,2021,Bihar,10,Jamui,198,Jamui,0,1,4,5,10,0,6,16,22,26,5,10,22,26
103,2021,Bihar,10,Jehanabad,199,Jehanabad,0,7,7,14,8,5,25,13,43,25,14,8,43,25
104,2021,Bihar,10,Katihar,201,Katihar,0,0,0,0,28,0,4,15,19,134,0,28,19,134
105,2021,Bihar,10,Katihar,201,Katihar Railway,2,0,0,2,1,2,0,0,2,1,2,1,2,1
106,2021,Bihar,10,Khagaria,202,Khagaria,0,0,0,0,19,0,0,91,91,71,0,19,91,71
107,2021,Bihar,10,Kishanganj,203,Kishanganj,0,0,0,0,0,0,0,0,0,0,0,0,0,0
108,2021,Bihar,10,Lakhisarai,204,Lakhisarai,0,4,3,7,6,0,12,35,47,21,7,6,47,21
109,2021,Bihar,10,Madhepura,205,Madhepura,1,0,2,3,9,9,26,42,77,60,3,9,77,60
110,2021,Bihar,10,Madhubani,206,Madhubani,1,3,4,8,4,5,8,91,104,53,8,4,104,53
111,2021,Bihar,10,Purbi Champaran,213,Motihari,10,2,12,24,17,38,4,171,213,95,24,17,213,95
112,2021,Bihar,10,Munger,207,Munger,0,6,14,20,13,1,3,15,19,16,20,13,19,16
113,2021,Bihar,10,Muzaffarpur,208,Muzaffarpur,0,11,19,30,71,0,33,306,339,329,30,71,339,329
114,2021,Bihar,10,Muzaffarpur,208,Muzaffarpur Railway,2,0,0,2,1,1,0,0,1,2,2,1,1,2
115,2021,Bihar,10,Nalanda,209,Nalanda,16,21,3,40,59,2,42,197,241,139,40,59,241,139
116,2021,Bihar,10,Bhagalpur,192,Naugachia,11,5,3,19,0,5,45,21,71,0,19,0,71,0
117,2021,Bihar,10,Nawada,210,Nawadah,7,8,12,27,0,1,76,34,111,0,27,0,111,0
118,2021,Bihar,10,Patna,212,Patna,51,59,21,131,164,11,107,450,568,317,131,164,568,317
119,2021,Bihar,10,Patna,212,Patna Railway,0,0,0,0,0,0,0,1,1,1,0,0,1,1
120,2021,Bihar,10,Purnia,214,Purnea,0,0,2,2,0,0,0,0,0,0,2,0,0,0
121,2021,Bihar,10,Rohtas,215,Rohtas,0,11,4,15,8,2,2,2,6,13,15,8,6,13
122,2021,Bihar,10,Saharsa,216,Saharsa,0,0,0,0,1,0,0,0,0,0,0,1,0,0
123,2021,Bihar,10,Samastipur,217,Samastipur,5,3,0,8,5,5,35,74,114,26,8,5,114,26
124,2021,Bihar,10,Saran,218,Saran,16,7,28,51,52,30,60,205,295,136,51,52,295,136
125,2021,Bihar,10,Sheikhpura,219,Sheikhpura,1,2,4,7,3,0,15,22,37,17,7,3,37,17
126,2021,Bihar,10,Sheohar,220,Sheohar,0,0,0,0,0,0,0,0,0,0,0,0,0,0
127,2021,Bihar,10,Sitamarhi,221,Sitamarhi,11,19,12,42,32,2,54,127,183,111,42,32,183,111
128,2021,Bihar,10,Siwan,222,Siwan,0,0,0,0,0,0,26,122,148,18,0,0,148,18
129,2021,Bihar,10,Supaul,223,Supaul,0,5,1,6,9,1,20,70,91,43,6,9,91,43
130,2021,Bihar,10,Vaishali,224,Vaishali,0,58,62,120,22,42,135,125,302,40,120,22,302,40
131,2021,Bihar,10,Patna,212,Economic Offences Unit,0,0,0,0,0,0,0,0,0,0,0,0,0,0
132,2021,Bihar,10,Patna,212,Anti Terrorist Squad,0,0,0,0,0,0,0,0,0,0,0,0,0,0
133,2021,Chhattisgarh,22,Balod,646,Balod,0,6,0,6,103,0,3,60,63,324,6,103,63,324
134,2021,Chhattisgarh,22,Baloda Bazar,644,Balodbazar,0,8,3,11,128,4,91,68,163,481,11,128,163,481
135,2021,Chhattisgarh,22,Balrampur,649,Balrampur,0,1,1,2,54,3,18,47,68,125,2,54,68,125
136,2021,Chhattisgarh,22,Bemetara,650,Bemetra,0,3,3,6,72,0,22,50,72,235,6,72,72,235
137,2021,Chhattisgarh,22,Bilaspur,375,Bilaspur,7,10,34,51,402,7,143,95,245,781,51,402,245,781
138,2021,Chhattisgarh,22,Bijapur,636,Bizapur,0,0,0,0,10,0,3,6,9,23,0,10,9,23
139,2021,Chhattisgarh,22,Dantewada,376,Dantewara,0,2,0,2,18,0,9,10,19,40,2,18,19,40
140,2021,Chhattisgarh,22,Dhamtari,377,Dhamtari,0,2,11,13,127,0,1,61,62,353,13,127,62,353
141,2021,Chhattisgarh,22,Durg,378,Durg,5,26,19,50,322,5,78,138,221,822,50,322,221,822
142,2021,Chhattisgarh,22,Gariyaband,645,Gariyaband,0,2,2,4,65,1,18,25,44,162,4,65,44,162
143,2021,Chhattisgarh,22,Raipur,387,Grp Raipur,0,1,0,1,8,0,2,3,5,13,1,8,5,13
144,2021,Chhattisgarh,22,Bastar,374,Jagdalpur,2,2,5,9,77,1,25,63,89,199,9,77,89,199
145,2021,Chhattisgarh,22,Janjgir-Champa,379,Janjgir,2,13,16,31,195,7,35,156,198,577,31,195,198,577
146,2021,Chhattisgarh,22,Jashpur,380,Jashpur,4,5,7,16,61,1,32,49,82,186,16,61,82,186
147,2021,Chhattisgarh,22,Kabirdham,382,Kabirdham,1,4,11,16,74,1,30,60,91,217,16,74,91,217
148,2021,Chhattisgarh,22,Kanker,381,Kanker,0,1,5,6,130,0,0,64,64,216,6,130,64,216
149,2021,Chhattisgarh,22,Kondagaon,643,Kondagaon,0,0,4,4,38,0,16,24,40,132,4,38,40,132
150,2021,Chhattisgarh,22,Korba,383,Korba,5,3,15,23,175,5,6,101,112,426,23,175,112,426
151,2021,Chhattisgarh,22,Korea,384,Koriya,0,4,5,9,82,3,45,50,98,218,9,82,98,218
152,2021,Chhattisgarh,22,Mahasamund,385,Mahasamund,0,6,3,9,146,0,45,41,86,372,9,146,86,372
153,2021,Chhattisgarh,22,Mungeli,647,Mungali,0,1,4,5,56,1,27,49,77,197,5,56,77,197
154,2021,Chhattisgarh,22,Narayanpur,637,Narayanpur,0,0,3,3,5,0,5,7,12,29,3,5,12,29
155,2021,Chhattisgarh,22,Raigarh,386,Raigarh,5,10,10,25,189,1,43,92,136,494,25,189,136,494
156,2021,Chhattisgarh,22,Raipur,387,Raipur,3,14,53,70,565,0,44,381,425,1339,70,565,425,1339
157,2021,Chhattisgarh,22,Rajnandgaon,388,Rajnandgaon,1,5,5,11,250,0,43,87,130,615,11,250,130,615
158,2021,Chhattisgarh,22,Surguja,389,Sarguja,0,11,6,17,122,1,87,36,124,300,17,122,124,300
159,2021,Chhattisgarh,22,Sukma,642,Sukma,0,0,1,1,10,1,13,9,23,24,1,10,23,24
160,2021,Chhattisgarh,22,Surajpur,648,Surajpur,3,0,1,4,83,1,34,35,70,205,4,83,70,205
161,2021,Chhattisgarh,22,Gaurella Pendra Marwahi,734,Gaurela-Pendra-Marwari,0,3,5,8,30,0,18,19,37,139,8,30,37,139
162,2021,Goa,30,North Goa,551,North Goa,2,1,0,3,158,3,0,0,3,110,3,158,3,110
163,2021,Goa,30,South Goa,552,South Goa,2,2,0,4,127,2,1,0,3,108,4,127,3,108
164,2021,Goa,30,North Goa,551,Cid,0,0,0,0,8,0,0,0,0,1,0,8,0,1
165,2021,Gujarat,24,Ahmadabad,438,Ahmedabad City,12,37,16,65,1013,14,160,99,273,2505,65,1013,273,2505
166,2021,Gujarat,24,Ahmadabad,438,Ahmedabad Rural,7,1,0,8,50,7,2,0,9,108,8,50,9,108
167,2021,Gujarat,24,Amreli,439,Amreli,0,0,0,0,20,0,0,0,0,82,0,20,0,82
168,2021,Gujarat,24,Anand,440,Anand,0,0,0,0,114,0,0,0,0,315,0,114,0,315
169,2021,Gujarat,24,Arvalli,672,Arvalli,0,0,0,0,59,0,0,0,0,201,0,59,0,201
170,2021,Gujarat,24,Banas Kantha,441,Banaskantha,0,0,0,0,84,0,0,0,0,234,0,84,0,234
171,2021,Gujarat,24,Bharuch,442,Bharuch,17,2,1,20,153,6,4,1,11,246,20,153,11,246
172,2021,Gujarat,24,Bhavnagar,443,Bhavnagar,0,1,1,2,50,0,0,7,7,166,2,50,7,166
173,2021,Gujarat,24,Botad,676,Botad,0,0,3,3,15,0,12,20,32,32,3,15,32,32
174,2021,Gujarat,24,Chhotaudepur,668,Chhotaudepur,0,0,0,0,15,1,0,0,1,40,0,15,1,40
175,2021,Gujarat,24,Gandhinagar,446,Cid Crime,0,0,0,0,0,0,0,0,0,0,0,0,0,0
176,2021,Gujarat,24,Dohad,445,Dahod,2,0,1,3,38,3,48,78,129,61,3,38,129,61
177,2021,Gujarat,24,Dang,444,Dang,0,0,0,0,0,0,0,0,0,0,0,0,0,0
178,2021,Gujarat,24,Devbhumi Dwarka,674,Devbhumi Dwarka,2,0,0,2,30,6,0,0,6,78,2,30,6,78
179,2021,Gujarat,24,Gandhinagar,446,Gandhinagar,16,0,0,16,144,10,3,0,13,272,16,144,13,272
180,2021,Gujarat,24,Gir Somnath,675,Gir Somnath,0,0,0,0,25,0,0,0,0,15,0,25,0,15
181,2021,Gujarat,24,Jamnagar,447,Jamnagar,11,1,4,16,55,9,6,6,21,131,16,55,21,131
182,2021,Gujarat,24,Junagadh,448,Junagadh,1,0,0,1,28,0,0,0,0,28,1,28,0,28
183,2021,Gujarat,24,Kachchh,449,Kachchh East(G),4,5,2,11,134,16,18,27,61,280,11,134,61,280
184,2021,Gujarat,24,Kachchh,449,Kachchh West(B),2,1,3,6,102,1,27,17,45,243,6,102,45,243
185,2021,Gujarat,24,Kheda,450,Kheda,16,0,2,18,96,10,0,0,10,199,18,96,10,199
186,2021,Gujarat,24,Mahisagar,669,Mahisagar,2,0,0,2,13,0,14,26,40,72,2,13,40,72
187,2021,Gujarat,24,Mahesana,451,Mehsana,2,0,0,2,91,0,0,0,0,350,2,91,0,350
188,2021,Gujarat,24,Morbi,673,Morbi,0,0,0,0,25,0,0,0,0,30,0,25,0,30
189,2021,Gujarat,24,Narmada,452,Narmada,1,0,0,1,7,1,0,0,1,34,1,7,1,34
190,2021,Gujarat,24,Navsari,453,Navsari,1,2,0,3,57,2,1,1,4,78,3,57,4,78
191,2021,Gujarat,24,Panch Mahals,454,Panchmahal,0,1,0,1,47,4,0,0,4,52,1,47,4,52
192,2021,Gujarat,24,Patan,455,Patan,0,0,0,0,86,0,0,0,0,312,0,86,0,312
193,2021,Gujarat,24,Porbandar,456,Porbandar,0,0,0,0,16,2,0,0,2,24,0,16,2,24
194,2021,Gujarat,24,Rajkot,457,Rajkot City,0,2,4,6,10,0,10,20,30,10,6,10,30,10
195,2021,Gujarat,24,Rajkot,457,Rajkot Rural,1,1,0,2,73,4,37,47,88,277,2,73,88,277
196,2021,Gujarat,24,Sabar Kantha,458,Sabarkantha,2,1,0,3,72,1,0,1,2,197,3,72,2,197
197,2021,Gujarat,24,Surat,459,Surat City,67,35,13,115,706,65,47,36,148,1332,115,706,148,1332
198,2021,Gujarat,24,Surat,459,Surat Rural,8,1,1,10,43,7,3,0,10,106,10,43,10,106
199,2021,Gujarat,24,Surendranagar,460,Surendranagar,2,0,0,2,15,2,0,0,2,45,2,15,2,45
200,2021,Gujarat,24,Tapi,641,Tapi,0,0,0,0,18,1,0,0,1,18,0,18,1,18
201,2021,Gujarat,24,Vadodara,461,Vadodara City,2,9,5,16,230,2,45,41,88,362,16,230,88,362
202,2021,Gujarat,24,Vadodara,461,Vadodara Rural,0,0,0,0,98,0,0,0,0,122,0,98,0,122
203,2021,Gujarat,24,Valsad,462,Valsad,10,0,0,10,52,9,0,0,9,97,10,52,9,97
204,2021,Gujarat,24,Ahmadabad,438,W.Rly Ahmedabad,0,0,0,0,5,0,0,0,0,2,0,5,0,2
205,2021,Gujarat,24,Vadodara,461,W.Rly Vadodara,0,0,0,0,7,1,0,1,2,7,0,7,2,7
206,2021,Gujarat,24,Ahmadabad,438,Cyber Ahmedabad Range,0,0,0,0,0,0,0,0,0,0,0,0,0,0
207,2021,Gujarat,24,Bhavnagar,443,Cyber Bhavnagar Range,0,0,0,0,0,0,0,0,0,0,0,0,0,0
208,2021,Gujarat,24,Cyber Border Range,9999,Cyber Border Range,0,0,0,0,0,0,0,0,0,0,0,0,0,0
209,2021,Gujarat,24,Gandhinagar,446,Cyber Gandhinagar Range,0,0,0,0,0,0,0,0,0,0,0,0,0,0
210,2021,Gujarat,24,Junagadh,448,Cyber Junagadh Range,0,0,0,0,0,0,0,0,0,0,0,0,0,0
211,2021,Gujarat,24,Panch Mahals,454,Cyber Panchmahal Range,0,0,0,0,0,0,0,0,0,0,0,0,0,0
212,2021,Gujarat,24,Rajkot,457,Cyber Rajkot Range,0,0,0,0,0,0,0,0,0,0,0,0,0,0
213,2021,Gujarat,24,Surat,459,Cyber Surat Range,0,0,0,0,0,0,0,0,0,0,0,0,0,0
214,2021,Gujarat,24,Vadodara,461,Cyber Vadodara Range,0,0,0,0,0,0,0,0,0,0,0,0,0,0
215,2021,Haryana,6,Ambala,58,Ambala,14,0,6,20,183,14,2,5,21,247,20,183,21,247
216,2021,Haryana,6,Bhiwani,59,Bhiwani,1,17,8,26,109,1,11,19,31,287,26,109,31,287
217,2021,Haryana,6,Faridabad,60,Faridabad,55,20,17,92,387,57,11,7,75,667,92,387,75,667
218,2021,Haryana,6,Fatehabad,61,Fatehabad,36,7,5,48,119,36,2,2,40,333,48,119,40,333
219,2021,Haryana,6,Ambala,58,Grp,0,0,0,0,11,0,0,0,0,2,0,11,0,2
220,2021,Haryana,6,Gurugram,62,Gurugram,13,22,51,86,111,23,154,136,313,125,86,111,313,125
221,2021,Haryana,6,Hisar,63,Hissar,4,17,20,41,225,0,14,32,46,527,41,225,46,527
222,2021,Haryana,6,Jhajjar,64,Jhajjar,0,5,16,21,169,0,7,21,28,278,21,169,28,278
223,2021,Haryana,6,Jind,65,Jind,0,14,15,29,142,0,7,33,40,295,29,142,40,295
224,2021,Haryana,6,Kaithal,66,Kaithal,28,12,10,50,136,18,3,13,34,193,50,136,34,193
225,2021,Haryana,6,Karnal,67,Karnal,4,23,29,56,411,4,27,36,67,617,56,411,67,617
226,2021,Haryana,6,Kurukshetra,68,Kurukshetra,12,1,0,13,193,10,2,3,15,314,13,193,15,314
227,2021,Haryana,6,Mahendragarh,69,Mahendergarh,17,4,8,29,58,11,2,26,39,219,29,58,39,219
228,2021,Haryana,6,Nuh,604,Nuh,0,10,9,19,18,3,0,1,4,54,19,18,4,54
229,2021,Haryana,6,Palwal,619,Palwal,8,19,12,39,89,10,19,33,62,189,39,89,62,189
230,2021,Haryana,6,Panchkula,70,Panchkula,8,5,10,23,83,7,10,20,37,205,23,83,37,205
231,2021,Haryana,6,Panipat,71,Panipat,59,8,4,71,395,67,7,1,75,609,71,395,75,609
232,2021,Haryana,6,Rewari,72,Rewari,14,11,11,36,105,18,23,49,90,265,36,105,90,265
233,2021,Haryana,6,Rohtak,73,Rohtak,2,29,22,53,269,3,33,45,81,492,53,269,81,492
234,2021,Haryana,6,Sirsa,74,Sirsa,2,13,11,26,114,0,42,70,112,435,26,114,112,435
235,2021,Haryana,6,Sonipat,75,Sonipat,7,29,14,50,220,3,33,52,88,447,50,220,88,447
236,2021,Haryana,6,Yamunanagar,76,Yamunanagar,22,14,5,41,200,23,37,60,120,333,41,200,120,333
237,2021,Haryana,6,Gurugram,62,Irrigation & Power,0,0,0,0,0,0,0,0,0,0,0,0,0,0
238,2021,Haryana,6,Charki Dadri,701,Charkhi Dadri,0,0,1,1,27,0,0,6,6,96,1,27,6,96
239,2021,Haryana,6,Hisar,63,Hansi,3,6,4,13,75,0,17,16,33,177,13,75,33,177
240,2021,Himachal Pradesh,2,Solan,25,Baddi,4,3,4,11,71,2,23,13,38,192,11,71,38,192
241,2021,Himachal Pradesh,2,Bilaspur,15,Bilaspur,2,2,0,4,34,6,7,15,28,107,4,34,28,107
242,2021,Himachal Pradesh,2,Chamba,16,Chamba,0,0,0,0,37,0,0,27,27,87,0,37,27,87
243,2021,Himachal Pradesh,2,Shimla,23,Cid,0,0,0,0,0,0,0,0,0,0,0,0,0,0
244,2021,Himachal Pradesh,2,Shimla,23,Grp,0,0,0,0,0,0,0,0,0,0,0,0,0,0
245,2021,Himachal Pradesh,2,Hamirpur,17,Hamirpur,0,1,3,4,26,0,4,10,14,78,4,26,14,78
246,2021,Himachal Pradesh,2,Kangra,18,Kangra,0,0,11,11,105,0,2,37,39,213,11,105,39,213
247,2021,Himachal Pradesh,2,Kinnaur,19,Kinnaur,0,1,0,1,20,0,12,4,16,22,1,20,16,22
248,2021,Himachal Pradesh,2,Kullu,20,Kullu,0,0,3,3,41,0,3,12,15,65,3,41,15,65
249,2021,Himachal Pradesh,2,Lahul And Spiti,21,Lahaul & Spiti,0,0,0,0,10,0,0,0,0,4,0,10,0,4
250,2021,Himachal Pradesh,2,Mandi,22,Mandi,0,3,4,7,79,0,9,43,52,235,7,79,52,235
251,2021,Himachal Pradesh,2,Shimla,23,Shimla,0,8,10,18,3,21,26,1,48,0,18,3,48,0
252,2021,Himachal Pradesh,2,Sirmaur,24,Sirmaur,10,3,0,13,60,6,12,9,27,127,13,60,27,127
253,2021,Himachal Pradesh,2,Solan,25,Solan,0,1,0,1,31,1,12,24,37,83,1,31,37,83
254,2021,Himachal Pradesh,2,Una,26,Una,3,5,1,9,17,0,9,12,21,12,9,17,21,12
255,2021,Himachal Pradesh,2,Shimla,23,Cyber,0,0,0,0,0,0,0,0,0,0,0,0,0,0
256,2021,Jammu And Kashmir,1,Anantnag,1,Anantnag,0,0,0,0,49,0,0,17,17,37,0,49,17,37
257,2021,Jammu And Kashmir,1,Pulwama,11,Awantipora,0,0,0,0,30,0,0,0,0,20,0,30,0,20
258,2021,Jammu And Kashmir,1,Bandipora,623,Bandipora,0,1,1,2,9,2,3,1,6,36,2,9,6,36
259,2021,Jammu And Kashmir,1,Baramulla,3,Baramulla,0,0,0,0,0,0,29,34,63,0,0,0,63,0
260,2021,Jammu And Kashmir,1,Budgam,2,Budgam,3,0,0,3,32,0,0,0,0,40,3,32,0,40
261,2021,Jammu And Kashmir,1,Jammu,5,Crime Jammu,0,0,0,0,0,0,0,0,0,0,0,0,0,0
262,2021,Jammu And Kashmir,1,Jammu,5,Crime Srinagar,0,0,0,0,0,0,0,0,0,0,0,0,0,0
263,2021,Jammu And Kashmir,1,Doda,4,Doda,0,0,0,0,20,0,0,0,0,60,0,20,0,60
264,2021,Jammu And Kashmir,1,Ganderbal,626,Ganderbal,0,1,1,2,19,0,1,5,6,30,2,19,6,30
265,2021,Jammu And Kashmir,1,Kupwara,8,Handwara,0,0,4,4,8,0,0,1,1,17,4,8,1,17
266,2021,Jammu And Kashmir,1,Jammu,5,Jammu,0,0,0,0,212,0,0,0,0,386,0,212,0,386
267,2021,Jammu And Kashmir,1,Kathua,7,Kathua,7,3,2,12,37,7,5,23,35,142,12,37,35,142
268,2021,Jammu And Kashmir,1,Kishtwar,620,Kishtwar,0,0,0,0,11,0,0,0,0,45,0,11,0,45
269,2021,Jammu And Kashmir,1,Kulgam,622,Kulgam,0,0,0,0,27,0,0,0,0,45,0,27,0,45
270,2021,Jammu And Kashmir,1,Kupwara,8,Kupwara,0,1,0,1,32,0,0,0,0,62,1,32,0,62
271,2021,Jammu And Kashmir,1,Poonch,10,Poonch,2,6,0,8,12,2,0,1,3,89,8,12,3,89
272,2021,Jammu And Kashmir,1,Pulwama,11,Pulwama,0,0,0,0,21,0,0,0,0,16,0,21,0,16
273,2021,Jammu And Kashmir,1,Jammu,5,Railways Jammu,0,0,0,0,2,0,0,0,0,2,0,2,0,2
274,2021,Jammu And Kashmir,1,Jammu,5,Railways Kashmir,0,0,0,0,0,0,0,0,0,0,0,0,0,0
275,2021,Jammu And Kashmir,1,Reasi,627,Railways Katra,0,0,0,0,0,0,0,0,0,0,0,0,0,0
276,2021,Jammu And Kashmir,1,Rajouri,12,Rajouri,0,2,0,2,21,0,4,0,4,95,2,21,4,95
277,2021,Jammu And Kashmir,1,Ramban,621,Ramban,0,0,0,0,7,0,0,0,0,52,0,7,0,52
278,2021,Jammu And Kashmir,1,Reasi,627,Reasi,0,0,0,0,17,0,0,0,0,71,0,17,0,71
279,2021,Jammu And Kashmir,1,Samba,624,Samba,2,2,1,5,29,3,6,3,12,84,5,29,12,84
280,2021,Jammu And Kashmir,1,Shopian,625,Shopian,0,0,0,0,7,0,2,7,9,30,0,7,9,30
281,2021,Jammu And Kashmir,1,Baramulla,3,Sopore,0,8,2,10,13,0,9,15,24,20,10,13,24,20
282,2021,Jammu And Kashmir,1,Srinagar,13,Srinagar,0,0,8,8,112,0,0,3,3,124,8,112,3,124
283,2021,Jammu And Kashmir,1,Udhampur,14,Udhampur,2,2,3,7,47,2,10,20,32,117,7,47,32,117
284,2021,Jammu And Kashmir,1,Jammu,5,Cyber Crime Jammu,0,0,0,0,0,0,0,0,0,0,0,0,0,0
285,2021,Jammu And Kashmir,1,Jammu,5,Cyber Crime Kashmir,0,0,0,0,0,0,0,0,0,0,0,0,0,0
286,2021,Jammu And Kashmir,1,Jammu,5,Anti Narcotic Task Force Jammu,0,0,0,0,0,0,0,0,0,0,0,0,0,0
287,2021,Jharkhand,20,Bokaro,322,Bokaro,5,0,0,5,0,0,5,7,12,0,5,0,12,0
288,2021,Jharkhand,20,West Singhbhum,343,Chaibasa,0,1,0,1,0,1,0,3,4,0,1,0,4,0
289,2021,Jharkhand,20,Chatra,323,Chatra,6,1,1,8,11,2,4,7,13,22,8,11,13,22
290,2021,Jharkhand,20,Deoghar,324,Deoghar,0,3,1,4,0,1,4,4,9,0,4,0,9,0
291,2021,Jharkhand,20,Dhanbad,325,Dhanbad,0,2,1,3,2,0,1,1,2,1,3,2,2,1
292,2021,Jharkhand,20,Dhanbad,325,Dhanbad Railway,0,0,1,1,2,0,0,0,0,2,1,2,0,2
293,2021,Jharkhand,20,Dumka,326,Dumka,0,0,0,0,0,0,0,0,0,0,0,0,0,0
294,2021,Jharkhand,20,Garhwa,328,Garhwa,12,5,6,23,34,9,8,5,22,42,23,34,22,42
295,2021,Jharkhand,20,Giridih,329,Giridih,0,0,0,0,0,0,0,0,0,0,0,0,0,0
296,2021,Jharkhand,20,Godda,330,Godda,0,0,0,0,0,0,0,0,0,0,0,0,0,0
297,2021,Jharkhand,20,Gumla,331,Gumla,0,0,0,0,0,0,0,0,0,0,0,0,0,0
298,2021,Jharkhand,20,Hazaribagh,332,Hazaribagh,5,3,3,11,32,3,8,6,17,33,11,32,17,33
299,2021,Jharkhand,20,East Singhbum,327,Jamshedpur,1,2,1,4,30,1,3,1,5,31,4,30,5,31
300,2021,Jharkhand,20,East Singhbum,327,Jamshedpur Railway,0,0,0,0,3,0,1,0,1,0,0,3,1,0
301,2021,Jharkhand,20,Jamtara,333,Jamtara,2,1,2,5,19,4,4,11,19,32,5,19,19,32
302,2021,Jharkhand,20,Khunti,606,Khunti,6,2,0,8,0,16,12,2,30,0,8,0,30,0
303,2021,Jharkhand,20,Koderma,334,Koderma,0,0,0,0,0,0,0,0,0,0,0,0,0,0
304,2021,Jharkhand,20,Latehar,335,Latehar,2,2,3,7,13,4,5,4,13,11,7,13,13,11
305,2021,Jharkhand,20,Lohardaga,336,Lohardagga,1,4,9,14,15,5,8,20,33,46,14,15,33,46
306,2021,Jharkhand,20,Pakur,337,Pakur,0,1,0,1,0,0,4,2,6,0,1,0,6,0
307,2021,Jharkhand,20,Palamu,338,Palamu,2,6,3,11,0,5,13,10,28,0,11,0,28,0
308,2021,Jharkhand,20,Ramgarh,607,Ramgarh,0,0,2,2,4,0,1,3,4,17,2,4,4,17
309,2021,Jharkhand,20,Ranchi,339,Ranchi,0,11,15,26,24,0,7,10,17,12,26,24,17,12
310,2021,Jharkhand,20,Sahebganj,340,Sahebganj,1,2,16,19,9,0,0,0,0,0,19,9,0,0
311,2021,Jharkhand,20,Saraikela Kharsawan,341,Saraikela,0,0,0,0,0,0,0,0,0,0,0,0,0,0
312,2021,Jharkhand,20,Simdega,342,Simdega,0,2,0,2,0,0,10,0,10,0,2,0,10,0
313,2021,Karnataka,29,Bagalkote,524,Bagalkot,14,0,0,14,71,12,1,0,13,165,14,71,13,165
314,2021,Karnataka,29,Bengaluru Urban,525,Bengaluru City,100,28,1,129,1496,150,24,11,185,2395,129,1496,185,2395
315,2021,Karnataka,29,Bengaluru Urban,525,Bengaluru District,15,12,13,40,306,15,7,0,22,592,40,306,22,592
316,2021,Karnataka,29,Belagavi,527,Belagavi District,4,2,0,6,140,6,0,1,7,295,6,140,7,295
317,2021,Karnataka,29,Ballari,528,Ballari,12,6,1,19,147,6,8,2,16,225,19,147,16,225
318,2021,Karnataka,29,Bidar,529,Bidar,4,2,4,10,52,3,1,5,9,100,10,52,9,100
319,2021,Karnataka,29,Vijayapura,530,Vijayapura,2,5,0,7,86,10,36,3,49,0,7,86,49,0
320,2021,Karnataka,29,Chikkaballapura,630,Chikkaballapura,14,1,5,20,90,13,2,0,15,362,20,90,15,362
321,2021,Karnataka,29,Chamarajanagara,531,Chamarajnagar,9,0,0,9,60,8,0,0,8,142,9,60,8,142
322,2021,Karnataka,29,Chikkamagaluru,532,Chikkamagaluru,18,0,0,18,89,1,2,10,13,226,18,89,13,226
323,2021,Karnataka,29,Chitradurga,533,Chitradurga,5,10,0,15,129,9,10,0,19,448,15,129,19,448
324,2021,Karnataka,29,Dakshina Kannada,534,Dakshina Kannada,3,1,0,4,84,5,1,0,6,79,4,84,6,79
325,2021,Karnataka,29,Davangere,535,Davanagere,0,0,1,1,178,0,0,358,358,385,1,178,358,385
326,2021,Karnataka,29,Dharwad,536,Dharwad,2,2,0,4,47,4,2,0,6,62,4,47,6,62
327,2021,Karnataka,29,Gadag,537,Gadag,7,2,1,10,50,0,0,14,14,131,10,50,14,131
328,2021,Karnataka,29,Kalaburagi,538,Kalaburgi,14,0,0,14,51,9,0,0,9,119,14,51,9,119
329,2021,Karnataka,29,Hassan,539,Hassan,6,9,0,15,127,5,10,0,15,251,15,127,15,251
330,2021,Karnataka,29,Haveri,540,Haveri,2,2,4,8,80,4,2,5,11,228,8,80,11,228
331,2021,Karnataka,29,Dharwad,536,Hubballi Dharwad City,2,2,4,8,92,4,3,2,9,148,8,92,9,148
332,2021,Karnataka,29,Belagavi,527,K.G.F.,5,0,0,5,27,4,1,0,5,101,5,27,5,101
333,2021,Karnataka,29,Kodagu,541,Kodagu,9,0,0,9,48,9,0,0,9,83,9,48,9,83
334,2021,Karnataka,29,Kolar,542,Kolar,10,4,4,18,61,4,2,2,8,221,18,61,8,221
335,2021,Karnataka,29,Koppal,543,Koppal,4,2,3,9,37,6,6,2,14,146,9,37,14,146
336,2021,Karnataka,29,Mandya,544,Mandya,0,0,0,0,196,0,0,0,0,428,0,196,0,428
337,2021,Karnataka,29,Dakshina Kannada,534,Mangaluru City,2,3,1,6,85,5,4,2,11,83,6,85,11,83
338,2021,Karnataka,29,Mysuru,545,Mysuru City,13,4,0,17,143,19,1,0,20,186,17,143,20,186
339,2021,Karnataka,29,Mysuru,545,Mysuru District,10,8,4,22,213,12,8,6,26,398,22,213,26,398
340,2021,Karnataka,29,Raichur,546,Raichur,9,1,1,11,48,14,2,1,17,129,11,48,17,129
341,2021,Karnataka,29,Bengaluru Urban,525,K.Railways,2,0,0,2,5,1,0,0,1,10,2,5,1,10
342,2021,Karnataka,29,Ramanagara,631,Ramanagara,10,6,10,26,148,8,4,8,20,329,26,148,20,329
343,2021,Karnataka,29,Shivamogga,547,Shimoga,26,0,0,26,218,27,0,3,30,436,26,218,30,436
344,2021,Karnataka,29,Tumakuru,548,Tumakuru,13,0,0,13,171,21,4,1,26,535,13,171,26,535
345,2021,Karnataka,29,Udupi,549,Udupi,3,3,4,10,93,3,3,4,10,94,10,93,10,94
346,2021,Karnataka,29,Uttara Kannada,550,Uttara Kannada,17,2,1,20,96,5,0,0,5,182,20,96,5,182
347,2021,Karnataka,29,Yadgir,635,Yadgiri,6,0,0,6,27,2,2,0,4,69,6,27,4,69
348,2021,Karnataka,29,Belagavi,527,Belagavi City,4,2,2,8,57,6,4,4,14,91,8,57,14,91
349,2021,Karnataka,29,Kalaburagi,538,Kalaburgi City,0,0,3,3,33,0,0,9,9,75,3,33,9,75
350,2021,Kerala,32,Alappuzha,554,Alapuzha,6,9,22,37,176,18,6,36,60,467,37,176,60,467
351,2021,Kerala,32,Ernakulam,555,Ernakulam Commr.,3,13,8,24,102,9,5,13,27,198,24,102,27,198
352,2021,Kerala,32,Ernakulam,555,Ernakulam Rural,18,17,14,49,179,16,9,30,55,338,49,179,55,338
353,2021,Kerala,32,Idukki,556,Idukki,17,19,18,54,101,10,10,16,36,200,54,101,36,200
354,2021,Kerala,32,Kannur,557,Kannur City,2,2,6,10,52,8,2,9,19,89,10,52,19,89
355,2021,Kerala,32,Kasaragod,558,Kasargod,7,8,10,25,85,9,13,7,29,148,25,85,29,148
356,2021,Kerala,32,Kollam,559,Kollam Commr.,26,17,12,55,157,20,15,14,49,482,55,157,49,482
357,2021,Kerala,32,Kollam,559,Kollam Rural,5,10,7,22,100,5,10,52,67,296,22,100,67,296
358,2021,Kerala,32,Kottayam,560,Kottayam,9,6,15,30,128,3,7,47,57,291,30,128,57,291
359,2021,Kerala,32,Kozhikode,561,Kozhikode Commr.,9,14,12,35,143,6,13,16,35,152,35,143,35,152
360,2021,Kerala,32,Kozhikode,561,Kozhikode Rural,16,15,12,43,121,9,16,12,37,275,43,121,37,275
361,2021,Kerala,32,Malappuram,562,Malappuram,19,26,34,79,168,18,21,54,93,293,79,168,93,293
362,2021,Kerala,32,Palakkad,563,Palakkad,31,9,7,47,150,29,12,18,59,369,47,150,59,369
363,2021,Kerala,32,Pathanamthitta,564,Pathanamthitta,17,10,10,37,116,14,10,10,34,281,37,116,34,281
364,2021,Kerala,32,Thiruvananthapuram,565,Railways,0,0,1,1,6,0,0,0,0,0,1,6,0,0
365,2021,Kerala,32,Thrissur,566,Thrissur Commr.,16,6,6,28,131,22,12,25,59,286,28,131,59,286
366,2021,Kerala,32,Thrissur,566,Thrissur Rural,12,8,8,28,146,9,5,26,40,262,28,146,40,262
367,2021,Kerala,32,Thiruvananthapuram,565,Trivandrum Commr.,7,9,20,36,137,8,4,28,40,206,36,137,40,206
368,2021,Kerala,32,Thiruvananthapuram,565,Trivandrum Rural,14,18,13,45,207,20,6,34,60,441,45,207,60,441
369,2021,Kerala,32,Wayanad,567,Wayanadu,9,5,3,17,43,10,6,12,28,101,17,43,28,101
370,2021,Kerala,32,Thiruvananthapuram,565,Crime Branch,0,0,0,0,0,0,0,0,0,0,0,0,0,0
371,2021,Kerala,32,Kannur,557,Kannur Rural,3,3,2,8,44,12,1,2,15,109,8,44,15,109
372,2021,Madhya Pradesh,23,Agar Malwa,667,Agar,0,0,6,6,53,0,3,33,36,154,6,53,36,154
373,2021,Madhya Pradesh,23,Alirajpur,639,Alirajpur,0,1,4,5,56,0,12,90,102,344,5,56,102,344
374,2021,Madhya Pradesh,23,Anuppur,390,Anuppur,4,5,7,16,113,2,38,65,105,273,16,113,105,273
375,2021,Madhya Pradesh,23,Ashoknagar,391,Ashok Nagar,3,9,7,19,121,0,44,58,102,274,19,121,102,274
376,2021,Madhya Pradesh,23,Balaghat,392,Balaghat,12,7,3,22,290,8,62,132,202,760,22,290,202,760
377,2021,Madhya Pradesh,23,Barwani,393,Barwani,1,2,1,4,119,4,96,44,144,461,4,119,144,461
378,2021,Madhya Pradesh,23,Betul,394,Betul,3,3,4,10,233,2,29,97,128,735,10,233,128,735
379,2021,Madhya Pradesh,23,Bhind,395,Bhind,0,13,15,28,85,6,37,62,105,132,28,85,105,132
380,2021,Madhya Pradesh,23,Bhopal,396,Bhopal,18,62,92,172,7,11,95,278,384,8,172,7,384,8
381,2021,Madhya Pradesh,23,Bhopal,396,Bhopal Railway,0,0,2,2,20,0,0,0,0,29,2,20,0,29
382,2021,Madhya Pradesh,23,Burhanpur,397,Burhanpur,3,11,6,20,84,11,20,32,63,200,20,84,63,200
383,2021,Madhya Pradesh,23,Chhatarpur,398,Chhatarpur,0,27,20,47,204,0,62,134,196,483,47,204,196,483
384,2021,Madhya Pradesh,23,Chhindwara,399,Chhindwara,1,5,9,15,340,4,38,91,133,983,15,340,133,983
385,2021,Madhya Pradesh,23,Damoh,400,Damoh,5,15,9,29,246,1,42,94,137,142,29,246,137,142
386,2021,Madhya Pradesh,23,Datia,401,Datia,0,0,10,10,100,0,0,44,44,177,10,100,44,177
387,2021,Madhya Pradesh,23,Dewas,402,Dewas,4,8,10,22,125,25,100,120,245,590,22,125,245,590
388,2021,Madhya Pradesh,23,Dhar,403,Dhar,6,11,14,31,311,14,175,295,484,1218,31,311,484,1218
389,2021,Madhya Pradesh,23,Dindori,404,Dindori,1,4,5,10,45,2,63,49,114,208,10,45,114,208
390,2021,Madhya Pradesh,23,Guna,406,Guna,3,9,6,18,205,0,51,75,126,399,18,205,126,399
391,2021,Madhya Pradesh,23,Gwalior,407,Gwalior,14,56,50,120,563,7,94,150,251,973,120,563,251,973
392,2021,Madhya Pradesh,23,Harda,408,Harda,1,10,0,11,137,0,13,122,135,0,11,137,135,0
393,2021,Madhya Pradesh,23,Narmadapuram,409,Hoshangabad,20,22,175,217,411,25,14,21,60,189,217,411,60,189
394,2021,Madhya Pradesh,23,Indore,410,Indore,36,64,88,188,1229,51,286,432,769,3515,188,1229,769,3515
395,2021,Madhya Pradesh,23,Indore,410,Indore Railway,4,2,0,6,3,6,0,0,6,14,6,3,6,14
396,2021,Madhya Pradesh,23,Jabalpur,411,Jabalpur,0,46,69,115,920,2,66,334,402,1449,115,920,402,1449
397,2021,Madhya Pradesh,23,Jabalpur,411,Jabalpur Railway,0,1,0,1,20,0,0,1,1,11,1,20,1,11
398,2021,Madhya Pradesh,23,Jhabua,412,Jhabua,2,3,2,7,60,1,24,72,97,358,7,60,97,358
399,2021,Madhya Pradesh,23,Katni,413,Katni,12,7,28,47,243,5,8,171,184,573,47,243,184,573
400,2021,Madhya Pradesh,23,Indore,410,Khandwa,3,6,8,17,0,3,55,127,185,0,17,0,185,0
401,2021,Madhya Pradesh,23,Khargone,414,Khargone,20,30,18,68,226,32,39,297,368,810,68,226,368,810
402,2021,Madhya Pradesh,23,Mandla,415,Mandla,1,9,10,20,154,2,51,96,149,396,20,154,149,396
403,2021,Madhya Pradesh,23,Mandsaur,416,Mandsaur,2,6,18,26,253,1,27,126,154,616,26,253,154,616
404,2021,Madhya Pradesh,23,Morena,417,Morena,2,17,31,50,242,3,13,89,105,267,50,242,105,267
405,2021,Madhya Pradesh,23,Narsinghpur,418,Narsinghpur,0,6,17,23,276,1,4,169,174,459,23,276,174,459
406,2021,Madhya Pradesh,23,Neemuch,419,Neemuch,3,5,5,13,135,3,45,32,80,400,13,135,80,400
407,2021,Madhya Pradesh,23,Panna,420,Panna,8,15,10,33,135,2,82,68,152,364,33,135,152,364
408,2021,Madhya Pradesh,23,Raisen,421,Raisen,0,12,19,31,251,2,94,134,230,636,31,251,230,636
409,2021,Madhya Pradesh,23,Rajgarh,422,Rajgarh,0,6,11,17,139,0,47,93,140,402,17,139,140,402
410,2021,Madhya Pradesh,23,Ratlam,423,Ratlam,3,8,13,24,286,2,52,222,276,909,24,286,276,909
411,2021,Madhya Pradesh,23,Rewa,424,Rewa,5,46,87,138,8,21,124,135,280,4,138,8,280,4
412,2021,Madhya Pradesh,23,Sagar,425,Sagar,5,25,51,81,528,10,52,249,311,1057,81,528,311,1057
413,2021,Madhya Pradesh,23,Satna,426,Satna,24,44,57,125,310,52,63,125,240,649,125,310,240,649
414,2021,Madhya Pradesh,23,Seoni,428,Seoni,8,12,8,28,231,10,43,108,161,588,28,231,161,588
415,2021,Madhya Pradesh,23,Shahdol,429,Shahdol,6,34,25,65,200,8,111,75,194,436,65,200,194,436
416,2021,Madhya Pradesh,23,Shajapur,430,Shajapur,9,7,3,19,102,2,30,56,88,281,19,102,88,281
417,2021,Madhya Pradesh,23,Sheopur,431,Sheopur,3,5,4,12,35,0,0,15,15,94,12,35,15,94
418,2021,Madhya Pradesh,23,Shivpuri,432,Shivpuri,10,8,4,22,214,18,113,60,191,420,22,214,191,420
419,2021,Madhya Pradesh,23,Sidhi,433,Sidhi,2,14,22,38,109,8,36,86,130,361,38,109,130,361
420,2021,Madhya Pradesh,23,Sehore,427,Sehore,7,2,3,12,177,1,65,46,112,485,12,177,112,485
421,2021,Madhya Pradesh,23,Singrauli,638,Singrauli,3,17,6,26,86,4,41,62,107,249,26,86,107,249
422,2021,Madhya Pradesh,23,Tikamgarh,434,Tikamgarh,3,13,5,21,47,1,61,55,117,182,21,47,117,182
423,2021,Madhya Pradesh,23,Ujjain,435,Ujjain,18,0,19,37,410,30,176,176,382,894,37,410,382,894
424,2021,Madhya Pradesh,23,Umaria,436,Umaria,0,5,10,15,0,2,22,53,77,0,15,0,77,0
425,2021,Madhya Pradesh,23,Vidisha,437,Vidisha,4,8,19,31,274,4,22,179,205,507,31,274,205,507
426,2021,Madhya Pradesh,23,Bhopal,396,Cyber Crime Cell,0,0,0,0,0,0,0,0,0,0,0,0,0,0
427,2021,Madhya Pradesh,23,Niwari,722,Niwari,0,7,3,10,48,2,13,14,29,113,10,48,29,113
428,2021,Maharashtra,27,Ahmednagar,466,Ahmednagar,0,0,122,122,983,0,0,107,107,1608,122,983,107,1608
429,2021,Maharashtra,27,Akola,467,Akola,21,0,0,21,301,28,0,0,28,505,21,301,28,505
430,2021,Maharashtra,27,Amravati,468,Amravati Commr.,0,0,0,0,265,0,0,0,0,391,0,265,0,391
431,2021,Maharashtra,27,Amravati,468,Amravati Rural,0,1,6,7,1,0,2,160,162,2,7,1,162,2
432,2021,Maharashtra,27,Aurangabad,469,Aurangabad Commr.,22,11,2,35,598,20,16,3,39,714,35,598,39,714
433,2021,Maharashtra,27,Aurangabad,469,Aurangabad Rural,0,0,0,0,22,0,0,0,0,104,0,22,0,104
434,2021,Maharashtra,27,Beed,470,Beed,4,3,0,7,292,10,6,0,16,437,7,292,16,437
435,2021,Maharashtra,27,Bhandara,471,Bhandara,1,0,5,6,217,1,10,49,60,466,6,217,60,466
436,2021,Maharashtra,27,Buldhana,472,Buldhana,21,24,5,50,312,22,20,3,45,583,50,312,45,583
437,2021,Maharashtra,27,Chandrapur,473,Chandrapur,0,0,0,0,507,0,0,0,0,908,0,507,0,908
438,2021,Maharashtra,27,Dhule,474,Dhule,4,0,197,201,197,3,0,0,3,356,201,197,3,356
439,2021,Maharashtra,27,Gadchiroli,475,Gadchiroli,9,2,0,11,123,11,6,20,37,228,11,123,37,228
440,2021,Maharashtra,27,Gondia,476,Gondia,0,0,0,0,89,0,0,0,0,382,0,89,0,382
441,2021,Maharashtra,27,Hingoli,477,Hingoli,0,0,3,3,119,0,0,1,1,165,3,119,1,165
442,2021,Maharashtra,27,Jalgaon,478,Jalgaon,41,29,20,90,706,47,28,10,85,1169,90,706,85,1169
443,2021,Maharashtra,27,Jalna,479,Jalna,0,3,8,11,6,0,10,36,46,0,11,6,46,0
444,2021,Maharashtra,27,Kolhapur,480,Kolhapur,16,1,0,17,735,17,0,0,17,1395,17,735,17,1395
445,2021,Maharashtra,27,Latur,481,Latur,0,0,0,0,246,0,0,0,0,435,0,246,0,435
446,2021,Maharashtra,27,Mumbai,482,Mumbai Commr.,57,192,200,449,3337,46,540,562,1148,4120,449,3337,1148,4120
447,2021,Maharashtra,27,Mumbai,482,Mumbai Railway,9,1,0,10,29,3,3,1,7,42,10,29,7,42
448,2021,Maharashtra,27,Nagpur,484,Nagpur Commr.,3,4,21,28,1357,2,1,3,6,1648,28,1357,6,1648
449,2021,Maharashtra,27,Nagpur,484,Nagpur Railway,0,0,0,0,11,0,0,0,0,8,0,11,0,8
450,2021,Maharashtra,27,Nagpur,484,Nagpur Rural,0,0,0,0,395,0,0,0,0,771,0,395,0,771
451,2021,Maharashtra,27,Nanded,485,Nanded,25,0,0,25,368,16,0,0,16,479,25,368,16,479
452,2021,Maharashtra,27,Nandurbar,486,Nandurbar,15,0,0,15,131,12,1,0,13,292,15,131,13,292
453,2021,Maharashtra,27,Nashik,487,Nasik Commr.,0,0,0,0,567,0,0,0,0,851,0,567,0,851
454,2021,Maharashtra,27,Nashik,487,Nasik Rural,12,2,2,16,679,12,1,0,13,1191,16,679,13,1191
455,2021,Maharashtra,27,Mumbai Suburban,483,Navi Mumbai,32,18,6,56,693,29,20,8,57,870,56,693,57,870
456,2021,Maharashtra,27,Osmanabad,488,Osmanabad,26,0,0,26,199,21,0,0,21,352,26,199,21,352
457,2021,Maharashtra,27,Palghar,665,Palghar,1,0,0,1,180,2,0,0,2,328,1,180,2,328
458,2021,Maharashtra,27,Parbhani,489,Parbhani,0,0,0,0,164,0,0,0,0,278,0,164,0,278
459,2021,Maharashtra,27,Pune,490,Pune Commr.,27,16,18,61,1183,25,44,37,106,1276,61,1183,106,1276
460,2021,Maharashtra,27,Pune,490,Pune Railway,1,0,0,1,8,3,0,0,3,7,1,8,3,7
461,2021,Maharashtra,27,Pune,490,Pune Rural,20,2,4,26,830,22,2,4,28,1411,26,830,28,1411
462,2021,Maharashtra,27,Raigad,491,Raigad,1,0,4,5,216,5,1,20,26,294,5,216,26,294
463,2021,Maharashtra,27,Ratnagiri,492,Ratnagiri,6,2,1,9,204,7,1,1,9,241,9,204,9,241
464,2021,Maharashtra,27,Sangli,493,Sangli,26,2,0,28,581,30,0,0,30,986,28,581,30,986
465,2021,Maharashtra,27,Satara,494,Satara,32,2,1,35,511,33,2,1,36,1069,35,511,36,1069
466,2021,Maharashtra,27,Sindhudurg,495,Sindhudurg,4,0,0,4,100,0,3,0,3,103,4,100,3,103
467,2021,Maharashtra,27,Solapur,496,Solapur Commr.,22,2,0,24,231,7,1,0,8,413,24,231,8,413
468,2021,Maharashtra,27,Solapur,496,Solapur Rural,0,0,0,0,489,0,0,0,0,923,0,489,0,923
469,2021,Maharashtra,27,Thane,497,Thane Commr.,0,0,0,0,1746,0,0,0,0,2442,0,1746,0,2442
470,2021,Maharashtra,27,Thane,497,Thane Rural,5,8,11,24,291,4,29,34,67,352,24,291,67,352
471,2021,Maharashtra,27,Wardha,498,Wardha,0,0,0,0,407,0,0,0,0,646,0,407,0,646
472,2021,Maharashtra,27,Washim,499,Washim,0,0,0,0,216,0,0,0,0,400,0,216,0,400
473,2021,Maharashtra,27,Yavatmal,500,Yavatmal,3,0,98,101,371,4,0,185,189,692,101,371,189,692
474,2021,Maharashtra,27,Pune,490,Pimpri Chinchwad City,0,6,10,16,996,0,11,6,17,1300,16,996,17,1300
475,2021,Maharashtra,27,Aurangabad,469,Aurangabad Railway,0,0,0,0,11,0,0,0,0,11,0,11,0,11
476,2021,Maharashtra,27,Thane,497,Mira Bhayandar Vasai Virar Commr.,58,6,6,70,790,46,9,9,64,1119,70,790,64,1119
477,2021,Manipur,14,Bishnupur,252,Bishnupur,0,2,1,3,7,0,0,1,1,14,3,7,1,14
478,2021,Manipur,14,Chandel,253,Chandel,0,0,0,0,0,0,0,0,0,0,0,0,0,0
479,2021,Manipur,14,Churachandpur,254,Churachandpur,0,0,0,0,0,0,0,0,0,0,0,0,0,0
480,2021,Manipur,14,Imphal West,256,Cid,0,0,0,0,0,0,0,0,0,0,0,0,0,0
481,2021,Manipur,14,Imphal East,255,Imphal East,1,0,6,7,30,4,9,21,34,19,7,30,34,19
482,2021,Manipur,14,Imphal West,256,Imphal West,0,0,0,0,0,1,0,0,1,0,0,0,1,0
483,2021,Manipur,14,Senapati,257,Senapati,0,0,0,0,0,0,0,0,0,0,0,0,0,0
484,2021,Manipur,14,Tamenglong,258,Tamenglong,0,0,0,0,0,0,0,0,0,0,0,0,0,0
485,2021,Manipur,14,Thoubal,259,Thoubal,1,2,2,5,14,0,6,4,10,7,5,14,10,7
486,2021,Manipur,14,Ukhrul,260,Ukhrul,0,0,0,0,0,0,0,0,0,0,0,0,0,0
487,2021,Manipur,14,Kakching,711,Kakching,1,0,0,1,5,0,0,1,1,20,1,5,1,20
488,2021,Manipur,14,Kamjong,717,Kamjong,0,0,0,0,0,0,0,0,0,0,0,0,0,0
489,2021,Manipur,14,Kangpokpi,712,Kangpokpi,0,0,0,0,0,0,0,0,0,0,0,0,0,0
490,2021,Manipur,14,Jiribam,713,Jiribam,0,0,0,0,7,0,0,0,0,8,0,7,0,8
491,2021,Manipur,14,Noney,714,Noney,0,0,0,0,0,0,0,0,0,0,0,0,0,0
492,2021,Manipur,14,Pherzawl,715,Pherzawl,0,0,0,0,0,0,0,0,0,0,0,0,0,0
493,2021,Manipur,14,Tengnoupal,716,Tengnoupal,0,0,0,0,0,0,0,0,0,0,0,0,0,0
494,2021,Manipur,14,Imphal West,256,Narcotic,0,0,0,0,0,0,0,0,0,0,0,0,0,0
495,2021,Meghalaya,17,East Garo Hills,273,Garo Hills East,0,0,0,0,0,0,0,0,0,0,0,0,0,0
496,2021,Meghalaya,17,North Garo Hills,656,Garo Hills North,0,0,0,0,0,0,0,0,0,0,0,0,0,0
497,2021,Meghalaya,17,South Garo Hills,277,Garo Hills South,0,0,0,0,0,0,0,0,0,0,0,0,0,0
498,2021,Meghalaya,17,South West Garo Hills,663,Garo Hills South West,0,0,0,0,0,0,0,0,0,0,0,0,0,0
499,2021,Meghalaya,17,West Garo Hills,278,Garo Hills West,0,0,0,0,6,0,0,0,0,1,0,6,0,1
500,2021,Meghalaya,17,West Jaintia Hills,275,Jaintia Hills West,0,0,0,0,0,0,0,0,0,0,0,0,0,0
501,2021,Meghalaya,17,East Jaintia Hills,657,Jaintia Hills East,4,0,0,4,0,1,0,10,11,0,4,0,11,0
502,2021,Meghalaya,17,East Khasi Hills,274,Khasi Hills East,5,7,4,16,56,2,12,21,35,61,16,56,35,61
503,2021,Meghalaya,17,South West Khasi Hills,658,Khasi Hills South West,0,0,0,0,0,0,0,0,0,0,0,0,0,0
504,2021,Meghalaya,17,West Khasi Hills,279,Khasi Hills West,0,0,0,0,0,0,0,0,0,0,0,0,0,0
505,2021,Meghalaya,17,Ri Bhoi,276,Ri-Bhoi,0,0,0,0,0,0,0,0,0,0,0,0,0,0
506,2021,Meghalaya,17,East Khasi Hills,274,Cyber Cell,0,0,0,0,0,0,0,0,0,0,0,0,0,0
507,2021,Mizoram,15,Aizawl,261,Aizawl,0,0,0,0,0,0,0,0,0,0,0,0,0,0
508,2021,Mizoram,15,Champhai,262,Champhai,0,0,0,0,0,0,0,0,0,0,0,0,0,0
509,2021,Mizoram,15,Kolasib,263,Kolasib,0,0,0,0,0,0,0,0,0,0,0,0,0,0
510,2021,Mizoram,15,Lawngtlai,264,Lawngtlai,0,0,0,0,0,0,0,0,0,0,0,0,0,0
511,2021,Mizoram,15,Lunglei,265,Lunglei,0,0,0,0,1,0,0,0,0,0,0,1,0,0
512,2021,Mizoram,15,Mamit,266,Mamit,0,0,0,0,0,0,0,0,0,0,0,0,0,0
513,2021,Mizoram,15,Saiha,267,Saiha,0,0,0,0,0,0,0,0,0,0,0,0,0,0
514,2021,Mizoram,15,Serchhip,268,Serchhip,0,0,0,0,0,0,0,0,0,0,0,0,0,0
515,2021,Mizoram,15,Aizawl,261,Spl Narcotic,0,0,0,0,0,0,0,0,0,0,0,0,0,0
516,2021,Mizoram,15,Saitual,727,Saitual,0,0,0,0,0,0,0,0,0,0,0,0,0,0
517,2021,Mizoram,15,Khawzawl,728,Khawzawl,0,0,0,0,0,0,0,0,0,0,0,0,0,0
518,2021,Mizoram,15,Hnahthial,726,Hnahthial,0,0,0,0,0,0,0,0,0,0,0,0,0,0
519,2021,Mizoram,15,Aizawl,261,Cyber,0,0,0,0,0,0,0,0,0,0,0,0,0,0
520,2021,Nagaland,13,Dimapur,244,Dimapur,2,1,1,4,34,0,3,0,3,3,4,34,3,3
521,2021,Nagaland,13,Kiphire,614,Kiphire,0,0,0,0,0,0,0,0,0,0,0,0,0,0
522,2021,Nagaland,13,Kohima,245,Kohima,1,0,4,5,1,0,5,9,14,7,5,1,14,7
523,2021,Nagaland,13,Longleng,615,Longleng,0,0,0,0,0,0,0,0,0,0,0,0,0,0
524,2021,Nagaland,13,Mokokchung,246,Mokokchung,0,0,0,0,0,0,0,0,0,0,0,0,0,0
525,2021,Nagaland,13,Mon,247,Mon,0,0,0,0,0,0,0,0,0,0,0,0,0,0
526,2021,Nagaland,13,Peren,613,Peren,0,0,0,0,0,0,0,0,0,0,0,0,0,0
527,2021,Nagaland,13,Phek,248,Phek,0,0,0,0,0,0,0,0,0,0,0,0,0,0
528,2021,Nagaland,13,Tuensang,249,Tuensang,0,0,0,0,0,0,0,0,0,0,0,0,0,0
529,2021,Nagaland,13,Wokha,250,Wokha,0,0,0,0,0,0,0,0,0,0,0,0,0,0
530,2021,Nagaland,13,Zunheboto,251,Zunheboto,0,0,0,0,0,0,0,0,0,0,0,0,0,0
531,2021,Odisha,21,Anugul,344,Angul,0,0,0,0,0,0,0,0,0,0,0,0,0,0
532,2021,Odisha,21,Baleshwar,346,Balasore,0,0,0,0,0,0,0,0,0,0,0,0,0,0
533,2021,Odisha,21,Bargarh,347,Baragarh,0,0,0,0,0,0,0,0,0,0,0,0,0,0
534,2021,Odisha,21,Baleshwar,346,Berhampur,0,0,0,0,0,0,0,0,0,0,0,0,0,0
535,2021,Odisha,21,Bhadrak,348,Bhadrak,0,0,0,0,0,0,0,0,0,0,0,0,0,0
536,2021,Odisha,21,Balangir,345,Bolangir,0,0,0,0,0,0,0,0,0,0,0,0,0,0
537,2021,Odisha,21,Boudh,349,Boudh,0,0,0,0,0,0,0,0,0,0,0,0,0,0
538,2021,Odisha,21,Cuttack,350,Cuttack,0,0,0,0,0,0,0,0,0,0,0,0,0,0
539,2021,Odisha,21,Khordha,362,Dcp Bbsr,0,0,0,0,0,0,0,0,0,0,0,0,0,0
540,2021,Odisha,21,Cuttack,350,Dcp Ctc,0,0,0,0,0,0,0,0,0,0,0,0,0,0
541,2021,Odisha,21,Deogarh,351,Deogarh,0,0,0,0,0,0,0,0,0,0,0,0,0,0
542,2021,Odisha,21,Dhenkanal,352,Dhenkanal,0,0,0,0,0,0,0,0,0,0,0,0,0,0
543,2021,Odisha,21,Gajapati,353,Gajapati,0,0,0,0,0,0,0,0,0,0,0,0,0,0
544,2021,Odisha,21,Ganjam,354,Ganjam,0,0,0,0,0,0,0,0,0,0,0,0,0,0
545,2021,Odisha,21,Jagatsinghapur,355,Jagatsinghpur,0,0,0,0,0,0,0,0,0,0,0,0,0,0
546,2021,Odisha,21,Jajapur,356,Jajpur,0,0,0,0,0,0,0,0,0,0,0,0,0,0
547,2021,Odisha,21,Jharsuguda,357,Jharsuguda,0,0,0,0,0,0,0,0,0,0,0,0,0,0
548,2021,Odisha,21,Kalahandi,358,Kalahandi,0,0,0,0,0,0,0,0,0,0,0,0,0,0
549,2021,Odisha,21,Kandhamal,359,Kandhamal,0,0,0,0,0,0,0,0,0,0,0,0,0,0
550,2021,Odisha,21,Kendrapara,360,Kendrapara,0,0,0,0,0,0,0,0,0,0,0,0,0,0
551,2021,Odisha,21,Kendujhar,361,Keonjhar,0,0,0,0,0,0,0,0,0,0,0,0,0,0
552,2021,Odisha,21,Khordha,362,Khurda,0,0,0,0,0,0,0,0,0,0,0,0,0,0
553,2021,Odisha,21,Koraput,363,Koraput,0,0,0,0,0,0,0,0,0,0,0,0,0,0
554,2021,Odisha,21,Malkangiri,364,Malkangiri,0,0,0,0,0,0,0,0,0,0,0,0,0,0
555,2021,Odisha,21,Mayurbhanj,365,Mayurbhanj,0,0,0,0,0,0,0,0,0,0,0,0,0,0
556,2021,Odisha,21,Nayagarh,367,Nayagarh,0,0,0,0,0,0,0,0,0,0,0,0,0,0
557,2021,Odisha,21,Nabarangpur,366,Nabarangpur,0,0,0,0,0,0,0,0,0,0,0,0,0,0
558,2021,Odisha,21,Nuapada,368,Nuapada,0,0,0,0,0,0,0,0,0,0,0,0,0,0
559,2021,Odisha,21,Puri,369,Puri,0,0,0,0,0,0,0,0,0,0,0,0,0,0
560,2021,Odisha,21,Rayagada,370,Rayagada,0,0,0,0,0,0,0,0,0,0,0,0,0,0
561,2021,Odisha,21,Sundargarh,373,Rourkela,0,0,0,0,0,0,0,0,0,0,0,0,0,0
562,2021,Odisha,21,Sambalpur,371,Sambalpur,0,0,0,0,0,0,0,0,0,0,0,0,0,0
563,2021,Odisha,21,Sonepur,372,Sonepur,0,0,0,0,0,0,0,0,0,0,0,0,0,0
564,2021,Odisha,21,Cuttack,350,Srp(Cuttack),0,0,0,0,0,0,0,0,0,0,0,0,0,0
565,2021,Odisha,21,Sundargarh,373,Srp(Rourkela),0,0,0,0,0,0,0,0,0,0,0,0,0,0
566,2021,Odisha,21,Sundargarh,373,Sundargarh,0,0,0,0,0,0,0,0,0,0,0,0,0,0
567,2021,Odisha,21,Cuttack,350,Cid Cb,245,96,136,477,2972,569,1153,1934,3656,9330,477,2972,3656,9330
568,2021,Punjab,3,Amritsar,27,Amritsar Rural,3,2,0,5,42,1,31,46,78,26,5,42,78,26
569,2021,Punjab,3,Barnala,605,Barnala,0,0,0,0,27,0,2,1,3,40,0,27,3,40
570,2021,Punjab,3,Gurdaspur,32,Batala,0,0,0,0,39,1,0,0,1,34,0,39,1,34
571,2021,Punjab,3,Bathinda,28,Bathinda,0,0,0,0,23,0,0,1,1,18,0,23,1,18
572,2021,Punjab,3,Amritsar,27,Cp Amritsar,0,1,5,6,46,1,20,51,72,53,6,46,72,53
573,2021,Punjab,3,Jalandhar,34,Cp Jalandhar,0,0,0,0,167,0,0,0,0,295,0,167,0,295
574,2021,Punjab,3,Ludhiana,36,Cp Ludhiana,10,13,3,26,38,9,30,16,55,57,26,38,55,57
575,2021,Punjab,3,Faridkot,29,Faridkot,0,0,0,0,1,0,2,22,24,0,0,1,24,0
576,2021,Punjab,3,Fatehgarh Sahib,30,Fatehgarh Sahib,4,0,1,5,72,10,5,6,21,59,5,72,21,59
577,2021,Punjab,3,Fazilka,651,Fazilka,1,0,3,4,49,3,0,10,13,38,4,49,13,38
578,2021,Punjab,3,Ferozepur,31,Ferozepur,1,0,0,1,39,0,31,16,47,57,1,39,47,57
579,2021,Punjab,3,Patiala,41,Grp,0,0,0,0,0,0,0,0,0,3,0,0,0,3
580,2021,Punjab,3,Gurdaspur,32,Gurdaspur,0,1,0,1,0,1,20,12,33,0,1,0,33,0
581,2021,Punjab,3,Hoshiarpur,33,Hoshiarpur,1,3,1,5,127,3,11,37,51,201,5,127,51,201
582,2021,Punjab,3,Jalandhar,34,Jalandhar Rural,4,6,6,16,112,10,7,7,24,164,16,112,24,164
583,2021,Punjab,3,Kapurthala,35,Kapurthala,2,8,0,10,24,1,5,0,6,33,10,24,6,33
584,2021,Punjab,3,Ludhiana,36,Khanna,8,0,1,9,60,7,0,9,16,71,9,60,16,71
585,2021,Punjab,3,Ludhiana,36,Ludhiana Rural,0,0,1,1,17,0,0,0,0,17,1,17,0,17
586,2021,Punjab,3,Mansa,37,Mansa,0,1,2,3,25,1,0,0,1,11,3,25,1,11
587,2021,Punjab,3,Moga,38,Moga,0,0,3,3,53,2,0,0,2,30,3,53,2,30
588,2021,Punjab,3,Sri Muktsar Sahib,39,Muktsar,2,0,0,2,41,2,1,40,43,16,2,41,43,16
589,2021,Punjab,3,Pathankot,662,Pathankot,0,0,1,1,0,0,0,5,5,0,1,0,5,0
590,2021,Punjab,3,Patiala,41,Patiala,13,6,1,20,42,8,42,72,122,126,20,42,122,126
591,2021,Punjab,3,Rupnagar,42,Ropar,5,3,1,9,35,0,15,24,39,33,9,35,39,33
592,2021,Punjab,3,Sangrur,43,Sangrur,2,0,1,3,9,2,18,27,47,29,3,9,47,29
593,2021,Punjab,3,S.A.S Nagar,608,Sas Nagar,4,2,1,7,0,8,31,129,168,0,7,0,168,0
594,2021,Punjab,3,Shahid Bhagat Singh Nagar,40,Sbs Nagar,1,0,0,1,21,5,0,2,7,20,1,21,7,20
595,2021,Punjab,3,Tarn Taran,609,Tarn Taran,1,9,1,11,53,0,0,2,2,47,11,53,2,47
596,2021,Punjab,3,S.A.S Nagar,608,Bureau Of Investigation,0,0,0,0,0,0,0,0,0,0,0,0,0,0
597,2021,Punjab,3,S.A.S Nagar,608,Intelligence Wing,0,0,0,0,0,0,0,0,0,0,0,0,0,0
598,2021,Punjab,3,S.A.S Nagar,608,Nri Wing,0,0,0,0,0,0,0,0,0,0,0,0,0,0
599,2021,Punjab,3,Amritsar,27,Special Task Force,0,0,0,0,0,0,0,0,0,0,0,0,0,0
600,2021,Punjab,3,Malerkotla,737,Malerkotla,0,4,11,15,6,0,0,0,0,3,15,6,0,3
601,2021,Rajasthan,8,Ajmer,86,Ajmer,20,28,20,68,307,26,64,137,227,902,68,307,227,902
602,2021,Rajasthan,8,Alwar,87,Alwar,15,11,10,36,156,19,35,29,83,295,36,156,83,295
603,2021,Rajasthan,8,Banswara,88,Banswara,1,2,3,6,103,14,55,128,197,349,6,103,197,349
604,2021,Rajasthan,8,Baran,89,Baran,2,0,5,7,101,0,15,106,121,385,7,101,121,385
605,2021,Rajasthan,8,Barmer,90,Barmer,0,6,3,9,64,3,45,11,59,215,9,64,59,215
606,2021,Rajasthan,8,Bharatpur,91,Bharatpur,5,7,2,14,89,3,3,2,8,175,14,89,8,175
607,2021,Rajasthan,8,Bhilwara,92,Bhilwara,0,6,11,17,210,2,24,247,273,791,17,210,273,791
608,2021,Rajasthan,8,Bikaner,93,Bikaner,0,0,9,9,158,0,0,52,52,368,9,158,52,368
609,2021,Rajasthan,8,Bundi,94,Bundi,2,0,3,5,94,2,36,80,118,435,5,94,118,435
610,2021,Rajasthan,8,Chittorgarh,95,Chittorgarh,2,6,5,13,153,4,57,128,189,669,13,153,189,669
611,2021,Rajasthan,8,Churu,96,Churu,0,4,16,20,79,0,4,48,52,296,20,79,52,296
612,2021,Rajasthan,8,Dausa,97,Dausa,0,5,16,21,71,2,8,34,44,139,21,71,44,139
613,2021,Rajasthan,8,Dholpur,98,Dholpur,0,0,6,6,61,0,1,11,12,101,6,61,12,101
614,2021,Rajasthan,8,Dungarpur,99,Dungarpur,2,2,5,9,66,2,71,131,204,392,9,66,204,392
615,2021,Rajasthan,8,Ajmer,86,Grp Ajmer,0,0,0,0,9,0,0,0,0,10,0,9,0,10
616,2021,Rajasthan,8,Jodhpur,107,Grp Jodhpur,1,0,0,1,9,0,0,0,0,6,1,9,0,6
617,2021,Rajasthan,8,Ganganagar,100,Ganganagar,5,10,7,22,277,3,51,84,138,726,22,277,138,726
618,2021,Rajasthan,8,Hanumangarh,101,Hanumangarh,0,1,3,4,133,1,12,65,78,393,4,133,78,393
619,2021,Rajasthan,8,Jaipur,102,Jaipur East,11,11,16,38,223,5,34,36,75,363,38,223,75,363
620,2021,Rajasthan,8,Jaipur,102,Jaipur North,6,9,7,22,189,4,25,52,81,309,22,189,81,309
621,2021,Rajasthan,8,Jaipur (Gramin),783,Jaipur Rural,8,1,19,28,142,16,14,45,75,349,28,142,75,349
622,2021,Rajasthan,8,Jaipur,102,Jaipur South,6,20,23,49,255,2,32,51,85,351,49,255,85,351
623,2021,Rajasthan,8,Jaipur,102,Jaipur West,15,16,19,50,277,3,89,38,130,452,50,277,130,452
624,2021,Rajasthan,8,Jaisalmer,103,Jaisalmer,0,1,2,3,19,0,1,6,7,44,3,19,7,44
625,2021,Rajasthan,8,Jalore,104,Jalore,0,4,7,11,68,1,28,46,75,341,11,68,75,341
626,2021,Rajasthan,8,Jhalawar,105,Jhalawar,1,5,5,11,136,4,95,69,168,446,11,136,168,446
627,2021,Rajasthan,8,Jhunjhunu,106,Jhunjhunu,4,15,9,28,144,6,32,42,80,0,28,144,80,0
628,2021,Rajasthan,8,Jodhpur,107,Jodhpur East,4,10,3,17,123,2,17,25,44,244,17,123,44,244
629,2021,Rajasthan,8,Jodhpur,107,Jodhpur West,0,6,12,18,171,0,2,57,59,296,18,171,59,296
630,2021,Rajasthan,8,Jodhpur,107,Jodhpur Rural,0,1,3,4,61,1,15,18,34,181,4,61,34,181
631,2021,Rajasthan,8,Karauli,108,Karauli,0,8,4,12,55,0,17,12,29,88,12,55,29,88
632,2021,Rajasthan,8,Kota,109,Kota City,7,16,21,44,262,3,34,76,113,576,44,262,113,576
633,2021,Rajasthan,8,Kota,109,Kota Rural,1,7,1,9,98,3,38,30,71,422,9,98,71,422
634,2021,Rajasthan,8,Nagaur,110,Nagaur,3,5,6,14,113,2,56,62,120,484,14,113,120,484
635,2021,Rajasthan,8,Pali,111,Pali,0,5,10,15,122,2,45,100,147,895,15,122,147,895
636,2021,Rajasthan,8,Pratapgarh,629,Pratapgarh,0,0,3,3,80,0,0,94,94,262,3,80,94,262
637,2021,Rajasthan,8,Rajsamand,112,Rajsamand,1,6,6,13,116,0,51,90,141,595,13,116,141,595
638,2021,Rajasthan,8,Sawai Madhopur,113,Sawai Madhopur,1,10,2,13,47,0,2,2,4,165,13,47,4,165
639,2021,Rajasthan,8,Sikar,114,Sikar,7,15,16,38,150,3,20,112,135,550,38,150,135,550
640,2021,Rajasthan,8,Sirohi,115,Sirohi,2,6,5,13,73,0,20,51,71,321,13,73,71,321
641,2021,Rajasthan,8,Tonk,116,Tonk,2,2,3,7,77,1,23,38,62,272,7,77,62,272
642,2021,Rajasthan,8,Udaipur,117,Udaipur,7,9,20,36,235,14,54,183,251,975,36,235,251,975
643,2021,Rajasthan,8,Jaipur,102,Jaipur Metro,0,0,0,0,0,0,0,0,0,0,0,0,0,0
644,2021,Rajasthan,8,Jaipur,102,Scrb,0,0,0,0,0,0,0,0,0,0,0,0,0,0
645,2021,Rajasthan,8,Jaipur,102,Sog,0,0,0,0,0,0,0,0,0,0,0,0,0,0
646,2021,Rajasthan,8,Jaipur,102,Ssb,0,0,0,0,0,0,0,0,0,0,0,0,0,0
647,2021,Rajasthan,8,Jaipur,102,Jaipur Crime,0,0,0,0,0,0,0,0,0,0,0,0,0,0
648,2021,Rajasthan,8,Khairthal-Tijara,770,Bhiwadi,11,15,14,40,112,9,59,59,127,268,40,112,127,268
649,2021,Sikkim,11,Gangtok,225,East,1,0,0,1,32,0,4,0,4,60,1,32,4,60
650,2021,Sikkim,11,Mangan,226,North,0,0,0,0,2,0,0,1,1,2,0,2,1,2
651,2021,Sikkim,11,Namchi,227,South,0,1,0,1,11,0,0,1,1,22,1,11,1,22
652,2021,Sikkim,11,Gyalshing,228,West,0,0,0,0,4,0,0,0,0,28,0,4,0,28
653,2021,Sikkim,11,Gangtok,225,Cid,0,0,0,0,0,0,0,0,0,0,0,0,0,0
654,2021,Tamil Nadu,33,Ariyalur,610,Ariyalur,9,1,2,12,33,9,8,55,72,175,12,33,72,175
655,2021,Tamil Nadu,33,Chennai,568,Chennai,105,77,63,245,1152,99,226,443,768,1828,245,1152,768,1828
656,2021,Tamil Nadu,33,Coimbatore,569,Coimbatore,13,19,13,45,159,22,20,167,209,425,45,159,209,425
657,2021,Tamil Nadu,33,Coimbatore,569,Coimbatore City,5,10,15,30,155,5,25,56,86,282,30,155,86,282
658,2021,Tamil Nadu,33,Cuddalore,570,Cuddalore,4,3,5,12,115,2,8,36,46,463,12,115,46,463
659,2021,Tamil Nadu,33,Dharmapuri,571,Dharmapuri,6,4,11,21,26,4,2,75,81,122,21,26,81,122
660,2021,Tamil Nadu,33,Dindigul,572,Dindigul,25,21,13,59,110,50,21,166,237,383,59,110,237,383
661,2021,Tamil Nadu,33,Erode,573,Erode,11,9,10,30,84,11,24,140,175,226,30,84,175,226
662,2021,Tamil Nadu,33,Kanchipuram,574,Kanchipuram,0,4,2,6,94,0,8,38,46,317,6,94,46,317
663,2021,Tamil Nadu,33,Kanniyakumari,575,Kanyakumari,11,27,10,48,125,20,18,11,49,279,48,125,49,279
664,2021,Tamil Nadu,33,Karur,576,Karur,6,6,3,15,41,12,15,50,77,179,15,41,77,179
665,2021,Tamil Nadu,33,Krishnagiri,577,Krishnagiri,9,12,4,25,43,13,27,17,57,107,25,43,57,107
666,2021,Tamil Nadu,33,Madurai,578,Madurai,13,18,19,50,123,9,15,111,135,369,50,123,135,369
667,2021,Tamil Nadu,33,Madurai,578,Madurai City,26,12,7,45,172,29,21,55,105,374,45,172,105,374
668,2021,Tamil Nadu,33,Nagapattinam,579,Nagapattinam,21,3,4,28,49,16,36,6,58,259,28,49,58,259
669,2021,Tamil Nadu,33,Namakkal,580,Namakkal,11,14,8,33,71,13,25,88,126,292,33,71,126,292
670,2021,Tamil Nadu,33,The Nilgiris,587,Nilgiris,6,5,1,12,30,7,21,21,49,73,12,30,49,73
671,2021,Tamil Nadu,33,Perambalur,581,Perambalur,14,1,1,16,38,18,19,30,67,152,16,38,67,152
672,2021,Tamil Nadu,33,Pudukkottai,582,Pudukottai,0,7,32,39,86,0,35,52,87,381,39,86,87,381
673,2021,Tamil Nadu,33,Ramanathapuram,583,Ramnathapuram,8,17,10,35,64,10,11,25,46,261,35,64,46,261
674,2021,Tamil Nadu,33,Chennai,568,Railway Chennai,0,0,1,1,16,0,0,0,0,5,1,16,0,5
675,2021,Tamil Nadu,33,Tiruchirappalli,591,Railway Trichy,0,0,0,0,2,0,0,0,0,5,0,2,0,5
676,2021,Tamil Nadu,33,Salem,584,Salem,7,5,12,24,57,11,24,114,149,214,24,57,149,214
677,2021,Tamil Nadu,33,Salem,584,Salem City,17,19,14,50,101,14,20,43,77,282,50,101,77,282
678,2021,Tamil Nadu,33,Sivaganga,585,Sivagangai,22,2,3,27,58,33,42,30,105,208,27,58,105,208
679,2021,Tamil Nadu,33,Thanjavur,586,Thanjavur,33,6,4,43,110,26,39,114,179,405,43,110,179,405
680,2021,Tamil Nadu,33,Theni,588,Theni,25,5,11,41,70,32,28,88,148,221,41,70,148,221
681,2021,Tamil Nadu,33,Tirunelveli,592,Thirunelveli,14,10,9,33,65,7,20,63,90,183,33,65,90,183
682,2021,Tamil Nadu,33,Tirunelveli,592,Thirunelveli City,9,6,0,15,51,14,34,0,48,90,15,51,48,90
683,2021,Tamil Nadu,33,Thiruvallur,589,Thiruvallur,14,37,12,63,167,16,37,109,162,544,63,167,162,544
684,2021,Tamil Nadu,33,Tiruvannamalai,593,Thiruvannamalai,27,8,6,41,78,18,25,103,146,371,41,78,146,371
685,2021,Tamil Nadu,33,Thiruvarur,590,Thiruvarur,9,6,0,15,19,7,4,22,33,120,15,19,33,120
686,2021,Tamil Nadu,33,Tuticorin,594,Thoothukudi,17,24,20,61,135,11,33,100,144,369,61,135,144,369
687,2021,Tamil Nadu,33,Tiruppur,634,Tiruppur,0,8,5,13,106,17,97,17,131,182,13,106,131,182
688,2021,Tamil Nadu,33,Tiruppur,634,Tiruppur City,1,8,5,14,103,0,21,61,82,251,14,103,82,251
689,2021,Tamil Nadu,33,Tiruchirappalli,591,Trichy,9,6,10,25,55,4,7,61,72,209,25,55,72,209
690,2021,Tamil Nadu,33,Tiruchirappalli,591,Trichy City,14,6,3,23,87,16,26,25,67,178,23,87,67,178
691,2021,Tamil Nadu,33,Vellore,595,Vellore,2,4,8,14,68,6,14,96,116,223,14,68,116,223
692,2021,Tamil Nadu,33,Villupuram,596,Villupuram,0,11,0,11,139,0,28,22,50,479,11,139,50,479
693,2021,Tamil Nadu,33,Virudhunagar,597,Virudhunagar,16,19,11,46,79,11,26,116,153,244,46,79,153,244
694,2021,Tamil Nadu,33,Chennai,568,Cyber Cell,0,0,0,0,0,0,0,0,0,0,0,0,0,0
695,2021,Tamil Nadu,33,Chennai,568,Other Units,0,0,0,0,0,0,0,0,0,0,0,0,0,0
696,2021,Tamil Nadu,33,Chengalpattu,730,Chengalpattu,16,5,2,23,128,24,26,26,76,352,23,128,76,352
697,2021,Tamil Nadu,33,Kallakurichi,729,Kallakurichi,4,8,12,24,67,5,6,66,77,93,24,67,77,93
698,2021,Tamil Nadu,33,Ranipet,731,Ranipet,6,1,3,10,58,9,13,44,66,177,10,58,66,177
699,2021,Tamil Nadu,33,Tirupathur,732,Tiruppattur,10,12,2,24,65,7,17,14,38,209,24,65,38,209
700,2021,Tamil Nadu,33,Tenkasi,733,Tenkasi,19,16,2,37,66,29,43,57,129,229,37,66,129,229
701,2021,Telangana,36,Hyderabad,507,Cyberabad Commissionerate,201,39,16,256,1609,211,46,46,303,2132,256,1609,303,2132
702,2021,Telangana,36,Hyderabad,507,Hyderabad Commissionerate,48,222,0,270,1310,52,399,0,451,1718,270,1310,451,1718
703,2021,Telangana,36,Karimnagar,508,Karimnagar Commissionerate,15,9,2,26,92,8,13,39,60,264,26,92,60,264
704,2021,Telangana,36,Khammam,509,Khammam Commissionerate,27,3,0,30,126,21,6,14,41,369,30,126,41,369
705,2021,Telangana,36,Nizamabad,516,Nizamabad Commissionerate,30,12,4,46,188,46,37,46,129,361,46,188,129,361
706,2021,Telangana,36,Yadadri Bhuvanagiri,697,Rachakonda Commissionerate,0,22,200,222,1796,0,69,200,269,1171,222,1796,269,1171
707,2021,Telangana,36,Peddapalli,682,Ramagundam Commissionerate,16,8,2,26,144,22,6,2,30,395,26,144,30,395
708,2021,Telangana,36,Siddipet,692,Siddipet Commissionerate,21,5,4,30,173,26,18,33,77,322,30,173,77,322
709,2021,Telangana,36,Warangal,522,Warangal Commissionerate,52,5,8,65,216,53,76,116,245,652,65,216,245,652
710,2021,Telangana,36,Adilabad,501,Adilabad,7,0,2,9,37,6,1,2,9,80,9,37,9,80
711,2021,Telangana,36,Bhadradri Kothagudem,690,Bhadradri Kothagudem,16,7,0,23,129,18,61,0,79,309,23,129,79,309
712,2021,Telangana,36,Jagitial,681,Jagityal,14,5,1,20,65,3,9,64,76,274,20,65,76,274
713,2021,Telangana,36,Jayashankar Bhupalapally,687,Jayashankar Bhupalpalli,0,0,4,4,23,0,0,4,4,74,4,23,4,74
714,2021,Telangana,36,Jogulamba Gadwal,695,Jogulamba Gadwal,8,4,4,16,34,4,7,6,17,102,16,34,17,102
715,2021,Telangana,36,Kamareddy,685,Kamareddy ,9,15,15,39,131,10,45,55,110,233,39,131,110,233
716,2021,Telangana,36,Kumuram Bheem Asifabad,699,Kumaram Bheem Asifabad,3,1,2,6,41,3,5,12,20,62,6,41,20,62
717,2021,Telangana,36,Mahabubabad,688,Mahabubabad,3,6,1,10,46,6,39,11,56,124,10,46,56,124
718,2021,Telangana,36,Mahabubnagar,512,Mahabubnagar,28,8,14,50,95,23,7,3,33,325,50,95,33,325
719,2021,Telangana,36,Medak,513,Medak,14,3,1,18,100,11,6,12,29,150,18,100,29,150
720,2021,Telangana,36,Nagarkurnool,694,Nagarkurnool,13,3,5,21,55,14,13,37,64,154,21,55,64,154
721,2021,Telangana,36,Nalgonda,514,Nalgonda,14,5,6,25,106,19,1,22,42,293,25,106,42,293
722,2021,Telangana,36,Nirmal,680,Nirmal,0,1,6,7,61,5,4,7,16,134,7,61,16,134
723,2021,Telangana,36,Rajanna Sircilla,683,Rajanna Siricilla,1,0,1,2,54,1,1,11,13,91,2,54,13,91
724,2021,Telangana,36,Sangareddy,691,Sangareddy,32,10,18,60,196,23,25,135,183,329,60,196,183,329
725,2021,Telangana,36,Suryapet,696,Suryapet,21,2,8,31,96,22,5,18,45,237,31,96,45,237
726,2021,Telangana,36,Vikarabad,698,Vikarabad,20,9,3,32,78,14,2,10,26,190,32,78,26,190
727,2021,Telangana,36,Wanaparthy,693,Wanaparthy,0,6,12,18,36,0,12,53,65,117,18,36,65,117
728,2021,Telangana,36,Hyderabad,507,Railway Police Secunderabad,0,0,0,0,11,0,1,0,1,12,0,11,1,12
729,2021,Telangana,36,Mulugu,720,Mulug,0,4,0,4,17,2,8,56,66,5,4,17,66,5
730,2021,Telangana,36,Narayanpet,721,Narayanpet,9,7,0,16,18,13,2,0,15,107,16,18,15,107
731,2021,Tripura,16,Dhalai,269,Dhalai,1,1,0,2,33,2,3,5,10,116,2,33,10,116
732,2021,Tripura,16,Gomati,654,Gomati,0,0,0,0,32,0,1,9,10,205,0,32,10,205
733,2021,Tripura,16,West Tripura,272,Grp,0,0,0,0,0,0,0,0,0,0,0,0,0,0
734,2021,Tripura,16,Khowai,652,Kowai,2,0,0,2,48,2,0,0,2,82,2,48,2,82
735,2021,Tripura,16,North Tripura,270,North,0,1,0,1,3,0,9,0,9,9,1,3,9,9
736,2021,Tripura,16,Sepahijala,653,Sipahijala,0,1,0,1,29,0,9,4,13,66,1,29,13,66
737,2021,Tripura,16,South Tripura,271,South,3,5,4,12,57,3,4,9,16,147,12,57,16,147
738,2021,Tripura,16,Unakoti,655,Unakoti,2,1,0,3,24,0,8,8,16,62,3,24,16,62
739,2021,Tripura,16,West Tripura,272,West,6,4,2,12,165,12,18,14,44,389,12,165,44,389
740,2021,Uttar Pradesh,9,Agra,118,Agra,4,23,10,37,269,3,15,28,46,320,37,269,46,320
741,2021,Uttar Pradesh,9,Aligarh,119,Aligarh,1,5,4,10,77,2,3,1,6,85,10,77,6,85
742,2021,Uttar Pradesh,9,Prayagraj,120,Prayagraj,4,2,15,21,118,4,4,52,60,161,21,118,60,161
743,2021,Uttar Pradesh,9,Ambedkar Nagar,121,Ambedkar Nagar,0,0,2,2,44,0,0,8,8,35,2,44,8,35
744,2021,Uttar Pradesh,9,Amethi,640,Amethi,0,3,3,6,13,1,3,9,13,28,6,13,13,28
745,2021,Uttar Pradesh,9,Amroha,154,Amroha,0,0,6,6,0,12,25,0,37,0,6,0,37,0
746,2021,Uttar Pradesh,9,Auraiya,122,Auraiya,2,1,6,9,17,0,3,11,14,0,9,17,14,0
747,2021,Uttar Pradesh,9,Azamgarh,123,Azamgarh,0,0,14,14,124,0,0,23,23,245,14,124,23,245
748,2021,Uttar Pradesh,9,Budaun,133,Badaun,2,2,3,7,50,0,0,0,0,79,7,50,0,79
749,2021,Uttar Pradesh,9,Baghpat,124,Baghpat,1,0,0,1,62,0,0,8,8,92,1,62,8,92
750,2021,Uttar Pradesh,9,Bahraich,125,Bahraich,0,0,0,0,0,0,0,0,0,0,0,0,0,0
751,2021,Uttar Pradesh,9,Ballia,126,Ballia,6,1,1,8,63,0,5,19,24,78,8,63,24,78
752,2021,Uttar Pradesh,9,Balrampur,127,Balrampur,3,0,0,3,29,1,0,56,57,101,3,29,57,101
753,2021,Uttar Pradesh,9,Banda,128,Banda,5,5,9,19,1,17,12,36,65,47,19,1,65,47
754,2021,Uttar Pradesh,9,Barabanki,129,Barabanki,3,4,17,24,38,0,6,12,18,65,24,38,18,65
755,2021,Uttar Pradesh,9,Bareilly,130,Bareilly,0,3,2,5,52,4,31,14,49,61,5,52,49,61
756,2021,Uttar Pradesh,9,Basti,131,Basti,1,1,2,4,0,0,10,22,32,96,4,0,32,96
757,2021,Uttar Pradesh,9,Bijnor,132,Bijnor,2,2,0,4,83,0,4,2,6,116,4,83,6,116
758,2021,Uttar Pradesh,9,Bulandshahr,134,Bulandshahar,3,7,3,13,37,1,11,4,16,78,13,37,16,78
759,2021,Uttar Pradesh,9,Chandauli,135,Chandoli,2,3,2,7,44,0,1,13,14,56,7,44,14,56
760,2021,Uttar Pradesh,9,Chitrakoot,136,Chitrakoot,0,0,0,0,0,0,0,0,0,0,0,0,0,0
761,2021,Uttar Pradesh,9,Deoria,137,Deoria,0,0,0,0,0,0,0,0,0,0,0,0,0,0
762,2021,Uttar Pradesh,9,Etah,138,Etah,1,1,2,4,0,0,0,7,7,62,4,0,7,62
763,2021,Uttar Pradesh,9,Etawah,139,Etawah,2,10,6,18,26,1,18,16,35,68,18,26,35,68
764,2021,Uttar Pradesh,9,Ayodhya,140,Ayodhya,0,5,4,9,38,0,1,16,17,45,9,38,17,45
765,2021,Uttar Pradesh,9,Farrukhabad,141,Fatehgarh,0,0,0,0,26,0,0,0,0,36,0,26,0,36
766,2021,Uttar Pradesh,9,Fatehpur,142,Fatehpur,5,9,0,14,63,4,13,6,23,159,14,63,23,159
767,2021,Uttar Pradesh,9,Firozabad,143,Firozabad,4,2,12,18,12,6,6,10,22,26,18,12,22,26
768,2021,Uttar Pradesh,9,Lucknow,162,Grp,1,3,13,17,28,0,0,4,4,29,17,28,4,29
769,2021,Uttar Pradesh,9,Gautam Buddha Nagar,144,Gautambudh Nagar,14,75,124,213,182,7,102,275,384,298,213,182,384,298
770,2021,Uttar Pradesh,9,Ghaziabad,145,Ghaziabad,9,14,5,28,167,8,44,12,64,183,28,167,64,183
771,2021,Uttar Pradesh,9,Ghazipur,146,Ghazipur,0,3,5,8,0,0,10,8,18,0,8,0,18,0
772,2021,Uttar Pradesh,9,Gonda,147,Gonda,0,7,0,7,27,2,13,3,18,59,7,27,18,59
773,2021,Uttar Pradesh,9,Gorakhpur,148,Gorakhpur,0,0,0,0,0,0,0,0,0,0,0,0,0,0
774,2021,Uttar Pradesh,9,Hamirpur,149,Hamirpur,0,11,2,13,3,0,30,33,63,39,13,3,63,39
775,2021,Uttar Pradesh,9,Hapur,661,Hapur,0,0,2,2,33,0,0,6,6,36,2,33,6,36
776,2021,Uttar Pradesh,9,Hardoi,150,Hardoi,6,2,3,11,19,4,7,15,26,12,11,19,26,12
777,2021,Uttar Pradesh,9,Hathras,163,Hathras,0,5,0,5,19,3,3,0,6,41,5,19,6,41
778,2021,Uttar Pradesh,9,Jalaun,151,Jalaun,2,0,0,2,22,0,11,36,47,36,2,22,47,36
779,2021,Uttar Pradesh,9,Jaunpur,152,Jaunpur,1,3,1,5,28,0,7,5,12,42,5,28,12,42
780,2021,Uttar Pradesh,9,Jhansi,153,Jhansi,1,20,4,25,13,0,17,5,22,14,25,13,22,14
781,2021,Uttar Pradesh,9,Kannauj,155,Kannauj,1,4,3,8,31,3,14,18,35,45,8,31,35,45
782,2021,Uttar Pradesh,9,Kanpur Dehat,156,Kanpur Dehat,0,27,0,27,0,0,25,0,25,5,27,0,25,5
783,2021,Uttar Pradesh,9,Kanpur Nagar,157,Kanpur Commissionarate,9,16,16,41,143,7,12,17,36,130,41,143,36,130
784,2021,Uttar Pradesh,9,Kasganj,633,Kasganj,2,1,0,3,42,0,1,4,5,36,3,42,5,36
785,2021,Uttar Pradesh,9,Kaushambi,158,Kaushambi,0,0,0,0,0,0,0,0,0,0,0,0,0,0
786,2021,Uttar Pradesh,9,Kheri,159,Khiri,0,2,25,27,3,1,4,38,43,8,27,3,43,8
787,2021,Uttar Pradesh,9,Kushi Nagar,160,Kushi Nagar,2,0,0,2,0,2,11,5,18,11,2,0,18,11
788,2021,Uttar Pradesh,9,Lalitpur,161,Lalitpur,0,3,0,3,5,0,34,0,34,32,3,5,34,32
789,2021,Uttar Pradesh,9,Lucknow,162,Lucknow Commissionarate,0,0,0,0,0,0,0,0,0,0,0,0,0,0
790,2021,Uttar Pradesh,9,Maharajganj,164,Maharajganj,1,1,0,2,1,0,7,2,9,22,2,1,9,22
791,2021,Uttar Pradesh,9,Mahoba,165,Mahoba,2,2,0,4,0,0,5,8,13,0,4,0,13,0
792,2021,Uttar Pradesh,9,Mainpuri,166,Mainpuri,6,18,0,24,0,1,13,30,44,0,24,0,44,0
793,2021,Uttar Pradesh,9,Mathura,167,Mathura,0,0,0,0,0,0,0,0,0,0,0,0,0,0
794,2021,Uttar Pradesh,9,Mau,168,Mau,0,6,0,6,19,0,6,0,6,34,6,19,6,34
795,2021,Uttar Pradesh,9,Meerut,169,Meerut,0,0,10,10,100,0,0,8,8,101,10,100,8,101
796,2021,Uttar Pradesh,9,Mirzapur,170,Mirzapur,2,5,4,11,34,1,12,4,17,60,11,34,17,60
797,2021,Uttar Pradesh,9,Moradabad,171,Moradabad,0,23,200,223,40,0,41,100,141,127,223,40,141,127
798,2021,Uttar Pradesh,9,Muzaffarnagar,172,Muzaffarnagar,0,0,0,0,0,0,0,0,0,0,0,0,0,0
799,2021,Uttar Pradesh,9,Pilibhit,173,Pilibhit,0,2,0,2,58,0,0,2,2,65,2,58,2,65
800,2021,Uttar Pradesh,9,Pratapgarh,174,Pratapgarh,0,0,25,25,0,0,0,32,32,0,25,0,32,0
801,2021,Uttar Pradesh,9,Rae Bareli,175,Raibareilly,2,2,3,7,18,0,5,18,23,40,7,18,23,40
802,2021,Uttar Pradesh,9,Rampur,176,Rampur,0,0,1,1,0,0,0,2,2,0,1,0,2,0
803,2021,Uttar Pradesh,9,Saharanpur,177,Saharanpur,1,4,3,8,64,0,1,9,10,73,8,64,10,73
804,2021,Uttar Pradesh,9,Sambhal,659,Sambhal,0,2,0,2,8,0,2,1,3,18,2,8,3,18
805,2021,Uttar Pradesh,9,Sant Kabeer Nagar,178,Sant Kabirnagar,0,3,0,3,24,0,0,0,0,66,3,24,0,66
806,2021,Uttar Pradesh,9,Shahjahanpur,180,Shahjahanpur,2,1,4,7,87,0,1,25,26,61,7,87,26,61
807,2021,Uttar Pradesh,9,Shamli,660,Shamli,3,3,2,8,43,0,0,4,4,36,8,43,4,36
808,2021,Uttar Pradesh,9,Shravasti,181,Shrawasti,0,4,3,7,0,1,1,4,6,6,7,0,6,6
809,2021,Uttar Pradesh,9,Siddharth Nagar,182,Sidharthnagar,1,2,3,6,39,0,2,7,9,76,6,39,9,76
810,2021,Uttar Pradesh,9,Sitapur,183,Sitapur,193,0,8,201,163,214,3,6,223,177,201,163,223,177
811,2021,Uttar Pradesh,9,Sonbhadra,184,Sonbhadra,1,0,2,3,40,2,0,12,14,80,3,40,14,80
812,2021,Uttar Pradesh,9,Bhadohi,179,Bhadohi,2,11,13,26,38,1,5,9,15,0,26,38,15,0
813,2021,Uttar Pradesh,9,Sultanpur,185,Sultanpur,0,0,3,3,15,1,0,8,9,25,3,15,9,25
814,2021,Uttar Pradesh,9,Unnao,186,Unnao,5,3,3,11,54,4,9,15,28,63,11,54,28,63
815,2021,Uttar Pradesh,9,Varanasi,187,Varanasi Commissionarate,0,8,7,15,136,0,10,17,27,134,15,136,27,134
816,2021,Uttar Pradesh,9,Lucknow,162,Lucknow Grameen,0,16,0,16,14,0,8,8,16,0,16,14,16,0
817,2021,Uttar Pradesh,9,Kanpur Dehat,156,Kanpur Outer,0,4,6,10,16,0,1,4,5,36,10,16,5,36
818,2021,Uttar Pradesh,9,Varanasi,187,Vasanasi Dehat,0,2,1,3,4,0,3,7,10,5,3,4,10,5
819,2021,Uttarakhand,5,Almora,45,Almora,0,1,4,5,34,0,3,7,10,25,5,34,10,25
820,2021,Uttarakhand,5,Bageshwar,46,Bageshwar,0,2,3,5,26,0,2,6,8,34,5,26,8,34
821,2021,Uttarakhand,5,Chamoli,47,Chamoli,0,2,5,7,211,1,2,5,8,31,7,211,8,31
822,2021,Uttarakhand,5,Champawat,48,Champawat,0,0,9,9,22,0,0,9,9,23,9,22,9,23
823,2021,Uttarakhand,5,Dehradun,49,Dehradun,3,10,10,23,304,2,11,17,30,364,23,304,30,364
824,2021,Uttarakhand,5,Haridwar,50,Haridwar,3,20,40,63,338,0,40,41,81,339,63,338,81,339
825,2021,Uttarakhand,5,Nainital,51,Nainital,5,10,25,40,146,4,35,35,74,168,40,146,74,168
826,2021,Uttarakhand,5,Pauri Garhwal,52,Pauri Garhwal,0,1,2,3,40,0,1,4,5,43,3,40,5,43
827,2021,Uttarakhand,5,Pithoragarh,53,Pithoragarh,0,2,5,7,14,0,7,10,17,14,7,14,17,14
828,2021,Uttarakhand,5,Rudra Prayag,54,Rudra Prayag,0,0,0,0,10,1,1,0,2,14,0,10,2,14
829,2021,Uttarakhand,5,Tehri Garhwal,55,Tehri Garhwal,4,6,1,11,22,5,7,11,23,59,11,22,23,59
830,2021,Uttarakhand,5,Udam Singh Nagar,56,Udhamsingh Nagar,4,16,32,52,201,13,50,70,133,343,52,201,133,343
831,2021,Uttarakhand,5,Uttar Kashi,57,Uttarkashi,0,1,0,1,0,0,0,0,0,0,1,0,0,0
832,2021,Uttarakhand,5,Dehradun,49,Grp,0,0,0,0,0,0,0,0,0,0,0,0,0,0
833,2021,Uttarakhand,5,Cyber Cell,9999,Cyber Cell,0,0,0,0,0,0,0,0,0,0,0,0,0,0
834,2021,West Bengal,19,Alipurduar,664,Alipurduar,7,7,8,22,275,2,52,84,138,671,22,275,138,671
835,2021,West Bengal,19,Paschim Bardhaman,704,Asansol-Durgapur Pc,2,9,3,14,491,2,32,48,82,641,14,491,82,641
836,2021,West Bengal,19,Bankura,305,Bankura,0,2,2,4,326,2,48,86,136,606,4,326,136,606
837,2021,West Bengal,19,24 Paraganas North,303,Barrackpur Pc,10,24,16,50,554,4,79,80,163,649,50,554,163,649
838,2021,West Bengal,19,24 Paraganas North,303,Bidhannagar Pc,4,7,4,15,314,5,44,36,85,438,15,314,85,438
839,2021,West Bengal,19,Birbhum,307,Birbhum,2,2,1,5,276,1,23,42,66,485,5,276,66,485
840,2021,West Bengal,19,Coochbehar,308,Coochbehar,3,11,18,32,384,7,114,232,353,1022,32,384,353,1022
841,2021,West Bengal,19,Dinajpur Dakshin,310,Dakshin Dinajpur,2,10,16,28,231,3,21,227,251,763,28,231,251,763
842,2021,West Bengal,19,Darjeeling,309,Darjeeling,1,6,10,17,110,5,7,10,22,234,17,110,22,234
843,2021,West Bengal,19,Hooghly,312,Hooghly Rural Police,6,4,3,13,373,6,66,90,162,888,13,373,162,888
844,2021,West Bengal,19,Howrah,313,Howrah Grp,2,0,0,2,16,0,0,1,1,8,2,16,1,8
845,2021,West Bengal,19,Howrah,313,Howrah Pc,12,28,19,59,725,24,114,125,263,818,59,725,263,818
846,2021,West Bengal,19,Howrah,313,Howrah Rural,9,14,8,31,272,10,124,126,260,638,31,272,260,638
847,2021,West Bengal,19,Jalpaiguri,314,Jalpaiguri,0,1,6,7,315,0,55,133,188,759,7,315,188,759
848,2021,West Bengal,19,Jhargram,703,Jhargram,0,0,0,0,99,1,38,36,75,239,0,99,75,239
849,2021,West Bengal,19,Medinipur West,318,Kharagpur Grp,0,0,0,0,1,0,0,0,0,1,0,1,0,1
850,2021,West Bengal,19,Kolkata,315,Kolkata,49,100,47,196,1578,34,246,236,516,1366,196,1578,516,1366
851,2021,West Bengal,19,Maldah,316,Malda,15,48,52,115,476,18,337,438,793,1164,115,476,793,1164
852,2021,West Bengal,19,Murshidabad,319,Murshidabad Police District,0,10,13,23,470,0,98,155,253,1161,23,470,253,1161
853,2021,West Bengal,19,Medinipur West,318,Paschim Medinipur,5,8,10,23,433,10,220,363,593,1028,23,433,593,1028
854,2021,West Bengal,19,Medinipur East,317,Purab Medinipur,25,9,5,39,354,22,265,273,560,1069,39,354,560,1069
855,2021,West Bengal,19,Purulia,321,Purulia,0,4,1,5,158,0,16,37,53,327,5,158,53,327
856,2021,West Bengal,19,Kolkata,315,Sealdah Grp,0,0,0,0,4,0,1,1,2,10,0,4,2,10
857,2021,West Bengal,19,Darjeeling,309,Siliguri Grp,1,0,0,1,1,0,0,0,0,1,1,1,0,1
858,2021,West Bengal,19,Darjeeling,309,Siliguri Pc,21,17,27,65,446,22,98,125,245,744,65,446,245,744
859,2021,West Bengal,19,24 Paraganas South,304,Baruipur Police,16,22,14,52,564,21,203,183,407,1488,52,564,407,1488
860,2021,West Bengal,19,Hooghly,312,Chandannagar Pc,1,6,3,10,327,0,30,38,68,418,10,327,68,418
861,2021,West Bengal,19,24 Paraganas South,304,Diamond Harbour Police,6,5,12,23,392,5,55,50,110,685,23,392,110,685
862,2021,West Bengal,19,Kalimpong,702,Kalimpong,0,0,7,7,53,0,0,20,20,100,7,53,20,100
863,2021,West Bengal,19,Purba Bardhaman,306,Purba Bardhaman,6,13,5,24,591,6,206,172,384,1206,24,591,384,1206
864,2021,West Bengal,19,24 Paraganas South,304,Sundarban Police,9,10,6,25,189,3,99,151,253,542,25,189,253,542
865,2021,West Bengal,19,24 Paraganas North,303,Barasat,34,153,214,401,168,148,674,413,1235,289,401,168,1235,289
866,2021,West Bengal,19,24 Paraganas North,303,Basirhat,0,0,0,0,405,0,0,0,0,0,0,405,0,0
867,2021,West Bengal,19,24 Paraganas North,303,Bangaon,19,0,2,21,5,23,90,168,281,66,21,5,281,66
868,2021,West Bengal,19,Dinajpur Uttar,311,Islampur,0,8,86,94,113,0,19,13,32,358,94,113,32,358
869,2021,West Bengal,19,Murshidabad,319,Jangipur Police District,0,1,22,23,5,0,63,73,136,7,23,5,136,7
870,2021,West Bengal,19,Nadia,320,Krishnagar,2,33,23,58,398,4,63,148,215,742,58,398,215,742
871,2021,West Bengal,19,Dinajpur Uttar,311,Raiganj,3,8,3,14,178,1,34,42,77,502,14,178,77,502
872,2021,West Bengal,19,Nadia,320,Ranaghat,0,0,0,0,0,0,0,0,0,0,0,0,0,0
873,2021,Andaman And Nicobar Islands                   ,35,South Andamans,602,South Andaman,1,2,0,3,34,1,8,7,16,26,3,34,16,26
874,2021,Andaman And Nicobar Islands                   ,35,North And Middle Andaman,632,North And Middle Andaman,0,1,0,1,8,0,0,4,4,9,1,8,4,9
875,2021,Andaman And Nicobar Islands                   ,35,Nicobars,603,Nicobar,0,1,0,1,4,0,0,0,0,1,1,4,0,1
876,2021,Chandigarh,4,Chandigarh,44,Chandigarh,13,25,9,47,302,14,44,75,133,400,47,302,133,400
877,2021,The Dadra And Nagar Haveli And Daman And Diu,38,Dadra And Nagar Haveli,465,Dadra And Nagar Haveli,0,2,1,3,20,0,3,8,11,46,3,20,11,46
878,2021,The Dadra And Nagar Haveli And Daman And Diu,38,Daman,463,Daman,1,0,0,1,16,0,4,0,4,26,1,16,4,26
879,2021,The Dadra And Nagar Haveli And Daman And Diu,38,Diu,464,Diu,0,0,0,0,8,0,0,0,0,13,0,8,0,13
880,2021,Delhi,7,Central,77,Central,28,41,25,94,310,25,86,61,172,312,94,310,172,312
881,2021,Delhi,7,North West,82,Crime Branch,0,0,0,0,0,0,0,0,0,0,0,0,0,0
882,2021,Delhi,7,East,78,East,29,39,21,89,385,16,145,60,221,444,89,385,221,444
883,2021,Delhi,7,New Delhi,79,Eow,0,0,0,0,0,0,0,0,0,0,0,0,0,0
884,2021,Delhi,7,New Delhi,79,Igi Airport,0,0,0,0,8,0,0,0,0,3,0,8,0,3
885,2021,Delhi,7,North West,82,Metro,0,0,0,0,6,0,0,0,0,3,0,6,0,3
886,2021,Delhi,7,New Delhi,79,New Delhi,2,18,5,25,50,0,7,6,13,49,25,50,13,49
887,2021,Delhi,7,North,80,North,21,46,16,83,352,7,67,98,172,354,83,352,172,354
888,2021,Delhi,7,North East,81,North-East,48,80,36,164,729,31,227,113,371,924,164,729,371,924
889,2021,Delhi,7,North West,82,North-West,19,54,16,89,416,15,210,82,307,558,89,416,307,558
890,2021,Delhi,7,North West,82,Outer,22,81,47,150,721,19,214,151,384,1058,150,721,384,1058
891,2021,Delhi,7,New Delhi,79,Railway,3,2,1,6,32,4,1,3,8,32,6,32,8,32
892,2021,Delhi,7,South,83,South,13,37,38,88,451,47,86,87,220,668,88,451,220,668
893,2021,Delhi,7,South East,670,South-East,22,48,40,110,519,17,190,191,398,621,110,519,398,621
894,2021,Delhi,7,South West,84,South-West,22,33,24,79,371,15,129,116,260,568,79,371,260,568
895,2021,Delhi,7,North West,82,Spl Cell,0,0,0,0,0,0,0,0,0,0,0,0,0,0
896,2021,Delhi,7,New Delhi,79,Spuwac,0,0,0,0,0,0,0,0,0,0,0,0,0,0
897,2021,Delhi,7,New Delhi,79,Vigilance,0,0,0,0,0,0,0,0,0,0,0,0,0,0
898,2021,Delhi,7,West,85,West,25,26,8,59,450,26,147,90,263,489,59,450,263,489
899,2021,Delhi,7,North West,82,Rohini,57,38,51,146,495,45,146,153,344,660,146,495,344,660
900,2021,Delhi,7,Shahdara,671,Shahdara,18,28,10,56,439,8,105,46,159,424,56,439,159,424
901,2021,Delhi,7,South West,84,Dwarka,25,57,44,126,652,10,151,205,366,889,126,652,366,889
902,2021,Delhi,7,New Delhi,79,Outer North,50,111,73,234,654,42,253,221,516,842,234,654,516,842
903,2021,Ladakh,37,Kargil,6,Kargil,0,0,0,0,6,0,0,0,0,4,0,6,0,4
904,2021,Ladakh,37,Leh Ladakh,9,Leh,0,0,0,0,13,0,0,0,0,1,0,13,0,1
905,2021,Lakshadweep,31,Lakshadweep District,553,Lakshadweep,0,0,0,0,0,0,0,0,0,0,0,0,0,0
906,2021,Puducherry,34,Karaikal,598,Karaikal,0,0,0,0,0,0,0,0,0,0,0,0,0,0
907,2021,Puducherry,34,Pondicherry,600,Puducherry,4,2,4,10,76,9,2,14,25,154,10,76,25,154
908,2022,Andhra Pradesh,28,Alluri Sitharama Raju,745,Alluri Sitharama Raju,0,8,0,8,28,0,8,46,54,26,8,28,54,26
909,2022,Andhra Pradesh,28,Anakapalli,744,Anakapalli,4,8,8,20,69,5,14,37,56,141,20,69,56,141
910,2022,Andhra Pradesh,28,Anantapur,502,Anantapuramu,4,19,15,38,179,0,54,166,220,431,38,179,220,431
911,2022,Andhra Pradesh,28,Annamayya,753,Annamayya,11,4,16,31,60,18,45,72,135,157,31,60,135,157
912,2022,Andhra Pradesh,28,Bapatla,750,Bapatla,4,9,11,24,97,2,18,59,79,218,24,97,79,218
913,2022,Andhra Pradesh,28,Chittoor,503,Chittoor,2,9,7,18,96,1,49,127,177,361,18,96,177,361
914,2022,Andhra Pradesh,28,Konaseema,747,Dr Br Ambedkar Konaseema,8,10,5,23,142,11,29,37,77,190,23,142,77,190
915,2022,Andhra Pradesh,28,East Godavari,505,East Godavari,7,15,14,36,172,6,43,90,139,264,36,172,139,264
916,2022,Andhra Pradesh,28,Eluru,748,Eluru,7,8,12,27,200,7,22,69,98,315,27,200,98,315
917,2022,Andhra Pradesh,28,Anantapur,502,Guntakal Railway,0,1,0,1,3,0,1,0,1,5,1,3,1,5
918,2022,Andhra Pradesh,28,Guntur,506,Guntur,13,38,24,75,268,7,89,78,174,514,75,268,174,514
919,2022,Andhra Pradesh,28,Kakinada,746,Kakinada,0,4,5,9,148,0,17,77,94,295,9,148,94,295
920,2022,Andhra Pradesh,28,Krishna,510,Krishna,19,7,6,32,156,30,13,42,85,283,32,156,85,283
921,2022,Andhra Pradesh,28,Kurnool,511,Kurnool,10,7,5,22,80,21,33,40,94,144,22,80,94,144
922,2022,Andhra Pradesh,28,Nandyal,755,Nandyal,15,7,6,28,105,17,36,43,96,204,28,105,96,204
923,2022,Andhra Pradesh,28,Ntr,749,Ntr,14,36,21,71,415,9,33,130,172,689,71,415,172,689
924,2022,Andhra Pradesh,28,Palnadu,751,Palnadu,28,12,5,45,88,22,49,40,111,253,45,88,111,253
925,2022,Andhra Pradesh,28,Parvathipuram Manyam,743,Parvathipuram Manyam,3,3,3,9,36,6,0,7,13,69,9,36,13,69
926,2022,Andhra Pradesh,28,Prakasam,517,Prakasam,26,32,15,73,139,22,62,67,151,323,73,139,151,323
927,2022,Andhra Pradesh,28,Spsr Nellore,515,Sri Potti Sriramulu Nellore,35,22,13,70,159,21,90,89,200,342,70,159,200,342
928,2022,Andhra Pradesh,28,Sri Sathya Sai,754,Sri Sathya Sai,2,5,28,35,82,3,62,103,168,256,35,82,168,256
929,2022,Andhra Pradesh,28,Srikakulam,519,Srikakulam,14,13,15,42,117,17,14,88,119,272,42,117,119,272
930,2022,Andhra Pradesh,28,Tirupati,752,Tirupati,30,20,11,61,163,20,63,134,217,398,61,163,217,398
931,2022,Andhra Pradesh,28,Ntr,749,Viiayawada Railway,0,0,0,0,22,0,0,0,0,13,0,22,0,13
932,2022,Andhra Pradesh,28,Visakhapatanam,520,Visakhapatnam,9,9,19,37,293,4,36,60,100,415,37,293,100,415
933,2022,Andhra Pradesh,28,Vizianagaram,521,Vizianagaram,14,5,4,23,148,18,6,5,29,217,23,148,29,217
934,2022,Andhra Pradesh,28,West Godavari,523,West Godavari,2,5,12,19,148,7,34,54,95,248,19,148,95,248
935,2022,Andhra Pradesh,28,Y.S.R.,504,Ysr,7,25,12,44,118,30,62,72,164,272,44,118,164,272
936,2022,Arunachal Pradesh,12,Anjaw,628,Anjaw,0,0,0,0,2,0,0,0,0,0,0,2,0,0
937,2022,Arunachal Pradesh,12,Changlang,229,Changlang,2,2,0,4,3,2,0,0,2,5,4,3,2,5
938,2022,Arunachal Pradesh,12,Papum Pare,237,Crime Branch,0,0,0,0,0,0,0,0,0,0,0,0,0,0
939,2022,Arunachal Pradesh,12,Dibang Valley,230,Dibang Valley,0,0,0,0,0,0,0,0,0,0,0,0,0,0
940,2022,Arunachal Pradesh,12,East Kameng,231,Kameng East,0,0,0,0,0,0,0,0,0,0,0,0,0,0
941,2022,Arunachal Pradesh,12,West Kameng,242,Kameng West,0,0,0,0,0,0,0,0,0,0,0,0,0,0
942,2022,Arunachal Pradesh,12,Kurung Kumey,233,Kurung Kumey,1,0,0,1,23,0,0,1,1,1,1,23,1,1
943,2022,Arunachal Pradesh,12,Lohit,234,Lohit,0,0,0,0,0,0,0,0,0,0,0,0,0,0
944,2022,Arunachal Pradesh,12,Longding,666,Longding,0,0,0,0,0,0,0,0,0,0,0,0,0,0
945,2022,Arunachal Pradesh,12,Lower Dibang Valley,235,Lower Dibang Valley,0,0,0,0,0,0,0,0,0,0,0,0,0,0
946,2022,Arunachal Pradesh,12,Papum Pare,237,Papum Pare City,0,0,0,0,0,0,0,0,0,0,0,0,0,0
947,2022,Arunachal Pradesh,12,Papum Pare,237,Papum Pare Rural,0,0,0,0,0,0,0,0,0,0,0,0,0,0
948,2022,Arunachal Pradesh,12,East Siang,232,Siang East,0,0,0,0,0,0,0,0,0,0,0,0,0,0
949,2022,Arunachal Pradesh,12,Upper Siang,240,Siang Upper,0,0,0,0,0,0,0,0,0,0,0,0,0,0
950,2022,Arunachal Pradesh,12,West Siang,243,Siang West,0,0,0,0,0,0,0,0,0,0,0,0,0,0
951,2022,Arunachal Pradesh,12,Lower Subansiri,236,Subansiri Lower,0,2,0,2,0,0,0,0,0,0,2,0,0,0
952,2022,Arunachal Pradesh,12,Upper Subansiri,241,Subansiri Upper,0,0,0,0,0,0,0,0,0,0,0,0,0,0
953,2022,Arunachal Pradesh,12,Tawang,238,Tawang,0,0,0,0,0,0,0,0,0,0,0,0,0,0
954,2022,Arunachal Pradesh,12,Tirap,239,Tirap,0,0,2,2,3,0,0,0,0,5,2,3,0,5
955,2022,Arunachal Pradesh,12,Namsai,678,Namsai,0,0,0,0,0,1,0,1,2,0,0,0,2,0
956,2022,Arunachal Pradesh,12,Siang,679,Siang,0,0,0,0,0,0,0,0,0,0,0,0,0,0
957,2022,Arunachal Pradesh,12,Kamle,718,Kamle,0,0,0,0,0,0,0,0,0,0,0,0,0,0
958,2022,Arunachal Pradesh,12,Kra Daadi,677,Kra Dadi,0,0,0,0,0,0,0,0,0,0,0,0,0,0
959,2022,Arunachal Pradesh,12,Lower Siang,719,Lower Siang,0,0,0,0,0,0,0,0,0,0,0,0,0,0
960,2022,Arunachal Pradesh,12,Leparada,724,Leparada,0,0,0,0,0,0,0,0,0,0,0,0,0,0
961,2022,Arunachal Pradesh,12,Shi Yomi,725,Shiyomi,0,0,0,0,0,0,0,0,0,0,0,0,0,0
962,2022,Arunachal Pradesh,12,Pakke Kessang,723,Pakkessang,0,0,0,0,0,0,0,0,0,0,0,0,0,0
963,2022,Assam,18,Kamrup Metro,618,Bieo,0,0,0,0,0,0,0,0,0,0,0,0,0,0
964,2022,Assam,18,Barpeta,280,Barpeta,0,0,0,0,28,0,0,0,0,49,0,28,0,49
965,2022,Assam,18,Baksa,616,Baksa,4,1,0,5,27,7,4,0,11,103,5,27,11,103
966,2022,Assam,18,Bongaigaon,281,Bongaigaon,2,3,3,8,33,9,9,13,31,160,8,33,31,160
967,2022,Assam,18,Kamrup Metro,618,Cid,0,0,0,0,0,0,0,0,0,0,0,0,0,0
968,2022,Assam,18,Cachar,282,Cachar,0,0,0,0,0,0,0,0,0,0,0,0,0,0
969,2022,Assam,18,Chirang,612,Chirang,17,0,0,17,13,0,0,11,11,29,17,13,11,29
970,2022,Assam,18,Darrang,283,Darrang,4,3,0,7,20,1,1,9,11,68,7,20,11,68
971,2022,Assam,18,Dhemaji,284,Dhemaji,0,5,5,10,34,0,2,9,11,95,10,34,11,95
972,2022,Assam,18,Dhubri,285,Dhubri,10,14,8,32,35,14,69,93,176,38,32,35,176,38
973,2022,Assam,18,Dibrugarh,286,Dibrugarh,0,5,0,5,2,0,0,2,2,5,5,2,2,5
974,2022,Assam,18,Kamrup Metro,618,Grp,0,0,0,0,0,0,0,0,0,0,0,0,0,0
975,2022,Assam,18,Goalpara,287,Goalpara,0,0,0,0,0,0,0,0,0,0,0,0,0,0
976,2022,Assam,18,Golaghat,288,Golaghat,0,0,4,4,0,0,0,7,7,73,4,0,7,73
977,2022,Assam,18,Kamrup Metro,618,Guwahati City,2,33,57,92,500,6,26,86,118,629,92,500,118,629
978,2022,Assam,18,Hailakandi,289,Hailakandi,2,26,48,76,116,0,21,39,60,164,76,116,60,164
979,2022,Assam,18,West Karbi Anglong,710,Hamren,2,1,0,3,3,2,2,0,4,6,3,3,4,6
980,2022,Assam,18,Jorhat,290,Jorhat,1,0,1,2,19,7,23,0,30,56,2,19,30,56
981,2022,Assam,18,Kamrup,291,Kamrup,6,13,16,35,27,11,49,78,138,46,35,27,138,46
982,2022,Assam,18,Karbi Anglong,292,Karbi Anglong,0,0,0,0,0,0,0,0,0,0,0,0,0,0
983,2022,Assam,18,Karimganj,293,Karimganj,0,0,0,0,0,0,0,0,0,0,0,0,0,0
984,2022,Assam,18,Kokrajhar,294,Kokrajhar,0,0,0,0,0,0,20,7,27,42,0,0,27,42
985,2022,Assam,18,Lakhimpur,295,Lakhimpur,0,0,0,0,0,0,0,0,0,0,0,0,0,0
986,2022,Assam,18,Marigaon,296,Morigaon,0,0,0,0,0,0,0,0,0,0,0,0,0,0
987,2022,Assam,18,Dima Hasao,299,Dima Hasao,0,0,0,0,0,0,0,0,0,0,0,0,0,0
988,2022,Assam,18,Nagaon,297,Nagaon,5,6,6,17,15,17,20,24,61,53,17,15,61,53
989,2022,Assam,18,Nalbari,298,Nalbari,0,0,0,0,0,0,0,0,0,0,0,0,0,0
990,2022,Assam,18,Kamrup Metro,618,Rpo,0,0,0,0,0,0,0,0,0,0,0,0,0,0
991,2022,Assam,18,Kamrup Metro,618,Sou,0,0,0,0,0,0,0,0,0,0,0,0,0,0
992,2022,Assam,18,Kamrup Metro,618,Stf,0,0,0,0,0,0,0,0,0,0,0,0,0,0
993,2022,Assam,18,Sivasagar,300,Sibsagar,0,0,0,0,0,0,0,0,0,0,0,0,0,0
994,2022,Assam,18,Sonitpur,301,Sonitpur,0,0,0,0,0,0,0,0,0,0,0,0,0,0
995,2022,Assam,18,Tinsukia,302,Tinsukia,1,0,5,6,83,1,0,21,22,154,6,83,22,154
996,2022,Assam,18,Udalguri,617,Udalguri,2,4,2,8,32,2,5,2,9,128,8,32,9,128
997,2022,Assam,18,Tinsukia,302,Sadia,0,0,0,0,0,0,0,0,0,0,0,0,0,0
998,2022,Assam,18,Majuli,706,Majuli,1,0,1,2,4,1,0,4,5,11,2,4,5,11
999,2022,Assam,18,Biswanath,705,Biswanath,0,0,0,0,0,0,0,0,0,0,0,0,0,0
1000,2022,Assam,18,Hojai,709,Hojai,0,0,0,0,0,0,0,0,0,0,0,0,0,0
1001,2022,Assam,18,South Salmara Mancachar,707,South Salmara,1,3,3,7,15,3,10,8,21,78,7,15,21,78
1002,2022,Assam,18,Charaideo,708,Charaideo,4,7,8,19,27,4,24,25,53,105,19,27,53,105
1003,2022,Assam,18,Bajali,739,Bajali,0,0,3,3,14,0,0,32,32,36,3,14,32,36
1004,2022,Assam,18,Tamulpur,756,Tamulpur,0,0,0,0,0,0,0,0,0,0,0,0,0,0
1005,2022,Bihar,10,Araria,188,Araria,12,5,0,17,19,3,59,100,162,85,17,19,162,85
1006,2022,Bihar,10,Arwal,611,Arwal,2,3,2,7,0,1,5,23,29,13,7,0,29,13
1007,2022,Bihar,10,Aurangabad,189,Aurangabad,7,4,7,18,14,0,0,1,1,4,18,14,1,4
1008,2022,Bihar,10,Pashchim Champaran,211,Bagaha,0,1,0,1,5,0,3,13,16,11,1,5,16,11
1009,2022,Bihar,10,Banka,190,Banka,2,2,1,5,8,10,64,20,94,28,5,8,94,28
1010,2022,Bihar,10,Begusarai,191,Begusarai,3,9,12,24,20,3,23,197,223,37,24,20,223,37
1011,2022,Bihar,10,Pashchim Champaran,211,Bettiah,14,7,0,21,12,3,5,0,8,5,21,12,8,5
1012,2022,Bihar,10,Kaimur (Bhabua),200,Kaimur(Bhabhua),1,5,6,12,6,0,9,55,64,31,12,6,64,31
1013,2022,Bihar,10,Bhagalpur,192,Bhagalpur,12,16,0,28,38,23,0,138,161,161,28,38,161,161
1014,2022,Bihar,10,Bhojpur,193,Bhojpur,3,16,0,19,20,1,8,0,9,3,19,20,9,3
1015,2022,Bihar,10,Buxar,194,Buxar,2,2,2,6,6,0,0,4,4,6,6,6,4,6
1016,2022,Bihar,10,Darbhanga,195,Darbhanga,0,6,8,14,17,0,25,150,175,67,14,17,175,67
1017,2022,Bihar,10,Gaya,196,Gaya,5,9,8,22,12,3,11,2,16,17,22,12,16,17
1018,2022,Bihar,10,Gopalganj,197,Gopalganj,5,1,2,8,16,6,149,30,185,130,8,16,185,130
1019,2022,Bihar,10,Munger,207,Jamalpur Railway,0,0,0,0,0,0,0,0,0,2,0,0,0,2
1020,2022,Bihar,10,Jamui,198,Jamui,6,6,4,16,9,10,5,63,78,30,16,9,78,30
1021,2022,Bihar,10,Jehanabad,199,Jehanabad,2,5,3,10,3,0,9,43,52,32,10,3,52,32
1022,2022,Bihar,10,Katihar,201,Katihar,0,9,4,13,7,0,37,110,147,68,13,7,147,68
1023,2022,Bihar,10,Katihar,201,Katihar Railway,0,0,0,0,0,0,1,1,2,0,0,0,2,0
1024,2022,Bihar,10,Khagaria,202,Khagaria,0,10,0,10,13,0,14,43,57,153,10,13,57,153
1025,2022,Bihar,10,Kishanganj,203,Kishanganj,5,9,2,16,12,3,35,19,57,36,16,12,57,36
1026,2022,Bihar,10,Lakhisarai,204,Lakhisarai,0,3,1,4,3,0,10,56,66,35,4,3,66,35
1027,2022,Bihar,10,Madhepura,205,Madhepura,0,0,0,0,0,0,0,0,0,0,0,0,0,0
1028,2022,Bihar,10,Madhubani,206,Madhubani,3,1,6,10,12,16,98,74,188,15,10,12,188,15
1029,2022,Bihar,10,Purbi Champaran,213,Motihari,1,3,0,4,3,1,47,163,211,104,4,3,211,104
1030,2022,Bihar,10,Munger,207,Munger,8,15,3,26,25,6,40,71,117,80,26,25,117,80
1031,2022,Bihar,10,Muzaffarpur,208,Muzaffarpur,1,13,24,38,27,0,24,378,402,296,38,27,402,296
1032,2022,Bihar,10,Muzaffarpur,208,Muzaffarpur Railway,0,1,0,1,0,0,0,5,5,2,1,0,5,2
1033,2022,Bihar,10,Nalanda,209,Nalanda,12,30,13,55,57,8,105,131,244,161,55,57,244,161
1034,2022,Bihar,10,Bhagalpur,192,Naugachia,5,1,2,8,0,4,19,9,32,0,8,0,32,0
1035,2022,Bihar,10,Nawada,210,Nawadah,18,6,6,30,23,27,75,30,132,63,30,23,132,63
1036,2022,Bihar,10,Patna,212,Patna,2,73,78,153,176,3,137,515,655,343,153,176,655,343
1037,2022,Bihar,10,Patna,212,Patna Railway,0,0,0,0,0,0,0,0,0,0,0,0,0,0
1038,2022,Bihar,10,Purnia,214,Purnea,0,0,4,4,3,8,9,8,25,18,4,3,25,18
1039,2022,Bihar,10,Rohtas,215,Rohtas,2,3,12,17,17,4,5,22,31,22,17,17,31,22
1040,2022,Bihar,10,Saharsa,216,Saharsa,0,0,0,0,0,0,0,0,0,0,0,0,0,0
1041,2022,Bihar,10,Samastipur,217,Samastipur,0,0,0,0,5,32,46,111,189,146,0,5,189,146
1042,2022,Bihar,10,Saran,218,Saran,20,17,20,57,31,72,273,122,467,27,57,31,467,27
1043,2022,Bihar,10,Sheikhpura,219,Sheikhpura,0,7,0,7,12,1,15,32,48,22,7,12,48,22
1044,2022,Bihar,10,Sheohar,220,Sheohar,0,2,0,2,3,0,3,30,33,12,2,3,33,12
1045,2022,Bihar,10,Sitamarhi,221,Sitamarhi,8,8,8,24,35,41,50,179,270,145,24,35,270,145
1046,2022,Bihar,10,Siwan,222,Siwan,0,10,11,21,21,1,30,157,188,76,21,21,188,76
1047,2022,Bihar,10,Supaul,223,Supaul,1,3,1,5,5,1,15,68,84,46,5,5,84,46
1048,2022,Bihar,10,Vaishali,224,Vaishali,45,0,18,63,53,53,0,224,277,167,63,53,277,167
1049,2022,Bihar,10,Patna,212,Economic Offences Unit,0,0,0,0,0,0,0,0,0,0,0,0,0,0
1050,2022,Bihar,10,Patna,212,Anti Terrorist Squad,0,0,0,0,0,0,0,0,0,0,0,0,0,0
1051,2022,Chhattisgarh,22,Balod,646,Balod,0,1,3,4,112,0,2,61,63,324,4,112,63,324
1052,2022,Chhattisgarh,22,Baloda Bazar,644,Balodbazar,6,10,7,23,149,3,51,128,182,472,23,149,182,472
1053,2022,Chhattisgarh,22,Balrampur,649,Balrampur,3,8,6,17,54,0,27,44,71,131,17,54,71,131
1054,2022,Chhattisgarh,22,Bemetara,650,Bemetra,1,7,2,10,88,0,26,44,70,279,10,88,70,279
1055,2022,Chhattisgarh,22,Bilaspur,375,Bilaspur,0,0,0,0,0,0,0,0,0,0,0,0,0,0
1056,2022,Chhattisgarh,22,Bijapur,636,Bizapur,0,0,0,0,21,1,6,5,12,25,0,21,12,25
1057,2022,Chhattisgarh,22,Dantewada,376,Dantewara,0,2,2,4,28,3,14,5,22,52,4,28,22,52
1058,2022,Chhattisgarh,22,Dhamtari,377,Dhamtari,1,5,4,10,108,1,16,35,52,348,10,108,52,348
1059,2022,Chhattisgarh,22,Durg,378,Durg,4,18,21,43,385,1,84,149,234,784,43,385,234,784
1060,2022,Chhattisgarh,22,Gariyaband,645,Gariyaband,2,5,1,8,88,0,16,21,37,212,8,88,37,212
1061,2022,Chhattisgarh,22,Raipur,387,Grp Raipur,0,1,1,2,6,0,1,3,4,15,2,6,4,15
1062,2022,Chhattisgarh,22,Bastar,374,Jagdalpur,3,1,7,11,84,0,25,43,68,222,11,84,68,222
1063,2022,Chhattisgarh,22,Janjgir-Champa,379,Janjgir,14,19,12,45,230,1,106,168,275,634,45,230,275,634
1064,2022,Chhattisgarh,22,Jashpur,380,Jashpur,0,7,9,16,73,1,41,52,94,256,16,73,94,256
1065,2022,Chhattisgarh,22,Kabirdham,382,Kabirdham,2,5,8,15,110,2,31,58,91,283,15,110,91,283
1066,2022,Chhattisgarh,22,Kanker,381,Kanker,2,3,3,8,95,2,3,61,66,273,8,95,66,273
1067,2022,Chhattisgarh,22,Kondagaon,643,Kondagaon,0,4,5,9,53,1,21,31,53,167,9,53,53,167
1068,2022,Chhattisgarh,22,Korba,383,Korba,9,15,15,39,161,1,30,98,129,467,39,161,129,467
1069,2022,Chhattisgarh,22,Korea,384,Koriya,1,1,2,4,23,2,11,14,27,91,4,23,27,91
1070,2022,Chhattisgarh,22,Mahasamund,385,Mahasamund,168,4,8,180,150,0,0,0,0,560,180,150,0,560
1071,2022,Chhattisgarh,22,Mungeli,647,Mungali,0,2,2,4,69,2,23,45,70,235,4,69,70,235
1072,2022,Chhattisgarh,22,Narayanpur,637,Narayanpur,0,2,2,4,7,1,9,4,14,37,4,7,14,37
1073,2022,Chhattisgarh,22,Raigarh,386,Raigarh,3,14,11,28,228,2,54,95,151,456,28,228,151,456
1074,2022,Chhattisgarh,22,Raipur,387,Raipur,5,27,71,103,737,0,36,353,389,1473,103,737,389,1473
1075,2022,Chhattisgarh,22,Rajnandgaon,388,Rajnandgaon,0,4,4,8,178,0,28,71,99,419,8,178,99,419
1076,2022,Chhattisgarh,22,Surguja,389,Sarguja,0,12,8,20,129,4,42,72,118,307,20,129,118,307
1077,2022,Chhattisgarh,22,Sukma,642,Sukma,2,2,2,6,14,0,4,10,14,24,6,14,14,24
1078,2022,Chhattisgarh,22,Surajpur,648,Surajpur,2,4,3,9,74,3,28,34,65,191,9,74,65,191
1079,2022,Chhattisgarh,22,Gaurella Pendra Marwahi,734,Gaurela-Pendra-Marwari,0,10,4,14,41,3,21,32,56,121,14,41,56,121
1080,2022,Chhattisgarh,22,Khairgarh Chhuikhadan Gandai,759,Khairagarh - Chhuikhadan-Gandai,1,4,2,7,59,2,14,48,64,150,7,59,64,150
1081,2022,Chhattisgarh,22,Manendragarh Chirimiri Bharatpur,760,Manendragarh-Chirmiri-Bharatpur,1,5,0,6,43,0,43,32,75,179,6,43,75,179
1082,2022,Chhattisgarh,22,Mohla Manpur Ambagarh Chouki,761,Mohla-Manpur-Ambagarh Chouki,0,1,2,3,29,1,8,20,29,98,3,29,29,98
1083,2022,Chhattisgarh,22,Sakti,762,Sakti,0,0,0,0,0,0,0,0,0,0,0,0,0,0
1084,2022,Chhattisgarh,22,Sarangarh Bilaigarh,763,Sarangarh-Bilaigarh,3,2,2,7,74,6,34,26,66,266,7,74,66,266
1085,2022,Goa,30,North Goa,551,North Goa,9,0,0,9,168,4,0,0,4,126,9,168,4,126
1086,2022,Goa,30,South Goa,552,South Goa,6,1,0,7,145,5,0,1,6,147,7,145,6,147
1087,2022,Goa,30,North Goa,551,Cid,0,0,0,0,12,0,0,0,0,0,0,12,0,0
1088,2022,Gujarat,24,Ahmadabad,438,Ahmedabad City,11,49,16,76,1156,13,207,107,327,2384,76,1156,327,2384
1089,2022,Gujarat,24,Ahmadabad,438,Ahmedabad Rural,7,0,0,7,66,4,0,1,5,118,7,66,5,118
1090,2022,Gujarat,24,Amreli,439,Amreli,0,0,0,0,28,0,0,0,0,78,0,28,0,78
1091,2022,Gujarat,24,Anand,440,Anand,0,0,0,0,134,0,0,0,0,302,0,134,0,302
1092,2022,Gujarat,24,Arvalli,672,Arvalli,4,10,0,14,113,1,7,6,14,144,14,113,14,144
1093,2022,Gujarat,24,Banas Kantha,441,Banaskantha,4,8,0,12,111,0,6,94,100,302,12,111,100,302
1094,2022,Gujarat,24,Bharuch,442,Bharuch,18,1,1,20,182,11,3,0,14,206,20,182,14,206
1095,2022,Gujarat,24,Bhavnagar,443,Bhavnagar,1,1,5,7,55,0,0,16,16,136,7,55,16,136
1096,2022,Gujarat,24,Botad,676,Botad,0,0,0,0,27,0,15,26,41,77,0,27,41,77
1097,2022,Gujarat,24,Chhotaudepur,668,Chhotaudepur,2,0,0,2,19,2,1,0,3,26,2,19,3,26
1098,2022,Gujarat,24,Gandhinagar,446,Cid Crime,0,0,0,0,0,0,0,0,0,0,0,0,0,0
1099,2022,Gujarat,24,Dohad,445,Dahod,2,2,2,6,25,7,61,101,169,74,6,25,169,74
1100,2022,Gujarat,24,Dang,444,Dang,0,0,0,0,0,0,0,0,0,0,0,0,0,0
1101,2022,Gujarat,24,Devbhumi Dwarka,674,Devbhumi Dwarka,0,2,0,2,33,0,0,0,0,54,2,33,0,54
1102,2022,Gujarat,24,Gandhinagar,446,Gandhinagar,19,2,0,21,206,23,2,4,29,456,21,206,29,456
1103,2022,Gujarat,24,Gir Somnath,675,Gir Somnath,2,0,0,2,9,0,5,21,26,15,2,9,26,15
1104,2022,Gujarat,24,Jamnagar,447,Jamnagar,1,5,12,18,63,0,2,4,6,107,18,63,6,107
1105,2022,Gujarat,24,Junagadh,448,Junagadh,2,0,0,2,29,2,0,0,2,33,2,29,2,33
1106,2022,Gujarat,24,Kachchh,449,Kachchh East(G),0,4,1,5,130,4,28,43,75,272,5,130,75,272
1107,2022,Gujarat,24,Kachchh,449,Kachchh West(B),2,6,4,12,132,4,22,28,54,252,12,132,54,252
1108,2022,Gujarat,24,Kheda,450,Kheda,12,0,0,12,88,20,0,0,20,207,12,88,20,207
1109,2022,Gujarat,24,Mahisagar,669,Mahisagar,5,1,1,7,20,2,1,59,62,0,7,20,62,0
1110,2022,Gujarat,24,Mahesana,451,Mehsana,2,0,0,2,138,1,0,0,1,410,2,138,1,410
1111,2022,Gujarat,24,Morbi,673,Morbi,0,0,0,0,16,0,0,0,0,23,0,16,0,23
1112,2022,Gujarat,24,Narmada,452,Narmada,1,0,0,1,14,1,0,0,1,30,1,14,1,30
1113,2022,Gujarat,24,Navsari,453,Navsari,4,0,0,4,77,5,1,0,6,72,4,77,6,72
1114,2022,Gujarat,24,Panch Mahals,454,Panchmahal,6,0,0,6,51,9,0,0,9,87,6,51,9,87
1115,2022,Gujarat,24,Patan,455,Patan,0,0,0,0,83,0,0,0,0,347,0,83,0,347
1116,2022,Gujarat,24,Porbandar,456,Porbandar,4,0,0,4,8,2,1,1,4,25,4,8,4,25
1117,2022,Gujarat,24,Rajkot,457,Rajkot City,0,0,9,9,264,0,0,12,12,426,9,264,12,426
1118,2022,Gujarat,24,Rajkot,457,Rajkot Rural,3,2,0,5,96,1,26,37,64,342,5,96,64,342
1119,2022,Gujarat,24,Sabar Kantha,458,Sabarkantha,2,0,0,2,72,4,0,0,4,208,2,72,4,208
1120,2022,Gujarat,24,Surat,459,Surat City,213,23,34,270,849,106,12,99,217,1344,270,849,217,1344
1121,2022,Gujarat,24,Surat,459,Surat Rural,5,1,0,6,67,8,0,0,8,87,6,67,8,87
1122,2022,Gujarat,24,Surendranagar,460,Surendranagar,1,0,0,1,23,3,0,0,3,37,1,23,3,37
1123,2022,Gujarat,24,Tapi,641,Tapi,0,0,0,0,16,0,0,0,0,14,0,16,0,14
1124,2022,Gujarat,24,Vadodara,461,Vadodara City,0,0,1,1,259,0,0,0,0,334,1,259,0,334
1125,2022,Gujarat,24,Vadodara,461,Vadodara Rural,0,0,0,0,67,0,0,0,0,131,0,67,0,131
1126,2022,Gujarat,24,Valsad,462,Valsad,10,3,2,15,73,8,1,1,10,124,15,73,10,124
1127,2022,Gujarat,24,Ahmadabad,438,W.Rly Ahmedabad,0,0,0,0,10,0,0,0,0,5,0,10,0,5
1128,2022,Gujarat,24,Vadodara,461,W.Rly Vadodara,0,0,0,0,10,0,1,3,4,11,0,10,4,11
1129,2022,Gujarat,24,Ahmadabad,438,Cyber Ahmedabad Range,0,0,0,0,0,0,0,0,0,0,0,0,0,0
1130,2022,Gujarat,24,Bhavnagar,443,Cyber Bhavnagar Range,0,0,0,0,0,0,0,0,0,0,0,0,0,0
1131,2022,Gujarat,24,Cyber Border Range,9999,Cyber Border Range,0,0,0,0,0,0,0,0,0,0,0,0,0,0
1132,2022,Gujarat,24,Gandhinagar,446,Cyber Gandhinagar Range,0,0,0,0,0,0,0,0,0,0,0,0,0,0
1133,2022,Gujarat,24,Junagadh,448,Cyber Junagadh Range,0,0,0,0,0,0,0,0,0,0,0,0,0,0
1134,2022,Gujarat,24,Panch Mahals,454,Cyber Panchmahal Range,0,0,0,0,0,0,0,0,0,0,0,0,0,0
1135,2022,Gujarat,24,Rajkot,457,Cyber Rajkot Range,0,0,0,0,0,0,0,0,0,0,0,0,0,0
1136,2022,Gujarat,24,Surat,459,Cyber Surat Range,0,0,0,0,0,0,0,0,0,0,0,0,0,0
1137,2022,Gujarat,24,Vadodara,461,Cyber Vadodara Range,0,0,0,0,0,0,0,0,0,0,0,0,0,0
1138,2022,Haryana,6,Ambala,58,Ambala,3,2,7,12,201,2,0,2,4,250,12,201,4,250
1139,2022,Haryana,6,Bhiwani,59,Bhiwani,3,18,8,29,144,2,10,18,30,30,29,144,30,30
1140,2022,Haryana,6,Faridabad,60,Faridabad,34,3,8,45,413,50,1,3,54,668,45,413,54,668
1141,2022,Haryana,6,Fatehabad,61,Fatehabad,26,3,2,31,154,23,4,9,36,319,31,154,36,319
1142,2022,Haryana,6,Ambala,58,Grp,1,1,1,3,18,4,0,0,4,13,3,18,4,13
1143,2022,Haryana,6,Gurugram,62,Gurugram,6,18,14,38,189,8,92,113,213,347,38,189,213,347
1144,2022,Haryana,6,Hisar,63,Hissar,8,20,22,50,310,1,12,27,40,607,50,310,40,607
1145,2022,Haryana,6,Jhajjar,64,Jhajjar,15,6,12,33,146,12,1,17,30,358,33,146,30,358
1146,2022,Haryana,6,Jind,65,Jind,0,1,0,1,28,0,0,2,2,28,1,28,2,28
1147,2022,Haryana,6,Kaithal,66,Kaithal,24,10,5,39,148,15,8,11,34,233,39,148,34,233
1148,2022,Haryana,6,Karnal,67,Karnal,4,18,36,58,462,8,27,36,71,695,58,462,71,695
1149,2022,Haryana,6,Kurukshetra,68,Kurukshetra,12,20,12,44,220,9,30,29,68,336,44,220,68,336
1150,2022,Haryana,6,Mahendragarh,69,Mahendergarh,15,13,11,39,94,17,1,7,25,271,39,94,25,271
1151,2022,Haryana,6,Nuh,604,Nuh,7,11,1,19,48,5,1,2,8,85,19,48,8,85
1152,2022,Haryana,6,Palwal,619,Palwal,16,20,19,55,140,9,8,13,30,257,55,140,30,257
1153,2022,Haryana,6,Panchkula,70,Panchkula,5,11,1,17,105,2,59,26,87,213,17,105,87,213
1154,2022,Haryana,6,Panipat,71,Panipat,110,88,54,252,247,81,81,107,269,269,252,247,269,269
1155,2022,Haryana,6,Rewari,72,Rewari,24,12,18,54,131,16,19,23,58,282,54,131,58,282
1156,2022,Haryana,6,Rohtak,73,Rohtak,4,26,52,82,454,6,28,21,55,309,82,454,55,309
1157,2022,Haryana,6,Sirsa,74,Sirsa,2,7,10,19,173,5,32,81,118,451,19,173,118,451
1158,2022,Haryana,6,Sonipat,75,Sonipat,47,34,25,106,292,36,52,67,155,645,106,292,155,645
1159,2022,Haryana,6,Yamunanagar,76,Yamunanagar,39,19,16,74,276,19,29,64,112,362,74,276,112,362
1160,2022,Haryana,6,Gurugram,62,Irrigation & Power,0,0,0,0,0,0,0,0,0,0,0,0,0,0
1161,2022,Haryana,6,Charki Dadri,701,Charkhi Dadri,0,3,10,13,53,0,0,0,0,111,13,53,0,111
1162,2022,Haryana,6,Hisar,63,Hansi,0,8,3,11,74,2,7,4,13,190,11,74,13,190
1163,2022,Himachal Pradesh,2,Solan,25,Baddi,0,2,0,2,85,1,10,18,29,232,2,85,29,232
1164,2022,Himachal Pradesh,2,Bilaspur,15,Bilaspur,1,1,4,6,55,0,3,18,21,124,6,55,21,124
1165,2022,Himachal Pradesh,2,Chamba,16,Chamba,0,0,0,0,35,0,0,25,25,89,0,35,25,89
1166,2022,Himachal Pradesh,2,Shimla,23,Cid,0,0,0,0,0,0,0,0,0,0,0,0,0,0
1167,2022,Himachal Pradesh,2,Shimla,23,Grp,0,0,0,0,0,0,0,0,0,0,0,0,0,0
1168,2022,Himachal Pradesh,2,Hamirpur,17,Hamirpur,1,4,3,8,52,1,2,3,6,78,8,52,6,78
1169,2022,Himachal Pradesh,2,Kangra,18,Kangra,0,5,3,8,154,2,15,10,27,261,8,154,27,261
1170,2022,Himachal Pradesh,2,Kinnaur,19,Kinnaur,0,1,0,1,26,0,3,3,6,26,1,26,6,26
1171,2022,Himachal Pradesh,2,Kullu,20,Kullu,0,2,1,3,64,0,5,9,14,58,3,64,14,58
1172,2022,Himachal Pradesh,2,Lahul And Spiti,21,Lahaul & Spiti,0,0,0,0,8,0,0,0,0,2,0,8,0,2
1173,2022,Himachal Pradesh,2,Mandi,22,Mandi,0,9,4,13,87,1,12,30,43,235,13,87,43,235
1174,2022,Himachal Pradesh,2,Shimla,23,Shimla,0,14,2,16,1,5,22,11,38,0,16,1,38,0
1175,2022,Himachal Pradesh,2,Sirmaur,24,Sirmaur,0,4,1,5,53,5,3,10,18,117,5,53,18,117
1176,2022,Himachal Pradesh,2,Solan,25,Solan,0,7,4,11,61,0,20,21,41,85,11,61,41,85
1177,2022,Himachal Pradesh,2,Una,26,Una,0,2,0,2,16,0,10,18,28,6,2,16,28,6
1178,2022,Himachal Pradesh,2,Shimla,23,Cyber,0,0,0,0,0,0,0,0,0,0,0,0,0,0
1179,2022,Jharkhand,20,Bokaro,322,Bokaro,0,0,0,0,5,6,8,12,26,0,0,5,26,0
1180,2022,Jharkhand,20,West Singhbhum,343,Chaibasa,1,17,0,18,23,0,19,2,21,42,18,23,21,42
1181,2022,Jharkhand,20,Chatra,323,Chatra,3,2,4,9,28,3,2,2,7,57,9,28,7,57
1182,2022,Jharkhand,20,Deoghar,324,Deoghar,1,8,1,10,0,0,0,3,3,0,10,0,3,0
1183,2022,Jharkhand,20,Dhanbad,325,Dhanbad,0,0,0,0,0,0,0,0,0,0,0,0,0,0
1184,2022,Jharkhand,20,Dhanbad,325,Dhanbad Railway,0,0,0,0,2,2,0,0,2,4,0,2,2,4
1185,2022,Jharkhand,20,Dumka,326,Dumka,0,0,0,0,0,0,4,0,4,13,0,0,4,13
1186,2022,Jharkhand,20,Garhwa,328,Garhwa,0,0,0,0,0,0,0,0,0,0,0,0,0,0
1187,2022,Jharkhand,20,Giridih,329,Giridih,0,10,0,10,30,0,16,0,16,50,10,30,16,50
1188,2022,Jharkhand,20,Godda,330,Godda,0,0,8,8,14,0,0,3,3,29,8,14,3,29
1189,2022,Jharkhand,20,Gumla,331,Gumla,0,8,6,14,31,12,11,15,38,53,14,31,38,53
1190,2022,Jharkhand,20,Hazaribagh,332,Hazaribagh,10,3,2,15,32,5,5,5,15,61,15,32,15,61
1191,2022,Jharkhand,20,East Singhbum,327,Jamshedpur,3,6,5,14,43,2,3,2,7,40,14,43,7,40
1192,2022,Jharkhand,20,East Singhbum,327,Jamshedpur Railway,1,0,0,1,5,0,0,0,0,2,1,5,0,2
1193,2022,Jharkhand,20,Jamtara,333,Jamtara,0,0,6,6,16,0,0,4,4,34,6,16,4,34
1194,2022,Jharkhand,20,Khunti,606,Khunti,0,1,0,1,0,0,11,0,11,0,1,0,11,0
1195,2022,Jharkhand,20,Koderma,334,Koderma,0,2,2,4,5,0,1,2,3,7,4,5,3,7
1196,2022,Jharkhand,20,Latehar,335,Latehar,1,7,1,9,19,2,14,4,20,5,9,19,20,5
1197,2022,Jharkhand,20,Lohardaga,336,Lohardagga,4,6,4,14,26,4,17,26,47,60,14,26,47,60
1198,2022,Jharkhand,20,Pakur,337,Pakur,1,0,0,1,3,0,0,0,0,2,1,3,0,2
1199,2022,Jharkhand,20,Palamu,338,Palamu,2,2,1,5,0,0,2,3,5,2,5,0,5,2
1200,2022,Jharkhand,20,Ramgarh,607,Ramgarh,0,0,0,0,0,0,0,0,0,0,0,0,0,0
1201,2022,Jharkhand,20,Ranchi,339,Ranchi,0,15,0,15,42,0,14,0,14,67,15,42,14,67
1202,2022,Jharkhand,20,Sahebganj,340,Sahebganj,0,1,2,3,3,0,3,1,4,4,3,3,4,4
1203,2022,Jharkhand,20,Saraikela Kharsawan,341,Saraikela,0,0,0,0,0,0,0,0,0,0,0,0,0,0
1204,2022,Jharkhand,20,Simdega,342,Simdega,0,0,0,0,0,0,0,0,0,0,0,0,0,0
1205,2022,Karnataka,29,Bagalkote,524,Bagalkot,11,2,0,13,92,10,3,0,13,171,13,92,13,171
1206,2022,Karnataka,29,Bengaluru Urban,525,Bengaluru City,95,11,1,107,1902,103,6,5,114,2729,107,1902,114,2729
1207,2022,Karnataka,29,Bengaluru Urban,525,Bengaluru District,22,2,0,24,339,33,1,1,35,642,24,339,35,642
1208,2022,Karnataka,29,Belagavi,527,Belagavi District,27,0,1,28,169,26,4,0,30,405,28,169,30,405
1209,2022,Karnataka,29,Ballari,528,Ballari,7,1,2,10,111,12,1,0,13,110,10,111,13,110
1210,2022,Karnataka,29,Bidar,529,Bidar,9,0,0,9,62,3,0,6,9,99,9,62,9,99
1211,2022,Karnataka,29,Vijayapura,530,Vijayapura,18,2,0,20,119,11,0,0,11,247,20,119,11,247
1212,2022,Karnataka,29,Chikkaballapura,630,Chikkaballapura,10,2,0,12,121,9,1,0,10,394,12,121,10,394
1213,2022,Karnataka,29,Chamarajanagara,531,Chamarajnagar,0,5,8,13,88,0,2,10,12,164,13,88,12,164
1214,2022,Karnataka,29,Chikkamagaluru,532,Chikkamagaluru,2,0,12,14,138,3,0,17,20,277,14,138,20,277
1215,2022,Karnataka,29,Chitradurga,533,Chitradurga,9,7,0,16,158,9,3,0,12,493,16,158,12,493
1216,2022,Karnataka,29,Dakshina Kannada,534,Dakshina Kannada,10,0,0,10,80,5,0,1,6,81,10,80,6,81
1217,2022,Karnataka,29,Davangere,535,Davanagere,11,2,0,13,235,17,2,0,19,449,13,235,19,449
1218,2022,Karnataka,29,Dharwad,536,Dharwad,4,0,0,4,77,4,1,0,5,89,4,77,5,89
1219,2022,Karnataka,29,Gadag,537,Gadag,7,0,0,7,62,6,0,0,6,135,7,62,6,135
1220,2022,Karnataka,29,Kalaburagi,538,Kalaburgi,10,0,0,10,47,7,0,0,7,115,10,47,7,115
1221,2022,Karnataka,29,Hassan,539,Hassan,1,0,0,1,126,6,3,0,9,244,1,126,9,244
1222,2022,Karnataka,29,Haveri,540,Haveri,3,4,0,7,100,9,8,0,17,264,7,100,17,264
1223,2022,Karnataka,29,Dharwad,536,Hubballi Dharwad City,6,1,0,7,124,10,0,0,10,180,7,124,10,180
1224,2022,Karnataka,29,Belagavi,527,K.G.F.,5,4,0,9,44,7,2,0,9,164,9,44,9,164
1225,2022,Karnataka,29,Kodagu,541,Kodagu,0,2,4,6,54,0,4,3,7,88,6,54,7,88
1226,2022,Karnataka,29,Kolar,542,Kolar,20,1,0,21,143,11,0,1,12,378,21,143,12,378
1227,2022,Karnataka,29,Koppal,543,Koppal,10,0,0,10,66,8,0,0,8,174,10,66,8,174
1228,2022,Karnataka,29,Mandya,544,Mandya,10,4,8,22,234,16,6,8,30,467,22,234,30,467
1229,2022,Karnataka,29,Dakshina Kannada,534,Mangaluru City,10,0,0,10,88,1,0,0,1,85,10,88,1,85
1230,2022,Karnataka,29,Mysuru,545,Mysuru City,9,0,0,9,193,9,2,0,11,243,9,193,11,243
1231,2022,Karnataka,29,Mysuru,545,Mysuru District,0,10,15,25,254,8,6,8,22,446,25,254,22,446
1232,2022,Karnataka,29,Raichur,546,Raichur,7,1,1,9,79,3,0,0,3,163,9,79,3,163
1233,2022,Karnataka,29,Bengaluru Urban,525,K.Railways,0,0,0,0,11,0,0,0,0,9,0,11,0,9
1234,2022,Karnataka,29,Ramanagara,631,Ramanagara,13,2,0,15,262,17,2,0,19,425,15,262,19,425
1235,2022,Karnataka,29,Shivamogga,547,Shimoga,21,1,0,22,283,21,3,0,24,542,22,283,24,542
1236,2022,Karnataka,29,Tumakuru,548,Tumakuru,27,0,1,28,185,14,2,0,16,499,28,185,16,499
1237,2022,Karnataka,29,Udupi,549,Udupi,0,1,2,3,119,5,0,0,5,126,3,119,5,126
1238,2022,Karnataka,29,Uttara Kannada,550,Uttara Kannada,11,2,0,13,136,14,2,0,16,205,13,136,16,205
1239,2022,Karnataka,29,Yadgir,635,Yadgiri,0,0,0,0,27,0,0,0,0,61,0,27,0,61
1240,2022,Karnataka,29,Belagavi,527,Belagavi City,2,0,0,2,84,3,0,1,4,132,2,84,4,132
1241,2022,Karnataka,29,Kalaburagi,538,Kalaburgi City,5,0,0,5,56,9,0,0,9,95,5,56,9,95
1242,2022,Karnataka,29,Vijayanagar,738,Vijayanagara,0,7,1,8,80,7,7,0,14,124,8,80,14,124
1243,2022,Kerala,32,Alappuzha,554,Alapuzha,5,15,31,51,233,9,13,40,62,453,51,233,62,453
1244,2022,Kerala,32,Ernakulam,555,Ernakulam Commr.,4,10,11,25,168,6,7,14,27,206,25,168,27,206
1245,2022,Kerala,32,Ernakulam,555,Ernakulam Rural,7,14,11,32,231,15,14,29,58,343,32,231,58,343
1246,2022,Kerala,32,Idukki,556,Idukki,15,15,9,39,154,5,7,43,55,231,39,154,55,231
1247,2022,Kerala,32,Kannur,557,Kannur City,8,6,10,24,72,8,2,16,26,97,24,72,26,97
1248,2022,Kerala,32,Kasaragod,558,Kasargod,16,6,9,31,112,8,7,11,26,160,31,112,26,160
1249,2022,Kerala,32,Kollam,559,Kollam Commr.,21,14,32,67,180,21,11,33,65,405,67,180,65,405
1250,2022,Kerala,32,Kollam,559,Kollam Rural,14,11,7,32,108,8,8,11,27,304,32,108,27,304
1251,2022,Kerala,32,Kottayam,560,Kottayam,5,17,16,38,256,7,22,26,55,297,38,256,55,297
1252,2022,Kerala,32,Kozhikode,561,Kozhikode Commr.,10,27,25,62,168,7,12,25,44,178,62,168,44,178
1253,2022,Kerala,32,Kozhikode,561,Kozhikode Rural,13,23,18,54,186,17,9,19,45,340,54,186,45,340
1254,2022,Kerala,32,Malappuram,562,Malappuram,25,36,24,85,177,26,10,33,69,275,85,177,69,275
1255,2022,Kerala,32,Palakkad,563,Palakkad,8,16,32,56,193,11,24,35,70,324,56,193,70,324
1256,2022,Kerala,32,Pathanamthitta,564,Pathanamthitta,17,19,2,38,118,12,11,17,40,342,38,118,40,342
1257,2022,Kerala,32,Thiruvananthapuram,565,Railways,0,0,2,2,16,0,0,0,0,4,2,16,0,4
1258,2022,Kerala,32,Thrissur,566,Thrissur Rural,7,12,5,24,210,13,9,14,36,253,24,210,36,253
1259,2022,Kerala,32,Thiruvananthapuram,565,Trivandrum Commr.,6,5,10,21,146,4,11,19,34,229,21,146,34,229
1260,2022,Kerala,32,Thiruvananthapuram,565,Trivandrum Rural,21,15,27,63,279,28,15,61,104,573,63,279,104,573
1261,2022,Kerala,32,Wayanad,567,Wayanadu,0,9,10,19,102,3,8,23,34,128,19,102,34,128
1262,2022,Kerala,32,Thiruvananthapuram,565,Crime Branch,0,0,0,0,0,0,0,0,0,0,0,0,0,0
1263,2022,Kerala,32,Kannur,557,Kannur Rural,12,3,6,21,67,12,2,5,19,112,21,67,19,112
1264,2022,Madhya Pradesh,23,Agar Malwa,667,Agar,0,4,5,9,79,0,14,24,38,181,9,79,38,181
1265,2022,Madhya Pradesh,23,Alirajpur,639,Alirajpur,0,1,2,3,41,0,33,31,64,318,3,41,64,318
1266,2022,Madhya Pradesh,23,Anuppur,390,Anuppur,8,15,12,35,136,1,52,84,137,349,35,136,137,349
1267,2022,Madhya Pradesh,23,Ashoknagar,391,Ashok Nagar,6,9,19,34,137,1,20,67,88,298,34,137,88,298
1268,2022,Madhya Pradesh,23,Balaghat,392,Balaghat,7,5,11,23,321,8,59,148,215,849,23,321,215,849
1269,2022,Madhya Pradesh,23,Barwani,393,Barwani,3,3,4,10,149,2,22,133,157,517,10,149,157,517
1270,2022,Madhya Pradesh,23,Betul,394,Betul,13,7,9,29,266,9,53,107,169,836,29,266,169,836
1271,2022,Madhya Pradesh,23,Bhind,395,Bhind,4,16,9,29,0,2,56,37,95,0,29,0,95,0
1272,2022,Madhya Pradesh,23,Bhopal,396,Bhopal Commissionarate,17,85,66,168,4,28,136,229,393,8,168,4,393,8
1273,2022,Madhya Pradesh,23,Bhopal,396,Bhopal Railway,0,3,0,3,46,1,5,0,6,38,3,46,6,38
1274,2022,Madhya Pradesh,23,Burhanpur,397,Burhanpur,11,8,3,22,135,11,39,39,89,234,22,135,89,234
1275,2022,Madhya Pradesh,23,Chhatarpur,398,Chhatarpur,3,37,20,60,271,0,71,123,194,564,60,271,194,564
1276,2022,Madhya Pradesh,23,Chhindwara,399,Chhindwara,2,7,6,15,407,1,58,16,75,1118,15,407,75,1118
1277,2022,Madhya Pradesh,23,Damoh,400,Damoh,3,21,7,31,0,6,75,62,143,0,31,0,143,0
1278,2022,Madhya Pradesh,23,Datia,401,Datia,4,12,2,18,121,3,33,25,61,209,18,121,61,209
1279,2022,Madhya Pradesh,23,Dewas,402,Dewas,0,0,0,0,0,0,0,0,0,0,0,0,0,0
1280,2022,Madhya Pradesh,23,Dhar,403,Dhar,7,26,15,48,357,12,227,275,514,1297,48,357,514,1297
1281,2022,Madhya Pradesh,23,Dindori,404,Dindori,1,5,5,11,62,0,31,74,105,278,11,62,105,278
1282,2022,Madhya Pradesh,23,Guna,406,Guna,1,3,15,19,231,2,44,64,110,311,19,231,110,311
1283,2022,Madhya Pradesh,23,Gwalior,407,Gwalior,9,53,51,113,692,7,91,167,265,971,113,692,265,971
1284,2022,Madhya Pradesh,23,Harda,408,Harda,3,4,3,10,152,1,57,76,134,427,10,152,134,427
1285,2022,Madhya Pradesh,23,Narmadapuram,409,Narmadapuram,8,18,65,91,278,10,24,45,79,312,91,278,79,312
1286,2022,Madhya Pradesh,23,Indore,410,Indore Commissionarate,21,84,61,166,1294,22,252,352,626,1931,166,1294,626,1931
1287,2022,Madhya Pradesh,23,Indore,410,Indore Railway,4,0,0,4,13,4,1,0,5,27,4,13,5,27
1288,2022,Madhya Pradesh,23,Jabalpur,411,Jabalpur,26,42,83,151,935,5,82,374,461,1515,151,935,461,1515
1289,2022,Madhya Pradesh,23,Jabalpur,411,Jabalpur Railway,1,0,1,2,30,0,1,2,3,31,2,30,3,31
1290,2022,Madhya Pradesh,23,Jhabua,412,Jhabua,5,2,1,8,102,10,61,114,185,489,8,102,185,489
1291,2022,Madhya Pradesh,23,Katni,413,Katni,5,31,24,60,297,2,69,140,211,590,60,297,211,590
1292,2022,Madhya Pradesh,23,Indore,410,Khandwa,4,8,12,24,270,13,44,154,211,818,24,270,211,818
1293,2022,Madhya Pradesh,23,Khargone,414,Khargone,28,17,9,54,287,37,121,151,309,902,54,287,309,902
1294,2022,Madhya Pradesh,23,Mandla,415,Mandla,1,4,10,15,175,1,63,108,172,475,15,175,172,475
1295,2022,Madhya Pradesh,23,Mandsaur,416,Mandsaur,0,10,18,28,0,1,39,92,132,2,28,0,132,2
1296,2022,Madhya Pradesh,23,Morena,417,Morena,7,30,30,67,239,7,36,73,116,307,67,239,116,307
1297,2022,Madhya Pradesh,23,Narsinghpur,418,Narsinghpur,0,0,0,0,349,0,0,0,0,563,0,349,0,563
1298,2022,Madhya Pradesh,23,Neemuch,419,Neemuch,0,12,0,12,173,0,44,44,88,433,12,173,88,433
1299,2022,Madhya Pradesh,23,Panna,420,Panna,6,12,17,35,163,4,57,91,152,330,35,163,152,330
1300,2022,Madhya Pradesh,23,Raisen,421,Raisen,6,25,29,60,338,0,21,198,219,534,60,338,219,534
1301,2022,Madhya Pradesh,23,Rajgarh,422,Rajgarh,0,0,0,0,0,0,0,0,0,0,0,0,0,0
1302,2022,Madhya Pradesh,23,Ratlam,423,Ratlam,3,28,6,37,361,8,192,109,309,951,37,361,309,951
1303,2022,Madhya Pradesh,23,Rewa,424,Rewa,16,45,73,134,10,7,101,269,377,0,134,10,377,0
1304,2022,Madhya Pradesh,23,Sagar,425,Sagar,19,60,14,93,762,31,244,108,383,1212,93,762,383,1212
1305,2022,Madhya Pradesh,23,Satna,426,Satna,19,54,51,124,434,79,91,135,305,915,124,434,305,915
1306,2022,Madhya Pradesh,23,Seoni,428,Seoni,12,10,10,32,291,11,48,133,192,675,32,291,192,675
1307,2022,Madhya Pradesh,23,Shahdol,429,Shahdol,8,27,19,54,254,4,77,91,172,447,54,254,172,447
1308,2022,Madhya Pradesh,23,Shajapur,430,Shajapur,2,10,10,22,115,1,22,50,73,337,22,115,73,337
1309,2022,Madhya Pradesh,23,Sheopur,431,Sheopur,3,7,2,12,53,0,12,16,28,129,12,53,28,129
1310,2022,Madhya Pradesh,23,Shivpuri,432,Shivpuri,13,27,19,59,220,5,59,113,177,491,59,220,177,491
1311,2022,Madhya Pradesh,23,Sidhi,433,Sidhi,0,0,0,0,0,0,0,0,0,0,0,0,0,0
1312,2022,Madhya Pradesh,23,Sehore,427,Sehore,6,16,8,30,285,9,68,74,151,603,30,285,151,603
1313,2022,Madhya Pradesh,23,Singrauli,638,Singrauli,2,16,8,26,126,4,36,88,128,280,26,126,128,280
1314,2022,Madhya Pradesh,23,Tikamgarh,434,Tikamgarh,2,12,2,16,61,2,56,58,116,136,16,61,116,136
1315,2022,Madhya Pradesh,23,Ujjain,435,Ujjain,12,5,42,59,389,20,21,90,131,803,59,389,131,803
1316,2022,Madhya Pradesh,23,Umaria,436,Umaria,1,9,9,19,0,2,35,11,48,4,19,0,48,4
1317,2022,Madhya Pradesh,23,Vidisha,437,Vidisha,11,20,27,58,405,20,89,98,207,621,58,405,207,621
1318,2022,Madhya Pradesh,23,Bhopal,396,Cyber Crime Cell,0,0,0,0,0,0,0,0,0,0,0,0,0,0
1319,2022,Madhya Pradesh,23,Niwari,722,Niwari,1,2,3,6,47,1,9,20,30,111,6,47,30,111
1320,2022,Madhya Pradesh,23,Bhopal,396,Bhopal Rural,0,3,13,16,1,0,11,40,51,51,16,1,51,51
1321,2022,Madhya Pradesh,23,Indore,410,Indore Rural,1,14,7,22,268,1,80,86,167,532,22,268,167,532
1322,2022,Maharashtra,27,Ahmednagar,466,Ahmednagar,0,0,86,86,1053,0,0,104,104,1666,86,1053,104,1666
1323,2022,Maharashtra,27,Akola,467,Akola,0,0,0,0,381,0,0,0,0,553,0,381,0,553
1324,2022,Maharashtra,27,Amravati,468,Amravati Commr.,0,0,0,0,335,0,0,0,0,450,0,335,0,450
1325,2022,Maharashtra,27,Amravati,468,Amravati Rural,8,2,0,10,404,16,0,0,16,782,10,404,16,782
1326,2022,Maharashtra,27,Aurangabad,469,Aurangabad Commr.,7,12,14,33,721,9,6,21,36,800,33,721,36,800
1327,2022,Maharashtra,27,Aurangabad,469,Aurangabad Rural,0,0,0,0,428,0,0,0,0,484,0,428,0,484
1328,2022,Maharashtra,27,Beed,470,Beed,2,7,18,27,391,5,29,60,94,525,27,391,94,525
1329,2022,Maharashtra,27,Bhandara,471,Bhandara,0,0,0,0,247,0,0,0,0,475,0,247,0,475
1330,2022,Maharashtra,27,Buldhana,472,Buldhana,53,5,1,59,434,50,4,1,55,648,59,434,55,648
1331,2022,Maharashtra,27,Chandrapur,473,Chandrapur,0,0,0,0,620,0,0,0,0,997,0,620,0,997
1332,2022,Maharashtra,27,Dhule,474,Dhule,0,0,0,0,381,0,0,0,0,596,0,381,0,596
1333,2022,Maharashtra,27,Gadchiroli,475,Gadchiroli,7,6,3,16,155,7,3,24,34,322,16,155,34,322
1334,2022,Maharashtra,27,Gondia,476,Gondia,0,0,0,0,222,0,0,0,0,399,0,222,0,399
1335,2022,Maharashtra,27,Hingoli,477,Hingoli,0,0,0,0,186,0,0,0,0,175,0,186,0,175
1336,2022,Maharashtra,27,Jalgaon,478,Jalgaon,31,41,20,92,781,34,42,15,91,1242,92,781,91,1242
1337,2022,Maharashtra,27,Jalna,479,Jalna,0,0,0,0,264,0,0,0,0,50,0,264,0,50
1338,2022,Maharashtra,27,Kolhapur,480,Kolhapur,39,6,2,47,764,43,6,1,50,1452,47,764,50,1452
1339,2022,Maharashtra,27,Latur,481,Latur,0,0,0,0,303,0,0,0,0,455,0,303,0,455
1340,2022,Maharashtra,27,Mumbai,482,Mumbai Commr.,140,19,13,172,4178,146,21,10,177,4437,172,4178,177,4437
1341,2022,Maharashtra,27,Mumbai,482,Mumbai Railway,4,1,0,5,86,5,0,0,5,59,5,86,5,59
1342,2022,Maharashtra,27,Nagpur,484,Nagpur Commr.,1,0,0,1,1523,2,0,0,2,1546,1,1523,2,1546
1343,2022,Maharashtra,27,Nagpur,484,Nagpur Railway,0,0,0,0,20,0,0,0,0,14,0,20,0,14
1344,2022,Maharashtra,27,Nagpur,484,Nagpur Rural,0,0,0,0,463,0,0,0,0,843,0,463,0,843
1345,2022,Maharashtra,27,Nanded,485,Nanded,39,2,0,41,508,35,2,0,37,535,41,508,37,535
1346,2022,Maharashtra,27,Nandurbar,486,Nandurbar,6,3,2,11,170,5,9,1,15,320,11,170,15,320
1347,2022,Maharashtra,27,Nashik,487,Nasik Commr.,24,10,2,36,567,17,11,2,30,851,36,567,30,851
1348,2022,Maharashtra,27,Nashik,487,Nasik Rural,2,0,3,5,910,1,2,3,6,1324,5,910,6,1324
1349,2022,Maharashtra,27,Mumbai Suburban,483,Navi Mumbai,65,0,0,65,793,41,0,0,41,912,65,793,41,912
1350,2022,Maharashtra,27,Osmanabad,488,Osmanabad,11,20,0,31,204,15,9,0,24,352,31,204,24,352
1351,2022,Maharashtra,27,Palghar,665,Palghar,5,0,0,5,222,4,0,0,4,416,5,222,4,416
1352,2022,Maharashtra,27,Parbhani,489,Parbhani,0,0,0,0,226,0,0,0,0,270,0,226,0,270
1353,2022,Maharashtra,27,Pune,490,Pune Commr.,7,27,23,57,1363,6,29,33,68,1482,57,1363,68,1482
1354,2022,Maharashtra,27,Pune,490,Pune Railway,2,0,0,2,17,0,0,0,0,10,2,17,0,10
1355,2022,Maharashtra,27,Pune,490,Pune Rural,69,42,13,124,1025,59,49,37,145,1549,124,1025,145,1549
1356,2022,Maharashtra,27,Raigad,491,Raigad,2,0,0,2,240,7,2,0,9,300,2,240,9,300
1357,2022,Maharashtra,27,Ratnagiri,492,Ratnagiri,0,0,0,0,241,0,0,0,0,258,0,241,0,258
1358,2022,Maharashtra,27,Sangli,493,Sangli,33,4,1,38,684,40,1,0,41,1080,38,684,41,1080
1359,2022,Maharashtra,27,Satara,494,Satara,56,5,1,62,552,50,8,0,58,1133,62,552,58,1133
1360,2022,Maharashtra,27,Sindhudurg,495,Sindhudurg,4,0,0,4,82,4,1,0,5,124,4,82,5,124
1361,2022,Maharashtra,27,Solapur,496,Solapur Commr.,2,4,2,8,334,1,3,3,7,422,8,334,7,422
1362,2022,Maharashtra,27,Solapur,496,Solapur Rural,0,0,0,0,677,0,0,0,0,1073,0,677,0,1073
1363,2022,Maharashtra,27,Thane,497,Thane Commr.,126,46,8,180,2113,122,43,19,184,2462,180,2113,184,2462
1364,2022,Maharashtra,27,Thane,497,Thane Rural,28,3,0,31,285,29,6,1,36,392,31,285,36,392
1365,2022,Maharashtra,27,Wardha,498,Wardha,0,0,0,0,458,0,0,0,0,673,0,458,0,673
1366,2022,Maharashtra,27,Washim,499,Washim,0,0,0,0,231,0,0,0,0,290,0,231,0,290
1367,2022,Maharashtra,27,Yavatmal,500,Yavatmal,0,0,0,0,430,0,0,0,0,759,0,430,0,759
1368,2022,Maharashtra,27,Pune,490,Pimpri Chinchwad City,15,9,79,103,1206,1,3,123,127,1614,103,1206,127,1614
1369,2022,Maharashtra,27,Aurangabad,469,Aurangabad Railway,0,0,0,0,32,0,0,0,0,19,0,32,0,19
1370,2022,Maharashtra,27,Thane,497,Mira Bhayandar Vasai Virar Commr.,31,3,61,95,997,42,7,71,120,1190,95,997,120,1190
1371,2022,Manipur,14,Bishnupur,252,Bishnupur,0,2,0,2,12,0,0,1,1,24,2,12,1,24
1372,2022,Manipur,14,Chandel,253,Chandel,0,0,0,0,0,0,0,0,0,0,0,0,0,0
1373,2022,Manipur,14,Churachandpur,254,Churachandpur,0,0,0,0,0,0,0,0,0,0,0,0,0,0
1374,2022,Manipur,14,Imphal West,256,Cid,0,0,0,0,0,0,0,0,0,0,0,0,0,0
1375,2022,Manipur,14,Imphal East,255,Imphal East,0,5,5,10,31,0,2,3,5,34,10,31,5,34
1376,2022,Manipur,14,Imphal West,256,Imphal West,1,1,2,4,19,2,2,6,10,13,4,19,10,13
1377,2022,Manipur,14,Senapati,257,Senapati,0,0,0,0,0,0,0,0,0,0,0,0,0,0
1378,2022,Manipur,14,Tamenglong,258,Tamenglong,0,0,0,0,0,0,0,0,0,0,0,0,0,0
1379,2022,Manipur,14,Thoubal,259,Thoubal,0,0,2,2,11,1,6,1,8,11,2,11,8,11
1380,2022,Manipur,14,Ukhrul,260,Ukhrul,0,0,0,0,0,0,0,0,0,0,0,0,0,0
1381,2022,Manipur,14,Kakching,711,Kakching,0,1,10,11,14,2,2,1,5,31,11,14,5,31
1382,2022,Manipur,14,Kamjong,717,Kamjong,0,0,0,0,0,0,0,0,0,0,0,0,0,0
1383,2022,Manipur,14,Kangpokpi,712,Kangpokpi,0,0,0,0,0,0,0,0,0,0,0,0,0,0
1384,2022,Manipur,14,Jiribam,713,Jiribam,0,0,0,0,8,0,2,0,2,7,0,8,2,7
1385,2022,Manipur,14,Noney,714,Noney,0,0,0,0,0,0,0,0,0,0,0,0,0,0
1386,2022,Manipur,14,Pherzawl,715,Pherzawl,0,0,0,0,0,0,0,0,0,0,0,0,0,0
1387,2022,Manipur,14,Tengnoupal,716,Tengnoupal,0,0,0,0,0,0,0,0,0,0,0,0,0,0
1388,2022,Manipur,14,Imphal West,256,Narcotic,0,0,0,0,0,0,0,0,0,0,0,0,0,0
1389,2022,Meghalaya,17,East Garo Hills,273,Garo Hills East,0,0,0,0,0,0,0,1,1,0,0,0,1,0
1390,2022,Meghalaya,17,North Garo Hills,656,Garo Hills North,0,0,0,0,0,0,0,0,0,0,0,0,0,0
1391,2022,Meghalaya,17,South Garo Hills,277,Garo Hills South,0,0,0,0,0,0,0,0,0,0,0,0,0,0
1392,2022,Meghalaya,17,South West Garo Hills,663,Garo Hills South West,0,0,2,2,0,0,0,0,0,0,2,0,0,0
1393,2022,Meghalaya,17,West Garo Hills,278,Garo Hills West,0,0,0,0,0,0,0,0,0,0,0,0,0,0
1394,2022,Meghalaya,17,West Jaintia Hills,275,Jaintia Hills West,1,0,2,3,1,0,1,0,1,0,3,1,1,0
1395,2022,Meghalaya,17,East Jaintia Hills,657,Jaintia Hills East,1,0,5,6,1,0,0,0,0,0,6,1,0,0
1396,2022,Meghalaya,17,East Khasi Hills,274,Khasi Hills East,0,0,0,0,0,0,0,0,0,0,0,0,0,0
1397,2022,Meghalaya,17,South West Khasi Hills,658,Khasi Hills South West,1,0,0,1,0,0,0,0,0,0,1,0,0,0
1398,2022,Meghalaya,17,West Khasi Hills,279,Khasi Hills West,0,0,0,0,0,0,0,0,0,0,0,0,0,0
1399,2022,Meghalaya,17,Ri Bhoi,276,Ri-Bhoi,0,3,8,11,0,0,0,0,0,0,11,0,0,0
1400,2022,Meghalaya,17,East Khasi Hills,274,Cyber Cell,0,0,0,0,0,0,0,0,0,0,0,0,0,0
1401,2022,Meghalaya,17,Eastern West Khasi Hills,740,Khasi Hills Eastern West,0,0,0,0,0,0,0,0,0,0,0,0,0,0
1402,2022,Mizoram,15,Aizawl,261,Aizawl,0,0,0,0,0,0,0,0,0,0,0,0,0,0
1403,2022,Mizoram,15,Champhai,262,Champhai,0,0,0,0,0,0,0,0,0,0,0,0,0,0
1404,2022,Mizoram,15,Kolasib,263,Kolasib,0,0,0,0,0,0,1,0,1,0,0,0,1,0
1405,2022,Mizoram,15,Lawngtlai,264,Lawngtlai,0,0,0,0,0,0,0,0,0,0,0,0,0,0
1406,2022,Mizoram,15,Lunglei,265,Lunglei,0,0,0,0,0,0,0,0,0,0,0,0,0,0
1407,2022,Mizoram,15,Mamit,266,Mamit,0,0,0,0,0,0,0,0,0,0,0,0,0,0
1408,2022,Mizoram,15,Saiha,267,Saiha,0,0,0,0,0,0,0,0,0,0,0,0,0,0
1409,2022,Mizoram,15,Serchhip,268,Serchhip,0,0,0,0,0,0,0,0,0,0,0,0,0,0
1410,2022,Mizoram,15,Aizawl,261,Spl Narcotic,0,0,0,0,0,0,0,0,0,0,0,0,0,0
1411,2022,Mizoram,15,Saitual,727,Saitual,0,0,0,0,0,0,0,0,0,0,0,0,0,0
1412,2022,Mizoram,15,Khawzawl,728,Khawzawl,0,0,0,0,0,0,0,0,0,0,0,0,0,0
1413,2022,Mizoram,15,Hnahthial,726,Hnahthial,0,0,0,0,0,0,0,0,0,0,0,0,0,0
1414,2022,Mizoram,15,Aizawl,261,Cyber,0,0,0,0,0,0,0,0,0,0,0,0,0,0
1415,2022,Nagaland,13,Dimapur,244,Dimapur,1,0,0,1,0,0,1,1,2,0,1,0,2,0
1416,2022,Nagaland,13,Kiphire,614,Kiphire,0,0,0,0,0,0,0,0,0,0,0,0,0,0
1417,2022,Nagaland,13,Kohima,245,Kohima,2,0,0,2,0,1,18,16,35,5,2,0,35,5
1418,2022,Nagaland,13,Longleng,615,Longleng,0,0,0,0,0,0,0,0,0,0,0,0,0,0
1419,2022,Nagaland,13,Mokokchung,246,Mokokchung,0,0,0,0,0,0,0,0,0,0,0,0,0,0
1420,2022,Nagaland,13,Mon,247,Mon,0,0,0,0,0,0,0,0,0,0,0,0,0,0
1421,2022,Nagaland,13,Peren,613,Peren,0,0,0,0,0,0,0,0,0,0,0,0,0,0
1422,2022,Nagaland,13,Phek,248,Phek,0,0,0,0,0,0,0,0,0,0,0,0,0,0
1423,2022,Nagaland,13,Tuensang,249,Tuensang,0,0,0,0,0,0,0,0,0,0,0,0,0,0
1424,2022,Nagaland,13,Wokha,250,Wokha,0,0,0,0,0,0,0,0,0,0,0,0,0,0
1425,2022,Nagaland,13,Zunheboto,251,Zunheboto,0,0,1,1,0,0,0,0,0,0,1,0,0,0
1426,2022,Odisha,21,Anugul,344,Angul,0,0,0,0,0,0,0,0,0,0,0,0,0,0
1427,2022,Odisha,21,Baleshwar,346,Balasore,0,0,0,0,0,0,0,0,0,0,0,0,0,0
1428,2022,Odisha,21,Bargarh,347,Baragarh,0,0,0,0,0,0,0,0,0,0,0,0,0,0
1429,2022,Odisha,21,Baleshwar,346,Berhampur,0,0,0,0,0,0,0,0,0,0,0,0,0,0
1430,2022,Odisha,21,Bhadrak,348,Bhadrak,0,0,0,0,0,0,0,0,0,0,0,0,0,0
1431,2022,Odisha,21,Balangir,345,Bolangir,0,0,0,0,0,0,0,0,0,0,0,0,0,0
1432,2022,Odisha,21,Boudh,349,Boudh,0,0,0,0,0,0,0,0,0,0,0,0,0,0
1433,2022,Odisha,21,Cuttack,350,Cuttack,0,0,0,0,0,0,0,0,0,0,0,0,0,0
1434,2022,Odisha,21,Khordha,362,Dcp Bbsr,0,0,0,0,0,0,0,0,0,0,0,0,0,0
1435,2022,Odisha,21,Cuttack,350,Dcp Ctc,0,0,0,0,0,0,0,0,0,0,0,0,0,0
1436,2022,Odisha,21,Deogarh,351,Deogarh,0,0,0,0,0,0,0,0,0,0,0,0,0,0
1437,2022,Odisha,21,Dhenkanal,352,Dhenkanal,0,0,0,0,0,0,0,0,0,0,0,0,0,0
1438,2022,Odisha,21,Gajapati,353,Gajapati,0,0,0,0,0,0,0,0,0,0,0,0,0,0
1439,2022,Odisha,21,Ganjam,354,Ganjam,0,0,0,0,0,0,0,0,0,0,0,0,0,0
1440,2022,Odisha,21,Jagatsinghapur,355,Jagatsinghpur,0,0,0,0,0,0,0,0,0,0,0,0,0,0
1441,2022,Odisha,21,Jajapur,356,Jajpur,0,0,0,0,0,0,0,0,0,0,0,0,0,0
1442,2022,Odisha,21,Jharsuguda,357,Jharsuguda,0,0,0,0,0,0,0,0,0,0,0,0,0,0
1443,2022,Odisha,21,Kalahandi,358,Kalahandi,0,0,0,0,0,0,0,0,0,0,0,0,0,0
1444,2022,Odisha,21,Kandhamal,359,Kandhamal,0,0,0,0,0,0,0,0,0,0,0,0,0,0
1445,2022,Odisha,21,Kendrapara,360,Kendrapara,0,0,0,0,0,0,0,0,0,0,0,0,0,0
1446,2022,Odisha,21,Kendujhar,361,Keonjhar,0,0,0,0,0,0,0,0,0,0,0,0,0,0
1447,2022,Odisha,21,Khordha,362,Khurda,0,0,0,0,0,0,0,0,0,0,0,0,0,0
1448,2022,Odisha,21,Koraput,363,Koraput,0,0,0,0,0,0,0,0,0,0,0,0,0,0
1449,2022,Odisha,21,Malkangiri,364,Malkangiri,0,0,0,0,0,0,0,0,0,0,0,0,0,0
1450,2022,Odisha,21,Mayurbhanj,365,Mayurbhanj,0,0,0,0,0,0,0,0,0,0,0,0,0,0
1451,2022,Odisha,21,Nayagarh,367,Nayagarh,0,0,0,0,0,0,0,0,0,0,0,0,0,0
1452,2022,Odisha,21,Nabarangpur,366,Nabarangpur,0,0,0,0,0,0,0,0,0,0,0,0,0,0
1453,2022,Odisha,21,Nuapada,368,Nuapada,0,0,0,0,0,0,0,0,0,0,0,0,0,0
1454,2022,Odisha,21,Puri,369,Puri,0,0,0,0,0,0,0,0,0,0,0,0,0,0
1455,2022,Odisha,21,Rayagada,370,Rayagada,0,0,0,0,0,0,0,0,0,0,0,0,0,0
1456,2022,Odisha,21,Sundargarh,373,Rourkela,0,0,0,0,0,0,0,0,0,0,0,0,0,0
1457,2022,Odisha,21,Sambalpur,371,Sambalpur,0,0,0,0,0,0,0,0,0,0,0,0,0,0
1458,2022,Odisha,21,Sonepur,372,Sonepur,0,0,0,0,0,0,0,0,0,0,0,0,0,0
1459,2022,Odisha,21,Cuttack,350,Srp(Cuttack),0,0,0,0,0,0,0,0,0,0,0,0,0,0
1460,2022,Odisha,21,Sundargarh,373,Srp(Rourkela),0,0,0,0,0,0,0,0,0,0,0,0,0,0
1461,2022,Odisha,21,Sundargarh,373,Sundargarh,0,0,0,0,0,0,0,0,0,0,0,0,0,0
1462,2022,Odisha,21,Cuttack,350,Cid Cb,75,150,282,507,4010,427,902,2921,4250,9820,507,4010,4250,9820
1463,2022,Punjab,3,Amritsar,27,Amritsar Rural,1,5,0,6,42,3,47,31,81,43,6,42,81,43
1464,2022,Punjab,3,Barnala,605,Barnala,0,0,0,0,0,0,0,0,0,0,0,0,0,0
1465,2022,Punjab,3,Gurdaspur,32,Batala,0,0,0,0,27,0,0,0,0,0,0,27,0,0
1466,2022,Punjab,3,Bathinda,28,Bathinda,4,7,0,11,49,1,24,54,79,51,11,49,79,51
1467,2022,Punjab,3,Amritsar,27,Cp Amritsar,3,2,2,7,44,3,27,15,45,38,7,44,45,38
1468,2022,Punjab,3,Jalandhar,34,Cp Jalandhar,3,9,3,15,180,1,34,41,76,289,15,180,76,289
1469,2022,Punjab,3,Ludhiana,36,Cp Ludhiana,8,14,3,25,31,4,25,16,45,32,25,31,45,32
1470,2022,Punjab,3,Faridkot,29,Faridkot,0,1,0,1,2,0,16,5,21,0,1,2,21,0
1471,2022,Punjab,3,Fatehgarh Sahib,30,Fatehgarh Sahib,0,0,2,2,3,0,28,14,42,24,2,3,42,24
1472,2022,Punjab,3,Fazilka,651,Fazilka,6,2,3,11,59,4,3,20,27,46,11,59,27,46
1473,2022,Punjab,3,Ferozepur,31,Ferozepur,0,0,0,0,47,1,26,19,46,38,0,47,46,38
1474,2022,Punjab,3,Patiala,41,Grp,1,1,1,3,7,0,1,1,2,1,3,7,2,1
1475,2022,Punjab,3,Gurdaspur,32,Gurdaspur,1,1,1,3,15,0,6,19,25,10,3,15,25,10
1476,2022,Punjab,3,Hoshiarpur,33,Hoshiarpur,0,2,9,11,95,0,34,58,92,132,11,95,92,132
1477,2022,Punjab,3,Jalandhar,34,Jalandhar Rural,2,3,0,5,91,3,4,0,7,136,5,91,7,136
1478,2022,Punjab,3,Kapurthala,35,Kapurthala,2,7,0,9,19,0,5,2,7,33,9,19,7,33
1479,2022,Punjab,3,Ludhiana,36,Khanna,2,3,3,8,68,9,1,12,22,62,8,68,22,62
1480,2022,Punjab,3,Ludhiana,36,Ludhiana Rural,0,1,1,2,17,2,17,26,45,30,2,17,45,30
1481,2022,Punjab,3,Mansa,37,Mansa,0,1,2,3,51,0,1,0,1,21,3,51,1,21
1482,2022,Punjab,3,Moga,38,Moga,0,1,1,2,78,1,0,0,1,48,2,78,1,48
1483,2022,Punjab,3,Sri Muktsar Sahib,39,Muktsar,2,3,0,5,54,3,0,2,5,136,5,54,5,136
1484,2022,Punjab,3,Pathankot,662,Pathankot,1,3,3,7,38,0,0,4,4,33,7,38,4,33
1485,2022,Punjab,3,Patiala,41,Patiala,10,9,5,24,24,7,42,72,121,51,24,24,121,51
1486,2022,Punjab,3,Rupnagar,42,Ropar,3,4,1,8,40,2,5,19,26,30,8,40,26,30
1487,2022,Punjab,3,Sangrur,43,Sangrur,1,6,4,11,7,4,29,22,55,19,11,7,55,19
1488,2022,Punjab,3,S.A.S Nagar,608,Sas Nagar,0,0,0,0,0,0,0,0,0,0,0,0,0,0
1489,2022,Punjab,3,Shahid Bhagat Singh Nagar,40,Sbs Nagar,1,4,0,5,0,2,17,14,33,0,5,0,33,0
1490,2022,Punjab,3,Tarn Taran,609,Tarn Taran,0,1,0,1,51,0,0,2,2,61,1,51,2,61
1491,2022,Punjab,3,S.A.S Nagar,608,Bureau Of Investigation,0,0,0,0,0,0,0,0,0,0,0,0,0,0
1492,2022,Punjab,3,S.A.S Nagar,608,Intelligence Wing,0,0,0,0,0,0,0,0,0,0,0,0,0,0
1493,2022,Punjab,3,S.A.S Nagar,608,Nri Wing,0,0,0,0,0,0,0,0,0,0,0,0,0,0
1494,2022,Punjab,3,Amritsar,27,Special Task Force,0,0,0,0,0,0,0,0,0,0,0,0,0,0
1495,2022,Punjab,3,Malerkotla,737,Malerkotla,1,0,0,1,6,3,5,9,17,6,1,6,17,6
1496,2022,Rajasthan,8,Ajmer,86,Ajmer,14,27,22,63,411,25,97,146,268,1118,63,411,268,1118
1497,2022,Rajasthan,8,Alwar,87,Alwar,12,16,23,51,209,8,36,80,124,364,51,209,124,364
1498,2022,Rajasthan,8,Banswara,88,Banswara,0,3,3,6,162,0,51,180,231,438,6,162,231,438
1499,2022,Rajasthan,8,Baran,89,Baran,10,9,1,20,134,3,45,88,136,492,20,134,136,492
1500,2022,Rajasthan,8,Barmer,90,Barmer,1,9,6,16,92,1,22,39,62,251,16,92,62,251
1501,2022,Rajasthan,8,Bharatpur,91,Bharatpur,4,5,14,23,151,0,6,13,19,218,23,151,19,218
1502,2022,Rajasthan,8,Bhilwara,92,Bhilwara,1,10,19,30,276,0,24,337,361,1081,30,276,361,1081
1503,2022,Rajasthan,8,Bikaner,93,Bikaner,2,15,6,23,211,4,53,28,85,85,23,211,85,85
1504,2022,Rajasthan,8,Bundi,94,Bundi,2,13,7,22,144,6,65,57,128,550,22,144,128,550
1505,2022,Rajasthan,8,Chittorgarh,95,Chittorgarh,2,14,3,19,192,3,131,104,238,828,19,192,238,828
1506,2022,Rajasthan,8,Churu,96,Churu,0,8,12,20,106,0,20,57,77,414,20,106,77,414
1507,2022,Rajasthan,8,Dausa,97,Dausa,3,19,17,39,119,2,32,27,61,168,39,119,61,168
1508,2022,Rajasthan,8,Dholpur,98,Dholpur,0,9,10,19,78,0,1,8,9,122,19,78,9,122
1509,2022,Rajasthan,8,Dungarpur,99,Dungarpur,0,2,6,8,76,7,97,126,230,448,8,76,230,448
1510,2022,Rajasthan,8,Ajmer,86,Grp Ajmer,0,0,0,0,13,0,1,1,2,15,0,13,2,15
1511,2022,Rajasthan,8,Jodhpur,107,Grp Jodhpur,1,0,1,2,6,0,3,0,3,5,2,6,3,5
1512,2022,Rajasthan,8,Ganganagar,100,Ganganagar,5,7,10,22,326,10,45,88,143,861,22,326,143,861
1513,2022,Rajasthan,8,Hanumangarh,101,Hanumangarh,4,8,2,14,191,4,49,57,110,501,14,191,110,501
1514,2022,Rajasthan,8,Jaipur,102,Jaipur East,11,23,17,51,286,7,43,67,117,452,51,286,117,452
1515,2022,Rajasthan,8,Jaipur,102,Jaipur North,4,17,15,36,251,0,35,58,93,388,36,251,93,388
1516,2022,Rajasthan,8,Jaipur (Gramin),783,Jaipur Rural,4,22,5,31,171,4,66,32,102,380,31,171,102,380
1517,2022,Rajasthan,8,Jaipur,102,Jaipur South,4,10,25,39,288,2,31,82,115,413,39,288,115,413
1518,2022,Rajasthan,8,Jaipur,102,Jaipur West,20,26,28,74,374,30,57,71,158,597,74,374,158,597
1519,2022,Rajasthan,8,Jaisalmer,103,Jaisalmer,0,1,0,1,31,0,1,7,8,33,1,31,8,33
1520,2022,Rajasthan,8,Jalore,104,Jalore,2,7,6,15,94,2,26,52,80,404,15,94,80,404
1521,2022,Rajasthan,8,Jhalawar,105,Jhalawar,4,9,9,22,169,5,34,117,156,518,22,169,156,518
1522,2022,Rajasthan,8,Jhunjhunu,106,Jhunjhunu,5,13,13,31,134,2,54,47,103,624,31,134,103,624
1523,2022,Rajasthan,8,Jodhpur,107,Jodhpur East,9,17,7,33,172,1,28,27,56,270,33,172,56,270
1524,2022,Rajasthan,8,Jodhpur,107,Jodhpur West,6,8,15,29,239,1,34,53,88,359,29,239,88,359
1525,2022,Rajasthan,8,Jodhpur,107,Jodhpur Rural,6,10,1,17,66,2,9,53,64,230,17,66,64,230
1526,2022,Rajasthan,8,Karauli,108,Karauli,3,9,15,27,69,1,6,8,15,122,27,69,15,122
1527,2022,Rajasthan,8,Kota,109,Kota City,5,41,16,62,296,2,101,55,158,642,62,296,158,642
1528,2022,Rajasthan,8,Kota,109,Kota Rural,1,11,4,16,109,2,38,40,80,460,16,109,80,460
1529,2022,Rajasthan,8,Nagaur,110,Nagaur,1,10,13,24,173,5,60,76,141,605,24,173,141,605
1530,2022,Rajasthan,8,Pali,111,Pali,2,10,11,23,162,0,31,123,154,947,23,162,154,947
1531,2022,Rajasthan,8,Pratapgarh,629,Pratapgarh,2,2,1,5,96,1,20,107,128,385,5,96,128,385
1532,2022,Rajasthan,8,Rajsamand,112,Rajsamand,1,6,5,12,133,0,46,95,141,697,12,133,141,697
1533,2022,Rajasthan,8,Sawai Madhopur,113,Sawai Madhopur,8,16,5,29,91,4,6,6,16,156,29,91,16,156
1534,2022,Rajasthan,8,Sikar,114,Sikar,3,16,25,44,173,4,47,88,139,691,44,173,139,691
1535,2022,Rajasthan,8,Sirohi,115,Sirohi,0,2,6,8,82,1,20,58,79,447,8,82,79,447
1536,2022,Rajasthan,8,Tonk,116,Tonk,0,7,3,10,101,1,18,25,44,334,10,101,44,334
1537,2022,Rajasthan,8,Udaipur,117,Udaipur,3,19,26,48,299,7,114,312,433,1318,48,299,433,1318
1538,2022,Rajasthan,8,Jaipur,102,Jaipur Metro,0,0,0,0,0,0,0,0,0,0,0,0,0,0
1539,2022,Rajasthan,8,Jaipur,102,Scrb,0,0,0,0,0,0,0,0,0,0,0,0,0,0
1540,2022,Rajasthan,8,Jaipur,102,Sog,0,0,0,0,0,0,0,0,0,0,0,0,0,0
1541,2022,Rajasthan,8,Jaipur,102,Ssb,0,0,0,0,0,0,0,0,0,0,0,0,0,0
1542,2022,Rajasthan,8,Jaipur,102,Jaipur Crime,0,0,0,0,0,0,0,0,0,0,0,0,0,0
1543,2022,Rajasthan,8,Khairthal-Tijara,770,Bhiwadi,6,28,3,37,185,13,71,34,118,301,37,185,118,301
1544,2022,Sikkim,11,Gangtok,225,Gangtok (East),0,2,1,3,16,0,1,0,1,40,3,16,1,40
1545,2022,Sikkim,11,Mangan,226,Mangan (North),0,1,6,7,7,0,0,1,1,1,7,7,1,1
1546,2022,Sikkim,11,Namchi,227,Namchi (South),0,0,0,0,11,0,2,1,3,19,0,11,3,19
1547,2022,Sikkim,11,Soreng,742,Soreng (West),0,0,0,0,5,0,0,0,0,6,0,5,0,6
1548,2022,Sikkim,11,Pakyong,741,Pakyong (East),0,0,0,0,11,0,1,0,1,13,0,11,1,13
1549,2022,Sikkim,11,Gyalshing,228,Gyalshing (West),0,0,0,0,0,0,0,0,0,0,0,0,0,0
1550,2022,Tamil Nadu,33,Ariyalur,610,Ariyalur,13,5,4,22,31,14,9,46,69,144,22,31,69,144
1551,2022,Tamil Nadu,33,Chennai,568,Chennai,60,54,51,165,866,59,137,245,441,1345,165,866,441,1345
1552,2022,Tamil Nadu,33,Coimbatore,569,Coimbatore,37,11,13,61,196,51,28,69,148,490,61,196,148,490
1553,2022,Tamil Nadu,33,Coimbatore,569,Coimbatore City,15,36,33,84,241,26,34,47,107,448,84,241,107,448
1554,2022,Tamil Nadu,33,Cuddalore,570,Cuddalore,6,10,3,19,197,4,23,27,54,730,19,197,54,730
1555,2022,Tamil Nadu,33,Dharmapuri,571,Dharmapuri,8,8,5,21,36,12,14,72,98,157,21,36,98,157
1556,2022,Tamil Nadu,33,Dindigul,572,Dindigul,32,15,13,60,140,43,27,147,217,409,60,140,217,409
1557,2022,Tamil Nadu,33,Erode,573,Erode,25,22,7,54,96,25,69,92,186,161,54,96,186,161
1558,2022,Tamil Nadu,33,Kanchipuram,574,Kanchipuram,5,0,8,13,84,3,3,48,54,249,13,84,54,249
1559,2022,Tamil Nadu,33,Kanniyakumari,575,Kanyakumari,40,3,2,45,147,42,0,8,50,235,45,147,50,235
1560,2022,Tamil Nadu,33,Karur,576,Karur,13,5,9,27,45,10,14,51,75,175,27,45,75,175
1561,2022,Tamil Nadu,33,Krishnagiri,577,Krishnagiri,22,10,12,44,131,14,29,67,110,182,44,131,110,182
1562,2022,Tamil Nadu,33,Madurai,578,Madurai,12,21,21,54,150,18,39,143,200,401,54,150,200,401
1563,2022,Tamil Nadu,33,Madurai,578,Madurai City,43,19,17,79,234,42,25,64,131,445,79,234,131,445
1564,2022,Tamil Nadu,33,Nagapattinam,579,Nagapattinam,15,12,6,33,88,17,15,51,83,264,33,88,83,264
1565,2022,Tamil Nadu,33,Namakkal,580,Namakkal,27,16,14,57,116,34,17,63,114,309,57,116,114,309
1566,2022,Tamil Nadu,33,The Nilgiris,587,Nilgiris,3,5,1,9,33,9,17,17,43,69,9,33,43,69
1567,2022,Tamil Nadu,33,Perambalur,581,Perambalur,10,0,2,12,35,3,14,27,44,105,12,35,44,105
1568,2022,Tamil Nadu,33,Pudukkottai,582,Pudukottai,3,10,7,20,128,0,26,51,77,474,20,128,77,474
1569,2022,Tamil Nadu,33,Ramanathapuram,583,Ramnathapuram,14,3,5,22,62,15,2,11,28,206,22,62,28,206
1570,2022,Tamil Nadu,33,Chennai,568,Railway Chennai,1,0,0,1,11,1,1,3,5,10,1,11,5,10
1571,2022,Tamil Nadu,33,Tiruchirappalli,591,Railway Trichy,2,0,0,2,7,0,0,2,2,10,2,7,2,10
1572,2022,Tamil Nadu,33,Salem,584,Salem,21,16,7,44,80,44,68,48,160,285,44,80,160,285
1573,2022,Tamil Nadu,33,Salem,584,Salem City,23,17,3,43,137,22,16,9,47,285,43,137,47,285
1574,2022,Tamil Nadu,33,Sivaganga,585,Sivagangai,15,6,10,31,75,19,25,55,99,270,31,75,99,270
1575,2022,Tamil Nadu,33,Thanjavur,586,Thanjavur,36,15,9,60,154,27,14,119,160,454,60,154,160,454
1576,2022,Tamil Nadu,33,Theni,588,Theni,29,13,10,52,133,24,52,69,145,297,52,133,145,297
1577,2022,Tamil Nadu,33,Tirunelveli,592,Thirunelveli,6,10,9,25,64,10,8,60,78,157,25,64,78,157
1578,2022,Tamil Nadu,33,Tirunelveli,592,Thirunelveli City,7,2,12,21,51,1,11,13,25,95,21,51,25,95
1579,2022,Tamil Nadu,33,Thiruvallur,589,Thiruvallur,31,16,5,52,129,25,50,47,122,452,52,129,122,452
1580,2022,Tamil Nadu,33,Tiruvannamalai,593,Thiruvannamalai,27,12,10,49,105,27,25,150,202,400,49,105,202,400
1581,2022,Tamil Nadu,33,Thiruvarur,590,Thiruvarur,0,12,0,12,21,0,15,20,35,131,12,21,35,131
1582,2022,Tamil Nadu,33,Tuticorin,594,Thoothukudi,25,5,13,43,169,35,19,54,108,404,43,169,108,404
1583,2022,Tamil Nadu,33,Tiruppur,634,Tiruppur,0,7,13,20,118,0,14,108,122,296,20,118,122,296
1584,2022,Tamil Nadu,33,Tiruppur,634,Tiruppur City,3,16,30,49,129,21,28,37,86,241,49,129,86,241
1585,2022,Tamil Nadu,33,Tiruchirappalli,591,Trichy,17,3,15,35,100,28,17,60,105,287,35,100,105,287
1586,2022,Tamil Nadu,33,Tiruchirappalli,591,Trichy City,12,11,4,27,99,11,32,37,80,175,27,99,80,175
1587,2022,Tamil Nadu,33,Vellore,595,Vellore,21,10,11,42,84,23,29,90,142,240,42,84,142,240
1588,2022,Tamil Nadu,33,Villupuram,596,Villupuram,0,6,19,25,178,0,6,44,50,546,25,178,50,546
1589,2022,Tamil Nadu,33,Virudhunagar,597,Virudhunagar,19,37,25,81,153,17,67,92,176,416,81,153,176,416
1590,2022,Tamil Nadu,33,Chennai,568,Cyber Cell,0,0,0,0,0,0,0,0,0,0,0,0,0,0
1591,2022,Tamil Nadu,33,Chennai,568,Other Units,0,0,0,0,0,0,0,0,0,0,0,0,0,0
1592,2022,Tamil Nadu,33,Chengalpattu,730,Chengalpattu,22,9,6,37,89,14,22,29,65,314,37,89,65,314
1593,2022,Tamil Nadu,33,Kallakurichi,729,Kallakurichi,2,4,7,13,57,2,32,55,89,218,13,57,89,218
1594,2022,Tamil Nadu,33,Ranipet,731,Ranipet,6,1,4,11,57,11,12,52,75,177,11,57,75,177
1595,2022,Tamil Nadu,33,Tirupathur,732,Tiruppattur,17,13,10,40,66,22,14,66,102,225,40,66,102,225
1596,2022,Tamil Nadu,33,Tenkasi,733,Tenkasi,47,16,6,69,114,28,47,49,124,379,69,114,124,379
1597,2022,Tamil Nadu,33,Thiruvallur,589,Avadi,63,35,24,122,451,41,53,112,206,752,122,451,206,752
1598,2022,Tamil Nadu,33,Chengalpattu,730,Tambaram,21,12,11,44,199,36,30,53,119,363,44,199,119,363
1599,2022,Telangana,36,Hyderabad,507,Cyberabad Commissionerate,222,71,47,340,1579,206,51,71,328,2146,340,1579,328,2146
1600,2022,Telangana,36,Hyderabad,507,Hyderabad Commissionerate,56,109,11,176,1498,48,108,8,164,1835,176,1498,164,1835
1601,2022,Telangana,36,Karimnagar,508,Karimnagar Commissionerate,15,5,4,24,109,8,3,48,59,227,24,109,59,227
1602,2022,Telangana,36,Khammam,509,Khammam Commissionerate,26,0,1,27,131,10,4,25,39,306,27,131,39,306
1603,2022,Telangana,36,Nizamabad,516,Nizamabad Commissionerate,36,19,8,63,294,33,12,29,74,362,63,294,74,362
1604,2022,Telangana,36,Yadadri Bhuvanagiri,697,Rachakonda Commissionerate,52,84,120,256,1531,74,46,93,213,1922,256,1531,213,1922
1605,2022,Telangana,36,Peddapalli,682,Ramagundam Commissionerate,0,27,3,30,227,0,26,2,28,432,30,227,28,432
1606,2022,Telangana,36,Siddipet,692,Siddipet Commissionerate,27,2,0,29,139,29,2,0,31,274,29,139,31,274
1607,2022,Telangana,36,Warangal,522,Warangal Commissionerate,23,19,13,55,304,23,43,136,202,619,55,304,202,619
1608,2022,Telangana,36,Adilabad,501,Adilabad,4,2,3,9,69,1,1,1,3,114,9,69,3,114
1609,2022,Telangana,36,Bhadradri Kothagudem,690,Bhadradri Kothagudem,3,22,0,25,98,6,66,65,137,273,25,98,137,273
1610,2022,Telangana,36,Jagitial,681,Jagityal,0,4,7,11,85,5,12,28,45,230,11,85,45,230
1611,2022,Telangana,36,Jayashankar Bhupalapally,687,Jayashankar Bhupalpalli,4,0,1,5,27,3,0,0,3,98,5,27,3,98
1612,2022,Telangana,36,Jogulamba Gadwal,695,Jogulamba Gadwal,0,18,0,18,62,0,0,15,15,100,18,62,15,100
1613,2022,Telangana,36,Kamareddy,685,Kamareddy ,3,20,23,46,185,4,38,57,99,265,46,185,99,265
1614,2022,Telangana,36,Kumuram Bheem Asifabad,699,Kumaram Bheem Asifabad,3,0,4,7,35,2,0,3,5,51,7,35,5,51
1615,2022,Telangana,36,Mahabubabad,688,Mahabubabad,0,4,1,5,48,0,54,16,70,143,5,48,70,143
1616,2022,Telangana,36,Mahabubnagar,512,Mahabubnagar,27,9,3,39,135,22,3,4,29,307,39,135,29,307
1617,2022,Telangana,36,Medak,513,Medak,15,5,0,20,94,20,8,0,28,206,20,94,28,206
1618,2022,Telangana,36,Nagarkurnool,694,Nagarkurnool,14,6,2,22,69,15,6,15,36,203,22,69,36,203
1619,2022,Telangana,36,Nalgonda,514,Nalgonda,19,11,7,37,128,8,14,18,40,323,37,128,40,323
1620,2022,Telangana,36,Nirmal,680,Nirmal,0,3,15,18,87,0,13,25,38,117,18,87,38,117
1621,2022,Telangana,36,Rajanna Sircilla,683,Rajanna Siricilla,0,0,8,8,43,0,0,14,14,139,8,43,14,139
1622,2022,Telangana,36,Sangareddy,691,Sangareddy,40,24,16,80,241,34,63,88,185,351,80,241,185,351
1623,2022,Telangana,36,Suryapet,696,Suryapet,17,3,9,29,92,6,21,2,29,237,29,92,29,237
1624,2022,Telangana,36,Vikarabad,698,Vikarabad,28,4,1,33,87,17,3,4,24,196,33,87,24,196
1625,2022,Telangana,36,Wanaparthy,693,Wanaparthy,3,3,11,17,31,3,1,45,49,119,17,31,49,119
1626,2022,Telangana,36,Hyderabad,507,Railway Police Secunderabad,3,0,1,4,17,0,1,0,1,13,4,17,1,13
1627,2022,Telangana,36,Mulugu,720,Mulug,4,0,0,4,20,4,1,0,5,58,4,20,5,58
1628,2022,Telangana,36,Narayanpet,721,Narayanpet,8,3,0,11,22,2,0,0,2,105,11,22,2,105
1629,2022,Tripura,16,Dhalai,269,Dhalai,0,1,0,1,44,0,1,2,3,113,1,44,3,113
1630,2022,Tripura,16,Gomati,654,Gomati,0,0,0,0,48,1,0,10,11,163,0,48,11,163
1631,2022,Tripura,16,West Tripura,272,Grp,0,0,0,0,0,0,0,0,0,0,0,0,0,0
1632,2022,Tripura,16,Khowai,652,Kowai,0,0,0,0,35,0,0,0,0,64,0,35,0,64
1633,2022,Tripura,16,North Tripura,270,North,0,0,2,2,7,0,0,8,8,6,2,7,8,6
1634,2022,Tripura,16,Sepahijala,653,Sipahijala,0,2,0,2,29,0,5,7,12,71,2,29,12,71
1635,2022,Tripura,16,South Tripura,271,South,10,0,2,12,40,0,6,10,16,139,12,40,16,139
1636,2022,Tripura,16,Unakoti,655,Unakoti,0,1,0,1,15,0,3,9,12,44,1,15,12,44
1637,2022,Tripura,16,West Tripura,272,West,2,3,1,6,156,3,23,14,40,431,6,156,40,431
1638,2022,Uttar Pradesh,9,Agra,118,Agra,0,0,0,0,0,0,0,0,0,0,0,0,0,0
1639,2022,Uttar Pradesh,9,Aligarh,119,Aligarh,4,4,3,11,62,0,8,4,12,100,11,62,12,100
1640,2022,Uttar Pradesh,9,Prayagraj,120,Prayagraj,1,11,8,20,138,1,26,39,66,181,20,138,66,181
1641,2022,Uttar Pradesh,9,Ambedkar Nagar,121,Ambedkar Nagar,0,13,16,29,0,0,0,0,0,100,29,0,0,100
1642,2022,Uttar Pradesh,9,Amethi,640,Amethi,1,3,3,7,20,0,6,11,17,21,7,20,17,21
1643,2022,Uttar Pradesh,9,Auraiya,122,Auraiya,0,2,0,2,22,0,2,2,4,23,2,22,4,23
1644,2022,Uttar Pradesh,9,Azamgarh,123,Azamgarh,2,0,1,3,79,0,0,10,10,189,3,79,10,189
1645,2022,Uttar Pradesh,9,Budaun,133,Badaun,2,11,1,14,62,4,14,6,24,98,14,62,24,98
1646,2022,Uttar Pradesh,9,Baghpat,124,Baghpat,1,8,1,10,64,0,7,8,15,111,10,64,15,111
1647,2022,Uttar Pradesh,9,Bahraich,125,Bahraich,10,33,12,55,63,2,20,26,48,97,55,63,48,97
1648,2022,Uttar Pradesh,9,Ballia,126,Ballia,9,5,4,18,114,6,12,10,28,197,18,114,28,197
1649,2022,Uttar Pradesh,9,Balrampur,127,Balrampur,1,3,14,18,1,1,9,12,22,154,18,1,22,154
1650,2022,Uttar Pradesh,9,Banda,128,Banda,1,5,1,7,15,0,7,20,27,35,7,15,27,35
1651,2022,Uttar Pradesh,9,Barabanki,129,Barabanki,14,41,3,58,42,10,43,15,68,53,58,42,68,53
1652,2022,Uttar Pradesh,9,Bareilly,130,Bareilly,3,9,6,18,63,1,6,6,13,74,18,63,13,74
1653,2022,Uttar Pradesh,9,Basti,131,Basti,2,5,2,9,36,3,7,11,21,91,9,36,21,91
1654,2022,Uttar Pradesh,9,Bijnor,132,Bijnor,2,1,11,14,88,0,12,15,27,139,14,88,27,139
1655,2022,Uttar Pradesh,9,Bulandshahr,134,Bulandshahar,1,1,2,4,56,0,0,17,17,79,4,56,17,79
1656,2022,Uttar Pradesh,9,Chandauli,135,Chandoli,0,0,0,0,0,0,0,0,0,0,0,0,0,0
1657,2022,Uttar Pradesh,9,Chitrakoot,136,Chitrakoot,1,2,2,5,4,1,3,3,7,9,5,4,7,9
1658,2022,Uttar Pradesh,9,Deoria,137,Deoria,0,0,0,0,0,0,0,4,4,0,0,0,4,0
1659,2022,Uttar Pradesh,9,Etah,138,Etah,0,5,0,5,20,0,3,3,6,40,5,20,6,40
1660,2022,Uttar Pradesh,9,Etawah,139,Etawah,7,18,9,34,37,1,8,36,45,96,34,37,45,96
1661,2022,Uttar Pradesh,9,Ayodhya,140,Ayodhya,3,5,3,11,31,0,21,4,25,45,11,31,25,45
1662,2022,Uttar Pradesh,9,Farrukhabad,141,Fatehgarh,0,0,0,0,0,0,0,0,0,0,0,0,0,0
1663,2022,Uttar Pradesh,9,Fatehpur,142,Fatehpur,62,5,0,67,55,0,16,0,16,127,67,55,16,127
1664,2022,Uttar Pradesh,9,Firozabad,143,Firozabad,0,0,2,2,0,0,1,5,6,0,2,0,6,0
1665,2022,Uttar Pradesh,9,Lucknow,162,Grp,6,0,0,6,15,4,1,0,5,26,6,15,5,26
1666,2022,Uttar Pradesh,9,Gautam Buddha Nagar,144,Gautambudh Nagar,10,11,4,25,225,3,40,52,95,410,25,225,95,410
1667,2022,Uttar Pradesh,9,Ghaziabad,145,Ghaziabad,3,21,2,26,154,4,26,41,71,195,26,154,71,195
1668,2022,Uttar Pradesh,9,Ghazipur,146,Ghazipur,35,22,14,71,77,10,82,57,149,130,71,77,149,130
1669,2022,Uttar Pradesh,9,Gonda,147,Gonda,0,1,0,1,35,0,5,14,19,56,1,35,19,56
1670,2022,Uttar Pradesh,9,Gorakhpur,148,Gorakhpur,1,4,1,6,104,2,7,2,11,151,6,104,11,151
1671,2022,Uttar Pradesh,9,Hamirpur,149,Hamirpur,1,5,7,13,8,0,41,72,113,52,13,8,113,52
1672,2022,Uttar Pradesh,9,Hapur,661,Hapur,10,12,5,27,71,2,25,22,49,88,27,71,49,88
1673,2022,Uttar Pradesh,9,Hardoi,150,Hardoi,3,4,3,10,46,1,11,21,33,61,10,46,33,61
1674,2022,Uttar Pradesh,9,Hathras,163,Hathras,5,3,0,8,22,1,4,5,10,51,8,22,10,51
1675,2022,Uttar Pradesh,9,Jalaun,151,Jalaun,0,0,0,0,28,0,2,0,2,0,0,28,2,0
1676,2022,Uttar Pradesh,9,Jaunpur,152,Jaunpur,2,2,2,6,19,1,1,9,11,49,6,19,11,49
1677,2022,Uttar Pradesh,9,Jhansi,153,Jhansi,5,17,6,28,209,1,10,13,24,184,28,209,24,184
1678,2022,Uttar Pradesh,9,Kannauj,155,Kannauj,4,7,4,15,43,5,22,38,65,60,15,43,65,60
1679,2022,Uttar Pradesh,9,Kanpur Dehat,156,Kanpur Dehat,0,3,0,3,0,0,4,0,4,4,3,0,4,4
1680,2022,Uttar Pradesh,9,Kanpur Nagar,157,Kanpur Commissionarate,12,48,58,118,228,9,63,71,143,281,118,228,143,281
1681,2022,Uttar Pradesh,9,Kasganj,633,Kasganj,0,0,0,0,0,0,0,0,0,0,0,0,0,0
1682,2022,Uttar Pradesh,9,Kaushambi,158,Kaushambi,0,0,0,0,0,0,9,45,54,0,0,0,54,0
1683,2022,Uttar Pradesh,9,Kheri,159,Khiri,0,0,0,0,0,0,0,0,0,0,0,0,0,0
1684,2022,Uttar Pradesh,9,Kushi Nagar,160,Kushi Nagar,0,1,1,2,6,1,8,5,14,21,2,6,14,21
1685,2022,Uttar Pradesh,9,Lalitpur,161,Lalitpur,0,19,2,21,0,0,62,41,103,0,21,0,103,0
1686,2022,Uttar Pradesh,9,Lucknow,162,Lucknow Commissionarate,47,96,14,157,0,19,125,36,180,0,157,0,180,0
1687,2022,Uttar Pradesh,9,Maharajganj,164,Maharajganj,0,0,0,0,0,0,0,0,0,0,0,0,0,0
1688,2022,Uttar Pradesh,9,Mahoba,165,Mahoba,3,6,2,11,0,6,13,6,25,0,11,0,25,0
1689,2022,Uttar Pradesh,9,Mainpuri,166,Mainpuri,0,0,0,0,0,0,0,0,0,0,0,0,0,0
1690,2022,Uttar Pradesh,9,Mathura,167,Mathura,0,0,0,0,0,0,0,0,0,0,0,0,0,0
1691,2022,Uttar Pradesh,9,Mau,168,Mau,1,0,2,3,17,0,0,2,2,33,3,17,2,33
1692,2022,Uttar Pradesh,9,Meerut,169,Meerut,4,4,3,11,111,2,7,3,12,100,11,111,12,100
1693,2022,Uttar Pradesh,9,Mirzapur,170,Mirzapur,3,5,3,11,45,1,11,20,32,99,11,45,32,99
1694,2022,Uttar Pradesh,9,Moradabad,171,Moradabad,0,0,0,0,0,0,7,0,7,65,0,0,7,65
1695,2022,Uttar Pradesh,9,Muzaffarnagar,172,Muzaffarnagar,0,0,0,0,0,0,0,0,0,0,0,0,0,0
1696,2022,Uttar Pradesh,9,Pilibhit,173,Pilibhit,1,3,1,5,99,0,0,0,0,93,5,99,0,93
1697,2022,Uttar Pradesh,9,Pratapgarh,174,Pratapgarh,0,0,0,0,0,0,0,0,0,0,0,0,0,0
1698,2022,Uttar Pradesh,9,Rae Bareli,175,Raibareilly,0,3,5,8,35,0,10,22,32,61,8,35,32,61
1699,2022,Uttar Pradesh,9,Rampur,176,Rampur,0,0,0,0,0,0,0,0,0,0,0,0,0,0
1700,2022,Uttar Pradesh,9,Saharanpur,177,Saharanpur,3,4,5,12,97,2,2,8,12,100,12,97,12,100
1701,2022,Uttar Pradesh,9,Sambhal,659,Sambhal,2,0,2,4,24,0,3,6,9,36,4,24,9,36
1702,2022,Uttar Pradesh,9,Sant Kabeer Nagar,178,Sant Kabirnagar,1,3,2,6,21,3,22,23,48,88,6,21,48,88
1703,2022,Uttar Pradesh,9,Shahjahanpur,180,Shahjahanpur,3,10,5,18,44,3,10,20,33,83,18,44,33,83
1704,2022,Uttar Pradesh,9,Shamli,660,Shamli,0,3,1,4,45,1,1,2,4,44,4,45,4,44
1705,2022,Uttar Pradesh,9,Shravasti,181,Shrawasti,4,7,0,11,12,1,4,2,7,33,11,12,7,33
1706,2022,Uttar Pradesh,9,Siddharth Nagar,182,Sidharthnagar,0,3,2,5,48,0,2,4,6,157,5,48,6,157
1707,2022,Uttar Pradesh,9,Sitapur,183,Sitapur,4,12,17,33,140,1,11,13,25,144,33,140,25,144
1708,2022,Uttar Pradesh,9,Sonbhadra,184,Sonbhadra,1,6,4,11,56,3,7,14,24,121,11,56,24,121
1709,2022,Uttar Pradesh,9,Bhadohi,179,Bhadohi,1,14,7,22,0,0,27,5,32,0,22,0,32,0
1710,2022,Uttar Pradesh,9,Sultanpur,185,Sultanpur,2,3,0,5,20,0,0,3,3,8,5,20,3,8
1711,2022,Uttar Pradesh,9,Unnao,186,Unnao,0,0,0,0,0,0,0,0,0,0,0,0,0,0
1712,2022,Uttar Pradesh,9,Varanasi,187,Varanasi Commissionarate,0,14,19,33,191,0,31,34,65,174,33,191,65,174
1713,2022,Uttar Pradesh,9,Lucknow,162,Lucknow Grameen,0,0,0,0,0,0,0,0,0,0,0,0,0,0
1714,2022,Uttar Pradesh,9,Kanpur Dehat,156,Kanpur Outer,0,0,0,0,0,0,0,0,0,0,0,0,0,0
1715,2022,Uttar Pradesh,9,Varanasi,187,Vasanasi Dehat,0,0,0,0,0,0,0,0,0,0,0,0,0,0
1716,2022,Uttarakhand,5,Almora,45,Almora,0,0,6,6,42,0,3,10,13,44,6,42,13,44
1717,2022,Uttarakhand,5,Bageshwar,46,Bageshwar,0,2,3,5,23,0,6,2,8,26,5,23,8,26
1718,2022,Uttarakhand,5,Chamoli,47,Chamoli,0,0,3,3,23,0,0,9,9,26,3,23,9,26
1719,2022,Uttarakhand,5,Champawat,48,Champawat,0,5,5,10,41,0,7,10,17,48,10,41,17,48
1720,2022,Uttarakhand,5,Dehradun,49,Dehradun,1,7,1,9,375,0,5,4,9,430,9,375,9,430
1721,2022,Uttarakhand,5,Haridwar,50,Haridwar,6,46,44,96,396,0,53,50,103,314,96,396,103,314
1722,2022,Uttarakhand,5,Nainital,51,Nainital,0,4,20,24,170,0,3,60,63,165,24,170,63,165
1723,2022,Uttarakhand,5,Pauri Garhwal,52,Pauri Garhwal,0,6,2,8,40,0,8,0,8,58,8,40,8,58
1724,2022,Uttarakhand,5,Pithoragarh,53,Pithoragarh,0,5,5,10,16,0,8,14,22,18,10,16,22,18
1725,2022,Uttarakhand,5,Rudra Prayag,54,Rudra Prayag,0,1,0,1,12,0,0,6,6,15,1,12,6,15
1726,2022,Uttarakhand,5,Tehri Garhwal,55,Tehri Garhwal,1,5,1,7,30,2,6,10,18,49,7,30,18,49
1727,2022,Uttarakhand,5,Udam Singh Nagar,56,Udhamsingh Nagar,0,13,30,43,241,2,54,90,146,415,43,241,146,415
1728,2022,Uttarakhand,5,Uttar Kashi,57,Uttarkashi,0,1,2,3,26,0,0,3,3,23,3,26,3,23
1729,2022,Uttarakhand,5,Dehradun,49,Grp,0,0,0,0,3,0,0,0,0,1,0,3,0,1
1730,2022,Uttarakhand,5,Cyber Cell,9999,Cyber Cell,0,0,0,0,0,0,0,0,0,0,0,0,0,0
1731,2022,West Bengal,19,Alipurduar,664,Alipurduar,5,10,10,25,327,1,44,100,145,790,25,327,145,790
1732,2022,West Bengal,19,Paschim Bardhaman,704,Asansol-Durgapur Pc,9,16,16,41,715,5,40,93,138,761,41,715,138,761
1733,2022,West Bengal,19,Bankura,305,Bankura,0,4,5,9,428,0,70,168,238,797,9,428,238,797
1734,2022,West Bengal,19,24 Paraganas North,303,Barrackpur Pc,22,50,43,115,1190,11,200,179,390,1391,115,1190,390,1391
1735,2022,West Bengal,19,24 Paraganas North,303,Bidhannagar Pc,12,23,11,46,364,2,65,54,121,450,46,364,121,450
1736,2022,West Bengal,19,Birbhum,307,Birbhum,4,10,4,18,357,4,33,54,91,664,18,357,91,664
1737,2022,West Bengal,19,Coochbehar,308,Coochbehar,3,22,25,50,495,5,30,486,521,1273,50,495,521,1273
1738,2022,West Bengal,19,Dinajpur Dakshin,310,Dakshin Dinajpur,9,14,20,43,334,14,138,219,371,992,43,334,371,992
1739,2022,West Bengal,19,Darjeeling,309,Darjeeling,3,0,1,4,117,4,6,15,25,253,4,117,25,253
1740,2022,West Bengal,19,Hooghly,312,Hooghly Rural Police,3,8,13,24,422,6,96,149,251,893,24,422,251,893
1741,2022,West Bengal,19,Howrah,313,Howrah Grp,0,0,0,0,10,0,0,0,0,7,0,10,0,7
1742,2022,West Bengal,19,Howrah,313,Howrah Pc,27,34,28,89,808,13,126,156,295,863,89,808,295,863
1743,2022,West Bengal,19,Howrah,313,Howrah Rural,8,12,4,24,350,6,111,178,295,743,24,350,295,743
1744,2022,West Bengal,19,Jalpaiguri,314,Jalpaiguri,2,5,14,21,325,4,68,132,204,826,21,325,204,826
1745,2022,West Bengal,19,Jhargram,703,Jhargram,2,4,0,6,111,2,30,83,115,254,6,111,115,254
1746,2022,West Bengal,19,Medinipur West,318,Kharagpur Grp,0,0,0,0,14,0,0,0,0,1,0,14,0,1
1747,2022,West Bengal,19,Kolkata,315,Kolkata,55,124,72,251,1977,30,240,282,552,1674,251,1977,552,1674
1748,2022,West Bengal,19,Maldah,316,Malda,14,49,43,106,562,152,333,175,660,1433,106,562,660,1433
1749,2022,West Bengal,19,Murshidabad,319,Murshidabad Police District,21,43,122,186,588,49,127,209,385,1355,186,588,385,1355
1750,2022,West Bengal,19,Medinipur West,318,Paschim Medinipur,10,22,20,52,625,11,338,519,868,1389,52,625,868,1389
1751,2022,West Bengal,19,Medinipur East,317,Purab Medinipur,42,11,13,66,507,41,361,461,863,1471,66,507,863,1471
1752,2022,West Bengal,19,Purulia,321,Purulia,3,8,5,16,204,1,32,58,91,399,16,204,91,399
1753,2022,West Bengal,19,Kolkata,315,Sealdah Grp,2,1,0,3,19,1,4,1,6,12,3,19,6,12
1754,2022,West Bengal,19,Darjeeling,309,Siliguri Grp,0,0,0,0,3,0,0,0,0,1,0,3,0,1
1755,2022,West Bengal,19,Darjeeling,309,Siliguri Pc,16,21,24,61,499,27,98,138,263,754,61,499,263,754
1756,2022,West Bengal,19,24 Paraganas South,304,Baruipur Police,16,32,18,66,666,14,232,254,500,1122,66,666,500,1122
1757,2022,West Bengal,19,Hooghly,312,Chandannagar Pc,5,16,13,34,416,5,36,51,92,448,34,416,92,448
1758,2022,West Bengal,19,24 Paraganas South,304,Diamond Harbour Police,5,16,9,30,592,2,96,107,205,1023,30,592,205,1023
1759,2022,West Bengal,19,Kalimpong,702,Kalimpong,0,0,0,0,0,0,0,0,0,0,0,0,0,0
1760,2022,West Bengal,19,Purba Bardhaman,306,Purba Bardhaman,14,18,14,46,726,10,228,383,621,1560,46,726,621,1560
1761,2022,West Bengal,19,24 Paraganas South,304,Sundarban Police,12,9,17,38,241,14,125,205,344,723,38,241,344,723
1762,2022,West Bengal,19,24 Paraganas North,303,Barasat,20,45,19,84,710,89,241,106,436,1230,84,710,436,1230
1763,2022,West Bengal,19,24 Paraganas North,303,Basirhat,0,25,0,25,333,0,387,0,387,387,25,333,387,387
1764,2022,West Bengal,19,24 Paraganas North,303,Bangaon,5,13,12,30,252,14,25,243,282,812,30,252,282,812
1765,2022,West Bengal,19,Dinajpur Uttar,311,Islampur,0,0,19,19,178,0,0,117,117,403,19,178,117,403
1766,2022,West Bengal,19,Murshidabad,319,Jangipur Police District,0,3,4,7,337,0,7,10,17,506,7,337,17,506
1767,2022,West Bengal,19,Nadia,320,Krishnagar,2,8,21,31,227,7,192,387,586,1495,31,227,586,1495
1768,2022,West Bengal,19,Dinajpur Uttar,311,Raiganj,3,8,3,14,162,1,29,34,64,476,14,162,64,476
1769,2022,West Bengal,19,Nadia,320,Ranaghat,0,11,193,204,71,0,17,15,32,523,204,71,32,523
1770,2022,Andaman And Nicobar Islands                   ,35,South Andamans,602,South Andaman,2,2,4,8,52,6,8,8,22,50,8,52,22,50
1771,2022,Andaman And Nicobar Islands                   ,35,North And Middle Andaman,632,North And Middle Andaman,2,0,1,3,10,1,2,1,4,8,3,10,4,8
1772,2022,Andaman And Nicobar Islands                   ,35,Nicobars,603,Nicobar,0,0,0,0,4,0,0,0,0,1,0,4,0,1
1773,2022,Chandigarh,4,Chandigarh,44,Chandigarh,11,14,10,35,274,9,48,76,133,340,35,274,133,340
1774,2022,The Dadra And Nagar Haveli And Daman And Diu,38,Dadra And Nagar Haveli,465,Dadra And Nagar Haveli,0,0,0,0,28,0,0,0,0,65,0,28,0,65
1775,2022,The Dadra And Nagar Haveli And Daman And Diu,38,Daman,463,Daman,0,0,1,1,42,0,3,3,6,59,1,42,6,59
1776,2022,The Dadra And Nagar Haveli And Daman And Diu,38,Diu,464,Diu,0,0,3,3,6,0,0,1,1,4,3,6,1,4
1777,2022,Delhi,7,Central,77,Central,38,40,18,96,352,22,74,89,185,302,96,352,185,302
1778,2022,Delhi,7,North West,82,Crime Branch,0,0,0,0,0,0,0,0,0,0,0,0,0,0
1779,2022,Delhi,7,East,78,East,23,35,14,72,443,7,138,68,213,520,72,443,213,520
1780,2022,Delhi,7,New Delhi,79,Eow,0,0,0,0,0,0,0,0,0,0,0,0,0,0
1781,2022,Delhi,7,New Delhi,79,Igi Airport,0,0,0,0,26,0,0,0,0,3,0,26,0,3
1782,2022,Delhi,7,North West,82,Metro,0,1,0,1,8,2,1,1,4,6,1,8,4,6
1783,2022,Delhi,7,New Delhi,79,New Delhi,1,8,7,16,58,3,4,13,20,42,16,58,20,42
1784,2022,Delhi,7,North,80,North,30,44,39,113,445,73,107,33,213,403,113,445,213,403
1785,2022,Delhi,7,North East,81,North-East,50,95,35,180,868,19,220,110,349,965,180,868,349,965
1786,2022,Delhi,7,North West,82,North-West,26,60,17,103,428,23,142,76,241,465,103,428,241,465
1787,2022,Delhi,7,North West,82,Outer,22,73,48,143,773,17,132,187,336,1026,143,773,336,1026
1788,2022,Delhi,7,New Delhi,79,Railway,4,0,0,4,34,3,6,2,11,34,4,34,11,34
1789,2022,Delhi,7,South,83,South,15,41,35,91,493,9,134,146,289,662,91,493,289,662
1790,2022,Delhi,7,South East,670,South-East,36,84,42,162,606,13,171,216,400,736,162,606,400,736
1791,2022,Delhi,7,South West,84,South-West,31,52,15,98,479,21,170,71,262,597,98,479,262,597
1792,2022,Delhi,7,North West,82,Spl Cell,0,0,0,0,0,0,0,0,0,0,0,0,0,0
1793,2022,Delhi,7,New Delhi,79,Spuwac,0,0,0,0,0,0,0,0,0,0,0,0,0,0
1794,2022,Delhi,7,New Delhi,79,Vigilance,0,0,0,0,0,0,0,0,0,0,0,0,0,0
1795,2022,Delhi,7,West,85,West,17,30,24,71,546,21,133,113,267,619,71,546,267,619
1796,2022,Delhi,7,North West,82,Rohini,71,61,47,179,606,60,129,149,338,674,179,606,338,674
1797,2022,Delhi,7,Shahdara,671,Shahdara,25,58,10,93,506,15,121,59,195,540,93,506,195,540
1798,2022,Delhi,7,South West,84,Dwarka,44,74,21,139,697,22,241,91,354,919,139,697,354,919
1799,2022,Delhi,7,New Delhi,79,Outer North,134,122,35,291,737,85,399,127,611,1082,291,737,611,1082
1800,2022,Jammu And Kashmir,1,Anantnag,1,Anantnag,1,1,1,3,69,1,0,14,15,49,3,69,15,49
1801,2022,Jammu And Kashmir,1,Pulwama,11,Awantipora,0,1,0,1,15,0,0,0,0,13,1,15,0,13
1802,2022,Jammu And Kashmir,1,Bandipora,623,Bandipora,1,4,3,8,14,0,1,1,2,31,8,14,2,31
1803,2022,Jammu And Kashmir,1,Baramulla,3,Baramulla,0,0,0,0,0,0,0,25,25,27,0,0,25,27
1804,2022,Jammu And Kashmir,1,Budgam,2,Budgam,0,0,0,0,43,0,0,0,0,68,0,43,0,68
1805,2022,Jammu And Kashmir,1,Jammu,5,Special Crime Wing Jammu,0,0,0,0,0,0,0,0,0,0,0,0,0,0
1806,2022,Jammu And Kashmir,1,Jammu,5,Special Crime Wing Kashmir,0,0,0,0,0,0,0,0,0,0,0,0,0,0
1807,2022,Jammu And Kashmir,1,Doda,4,Doda,0,1,0,1,18,0,5,0,5,68,1,18,5,68
1808,2022,Jammu And Kashmir,1,Ganderbal,626,Ganderbal,0,2,6,8,34,0,1,6,7,33,8,34,7,33
1809,2022,Jammu And Kashmir,1,Kupwara,8,Handwara,0,0,0,0,0,0,0,0,0,0,0,0,0,0
1810,2022,Jammu And Kashmir,1,Jammu,5,Jammu,0,0,0,0,393,0,0,0,0,256,0,393,0,256
1811,2022,Jammu And Kashmir,1,Kathua,7,Kathua,2,4,4,10,35,10,5,29,44,164,10,35,44,164
1812,2022,Jammu And Kashmir,1,Kishtwar,620,Kishtwar,2,2,0,4,11,0,0,0,0,40,4,11,0,40
1813,2022,Jammu And Kashmir,1,Kulgam,622,Kulgam,0,0,0,0,26,1,0,0,1,15,0,26,1,15
1814,2022,Jammu And Kashmir,1,Kupwara,8,Kupwara,2,3,0,5,31,0,0,0,0,67,5,31,0,67
1815,2022,Jammu And Kashmir,1,Poonch,10,Poonch,1,2,1,4,22,1,0,0,1,101,4,22,1,101
1816,2022,Jammu And Kashmir,1,Pulwama,11,Pulwama,0,0,0,0,41,0,0,0,0,19,0,41,0,19
1817,2022,Jammu And Kashmir,1,Jammu,5,Railways Jammu,0,0,1,1,6,0,0,0,0,2,1,6,0,2
1818,2022,Jammu And Kashmir,1,Jammu,5,Railways Kashmir,0,0,0,0,0,0,0,0,0,0,0,0,0,0
1819,2022,Jammu And Kashmir,1,Reasi,627,Railways Katra,0,0,0,0,0,0,0,0,0,0,0,0,0,0
1820,2022,Jammu And Kashmir,1,Rajouri,12,Rajouri,0,2,0,2,33,0,1,1,2,116,2,33,2,116
1821,2022,Jammu And Kashmir,1,Ramban,621,Ramban,0,3,5,8,6,0,9,24,33,12,8,6,33,12
1822,2022,Jammu And Kashmir,1,Reasi,627,Reasi,0,2,3,5,51,0,10,13,23,85,5,51,23,85
1823,2022,Jammu And Kashmir,1,Samba,624,Samba,0,0,4,4,45,2,2,19,23,97,4,45,23,97
1824,2022,Jammu And Kashmir,1,Shopian,625,Shopian,0,0,4,4,19,0,7,9,16,13,4,19,16,13
1825,2022,Jammu And Kashmir,1,Baramulla,3,Sopore,0,3,0,3,0,0,0,7,7,8,3,0,7,8
1826,2022,Jammu And Kashmir,1,Srinagar,13,Srinagar,1,9,2,12,186,0,4,7,11,130,12,186,11,130
1827,2022,Jammu And Kashmir,1,Udhampur,14,Udhampur,2,2,4,8,68,2,10,20,32,105,8,68,32,105
1828,2022,Jammu And Kashmir,1,Jammu,5,Cyber Crime Jammu,0,0,0,0,0,0,0,0,0,0,0,0,0,0
1829,2022,Jammu And Kashmir,1,Jammu,5,Cyber Crime Kashmir,0,0,0,0,0,0,0,0,0,0,0,0,0,0
1830,2022,Jammu And Kashmir,1,Jammu,5,Anti Narcotic Task Force Jammu,0,0,0,0,0,0,0,0,0,0,0,0,0,0
1831,2022,Jammu And Kashmir,1,Srinagar,13,Anti Narcotic Task Force Kashmir,0,0,0,0,0,0,0,0,0,0,0,0,0,0
1832,2022,Jammu And Kashmir,1,Jammu,5,Eow Jammu,0,0,0,0,0,0,0,0,0,0,0,0,0,0
1833,2022,Jammu And Kashmir,1,Srinagar,13,Eow Kashmir,0,0,0,0,0,0,0,0,0,0,0,0,0,0
1834,2022,Jammu And Kashmir,1,Jammu,5,Cice Jammu,0,0,0,0,0,0,0,0,0,0,0,0,0,0
1835,2022,Jammu And Kashmir,1,Jammu,5,Cice Kashmir,0,0,0,0,0,0,0,0,0,0,0,0,0,0
1836,2022,Ladakh,37,Kargil,6,Kargil,0,0,0,0,5,0,0,0,0,2,0,5,0,2
1837,2022,Ladakh,37,Leh Ladakh,9,Leh,0,0,0,0,11,0,0,0,0,5,0,11,0,5
1838,2022,Lakshadweep,31,Lakshadweep District,553,Lakshadweep,0,0,0,0,0,0,0,0,0,0,0,0,0,0
1839,2022,Puducherry,34,Karaikal,598,Karaikal,0,0,0,0,0,0,0,0,0,0,0,0,0,0
1840,2022,Puducherry,34,Pondicherry,600,Puducherry,4,3,7,14,77,3,7,14,24,134,14,77,24,134
