ID,Year,State Name,State Code,District Name,District Code,Registration Circles,Male (Below 5  Years,Male 5  to 14  Years,Male 14  to 18  Years,Male 18  to 30  Years,Male 30  to 45  Years,Male 45  to 60  Years,Male 60  Years  and Above),Female (Below 5  Years,Female 5  to 14  Years,Female 14  to 18  Years,Female 18  to 30  Years,Female 30  to 45  Years,Female 45  to 60  Years,Female 60  Years  and Above),Male (Below 18,Male 18  and Above),Female (Below 18,Female 18  and Above)
0,2017,Andhra Pradesh,28,Anantapur,502,Anantapur,1,26,34,56,62,22.0,13,1,41,194,306,25,7.0,7,61,153,236,345
1,2017,Andhra Pradesh,28,Chittoor,503,Chittoor,0,15,12,16,20,10.0,14,5,11,78,105,27,6.0,1,27,60,94,139
2,2017,Andhra Pradesh,28,Y.S.R.,504,Cuddapah,6,18,11,24,41,11.0,7,7,8,45,123,18,6.0,2,35,83,60,149
3,2017,Andhra Pradesh,28,East Godavari,505,East Godavari,0,0,49,70,101,39.0,12,0,2,116,90,84,87.0,18,49,222,118,279
4,2017,Andhra Pradesh,28,Anantapur,502,Guntakal Railway,0,0,1,2,1,4.0,1,0,0,0,3,0,0.0,0,1,8,0,3
5,2017,Andhra Pradesh,28,Guntur,506,Guntur,2,26,35,47,43,16.0,15,2,14,32,176,32,4.0,12,63,121,48,224
6,2017,Andhra Pradesh,28,Guntur,506,Guntur Urban,0,4,10,64,42,15.0,20,0,3,2,190,25,5.0,8,14,141,5,228
7,2017,Andhra Pradesh,28,Krishna,510,Krishna,11,13,28,43,37,22.0,16,10,16,89,174,21,6.0,4,52,118,115,205
8,2017,Andhra Pradesh,28,Kurnool,511,Kurnool,0,11,20,29,24,15.0,5,1,8,78,123,22,6.0,4,31,73,87,155
9,2017,Andhra Pradesh,28,Spsr Nellore,515,Nellore,2,14,23,46,40,14.0,14,3,10,94,176,23,6.0,4,39,114,107,209
10,2017,Andhra Pradesh,28,Prakasam,517,Prakasham,2,14,19,46,36,15.0,10,7,10,45,169,31,10.0,3,35,107,62,213
11,2017,Andhra Pradesh,28,East Godavari,505,Rajahmundry,0,4,20,48,20,12.0,4,2,3,32,60,5,4.0,2,24,84,37,71
12,2017,Andhra Pradesh,28,Srikakulam,519,Srikakulam,3,4,4,10,26,7.0,6,1,5,26,66,24,9.0,3,11,49,32,102
13,2017,Andhra Pradesh,28,Tirupati,752,Tirupathi Urban,4,22,27,14,18,42.0,29,9,15,69,111,28,16.0,11,53,103,93,166
14,2017,Andhra Pradesh,28,Ntr,749,Vijayawada City,0,23,52,133,101,51.0,25,1,22,132,314,64,17.0,12,75,310,155,407
15,2017,Andhra Pradesh,28,Ntr,749,Vijayawada Railway,0,2,3,6,0,1.0,2,0,0,0,2,1,1.0,0,5,9,0,4
16,2017,Andhra Pradesh,28,Visakhapatanam,520,Visakha Rural,2,5,14,28,22,15.0,3,2,3,11,50,12,2.0,4,21,68,16,68
17,2017,Andhra Pradesh,28,Visakhapatanam,520,Visakhapatnam,2,6,13,126,106,39.0,26,3,5,28,257,47,20.0,10,21,297,36,334
18,2017,Andhra Pradesh,28,Vizianagaram,521,Vizianagaram,0,13,10,25,27,8.0,11,3,10,41,88,15,8.0,3,23,71,54,114
19,2017,Andhra Pradesh,28,West Godavari,523,West Godavari,14,15,49,87,81,19.0,18,3,20,103,125,165,32.0,7,78,205,126,329
20,2017,Arunachal Pradesh,12,Anjaw,628,Anjaw,0,0,0,0,0,0.0,0,0,0,0,0,0,0.0,0,0,0,0,0
21,2017,Arunachal Pradesh,12,Changlang,229,Changlang,0,0,0,1,3,1.0,0,0,0,2,1,1,0.0,0,0,5,2,2
22,2017,Arunachal Pradesh,12,Papum Pare,237,Crime Branch,0,0,0,0,0,0.0,0,0,0,0,0,0,0.0,0,0,0,0,0
23,2017,Arunachal Pradesh,12,Dibang Valley,230,Dibang Valley,0,0,0,0,0,0.0,0,0,0,0,0,0,0.0,0,0,0,0,0
24,2017,Arunachal Pradesh,12,East Kameng,231,Kameng East,0,0,0,0,0,0.0,0,0,0,0,0,0,0.0,0,0,0,0,0
25,2017,Arunachal Pradesh,12,West Kameng,242,Kameng West,0,1,0,1,0,0.0,0,0,0,0,2,1,0.0,0,1,1,0,3
26,2017,Arunachal Pradesh,12,Kurung Kumey,233,Kurung Kumey,0,0,0,0,0,0.0,0,0,0,0,0,0,0.0,0,0,0,0,0
27,2017,Arunachal Pradesh,12,Lohit,234,Lohit,0,0,0,0,0,0.0,0,0,0,0,0,0,0.0,0,0,0,0,0
28,2017,Arunachal Pradesh,12,Longding,666,Longding,0,0,0,0,0,0.0,0,0,0,0,0,0,0.0,0,0,0,0,0
29,2017,Arunachal Pradesh,12,Lower Dibang Valley,235,Lower Dibang Valley,0,0,0,0,0,0.0,0,0,0,2,0,0,0.0,0,0,0,2,0
30,2017,Arunachal Pradesh,12,Papum Pare,237,Papum Pare City,1,0,1,0,0,0.0,0,0,6,28,36,8,0.0,0,2,0,34,44
31,2017,Arunachal Pradesh,12,Papum Pare,237,Papum Pare Rural,0,0,0,0,0,0.0,0,0,0,0,0,0,0.0,0,0,0,0,0
32,2017,Arunachal Pradesh,12,East Siang,232,Siang East,0,0,0,0,0,0.0,0,0,0,0,0,0,0.0,0,0,0,0,0
33,2017,Arunachal Pradesh,12,Upper Siang,240,Siang Upper,0,0,0,0,0,0.0,0,0,0,0,3,0,0.0,0,0,0,0,3
34,2017,Arunachal Pradesh,12,West Siang,243,Siang West,0,0,0,0,0,0.0,0,0,0,0,0,0,0.0,0,0,0,0,0
35,2017,Arunachal Pradesh,12,Lower Subansiri,236,Subansiri Lower,0,0,0,0,0,0.0,0,0,0,0,0,0,0.0,0,0,0,0,0
36,2017,Arunachal Pradesh,12,Upper Subansiri,241,Subansiri Upper,0,0,0,0,0,0.0,0,0,0,0,0,0,0.0,0,0,0,0,0
37,2017,Arunachal Pradesh,12,Tawang,238,Tawang,0,0,0,0,0,0.0,0,0,0,0,0,0,0.0,0,0,0,0,0
38,2017,Arunachal Pradesh,12,Tirap,239,Tirap,0,0,0,0,0,0.0,0,0,0,0,0,0,0.0,0,0,0,0,0
39,2017,Arunachal Pradesh,12,Namsai,678,Namsai,0,0,0,0,0,0.0,0,0,0,0,0,0,0.0,0,0,0,0,0
40,2017,Arunachal Pradesh,12,Siang,679,Siang,0,0,0,0,0,0.0,0,0,0,0,0,0,0.0,0,0,0,0,0
41,2017,Arunachal Pradesh,12,Kamle,718,Kamle,0,0,0,0,0,0.0,0,0,0,0,0,0,0.0,0,0,0,0,0
42,2017,Arunachal Pradesh,12,Lower Siang,719,Lower Siang,0,0,0,0,0,0.0,0,0,0,0,0,0,0.0,0,0,0,0,0
43,2017,Assam,18,Kamrup Metro,618,Bieo,0,0,0,0,0,0.0,0,0,0,0,0,0,0.0,0,0,0,0,0
44,2017,Assam,18,Barpeta,280,Barpeta,0,1,2,15,7,4.0,0,0,0,2,67,32,3.0,0,3,26,2,102
45,2017,Assam,18,Baksa,616,Baksa,0,9,11,13,6,1.0,1,0,1,10,37,3,1.0,1,20,21,11,42
46,2017,Assam,18,Bongaigaon,281,Bongaigaon,0,4,5,6,4,1.0,0,3,18,36,22,9,108.0,0,9,11,57,139
47,2017,Assam,18,Kamrup Metro,618,Cid,0,0,0,0,0,0.0,0,0,0,0,0,0,0.0,0,0,0,0,0
48,2017,Assam,18,Cachar,282,Cachar,4,6,14,46,25,19.0,1,3,28,70,159,57,0.0,0,24,91,101,216
49,2017,Assam,18,Chirang,612,Chirang,0,5,1,14,6,0.0,0,0,10,8,20,4,0.0,0,6,20,18,24
50,2017,Assam,18,Darrang,283,Darrang,0,10,0,14,0,0.0,0,0,7,13,5,0,0.0,0,10,14,20,5
51,2017,Assam,18,Dhemaji,284,Dhemaji,0,1,3,2,2,0.0,0,0,1,0,6,1,1.0,0,4,4,1,8
52,2017,Assam,18,Dhubri,285,Dhubri,1,7,21,24,18,6.0,1,2,6,29,48,28,4.0,1,29,49,37,81
53,2017,Assam,18,Dibrugarh,286,Dibrugarh,0,2,6,0,0,0.0,0,0,1,5,40,20,0.0,0,8,0,6,60
54,2017,Assam,18,Kamrup Metro,618,Grp,0,0,0,2,0,1.0,0,0,1,3,1,0,0.0,0,0,3,4,1
55,2017,Assam,18,Goalpara,287,Goalpara,0,0,45,0,0,0.0,0,0,0,0,0,0,0.0,0,45,0,0,0
56,2017,Assam,18,Golaghat,288,Golaghat,0,5,9,0,0,0.0,0,0,18,49,166,0,0.0,0,14,0,67,166
57,2017,Assam,18,Kamrup Metro,618,Guwahati City,0,0,0,0,0,0.0,0,0,0,0,0,0,0.0,0,0,0,0,0
58,2017,Assam,18,Hailakandi,289,Hailakandi,0,0,6,9,3,0.0,0,0,0,0,7,0,0.0,0,6,12,0,7
59,2017,Assam,18,West Karbi Anglong,710,Hamren,0,0,0,0,0,0.0,0,0,0,0,0,0,0.0,0,0,0,0,0
60,2017,Assam,18,Jorhat,290,Jorhat,0,7,18,17,13,6.0,4,0,6,12,13,11,9.0,0,25,40,18,33
61,2017,Assam,18,Kamrup,291,Kamrup,0,7,12,3,3,1.0,0,1,11,32,27,13,6.0,3,19,7,44,49
62,2017,Assam,18,Karbi Anglong,292,Karbi Anglong,0,10,8,13,12,6.0,0,0,9,29,34,8,0.0,0,18,31,38,42
63,2017,Assam,18,Karimganj,293,Karimganj,1,8,16,10,21,5.0,2,0,2,21,80,40,5.0,1,25,38,23,126
64,2017,Assam,18,Kokrajhar,294,Kokrajhar,0,0,0,18,12,0.0,0,0,0,20,26,6,0.0,0,0,30,20,32
65,2017,Assam,18,Lakhimpur,295,Lakhimpur,1,11,20,28,12,9.0,1,0,18,32,46,14,0.0,0,32,50,50,60
66,2017,Assam,18,Marigaon,296,Morigaon,0,0,2,3,1,1.0,0,0,0,9,8,5,0.0,0,2,5,9,13
67,2017,Assam,18,Dima Hasao,299,Dima Hasao,0,0,0,0,0,0.0,0,0,0,0,0,0,0.0,0,0,0,0,0
68,2017,Assam,18,Nagaon,297,Nagaon,0,2,2,12,12,6.0,0,0,1,12,38,13,7.0,1,4,30,13,59
69,2017,Assam,18,Nalbari,298,Nalbari,0,0,0,1,2,0.0,0,0,1,5,5,1,0.0,0,0,3,6,6
70,2017,Assam,18,Kamrup Metro,618,Rpo,0,0,0,0,0,0.0,0,0,0,0,0,0,0.0,0,0,0,0,0
71,2017,Assam,18,Kamrup Metro,618,Sou,0,0,0,0,0,0.0,0,0,0,0,0,0,0.0,0,0,0,0,0
72,2017,Assam,18,Kamrup Metro,618,Stf,0,0,0,0,0,0.0,0,0,0,0,0,0,0.0,0,0,0,0,0
73,2017,Assam,18,Sivasagar,300,Sibsagar,0,8,7,30,18,7.0,0,0,0,0,56,35,14.0,0,15,55,0,105
74,2017,Assam,18,Sonitpur,301,Sonitpur,0,4,0,0,0,0.0,0,0,0,0,0,0,0.0,0,4,0,0,0
75,2017,Assam,18,Tinsukia,302,Tinsukia,0,10,0,14,0,0.0,0,0,7,13,5,0,0.0,0,10,14,20,5
76,2017,Assam,18,Udalguri,617,Udalguri,0,18,0,0,0,0.0,0,0,19,0,0,0,0.0,0,18,0,19,0
77,2017,Assam,18,Tinsukia,302,Sadia,0,1,3,1,0,0.0,0,0,0,4,6,8,0.0,0,4,1,4,14
78,2017,Assam,18,Majuli,706,Majuli,0,1,0,0,0,0.0,0,0,0,2,0,0,0.0,0,1,0,2,0
79,2017,Assam,18,Biswanath,705,Biswanath,1,6,6,5,4,2.0,1,1,10,48,36,21,0.0,0,13,12,59,57
80,2017,Assam,18,Hojai,709,Hojai,0,10,20,12,6,1.0,0,0,20,44,53,3,0.0,0,30,19,64,56
81,2017,Assam,18,South Salmara Mancachar,707,South Salmara,0,3,1,3,2,0.0,0,0,0,6,12,4,0.0,0,4,5,6,16
82,2017,Assam,18,Charaideo,708,Charaideo,0,2,2,0,0,0.0,0,0,1,36,19,3,0.0,0,4,0,37,22
83,2017,Bihar,10,Araria,188,Araria,1,11,9,15,0,0.0,1,0,20,92,33,0,0.0,0,21,16,112,33
84,2017,Bihar,10,Arwal,611,Arwal,0,5,3,1,0,0.0,0,0,8,13,5,0,0.0,0,8,1,21,5
85,2017,Bihar,10,Aurangabad,189,Aurangabad,2,6,4,3,0,0.0,3,1,3,5,9,0,0.0,0,12,6,9,9
86,2017,Bihar,10,Pashchim Champaran,211,Bagaha,0,6,4,4,0,0.0,0,0,19,46,8,7,5.0,0,10,4,65,20
87,2017,Bihar,10,Banka,190,Banka,0,6,5,3,3,2.0,1,0,21,53,26,23,3.0,0,11,9,74,52
88,2017,Bihar,10,Begusarai,191,Begusarai,2,12,12,11,0,0.0,0,3,41,74,50,0,0.0,0,26,11,118,50
89,2017,Bihar,10,Pashchim Champaran,211,Bettiah,8,7,2,2,0,0.0,0,1,53,79,25,2,0.0,0,17,2,133,27
90,2017,Bihar,10,Kaimur (Bhabua),200,Bhabhua,2,22,13,8,0,0.0,0,0,17,56,19,0,0.0,0,37,8,73,19
91,2017,Bihar,10,Bhagalpur,192,Bhagalpur,0,12,14,20,0,0.0,0,1,26,57,59,0,0.0,0,26,20,84,59
92,2017,Bihar,10,Bhojpur,193,Bhojpur,1,5,5,12,0,0.0,1,0,24,72,37,0,0.0,0,11,13,96,37
93,2017,Bihar,10,Buxar,194,Buxar,1,3,3,4,0,0.0,0,0,13,37,28,0,0.0,0,7,4,50,28
94,2017,Bihar,10,Darbhanga,195,Darbhanga,1,16,16,12,12,0.0,1,4,48,102,40,43,0.0,0,33,25,154,83
95,2017,Bihar,10,Gaya,196,Gaya,0,30,36,38,0,0.0,0,2,47,98,38,0,0.0,1,66,38,147,39
96,2017,Bihar,10,Gopalganj,197,Gopalganj,0,16,6,4,0,0.0,0,0,26,106,8,0,0.0,0,22,4,132,8
97,2017,Bihar,10,Munger,207,Jamalpur Railway,0,0,0,0,0,0.0,0,0,0,0,0,0,0.0,0,0,0,0,0
98,2017,Bihar,10,Jamui,198,Jamui,0,3,6,14,9,1.0,0,0,9,49,10,4,0.0,0,9,24,58,14
99,2017,Bihar,10,Jehanabad,199,Jehanabad,1,22,10,11,0,0.0,0,0,9,21,4,2,1.0,1,33,11,30,8
100,2017,Bihar,10,Katihar,201,Katihar,12,6,11,10,0,0.0,0,1,14,99,36,0,0.0,0,29,10,114,36
101,2017,Bihar,10,Katihar,201,Katihar Railway,0,1,0,0,0,0.0,0,0,0,0,0,0,0.0,0,1,0,0,0
102,2017,Bihar,10,Khagaria,202,Khagaria,0,12,12,15,0,0.0,2,0,24,82,31,0,0.0,0,24,17,106,31
103,2017,Bihar,10,Kishanganj,203,Kishanganj,1,2,7,14,0,0.0,0,0,19,47,23,0,0.0,0,10,14,66,23
104,2017,Bihar,10,Lakhisarai,204,Lakhisarai,0,14,6,4,1,0.0,1,0,7,28,11,5,0.0,0,20,6,35,16
105,2017,Bihar,10,Madhepura,205,Madhepura,2,1,3,3,0,0.0,0,0,3,81,35,15,0.0,1,6,3,84,51
106,2017,Bihar,10,Madhubani,206,Madhubani,3,21,11,5,0,0.0,1,3,28,57,18,25,0.0,0,35,6,88,43
107,2017,Bihar,10,Purbi Champaran,213,Motihari,1,12,6,6,3,0.0,1,1,46,110,20,0,0.0,0,19,10,157,20
108,2017,Bihar,10,Munger,207,Munger,0,7,6,5,4,0.0,1,0,13,53,30,0,0.0,1,13,10,66,31
109,2017,Bihar,10,Muzaffarpur,208,Muzaffarpur,0,11,41,57,14,4.0,0,0,25,151,41,9,2.0,0,52,75,176,52
110,2017,Bihar,10,Muzaffarpur,208,Muzaffarpur Railway,0,0,0,1,1,0.0,0,1,0,3,2,1,0.0,1,0,2,4,4
111,2017,Bihar,10,Nalanda,209,Nalanda,6,51,40,22,14,5.0,5,4,60,124,52,20,2.0,1,97,46,188,75
112,2017,Bihar,10,Bhagalpur,192,Naugachia,4,2,3,3,4,4.0,0,2,7,58,18,0,0.0,0,9,11,67,18
113,2017,Bihar,10,Nawada,210,Nawadah,4,16,23,23,0,0.0,2,0,31,78,28,0,0.0,0,43,25,109,28
114,2017,Bihar,10,Patna,212,Patna,8,73,86,96,61,17.0,20,2,155,307,152,71,40.0,1,167,194,464,264
115,2017,Bihar,10,Patna,212,Patna Railway,4,2,1,3,1,0.0,2,0,3,0,4,2,0.0,2,7,6,3,8
116,2017,Bihar,10,Purnia,214,Purnea,1,6,4,7,1,0.0,0,0,9,24,71,0,0.0,0,11,8,33,71
117,2017,Bihar,10,Rohtas,215,Rohtas,0,9,8,11,0,0.0,1,1,30,62,25,0,0.0,0,17,12,93,25
118,2017,Bihar,10,Saharsa,216,Saharsa,0,10,11,3,1,0.0,4,0,0,3,2,1,0.0,0,21,8,3,3
119,2017,Bihar,10,Samastipur,217,Samastipur,2,10,15,10,7,0.0,1,1,41,149,55,40,0.0,0,27,18,191,95
120,2017,Bihar,10,Saran,218,Saran,1,29,17,19,21,0.0,4,4,53,175,56,34,1.0,0,47,44,232,91
121,2017,Bihar,10,Sheikhpura,219,Sheikhpura,0,5,2,5,0,0.0,0,3,10,28,15,0,0.0,0,7,5,41,15
122,2017,Bihar,10,Sheohar,220,Sheohar,0,2,1,1,0,0.0,0,0,10,21,15,4,0.0,0,3,1,31,19
123,2017,Bihar,10,Sitamarhi,221,Sitamarhi,4,35,14,9,0,0.0,0,2,42,142,0,72,0.0,0,53,9,186,72
124,2017,Bihar,10,Siwan,222,Siwan,0,18,9,10,2,1.0,1,0,39,105,25,4,2.0,0,27,14,144,31
125,2017,Bihar,10,Supaul,223,Supaul,0,9,5,4,2,1.0,0,0,20,52,26,2,0.0,0,14,7,72,28
126,2017,Bihar,10,Vaishali,224,Vaishali,5,20,21,20,0,0.0,1,3,41,155,71,0,0.0,0,46,21,199,71
127,2017,Bihar,10,Patna,212,Economic Offences Unit,0,0,0,0,0,0.0,0,0,0,0,0,0,0.0,0,0,0,0,0
128,2017,Bihar,10,Patna,212,Anti Terrorist Squad,0,0,0,0,0,0.0,0,0,0,0,0,0,0.0,0,0,0,0,0
129,2017,Chhattisgarh,22,Balod,646,Balod,0,2,4,20,44,16.0,9,0,0,27,118,63,10.0,6,6,89,27,197
130,2017,Chhattisgarh,22,Baloda Bazar,644,Balodbazar,0,4,10,72,32,14.0,15,0,6,98,271,46,16.0,10,14,133,104,343
131,2017,Chhattisgarh,22,Balrampur,649,Balrampur,0,0,1,1,0,1.0,1,0,0,1,0,0,0.0,0,1,3,1,0
132,2017,Chhattisgarh,22,Bemetara,650,Bemetra,0,3,5,16,7,9.0,3,0,2,45,118,25,1.0,4,8,35,47,148
133,2017,Chhattisgarh,22,Bilaspur,375,Bilaspur,4,32,40,168,82,28.0,26,6,30,149,405,111,17.0,13,76,304,185,546
134,2017,Chhattisgarh,22,Bijapur,636,Bizapur,0,0,0,0,2,2.0,0,0,0,6,8,3,0.0,0,0,4,6,11
135,2017,Chhattisgarh,22,Dantewada,376,Dantewara,0,10,4,8,7,2.0,1,0,1,6,22,0,1.0,2,14,18,7,25
136,2017,Chhattisgarh,22,Dhamtari,377,Dhamtari,0,4,2,26,24,14.0,4,0,0,28,84,61,23.0,3,6,68,28,171
137,2017,Chhattisgarh,22,Durg,378,Durg,1,45,42,166,93,54.0,44,2,12,144,472,106,32.0,21,88,357,158,631
138,2017,Chhattisgarh,22,Gariyaband,645,Gariyaband,0,0,3,26,9,6.0,2,1,3,13,86,3,3.0,1,3,43,17,93
139,2017,Chhattisgarh,22,Raipur,387,Grp Raipur,0,1,0,7,4,2.0,2,0,2,0,8,3,3.0,4,1,15,2,18
140,2017,Chhattisgarh,22,Bastar,374,Jagdalpur,1,3,6,23,25,14.0,5,0,1,27,77,20,5.0,4,10,67,28,106
141,2017,Chhattisgarh,22,Janjgir-Champa,379,Janjgir,0,4,10,36,58,40.0,15,0,4,87,120,70,60.0,28,14,149,91,278
142,2017,Chhattisgarh,22,Jashpur,380,Jashpur,0,3,11,10,8,9.0,6,0,10,47,67,19,8.0,3,14,33,57,97
143,2017,Chhattisgarh,22,Kabirdham,382,Kabirdham,0,5,9,23,11,5.0,4,0,1,51,99,24,3.0,5,14,43,52,131
144,2017,Chhattisgarh,22,Kanker,381,Kanker,0,2,5,40,14,6.0,2,0,0,44,117,21,0.0,0,7,62,44,138
145,2017,Chhattisgarh,22,Kondagaon,643,Kondagaon,0,2,4,10,7,4.0,0,0,2,10,46,3,1.0,0,6,21,12,50
146,2017,Chhattisgarh,22,Korba,383,Korba,0,12,26,60,32,10.0,10,1,3,53,137,65,6.0,0,38,112,57,208
147,2017,Chhattisgarh,22,Korea,384,Koriya,0,4,12,11,14,36.0,0,0,18,22,58,97,18.0,0,16,61,40,173
148,2017,Chhattisgarh,22,Mahasamund,385,Mahasamund,0,7,12,61,33,5.0,4,0,9,52,250,29,4.0,2,19,103,61,285
149,2017,Chhattisgarh,22,Mungeli,647,Mungali,0,2,6,25,11,4.0,3,0,10,38,64,21,5.0,1,8,43,48,91
150,2017,Chhattisgarh,22,Narayanpur,637,Narayanpur,0,0,0,5,0,1.0,0,0,1,4,7,1,0.0,0,0,6,5,8
151,2017,Chhattisgarh,22,Raigarh,386,Raigarh,0,16,12,58,63,38.0,14,0,16,84,200,75,17.0,8,28,173,100,300
152,2017,Chhattisgarh,22,Raipur,387,Raipur,1,51,119,262,164,91.0,40,0,24,278,673,250,54.0,19,171,557,302,996
153,2017,Chhattisgarh,22,Rajnandgaon,388,Rajnandgaon,0,8,13,100,46,23.0,12,0,4,63,289,65,15.0,9,21,181,67,378
154,2017,Chhattisgarh,22,Surguja,389,Sarguja,0,7,20,25,30,10.0,7,0,3,65,159,40,9.0,4,27,72,68,212
155,2017,Chhattisgarh,22,Sukma,642,Sukma,0,0,0,3,1,2.0,0,0,0,1,8,0,1.0,0,0,6,1,9
156,2017,Chhattisgarh,22,Surajpur,648,Surajpur,0,4,15,29,23,9.0,1,0,3,22,71,22,5.0,2,19,62,25,100
157,2017,Goa,30,North Goa,551,North Goa,0,1,0,59,43,28.0,20,0,3,1,83,32,6.0,7,1,150,4,128
158,2017,Goa,30,South Goa,552,South Goa,0,3,0,47,51,28.0,16,1,2,1,85,29,10.0,10,3,142,4,134
159,2017,Goa,30,North Goa,551,Cid,0,0,0,6,2,0.0,0,1,0,0,2,1,0.0,0,0,8,1,3
160,2017,Gujarat,24,Ahmadabad,438,Ahmedabad City,18,56,54,394,272,131.0,72,16,69,266,1252,195,33.0,27,128,869,351,1507
161,2017,Gujarat,24,Ahmadabad,438,Ahmedabad Rural,5,3,0,38,24,6.0,8,2,3,34,117,24,2.0,2,8,76,39,145
162,2017,Gujarat,24,Amreli,439,Amreli,1,1,3,11,7,2.0,3,3,2,4,62,3,0.0,0,5,23,9,65
163,2017,Gujarat,24,Anand,440,Anand,0,0,1,65,32,19.0,7,0,0,19,184,81,17.0,7,1,123,19,289
164,2017,Gujarat,24,Arvalli,672,Arvalli,1,0,1,19,7,1.0,0,0,0,1,55,15,1.0,0,2,27,1,71
165,2017,Gujarat,24,Banas Kantha,441,Banaskantha,0,0,5,94,0,0.0,1,0,0,3,170,0,0.0,1,5,95,3,171
166,2017,Gujarat,24,Bharuch,442,Bharuch,4,7,1,49,44,23.0,14,8,3,4,146,21,5.0,2,12,130,15,174
167,2017,Gujarat,24,Bhavnagar,443,Bhavnagar,0,0,0,22,21,24.0,0,0,0,0,22,26,5.0,0,0,67,0,53
168,2017,Gujarat,24,Botad,676,Botad,0,0,0,6,2,2.0,1,1,1,9,37,2,1.0,0,0,11,11,40
169,2017,Gujarat,24,Chhotaudepur,668,Chhotaudepur,1,0,1,10,6,3.0,1,0,0,2,17,4,3.0,2,2,20,2,26
170,2017,Gujarat,24,Gandhinagar,446,Cid Crime,0,0,0,0,0,0.0,0,0,0,0,0,0,0.0,0,0,0,0,0
171,2017,Gujarat,24,Dohad,445,Dahod,0,0,1,8,8,0.0,1,1,0,2,20,6,0.0,0,1,17,3,26
172,2017,Gujarat,24,Dang,444,Dang,0,1,0,1,0,0.0,0,0,0,0,8,0,0.0,0,1,1,0,8
173,2017,Gujarat,24,Devbhumi Dwarka,674,Devbhumi Dwarka,3,3,0,13,10,7.0,2,0,0,2,46,8,0.0,1,6,32,2,55
174,2017,Gujarat,24,Gandhinagar,446,Gandhinagar,0,6,3,80,56,25.0,5,18,10,70,280,33,3.0,1,9,166,98,317
175,2017,Gujarat,24,Gir Somnath,675,Gir Somnath,0,0,2,6,8,2.0,2,1,0,1,18,1,0.0,2,2,18,2,21
176,2017,Gujarat,24,Jamnagar,447,Jamnagar,0,3,4,31,19,15.0,0,0,9,6,82,41,35.0,0,7,65,15,158
177,2017,Gujarat,24,Junagadh,448,Junagadh,0,0,2,20,7,3.0,2,1,0,0,17,1,0.0,0,2,32,1,18
178,2017,Gujarat,24,Kachchh,449,Kachchh East(G),0,3,7,21,35,13.0,4,1,4,30,131,37,4.0,0,10,73,35,172
179,2017,Gujarat,24,Kachchh,449,Kachchh West(B),0,0,2,25,26,12.0,2,0,1,31,120,22,2.0,0,2,65,32,144
180,2017,Gujarat,24,Kheda,450,Kheda,0,1,5,30,24,14.0,4,1,0,3,83,25,3.0,1,6,72,4,112
181,2017,Gujarat,24,Mahisagar,669,Mahisagar,0,2,1,17,6,1.0,1,1,2,7,30,7,1.0,0,3,25,10,38
182,2017,Gujarat,24,Mahesana,451,Mehsana,0,2,6,151,53,12.0,3,0,0,15,236,51,3.0,0,8,219,15,290
183,2017,Gujarat,24,Morbi,673,Morbi,0,0,0,9,15,10.0,2,0,0,0,38,23,14.0,3,0,36,0,78
184,2017,Gujarat,24,Narmada,452,Narmada,0,0,0,1,4,2.0,1,0,2,0,8,1,1.0,1,0,8,2,11
185,2017,Gujarat,24,Navsari,453,Navsari,1,1,1,28,28,22.0,8,2,3,0,53,16,10.0,5,3,86,5,84
186,2017,Gujarat,24,Panch Mahals,454,Panchmahal,2,3,2,15,23,11.0,2,3,0,3,33,24,17.0,0,7,51,6,74
187,2017,Gujarat,24,Patan,455,Patan,0,1,0,9,13,4.0,0,0,0,0,64,9,3.0,0,1,26,0,76
188,2017,Gujarat,24,Porbandar,456,Porbandar,2,0,0,8,10,5.0,2,1,0,0,25,8,3.0,1,2,25,1,37
189,2017,Gujarat,24,Rajkot,457,Rajkot City,0,0,0,61,100,55.0,15,0,0,6,259,89,26.0,4,0,231,6,378
190,2017,Gujarat,24,Rajkot,457,Rajkot Rural,8,4,1,31,35,13.0,6,13,3,14,197,28,2.0,1,13,85,30,228
191,2017,Gujarat,24,Sabar Kantha,458,Sabarkantha,1,3,1,36,28,7.0,1,1,0,11,138,21,1.0,3,5,72,12,163
192,2017,Gujarat,24,Surat,459,Surat City,34,41,5,327,237,91.0,48,37,22,81,683,120,25.0,23,80,703,140,851
193,2017,Gujarat,24,Surat,459,Surat Rural,3,4,1,26,26,12.0,3,6,0,7,109,22,3.0,1,8,67,13,135
194,2017,Gujarat,24,Surendranagar,460,Surendranagar,0,0,0,11,13,6.0,3,0,0,0,43,6,2.0,0,0,33,0,51
195,2017,Gujarat,24,Tapi,641,Tapi,0,0,0,4,6,10.0,0,0,1,0,5,2,3.0,0,0,20,1,10
196,2017,Gujarat,24,Vadodara,461,Vadodara City,0,8,18,75,112,77.0,27,2,7,107,249,116,30.0,14,26,291,116,409
197,2017,Gujarat,24,Vadodara,461,Vadodara Rural,0,1,4,19,18,5.0,4,0,1,11,41,8,1.0,2,5,46,12,52
198,2017,Gujarat,24,Valsad,462,Valsad,3,6,1,32,25,19.0,8,6,1,2,96,19,3.0,4,10,84,9,122
199,2017,Gujarat,24,Ahmadabad,438,W.Rly Ahmedabad,0,0,1,2,0,0.0,1,2,0,1,9,0,0.0,1,1,3,3,10
200,2017,Gujarat,24,Vadodara,461,W.Rly Vadodara,2,1,3,14,6,3.0,6,0,1,1,12,2,1.0,3,6,29,2,18
201,2017,Haryana,6,Ambala,58,Ambala,7,12,20,35,47,20.0,14,8,7,22,95,16,5.0,5,39,116,37,121
202,2017,Haryana,6,Bhiwani,59,Bhiwani,0,4,16,45,25,11.0,6,0,2,23,119,16,2.0,0,20,87,25,137
203,2017,Haryana,6,Faridabad,60,Faridabad,0,20,34,138,99,32.0,30,0,5,27,345,73,14.0,11,54,299,32,443
204,2017,Haryana,6,Fatehabad,61,Fatehabad,7,7,10,22,46,16.0,9,9,6,17,151,35,9.0,0,24,93,32,195
205,2017,Haryana,6,Ambala,58,Grp,1,0,1,1,0,3.0,2,0,0,0,1,2,0.0,0,2,6,0,3
206,2017,Haryana,6,Gurugram,62,Gurugram,0,11,30,165,91,25.0,15,1,1,25,256,83,16.0,4,41,296,27,359
207,2017,Haryana,6,Hisar,63,Hissar,1,10,26,70,42,8.0,7,0,0,56,207,48,5.0,2,37,127,56,262
208,2017,Haryana,6,Jhajjar,64,Jhajjar,1,13,22,42,38,14.0,5,2,10,42,70,58,5.0,0,36,99,54,133
209,2017,Haryana,6,Jind,65,Jind,0,8,13,19,32,6.0,3,0,17,54,76,73,19.0,2,21,60,71,170
210,2017,Haryana,6,Kaithal,66,Kaithal,4,10,21,36,26,16.0,9,5,9,11,61,19,3.0,1,35,87,25,84
211,2017,Haryana,6,Karnal,67,Karnal,0,6,13,38,14,15.0,4,0,0,6,35,12,2.0,2,19,71,6,51
212,2017,Haryana,6,Kurukshetra,68,Kurukshetra,5,22,27,39,61,23.0,12,2,14,33,99,53,10.0,3,54,135,49,165
213,2017,Haryana,6,Mahendragarh,69,Mahendergarh,1,8,21,17,12,4.0,3,1,1,11,54,10,0.0,0,30,36,13,64
214,2017,Haryana,6,Nuh,604,Mewat,0,6,13,11,2,0.0,0,0,0,3,14,7,0.0,0,19,13,3,21
215,2017,Haryana,6,Palwal,619,Palwal,0,5,23,20,12,10.0,0,0,35,70,50,10,0.0,0,28,42,105,60
216,2017,Haryana,6,Panchkula,70,Panchkula,3,15,6,18,11,9.0,3,5,4,40,76,50,14.0,4,24,41,49,144
217,2017,Haryana,6,Panipat,71,Panipat,13,41,57,93,69,49.0,19,12,33,178,222,95,19.0,7,111,230,223,343
218,2017,Haryana,6,Rewari,72,Rewari,6,10,25,28,18,10.0,4,3,6,40,99,20,3.0,0,41,60,49,122
219,2017,Haryana,6,Rohtak,73,Rohtak,12,22,39,79,60,31.0,9,9,11,25,133,35,5.0,4,73,179,45,177
220,2017,Haryana,6,Sirsa,74,Sirsa,3,9,8,28,19,11.0,5,1,5,26,150,28,2.0,1,20,63,32,181
221,2017,Haryana,6,Sonipat,75,Sonipat,2,19,37,65,37,19.0,12,3,19,49,123,58,12.0,3,58,133,71,196
222,2017,Haryana,6,Yamunanagar,76,Yamunanagar,4,22,19,57,42,26.0,13,4,10,34,112,27,4.0,1,45,138,48,144
223,2017,Haryana,6,Gurugram,62,Irrigation And Power,0,0,0,0,0,0.0,0,0,0,0,0,0,0.0,0,0,0,0,0
224,2017,Haryana,6,Charki Dadri,701,Charkhi Dadri,0,7,6,9,10,5.0,3,0,0,14,35,6,2.0,1,13,27,14,44
225,2017,Haryana,6,Hisar,63,Hansi,1,4,7,16,11,11.0,2,0,0,12,72,9,0.0,2,12,40,12,83
226,2017,Himachal Pradesh,2,Solan,25,Baddi,1,3,0,7,15,5.0,2,0,0,4,18,5,1.0,1,4,29,4,25
227,2017,Himachal Pradesh,2,Bilaspur,15,Bilaspur,0,0,4,16,9,9.0,4,0,0,19,45,15,1.0,3,4,38,19,64
228,2017,Himachal Pradesh,2,Chamba,16,Chamba,0,0,4,3,7,2.0,3,0,1,22,5,0,0.0,0,4,15,23,5
229,2017,Himachal Pradesh,2,Shimla,23,Cid,0,0,0,0,0,0.0,0,0,0,0,0,0,0.0,0,0,0,0,0
230,2017,Himachal Pradesh,2,Shimla,23,Grp,0,0,0,0,0,0.0,0,0,0,0,0,0,1.0,0,0,0,0,1
231,2017,Himachal Pradesh,2,Hamirpur,17,Hamirpur,0,2,3,7,9,5.0,5,0,1,5,50,4,3.0,1,5,26,6,58
232,2017,Himachal Pradesh,2,Kangra,18,Kangra,0,5,3,41,26,11.0,2,0,2,5,49,41,15.0,2,8,80,7,107
233,2017,Himachal Pradesh,2,Kinnaur,19,Kinnaur,0,0,3,3,5,1.0,0,0,0,2,3,0,0.0,0,3,9,2,3
234,2017,Himachal Pradesh,2,Kullu,20,Kullu,0,0,2,7,18,14.0,1,0,0,0,19,27,2.0,0,2,40,0,48
235,2017,Himachal Pradesh,2,Lahul And Spiti,21,Lahaul And Spiti,0,0,0,0,0,0.0,0,0,0,0,0,2,1.0,0,0,0,0,3
236,2017,Himachal Pradesh,2,Mandi,22,Mandi,1,0,21,31,13,12.0,2,0,1,43,93,24,1.0,1,22,58,44,119
237,2017,Himachal Pradesh,2,Shimla,23,Shimla,0,3,24,19,16,6.0,1,0,4,20,77,24,3.0,0,27,42,24,104
238,2017,Himachal Pradesh,2,Sirmaur,24,Sirmaur,1,1,1,13,9,4.0,2,0,1,12,61,8,1.0,0,3,28,13,70
239,2017,Himachal Pradesh,2,Solan,25,Solan,1,2,6,11,9,6.0,0,0,2,10,38,12,2.0,0,9,26,12,52
240,2017,Himachal Pradesh,2,Una,26,Una,0,3,2,7,11,3.0,4,0,2,10,19,3,4.0,1,5,25,12,27
241,2017,Himachal Pradesh,2,Shimla,23,Cyber,0,0,0,0,0,0.0,0,0,0,0,0,0,0.0,0,0,0,0,0
242,2017,Jammu And Kashmir,1,Anantnag,1,Anantnag,0,1,3,25,8,3.0,0,0,0,4,50,17,1.0,0,4,36,4,68
243,2017,Jammu And Kashmir,1,Pulwama,11,Awantipora,0,0,0,32,0,0.0,0,0,0,0,12,0,0.0,0,0,32,0,12
244,2017,Jammu And Kashmir,1,Bandipora,623,Bandipora,0,1,5,11,1,1.0,1,0,0,4,9,2,0.0,0,6,14,4,11
245,2017,Jammu And Kashmir,1,Baramulla,3,Baramulla,0,2,1,0,0,0.0,0,0,0,5,4,3,0.0,0,3,0,5,7
246,2017,Jammu And Kashmir,1,Budgam,2,Budgam,1,0,0,15,18,6.0,0,0,0,0,16,15,3.0,0,1,39,0,34
247,2017,Jammu And Kashmir,1,Jammu,5,Crime Jammu,0,0,0,0,0,0.0,0,0,0,0,0,0,0.0,0,0,0,0,0
248,2017,Jammu And Kashmir,1,Jammu,5,Crime Srinagar,0,0,0,0,0,0.0,0,0,0,0,0,0,0.0,0,0,0,0,0
249,2017,Jammu And Kashmir,1,Doda,4,Doda,0,0,0,7,9,1.0,0,0,0,1,17,17,1.0,0,0,17,1,35
250,2017,Jammu And Kashmir,1,Ganderbal,626,Ganderbal,0,1,7,7,1,1.0,1,0,0,1,16,7,1.0,0,8,10,1,24
251,2017,Jammu And Kashmir,1,Kupwara,8,Handwara,1,0,1,3,5,0.0,0,0,0,1,9,2,0.0,0,2,8,1,11
252,2017,Jammu And Kashmir,1,Jammu,5,Jammu,0,0,0,109,104,24.0,0,0,0,0,87,61,41.0,0,0,237,0,189
253,2017,Jammu And Kashmir,1,Kargil,6,Kargil,0,0,0,2,2,2.0,0,1,0,2,5,0,0.0,0,0,6,3,5
254,2017,Jammu And Kashmir,1,Kathua,7,Kathua,0,0,0,17,14,5.0,0,0,2,15,38,29,4.0,1,0,36,17,72
255,2017,Jammu And Kashmir,1,Kishtwar,620,Kishtwar,1,1,0,10,2,3.0,0,1,0,0,18,8,0.0,0,2,15,1,26
256,2017,Jammu And Kashmir,1,Kulgam,622,Kulgam,0,0,0,21,15,3.0,0,0,0,0,12,6,2.0,0,0,39,0,20
257,2017,Jammu And Kashmir,1,Kupwara,8,Kupwara,0,0,0,22,12,0.0,0,0,0,0,26,8,0.0,0,0,34,0,34
258,2017,Jammu And Kashmir,1,Leh Ladakh,9,Leh,0,0,0,3,3,2.0,0,0,0,0,4,3,0.0,0,0,8,0,7
259,2017,Jammu And Kashmir,1,Poonch,10,Poonch,0,0,0,8,0,2.0,0,0,0,0,34,5,0.0,0,0,10,0,39
260,2017,Jammu And Kashmir,1,Pulwama,11,Pulwama,0,2,0,8,1,0.0,1,0,0,0,7,7,1.0,0,2,10,0,15
261,2017,Jammu And Kashmir,1,Jammu,5,Railways Jammu,0,0,0,1,1,0.0,0,0,0,0,0,0,0.0,0,0,2,0,0
262,2017,Jammu And Kashmir,1,Jammu,5,Railways Kashmir,0,0,0,0,0,0.0,0,0,0,0,0,0,0.0,0,0,0,0,0
263,2017,Jammu And Kashmir,1,Reasi,627,Railways Katra,0,0,0,0,0,0.0,0,0,0,0,0,0,0.0,0,0,0,0,0
264,2017,Jammu And Kashmir,1,Rajouri,12,Rajouri,0,1,0,4,5,0.0,0,0,0,0,45,25,1.0,0,1,9,0,71
265,2017,Jammu And Kashmir,1,Ramban,621,Ramban,0,0,1,6,7,3.0,1,0,0,4,25,5,4.0,0,1,17,4,34
266,2017,Jammu And Kashmir,1,Reasi,627,Reasi,0,0,0,17,8,4.0,3,1,0,0,37,15,2.0,7,0,32,1,61
267,2017,Jammu And Kashmir,1,Samba,624,Samba,1,0,1,10,9,0.0,3,0,0,4,27,15,0.0,0,2,22,4,42
268,2017,Jammu And Kashmir,1,Shopian,625,Shopian,0,0,8,10,0,0.0,0,0,0,5,5,0,0.0,0,8,10,5,5
269,2017,Jammu And Kashmir,1,Baramulla,3,Sopore,0,1,7,12,3,2.0,1,0,0,2,11,2,1.0,0,8,18,2,14
270,2017,Jammu And Kashmir,1,Srinagar,13,Srinagar,0,1,2,45,47,2.0,0,0,0,3,44,29,2.0,0,3,94,3,75
271,2017,Jammu And Kashmir,1,Udhampur,14,Udhampur,0,1,0,18,11,5.0,8,1,1,1,60,14,0.0,0,1,42,3,74
272,2017,Jharkhand,20,Bokaro,322,Bokaro,0,0,0,0,0,0.0,0,0,0,0,0,0,0.0,0,0,0,0,0
273,2017,Jharkhand,20,West Singhbhum,343,Chaibasa,0,1,0,0,0,0.0,0,0,4,11,2,0,0.0,0,1,0,15,2
274,2017,Jharkhand,20,Chatra,323,Chatra,0,3,4,0,0,0.0,0,0,0,3,0,0,0.0,0,7,0,3,0
275,2017,Jharkhand,20,Deoghar,324,Deoghar,0,4,6,13,4,4.0,4,0,0,6,19,5,3.0,2,10,25,6,29
276,2017,Jharkhand,20,Dhanbad,325,Dhanbad,0,2,7,11,9,2.0,2,0,1,3,2,1,1.0,0,9,24,4,4
277,2017,Jharkhand,20,Dhanbad,325,Dhanbad Railway,0,3,0,0,2,1.0,0,2,1,0,1,1,0.0,0,3,3,3,2
278,2017,Jharkhand,20,Dumka,326,Dumka,0,0,6,5,2,1.0,0,0,0,5,0,0,0.0,0,6,8,5,0
279,2017,Jharkhand,20,Garhwa,328,Garhwa,13,0,0,0,0,0.0,0,4,0,0,0,0,0.0,0,13,0,4,0
280,2017,Jharkhand,20,Giridih,329,Giridih,0,8,4,5,0,1.0,0,0,0,8,10,0,0.0,0,12,6,8,10
281,2017,Jharkhand,20,Godda,330,Godda,1,1,0,4,1,0.0,0,0,1,0,1,1,0.0,0,2,5,1,2
282,2017,Jharkhand,20,Gumla,331,Gumla,0,2,9,0,1,1.0,0,0,1,11,3,2,2.0,0,11,2,12,7
283,2017,Jharkhand,20,Hazaribagh,332,Hazaribagh,1,11,7,6,4,3.0,3,1,6,14,7,2,3.0,1,19,16,21,13
284,2017,Jharkhand,20,East Singhbum,327,Jamshedpur,0,5,6,10,4,4.0,0,0,4,4,4,0,0.0,1,11,18,8,5
285,2017,Jharkhand,20,East Singhbum,327,Jamshedpur Railway,0,0,0,3,1,0.0,0,0,0,0,1,0,0.0,0,0,4,0,1
286,2017,Jharkhand,20,Jamtara,333,Jamtara,0,1,5,0,0,0.0,0,0,0,1,0,0,0.0,0,6,0,1,0
287,2017,Jharkhand,20,Khunti,606,Khunti,0,10,11,2,0,1.0,0,1,19,21,6,0,0.0,0,21,3,41,6
288,2017,Jharkhand,20,Koderma,334,Koderma,0,0,2,0,0,0.0,0,0,0,1,0,0,0.0,0,2,0,1,0
289,2017,Jharkhand,20,Latehar,335,Latehar,0,7,2,0,0,0.0,0,1,0,4,0,0,0.0,0,9,0,5,0
290,2017,Jharkhand,20,Lohardaga,336,Lohardagga,1,4,2,0,0,1.0,0,0,0,1,1,1,0.0,1,7,1,1,3
291,2017,Jharkhand,20,Pakur,337,Pakur,0,3,0,3,1,0.0,1,0,0,3,2,1,0.0,0,3,5,3,3
292,2017,Jharkhand,20,Palamu,338,Palamu,2,3,0,0,1,0.0,0,0,0,4,2,3,0.0,0,5,1,4,5
293,2017,Jharkhand,20,Ramgarh,607,Ramgarh,0,0,2,5,5,2.0,0,0,0,2,7,2,0.0,0,2,12,2,9
294,2017,Jharkhand,20,Ranchi,339,Ranchi,0,12,5,18,25,10.0,6,2,8,12,21,4,5.0,2,17,59,22,32
295,2017,Jharkhand,20,Sahebganj,340,Sahebganj,0,5,2,0,0,0.0,0,0,2,0,0,0,0.0,0,7,0,2,0
296,2017,Jharkhand,20,Saraikela Kharsawan,341,Saraikela,0,2,8,6,5,0.0,0,0,1,3,6,1,0.0,0,10,11,4,7
297,2017,Jharkhand,20,Simdega,342,Simdega,1,3,12,4,5,5.0,0,0,15,20,6,2,2.0,0,16,14,35,10
298,2017,Karnataka,29,Bagalkote,524,Bagalkot,0,0,0,5,13,10.0,10,0,0,1,45,26,5.0,2,0,38,1,78
299,2017,Karnataka,29,Bengaluru Urban,525,Bengaluru City,77,102,162,499,879,428.0,243,81,50,266,1828,692,176.0,126,341,2049,397,2822
300,2017,Karnataka,29,Bengaluru Urban,525,Bengaluru District,8,11,10,81,100,45.0,25,12,8,28,296,135,24.0,13,29,251,48,468
301,2017,Karnataka,29,Belagavi,527,Belagavi District,15,16,3,38,42,30.0,17,13,10,1,114,70,4.0,4,34,127,24,192
302,2017,Karnataka,29,Ballari,528,Ballari,4,9,0,30,36,20.0,5,8,6,0,95,33,3.0,3,13,91,14,134
303,2017,Karnataka,29,Bidar,529,Bidar,0,0,1,6,13,5.0,3,0,0,0,30,10,2.0,4,1,27,0,46
304,2017,Karnataka,29,Vijayapura,530,Vijayapura,7,4,1,17,22,8.0,8,9,2,1,89,25,4.0,1,12,55,12,119
305,2017,Karnataka,29,Chikkaballapura,630,Chikkaballapura,5,2,4,20,39,10.0,11,11,4,8,178,41,6.0,3,11,80,23,228
306,2017,Karnataka,29,Chamarajanagara,531,Chamarajnagar,1,2,0,10,11,12.0,7,3,0,0,63,20,3.0,3,3,40,3,89
307,2017,Karnataka,29,Chikkamagaluru,532,Chikkamagaluru,6,1,0,4,34,13.0,10,8,8,1,81,24,6.0,2,7,61,17,113
308,2017,Karnataka,29,Chitradurga,533,Chitradurga,1,2,0,19,32,19.0,4,2,2,6,119,22,6.0,4,3,74,10,151
309,2017,Karnataka,29,Dakshina Kannada,534,Dakshina Kannada,3,4,3,8,22,21.0,13,2,3,1,35,21,0.0,3,10,64,6,59
310,2017,Karnataka,29,Davangere,535,Davanagere,6,8,0,24,45,36.0,17,7,6,2,139,54,5.0,3,14,122,15,201
311,2017,Karnataka,29,Dharwad,536,Dharwad,0,0,0,5,12,9.0,7,0,0,0,35,13,2.0,0,0,33,0,50
312,2017,Karnataka,29,Gadag,537,Gadag,0,0,0,8,11,11.0,4,0,0,0,39,14,2.0,1,0,34,0,56
313,2017,Karnataka,29,Kalaburagi,538,Kalaburgi,3,1,0,11,22,14.0,5,0,0,0,58,23,1.0,2,4,52,0,84
314,2017,Karnataka,29,Hassan,539,Hassan,2,5,8,12,41,48.0,18,7,2,1,138,36,8.0,5,15,119,10,187
315,2017,Karnataka,29,Haveri,540,Haveri,4,1,4,9,17,15.0,9,5,1,2,58,21,1.0,1,9,50,8,81
316,2017,Karnataka,29,Dharwad,536,Hubballi Dharwad City,4,5,13,10,37,24.0,13,3,6,2,51,35,5.0,4,22,84,11,95
317,2017,Karnataka,29,Belagavi,527,K.G.F.,2,0,4,1,15,3.0,3,3,0,1,37,15,0.0,4,6,22,4,56
318,2017,Karnataka,29,Kodagu,541,Kodagu,1,12,10,8,23,15.0,3,2,16,37,42,35,2.0,1,23,49,55,80
319,2017,Karnataka,29,Kolar,542,Kolar,3,4,0,17,26,16.0,2,5,7,1,100,37,7.0,1,7,61,13,145
320,2017,Karnataka,29,Koppal,543,Koppal,0,1,3,11,22,5.0,3,0,0,1,34,14,2.0,0,4,41,1,50
321,2017,Karnataka,29,Mandya,544,Mandya,15,21,9,22,49,52.0,19,20,11,4,257,75,15.0,13,45,142,35,360
322,2017,Karnataka,29,Dakshina Kannada,534,Mangaluru City,4,0,0,26,48,39.0,14,0,0,1,54,40,6.0,4,4,127,1,104
323,2017,Karnataka,29,Mysuru,545,Mysuru City,2,19,31,33,81,55.0,31,0,13,49,157,66,22.0,9,52,200,62,254
324,2017,Karnataka,29,Mysuru,545,Mysuru District,13,7,6,30,51,33.0,22,14,8,0,186,75,9.0,10,26,136,22,280
325,2017,Karnataka,29,Raichur,546,Raichur,4,3,2,10,14,9.0,1,4,1,4,54,16,3.0,0,9,34,9,73
326,2017,Karnataka,29,Bengaluru Urban,525,K.Railways,0,2,0,2,3,1.0,3,1,0,2,4,5,0.0,1,2,9,3,10
327,2017,Karnataka,29,Ramanagara,631,Ramanagara,17,9,0,39,79,48.0,25,10,14,0,180,71,16.0,11,26,191,24,278
328,2017,Karnataka,29,Shivamogga,547,Shimoga,11,11,3,38,78,45.0,7,9,10,0,247,77,15.0,10,25,168,19,349
329,2017,Karnataka,29,Tumakuru,548,Tumakuru,12,3,1,22,39,35.0,14,8,7,1,189,79,10.0,5,16,110,16,283
330,2017,Karnataka,29,Udupi,549,Udupi,1,4,18,7,32,22.0,17,1,2,15,37,17,1.0,4,23,78,18,59
331,2017,Karnataka,29,Uttara Kannada,550,Uttara Kannada,2,2,1,27,34,22.0,6,7,2,0,88,35,6.0,1,5,89,9,130
332,2017,Karnataka,29,Yadgir,635,Yadgiri,0,0,0,5,5,3.0,2,0,0,1,19,10,1.0,0,0,15,1,30
333,2017,Karnataka,29,Belagavi,527,Belagavi City,1,1,5,14,25,18.0,8,3,1,1,44,20,1.0,2,7,65,5,67
334,2017,Kerala,32,Alappuzha,554,Alapuzha,6,13,22,51,73,42.0,15,1,6,29,383,83,4.0,0,41,181,36,470
335,2017,Kerala,32,Ernakulam,555,Ernakulam Commr.,6,18,11,63,69,19.0,26,5,15,46,222,39,2.0,6,35,177,66,269
336,2017,Kerala,32,Ernakulam,555,Ernakulam Rural,5,10,30,52,52,40.0,21,4,9,35,241,60,13.0,8,45,165,48,322
337,2017,Kerala,32,Idukki,556,Idukki,3,6,23,64,39,22.0,8,3,1,41,124,23,9.0,1,32,133,45,157
338,2017,Kerala,32,Kannur,557,Kannur,2,9,19,19,28,13.0,6,6,7,28,142,44,1.0,2,30,66,41,189
339,2017,Kerala,32,Kasaragod,558,Kasargod,3,11,3,32,15,13.0,6,3,1,6,78,45,6.0,6,17,66,10,135
340,2017,Kerala,32,Kollam,559,Kollam Commr.,5,14,15,24,29,36.0,18,8,6,28,220,69,11.0,1,34,107,42,301
341,2017,Kerala,32,Kollam,559,Kollam Rural,9,15,33,22,29,41.0,41,8,20,29,357,122,18.0,14,57,133,57,511
342,2017,Kerala,32,Kottayam,560,Kottayam,3,5,30,32,32,33.0,18,1,1,35,253,42,9.0,7,38,115,37,311
343,2017,Kerala,32,Kozhikode,561,Kozhikode Commr.,0,3,15,17,28,18.0,9,0,2,15,82,37,11.0,4,18,72,17,134
344,2017,Kerala,32,Kozhikode,561,Kozhikode Rural,3,9,42,25,25,33.0,11,4,5,26,144,34,22.0,3,54,94,35,203
345,2017,Kerala,32,Malappuram,562,Malappuram,5,17,47,69,39,26.0,8,2,11,33,211,32,11.0,4,69,142,46,258
346,2017,Kerala,32,Palakkad,563,Palakkad,10,24,43,29,33,40.0,18,10,12,36,245,87,20.0,11,77,120,58,363
347,2017,Kerala,32,Pathanamthitta,564,Pathanamthitta,0,0,0,0,0,0.0,0,0,0,0,0,0,0.0,0,0,0,0,0
348,2017,Kerala,32,Thiruvananthapuram,565,Railways,0,2,6,4,2,5.0,2,0,0,2,5,1,0.0,0,8,13,2,6
349,2017,Kerala,32,Thrissur,566,Thrissur Commr.,7,7,13,23,31,25.0,22,8,9,18,168,29,6.0,3,27,101,35,206
350,2017,Kerala,32,Thrissur,566,Thrissur Rural,3,8,33,59,49,47.0,20,7,8,48,325,57,23.0,12,44,175,63,417
351,2017,Kerala,32,Thiruvananthapuram,565,Trivandrum Commr.,4,11,35,43,111,76.0,37,7,11,28,253,38,20.0,16,50,267,46,327
352,2017,Kerala,32,Thiruvananthapuram,565,Trivandrum Rural,3,16,52,61,79,77.0,30,5,11,58,501,79,5.0,12,71,247,74,597
353,2017,Kerala,32,Wayanad,567,Wayanadu,3,2,20,21,13,13.0,6,4,17,17,58,21,16.0,4,25,53,38,99
354,2017,Kerala,32,Thiruvananthapuram,565,Crime Branch,0,0,0,0,2,0.0,0,0,0,0,3,2,0.0,0,0,2,0,5
355,2017,Madhya Pradesh,23,Agar Malwa,667,Agar,0,3,4,13,14,4.0,0,0,6,20,64,25,4.0,0,7,31,26,93
356,2017,Madhya Pradesh,23,Alirajpur,639,Alirajpur,0,0,2,11,4,19.0,1,3,3,72,154,37,6.0,0,2,35,78,197
357,2017,Madhya Pradesh,23,Anuppur,390,Anuppur,1,20,15,31,31,11.0,6,0,9,59,128,67,4.0,2,36,79,68,201
358,2017,Madhya Pradesh,23,Ashoknagar,391,Ashok Nagar,0,2,31,42,33,14.0,5,0,12,57,97,44,8.0,6,33,94,69,155
359,2017,Madhya Pradesh,23,Balaghat,392,Balaghat,0,13,31,49,67,54.0,16,0,7,125,330,137,20.0,9,44,186,132,496
360,2017,Madhya Pradesh,23,Barwani,393,Barwani,2,11,4,36,28,12.0,4,1,13,73,166,55,4.0,4,17,80,87,229
361,2017,Madhya Pradesh,23,Betul,394,Betul,3,24,12,69,78,43.0,24,2,25,120,355,95,15.0,5,39,214,147,470
362,2017,Madhya Pradesh,23,Bhind,395,Bhind,0,14,33,31,38,16.0,7,2,21,81,75,48,11.0,3,47,92,104,137
363,2017,Madhya Pradesh,23,Bhopal,396,Bhopal,4,108,92,273,287,149.0,43,1,72,210,661,329,58.0,22,204,752,283,1070
364,2017,Madhya Pradesh,23,Bhopal,396,Bhopal Railway,0,3,1,18,10,16.0,7,0,0,3,29,13,5.0,1,4,51,3,48
365,2017,Madhya Pradesh,23,Burhanpur,397,Burhanpur,2,8,2,23,21,17.0,3,2,11,48,52,77,42.0,7,12,64,61,178
366,2017,Madhya Pradesh,23,Chhatarpur,398,Chhatarpur,3,26,45,60,64,25.0,9,3,25,133,200,60,14.0,3,74,158,161,277
367,2017,Madhya Pradesh,23,Chhindwara,399,Chhindwara,7,24,42,91,123,109.0,23,0,10,198,530,179,56.0,7,73,346,208,772
368,2017,Madhya Pradesh,23,Damoh,400,Damoh,0,23,32,75,60,31.0,5,2,20,113,183,15,4.0,6,55,171,135,208
369,2017,Madhya Pradesh,23,Datia,401,Datia,1,4,5,14,20,10.0,3,0,2,43,60,31,4.0,0,10,47,45,95
370,2017,Madhya Pradesh,23,Dewas,402,Dewas,0,11,9,52,52,49.0,13,0,12,144,247,147,34.0,9,20,166,156,437
371,2017,Madhya Pradesh,23,Dhar,403,Dhar,2,17,25,110,69,35.0,18,2,20,244,588,101,19.0,5,44,232,266,713
372,2017,Madhya Pradesh,23,Dindori,404,Dindori,0,7,9,17,14,10.0,0,0,4,77,120,34,7.0,1,16,41,81,162
373,2017,Madhya Pradesh,23,Guna,406,Guna,0,8,14,64,32,10.0,10,2,11,85,228,25,0.0,1,22,116,98,254
374,2017,Madhya Pradesh,23,Gwalior,407,Gwalior,4,51,86,196,206,105.0,41,2,39,181,403,232,38.0,11,141,548,222,684
375,2017,Madhya Pradesh,23,Harda,408,Harda,3,10,14,36,29,8.0,6,2,10,63,149,42,10.0,2,27,79,75,203
376,2017,Madhya Pradesh,23,Narmadapuram,409,Hoshangabad,0,24,35,120,75,35.0,23,0,120,344,56,8,8.0,0,59,253,464,72
377,2017,Madhya Pradesh,23,Indore,410,Indore,7,69,88,0,777,0.0,63,4,85,343,648,655,20.0,0,164,840,432,1323
378,2017,Madhya Pradesh,23,Indore,410,Indore Railway,0,0,1,5,11,4.0,5,0,0,2,14,1,1.0,0,1,25,2,16
379,2017,Madhya Pradesh,23,Jabalpur,411,Jabalpur,3,56,83,250,305,106.0,41,3,49,287,593,351,59.0,19,142,702,339,1022
380,2017,Madhya Pradesh,23,Jabalpur,411,Jabalpur Railway,0,0,2,13,7,4.0,5,0,0,4,11,5,1.0,2,2,29,4,19
381,2017,Madhya Pradesh,23,Jhabua,412,Jhabua,3,4,4,50,20,15.0,2,4,16,168,335,41,3.0,0,11,87,188,379
382,2017,Madhya Pradesh,23,Katni,413,Katni,1,21,43,69,76,32.0,15,2,20,133,238,127,20.0,9,65,192,155,394
383,2017,Madhya Pradesh,23,Indore,410,Khandwa,0,8,5,35,42,24.0,10,0,46,73,234,91,19.0,1,13,111,119,345
384,2017,Madhya Pradesh,23,Khargone,414,Khargone,14,17,19,73,49,21.0,7,19,34,168,424,82,42.0,4,50,150,221,552
385,2017,Madhya Pradesh,23,Mandla,415,Mandla,1,16,7,37,37,13.0,1,0,16,75,244,28,5.0,4,24,88,91,281
386,2017,Madhya Pradesh,23,Mandsaur,416,Mandsaur,0,4,20,59,46,39.0,5,0,3,76,257,85,16.0,5,24,149,79,363
387,2017,Madhya Pradesh,23,Morena,417,Morena,0,17,45,51,37,22.0,8,0,5,65,106,60,7.0,4,62,118,70,177
388,2017,Madhya Pradesh,23,Narsinghpur,418,Narsinghpur,0,8,18,75,94,43.0,13,0,9,90,187,111,14.0,7,26,225,99,319
389,2017,Madhya Pradesh,23,Neemuch,419,Neemuch,0,3,4,39,36,13.0,8,0,9,41,179,52,0.0,3,7,96,50,234
390,2017,Madhya Pradesh,23,Panna,420,Panna,2,15,16,17,31,22.0,11,0,11,84,83,44,5.0,1,33,81,95,133
391,2017,Madhya Pradesh,23,Raisen,421,Raisen,232,2,16,31,99,58.0,12,2,17,156,283,85,10.0,3,250,200,175,381
392,2017,Madhya Pradesh,23,Rajgarh,422,Rajgarh,1,9,11,43,30,16.0,11,0,12,71,184,43,9.0,5,21,100,83,241
393,2017,Madhya Pradesh,23,Ratlam,423,Ratlam,1,10,13,86,74,50.0,13,5,15,162,329,145,44.0,9,24,223,182,527
394,2017,Madhya Pradesh,23,Rewa,424,Rewa,2,52,67,86,75,44.0,18,0,40,224,306,156,33.0,8,121,223,264,503
395,2017,Madhya Pradesh,23,Sagar,425,Sagar,1,21,67,161,109,59.0,22,1,25,211,399,196,34.0,15,89,351,237,644
396,2017,Madhya Pradesh,23,Satna,426,Satna,0,54,69,104,79,45.0,33,3,40,194,352,188,26.0,16,123,261,237,582
397,2017,Madhya Pradesh,23,Seoni,428,Seoni,1,13,25,57,74,31.0,8,0,5,81,281,97,7.0,11,39,170,86,396
398,2017,Madhya Pradesh,23,Shahdol,429,Shahdol,1,28,36,71,67,33.0,8,2,23,142,182,118,16.0,3,65,179,167,319
399,2017,Madhya Pradesh,23,Shajapur,430,Shajapur,0,5,8,21,23,16.0,3,0,2,42,120,26,3.0,4,13,63,44,153
400,2017,Madhya Pradesh,23,Sheopur,431,Sheopur,0,2,2,9,8,4.0,0,0,4,5,35,18,4.0,0,4,21,9,57
401,2017,Madhya Pradesh,23,Shivpuri,432,Shivpuri,0,10,20,54,45,24.0,9,1,10,91,137,93,12.0,3,30,132,102,245
402,2017,Madhya Pradesh,23,Sidhi,433,Sidhi,1,33,26,24,33,8.0,13,2,28,100,150,88,10.0,3,60,78,130,251
403,2017,Madhya Pradesh,23,Sehore,427,Sehore,2,13,27,74,39,35.0,10,2,9,91,197,99,10.0,5,42,158,102,311
404,2017,Madhya Pradesh,23,Singrauli,638,Singrauli,3,10,9,31,23,11.0,5,0,6,62,73,55,11.0,1,22,70,68,140
405,2017,Madhya Pradesh,23,Tikamgarh,434,Tikamgarh,0,16,17,44,23,10.0,8,1,27,118,130,48,4.0,4,33,85,146,186
406,2017,Madhya Pradesh,23,Ujjain,435,Ujjain,0,8,40,176,96,40.0,18,0,32,167,478,117,18.0,8,48,330,199,621
407,2017,Madhya Pradesh,23,Umaria,436,Umaria,0,18,13,30,31,5.0,0,0,5,46,55,43,11.0,0,31,66,51,109
408,2017,Madhya Pradesh,23,Vidisha,437,Vidisha,4,41,31,222,200,107.0,31,5,53,156,497,236,50.0,21,76,560,214,804
409,2017,Madhya Pradesh,23,Cyber Crime Cell,9999,Cyber Crime Cell,0,0,0,0,0,0.0,0,0,0,0,0,0,0.0,0,0,0,0,0
410,2017,Maharashtra,27,Cyber Crime Cell,466,Ahmednagar,33,19,2,212,284,153.0,53,38,20,26,605,264,63.0,27,54,702,84,959
411,2017,Maharashtra,27,Cyber Crime Cell,467,Akola,0,5,6,66,94,45.0,23,0,2,21,186,71,22.0,4,11,228,23,283
412,2017,Maharashtra,27,Cyber Border Range,468,Amravati Commr.,0,3,1,120,92,43.0,29,0,0,0,252,60,2.0,12,4,284,0,326
413,2017,Maharashtra,27,Cyber Crime Cell,468,Amravati Rural,0,0,0,95,85,63.0,25,0,0,1,318,76,0.0,10,0,268,1,404
414,2017,Maharashtra,27,Aurangabad,469,Aurangabad Commr.,0,0,0,237,124,93.0,30,0,0,0,295,132,32.0,0,0,484,0,459
415,2017,Maharashtra,27,Aurangabad,469,Aurangabad Rural,0,0,7,63,59,18.0,14,0,3,8,146,44,7.0,5,7,154,11,202
416,2017,Maharashtra,27,Beed,470,Beed,3,6,3,24,37,19.0,5,3,4,3,84,54,7.0,4,12,85,10,149
417,2017,Maharashtra,27,Bhandara,471,Bhandara,0,3,8,48,85,48.0,11,0,0,33,298,74,18.0,5,11,192,33,395
418,2017,Maharashtra,27,Buldhana,472,Buldhana,12,14,16,130,71,37.0,14,6,11,33,177,62,15.0,9,42,252,50,263
419,2017,Maharashtra,27,Chandrapur,473,Chandrapur,0,0,0,215,184,79.0,14,0,0,0,324,303,105.0,14,0,492,0,746
420,2017,Maharashtra,27,Dhule,474,Dhule,6,3,1,71,94,42.0,13,1,2,4,188,85,16.0,5,10,220,7,294
421,2017,Maharashtra,27,Gadchiroli,475,Gadchiroli,0,0,0,51,34,15.0,10,0,0,0,155,33,8.0,2,0,110,0,198
422,2017,Maharashtra,27,Gondia,476,Gondia,0,0,0,65,68,15.0,20,0,0,0,272,30,8.0,4,0,168,0,314
423,2017,Maharashtra,27,Hingoli,477,Hingoli,4,4,3,32,25,9.0,5,2,2,7,54,10,2.0,0,11,71,11,66
424,2017,Maharashtra,27,Jalgaon,478,Jalgaon,27,43,28,150,160,103.0,29,24,41,131,417,155,20.0,12,98,442,196,604
425,2017,Maharashtra,27,Jalna,479,Jalna,0,0,0,25,33,15.0,5,0,0,0,58,26,8.0,4,0,78,0,96
426,2017,Maharashtra,27,Kolhapur,480,Kolhapur,21,10,11,125,204,127.0,62,18,18,40,577,194,45.0,23,42,518,76,839
427,2017,Maharashtra,27,Latur,481,Latur,0,0,1,96,61,23.0,16,0,0,0,261,35,7.0,7,1,196,0,310
428,2017,Maharashtra,27,Mumbai,482,Mumbai Commr.,3,27,39,1441,1768,927.0,451,7,9,103,2623,1369,393.0,214,69,4587,119,4599
429,2017,Maharashtra,27,Mumbai,482,Mumbai Railway,2,4,0,38,28,19.0,13,4,0,0,37,12,3.0,9,6,98,4,61
430,2017,Maharashtra,27,Nagpur,484,Nagpur Commr.,6,25,44,364,519,344.0,141,0,12,99,667,483,102.0,53,75,1368,111,1305
431,2017,Maharashtra,27,Nagpur,484,Nagpur Railway,0,0,2,19,17,10.0,11,0,0,5,31,6,7.0,3,2,57,5,47
432,2017,Maharashtra,27,Nagpur,484,Nagpur Rural,0,0,0,32,176,110.0,10,0,0,0,126,252,171.0,29,0,328,0,578
433,2017,Maharashtra,27,Nanded,485,Nanded,0,4,10,90,121,48.0,25,0,5,15,228,88,11.0,10,14,284,20,337
434,2017,Maharashtra,27,Nandurbar,486,Nandurbar,2,5,2,44,37,19.0,8,3,2,8,106,57,6.0,5,9,108,13,174
435,2017,Maharashtra,27,Nashik,487,Nasik Commr.,0,0,2,230,228,130.0,57,0,0,7,496,158,37.0,17,2,645,7,708
436,2017,Maharashtra,27,Nashik,487,Nasik Rural,2,5,161,100,185,30.0,6,2,42,487,213,39,10.0,4,168,321,531,266
437,2017,Maharashtra,27,Mumbai Suburban,483,Navi Mumbai,17,9,0,197,317,158.0,73,22,5,0,518,269,41.0,28,26,745,27,856
438,2017,Maharashtra,27,Osmanabad,488,Osmanabad,3,7,0,68,33,15.0,10,1,7,0,163,25,6.0,5,10,126,8,199
439,2017,Maharashtra,27,Palghar,665,Palghar,50,25,0,180,317,145.0,53,30,26,7,604,293,68.0,24,75,695,63,989
440,2017,Maharashtra,27,Parbhani,489,Parbhani,0,6,13,58,68,23.0,9,0,6,13,114,65,11.0,6,19,158,19,196
441,2017,Maharashtra,27,Pune,490,Pune Commr.,6,18,94,630,852,370.0,181,10,23,200,1437,667,161.0,78,118,2033,233,2343
442,2017,Maharashtra,27,Pune,490,Pune Railway,1,1,1,11,10,2.0,3,0,0,0,12,4,4.0,2,3,26,0,22
443,2017,Maharashtra,27,Pune,490,Pune Rural,17,9,10,293,431,218.0,108,20,14,8,878,493,101.0,45,36,1050,42,1517
444,2017,Maharashtra,27,Raigad,491,Raigad,7,1,1,65,78,49.0,20,0,3,8,201,92,22.0,10,9,212,11,325
445,2017,Maharashtra,27,Ratnagiri,492,Ratnagiri,5,1,0,50,87,81.0,32,3,8,7,170,72,17.0,8,6,250,18,267
446,2017,Maharashtra,27,Sangli,493,Sangli,13,21,2,109,167,80.0,54,12,17,2,390,190,35.0,17,36,410,31,632
447,2017,Maharashtra,27,Satara,494,Satara,9,10,0,82,152,112.0,50,8,9,1,461,205,47.0,19,19,396,18,732
448,2017,Maharashtra,27,Sindhudurg,495,Sindhudurg,2,2,0,30,31,24.0,13,2,1,0,70,25,7.0,6,4,98,3,108
449,2017,Maharashtra,27,Solapur,496,Solapur Commr.,3,0,4,71,92,67.0,26,2,1,15,153,61,22.0,6,7,256,18,242
450,2017,Maharashtra,27,Solapur,496,Solapur Rural,0,0,0,169,105,59.0,13,0,0,13,378,157,22.0,17,0,346,13,574
451,2017,Maharashtra,27,Thane,497,Thane Commr.,15,16,7,477,610,311.0,131,19,7,4,1022,552,147.0,47,38,1529,30,1768
452,2017,Maharashtra,27,Thane,497,Thane Rural,1,0,0,152,128,90.0,25,1,0,0,270,63,88.0,10,1,395,1,431
453,2017,Maharashtra,27,Wardha,498,Wardha,0,2,3,77,121,105.0,40,0,0,11,261,142,39.0,22,5,343,11,464
454,2017,Maharashtra,27,Washim,499,Washim,4,2,8,44,57,23.0,5,0,2,9,108,60,12.0,6,14,129,11,186
455,2017,Maharashtra,27,Yavatmal,500,Yavatmal,0,0,0,165,111,71.0,28,0,0,0,397,137,39.0,4,0,375,0,577
456,2017,Manipur,14,Bishnupur,252,Bishnupur,0,4,6,4,2,0.0,0,0,0,0,3,4,0.0,0,10,6,0,7
457,2017,Manipur,14,Chandel,253,Chandel,0,0,0,1,0,0.0,1,0,0,0,0,0,0.0,0,0,2,0,0
458,2017,Manipur,14,Churachandpur,254,Churachandpur,0,0,0,0,0,0.0,0,0,0,0,0,0,0.0,0,0,0,0,0
459,2017,Manipur,14,Imphal West,256,Cid,0,0,0,0,0,0.0,0,0,0,0,0,0,0.0,0,0,0,0,0
460,2017,Manipur,14,Imphal East,255,Imphal East,2,18,6,11,22,17.0,0,1,0,13,21,23,7.0,0,26,50,14,51
461,2017,Manipur,14,Imphal West,256,Imphal West,0,0,2,8,6,3.0,2,0,2,3,12,12,2.0,0,2,19,5,26
462,2017,Manipur,14,Senapati,257,Senapati,0,0,0,0,0,1.0,0,0,0,0,0,0,0.0,0,0,1,0,0
463,2017,Manipur,14,Tamenglong,258,Tamenglong,0,0,0,0,0,0.0,0,0,0,0,0,0,0.0,0,0,0,0,0
464,2017,Manipur,14,Thoubal,259,Thoubal,1,10,3,10,6,2.0,0,0,7,5,11,12,1.0,0,14,18,12,24
465,2017,Manipur,14,Ukhrul,260,Ukhrul,0,0,0,0,0,2.0,0,0,0,0,0,0,0.0,0,0,2,0,0
466,2017,Meghalaya,17,East Garo Hills,273,Garo Hills East,0,0,0,0,0,0.0,0,0,0,0,0,0,0.0,0,0,0,0,0
467,2017,Meghalaya,17,North Garo Hills,656,Garo Hills North,0,0,0,0,1,1.0,0,3,0,1,0,3,0.0,0,0,2,4,3
468,2017,Meghalaya,17,South Garo Hills,277,Garo Hills South,0,0,1,0,1,1.0,0,0,0,0,0,0,0.0,0,1,2,0,0
469,2017,Meghalaya,17,South West Garo Hills,663,Garo Hills South West,0,0,0,0,1,0.0,0,0,0,5,0,1,0.0,0,0,1,5,1
470,2017,Meghalaya,17,West Garo Hills,278,Garo Hills West,0,0,1,1,0,0.0,0,0,0,0,1,0,1.0,0,1,1,0,2
471,2017,Meghalaya,17,West Jaintia Hills,275,Jaintia Hills West,0,1,4,1,2,0.0,0,2,6,9,1,1,0.0,0,5,3,17,2
472,2017,Meghalaya,17,East Jaintia Hills,657,Jaintia Hills East,1,0,1,4,2,1.0,0,1,1,1,2,1,1.0,0,2,7,3,4
473,2017,Meghalaya,17,East Khasi Hills,274,Khasi Hills East,0,8,20,22,30,29.0,1,1,1,43,50,25,2.0,2,28,82,45,79
474,2017,Meghalaya,17,South West Khasi Hills,658,Khasi Hills South West,0,0,0,0,0,0.0,0,0,0,0,0,0,0.0,0,0,0,0,0
475,2017,Meghalaya,17,West Khasi Hills,279,Khasi Hills West,0,0,0,0,1,0.0,0,0,1,2,0,0,0.0,0,0,1,3,0
476,2017,Meghalaya,17,Ri Bhoi,276,Ri-Bhoi,0,1,1,1,3,0.0,0,0,0,3,1,0,0.0,0,2,4,3,1
477,2017,Mizoram,15,Aizawl,261,Aizawl,0,0,0,0,0,0.0,0,0,0,0,0,0,0.0,0,0,0,0,0
478,2017,Mizoram,15,Champhai,262,Champhai,0,0,0,0,0,0.0,0,0,0,0,0,0,0.0,0,0,0,0,0
479,2017,Mizoram,15,Kolasib,263,Kolasib,0,0,0,0,0,0.0,0,0,0,0,0,0,0.0,0,0,0,0,0
480,2017,Mizoram,15,Lawngtlai,264,Lawngtlai,0,0,0,0,0,0.0,0,0,0,0,0,0,0.0,0,0,0,0,0
481,2017,Mizoram,15,Lunglei,265,Lunglei,0,0,0,0,0,0.0,0,0,0,0,0,0,0.0,0,0,0,0,0
482,2017,Mizoram,15,Mamit,266,Mamit,0,0,0,0,0,0.0,0,0,0,0,0,0,0.0,0,0,0,0,0
483,2017,Mizoram,15,Saiha,267,Saiha,0,0,0,0,0,0.0,0,0,0,0,0,0,0.0,0,0,0,0,0
484,2017,Mizoram,15,Serchhip,268,Serchhip,0,0,0,0,0,0.0,0,1,0,0,0,0,0.0,0,0,0,1,0
485,2017,Mizoram,15,Aizawl,261,Spl Narcotic,0,0,0,0,0,0.0,0,0,0,0,0,0,0.0,0,0,0,0,0
486,2017,Nagaland,13,Dimapur,244,Dimapur,0,10,2,8,6,0.0,1,0,9,16,8,0,0.0,0,12,15,25,8
487,2017,Nagaland,13,Kiphire,614,Kiphire,0,0,0,0,0,0.0,0,0,0,0,0,0,0.0,0,0,0,0,0
488,2017,Nagaland,13,Kohima,245,Kohima,0,14,5,1,0,0.0,0,0,13,15,23,1,1.0,0,19,1,28,25
489,2017,Nagaland,13,Longleng,615,Longleng,0,0,0,0,0,0.0,0,0,0,0,0,0,0.0,0,0,0,0,0
490,2017,Nagaland,13,Mokokchung,246,Mokokchung,0,0,0,0,0,0.0,0,0,0,0,0,0,0.0,0,0,0,0,0
491,2017,Nagaland,13,Mon,247,Mon,0,0,0,0,0,0.0,0,0,0,0,0,0,0.0,0,0,0,0,0
492,2017,Nagaland,13,Peren,613,Peren,0,0,0,0,0,0.0,0,0,0,0,0,0,0.0,0,0,0,0,0
493,2017,Nagaland,13,Phek,248,Phek,0,0,0,0,0,0.0,0,0,0,0,0,0,0.0,0,0,0,0,0
494,2017,Nagaland,13,Tuensang,249,Tuensang,0,0,0,0,0,0.0,0,0,0,0,0,0,0.0,0,0,0,0,0
495,2017,Nagaland,13,Wokha,250,Wokha,0,0,0,0,0,0.0,0,0,0,0,0,0,0.0,0,0,0,0,0
496,2017,Nagaland,13,Zunheboto,251,Zunheboto,0,0,2,0,0,0.0,1,0,0,3,0,0,0.0,0,2,1,3,0
497,2017,Odisha,21,Anugul,344,Angul,0,0,0,0,0,0.0,0,0,0,0,0,0,0.0,0,0,0,0,0
498,2017,Odisha,21,Baleshwar,346,Balasore,0,0,0,0,0,0.0,0,0,0,0,0,0,0.0,0,0,0,0,0
499,2017,Odisha,21,Bargarh,347,Baragarh,0,0,0,0,0,0.0,0,0,0,0,0,0,0.0,0,0,0,0,0
500,2017,Odisha,21,Baleshwar,346,Berhampur,14,308,401,366,335,179.0,76,8,207,1306,1899,612,118.0,37,723,956,1521,2666
501,2017,Odisha,21,Bhadrak,348,Bhadrak,0,0,0,0,0,0.0,0,0,0,0,0,0,0.0,0,0,0,0,0
502,2017,Odisha,21,Balangir,345,Bolangir,0,0,0,0,0,0.0,0,0,0,0,0,0,0.0,0,0,0,0,0
503,2017,Odisha,21,Boudh,349,Boudh,0,0,0,0,0,0.0,0,0,0,0,0,0,0.0,0,0,0,0,0
504,2017,Odisha,21,Cuttack,350,Cuttack,0,0,0,0,0,0.0,0,0,0,0,0,0,0.0,0,0,0,0,0
505,2017,Odisha,21,Khordha,362,Dcp Bbsr,0,0,0,0,0,0.0,0,0,0,0,0,0,0.0,0,0,0,0,0
506,2017,Odisha,21,Cuttack,350,Dcp Ctc,0,0,0,0,0,0.0,0,0,0,0,0,0,0.0,0,0,0,0,0
507,2017,Odisha,21,Deogarh,351,Deogarh,0,0,0,0,0,0.0,0,0,0,0,0,0,0.0,0,0,0,0,0
508,2017,Odisha,21,Dhenkanal,352,Dhenkanal,0,0,0,0,0,0.0,0,0,0,0,0,0,0.0,0,0,0,0,0
509,2017,Odisha,21,Gajapati,353,Gajapati,0,0,0,0,0,0.0,0,0,0,0,0,0,0.0,0,0,0,0,0
510,2017,Odisha,21,Ganjam,354,Ganjam,0,0,0,0,0,0.0,0,0,0,0,0,0,0.0,0,0,0,0,0
511,2017,Odisha,21,Jagatsinghapur,355,Jagatsinghpur,0,0,0,0,0,0.0,0,0,0,0,0,0,0.0,0,0,0,0,0
512,2017,Odisha,21,Jajapur,356,Jajpur,0,0,0,0,0,0.0,0,0,0,0,0,0,0.0,0,0,0,0,0
513,2017,Odisha,21,Jharsuguda,357,Jharsuguda,0,0,0,0,0,0.0,0,0,0,0,0,0,0.0,0,0,0,0,0
514,2017,Odisha,21,Kalahandi,358,Kalahandi,0,0,0,0,0,0.0,0,0,0,0,0,0,0.0,0,0,0,0,0
515,2017,Odisha,21,Kandhamal,359,Kandhamal,0,0,0,0,0,0.0,0,0,0,0,0,0,0.0,0,0,0,0,0
516,2017,Odisha,21,Kendrapara,360,Kendrapara,0,0,0,0,0,0.0,0,0,0,0,0,0,0.0,0,0,0,0,0
517,2017,Odisha,21,Kendujhar,361,Keonjhar,0,0,0,0,0,0.0,0,0,0,0,0,0,0.0,0,0,0,0,0
518,2017,Odisha,21,Khordha,362,Khurda,0,0,0,0,0,0.0,0,0,0,0,0,0,0.0,0,0,0,0,0
519,2017,Odisha,21,Koraput,363,Koraput,0,0,0,0,0,0.0,0,0,0,0,0,0,0.0,0,0,0,0,0
520,2017,Odisha,21,Malkangiri,364,Malkangiri,0,0,0,0,0,0.0,0,0,0,0,0,0,0.0,0,0,0,0,0
521,2017,Odisha,21,Mayurbhanj,365,Mayurbhanj,0,0,0,0,0,0.0,0,0,0,0,0,0,0.0,0,0,0,0,0
522,2017,Odisha,21,Nayagarh,367,Nayagarh,0,0,0,0,0,0.0,0,0,0,0,0,0,0.0,0,0,0,0,0
523,2017,Odisha,21,Nabarangpur,366,Nabarangpur,0,0,0,0,0,0.0,0,0,0,0,0,0,0.0,0,0,0,0,0
524,2017,Odisha,21,Nuapada,368,Nuapada,0,0,0,0,0,0.0,0,0,0,0,0,0,0.0,0,0,0,0,0
525,2017,Odisha,21,Puri,369,Puri,0,0,0,0,0,0.0,0,0,0,0,0,0,0.0,0,0,0,0,0
526,2017,Odisha,21,Rayagada,370,Rayagada,0,0,0,0,0,0.0,0,0,0,0,0,0,0.0,0,0,0,0,0
527,2017,Odisha,21,Sundargarh,373,Rourkela,0,0,0,0,0,0.0,0,0,0,0,0,0,0.0,0,0,0,0,0
528,2017,Odisha,21,Sambalpur,371,Sambalpur,0,0,0,0,0,0.0,0,0,0,0,0,0,0.0,0,0,0,0,0
529,2017,Odisha,21,Sonepur,372,Sonepur,0,0,0,0,0,0.0,0,0,0,0,0,0,0.0,0,0,0,0,0
530,2017,Odisha,21,Cuttack,350,Srp(Cuttack),0,0,0,0,0,0.0,0,0,0,0,0,0,0.0,0,0,0,0,0
531,2017,Odisha,21,Sundargarh,373,Srp(Rourkela),0,0,0,0,0,0.0,0,0,0,0,0,0,0.0,0,0,0,0,0
532,2017,Odisha,21,Sundargarh,373,Sundargarh,0,0,0,0,0,0.0,0,0,0,0,0,0,0.0,0,0,0,0,0
533,2017,Odisha,21,Cuttack,350,Cid Cb,0,0,0,0,0,0.0,0,0,0,0,0,0,0.0,0,0,0,0,0
534,2017,Punjab,3,Amritsar,27,Amritsar Rural,1,3,2,10,13,2.0,4,0,3,74,8,7,2.0,2,6,29,77,19
535,2017,Punjab,3,Barnala,605,Barnala,1,4,0,2,1,3.0,4,0,0,9,5,3,0.0,0,5,10,9,8
536,2017,Punjab,3,Gurdaspur,32,Batala,0,1,0,11,0,8.0,3,0,0,1,6,11,3.0,0,1,22,1,20
537,2017,Punjab,3,Bathinda,28,Bathinda,0,0,0,4,2,2.0,0,0,0,0,1,1,1.0,1,0,8,0,4
538,2017,Punjab,3,Amritsar,27,Cp Amritsar,2,3,7,40,51,13.0,10,2,4,35,34,20,1.0,2,12,114,41,57
539,2017,Punjab,3,Jalandhar,34,Cp Jalandhar,0,0,0,52,38,22.0,12,0,0,0,107,16,3.0,4,0,124,0,130
540,2017,Punjab,3,Ludhiana,36,Cp Ludhiana,7,40,29,35,20,8.0,7,3,21,31,46,9,2.0,2,76,70,55,59
541,2017,Punjab,3,Faridkot,29,Faridkot,0,0,0,2,5,9.0,1,0,0,0,0,6,6.0,3,0,17,0,15
542,2017,Punjab,3,Fatehgarh Sahib,30,Fatehgarh Sahib,0,1,13,12,11,7.0,0,0,15,1,2,1,0.0,0,14,30,16,3
543,2017,Punjab,3,Fazilka,651,Fazilka,0,1,1,9,15,9.0,2,0,0,0,9,1,4.0,0,2,35,0,14
544,2017,Punjab,3,Ferozepur,31,Ferozepur,0,2,4,10,12,10.0,3,0,5,32,10,3,6.0,2,6,35,37,21
545,2017,Punjab,3,Patiala,41,Grp,0,0,0,1,2,0.0,0,0,0,2,2,0,0.0,0,0,3,2,2
546,2017,Punjab,3,Gurdaspur,32,Gurdaspur,0,0,0,4,8,9.0,0,0,0,0,2,4,1.0,0,0,21,0,7
547,2017,Punjab,3,Hoshiarpur,33,Hoshiarpur,0,0,9,55,20,4.0,0,0,52,90,13,0,0.0,0,9,79,142,13
548,2017,Punjab,3,Jalandhar,34,Jalandhar Rural,1,0,2,24,22,12.0,7,0,0,3,52,22,3.0,1,3,65,3,78
549,2017,Punjab,3,Kapurthala,35,Kapurthala,0,1,1,6,9,2.0,2,0,5,34,8,4,0.0,1,2,19,39,13
550,2017,Punjab,3,Ludhiana,36,Khanna,1,2,3,13,14,13.0,7,1,2,4,9,11,10.0,2,6,47,7,32
551,2017,Punjab,3,Ludhiana,36,Ludhiana Rural,0,0,0,12,6,6.0,7,0,0,0,8,5,2.0,0,0,31,0,15
552,2017,Punjab,3,Mansa,37,Mansa,0,0,0,3,4,3.0,4,0,0,0,3,0,3.0,0,0,14,0,6
553,2017,Punjab,3,Moga,38,Moga,0,0,2,15,9,4.0,3,0,0,0,12,6,2.0,4,2,31,0,24
554,2017,Punjab,3,Sri Muktsar Sahib,39,Muktsar,0,1,1,12,13,18.0,1,0,0,0,8,7,8.0,2,2,44,0,25
555,2017,Punjab,3,Pathankot,662,Pathankot,0,0,0,4,6,2.0,1,0,0,2,9,2,1.0,0,0,13,2,12
556,2017,Punjab,3,Patiala,41,Patiala,1,3,5,15,22,33.0,14,1,0,3,10,2,5.0,1,9,84,4,18
557,2017,Punjab,3,Rupnagar,42,Ropar,0,1,1,6,4,1.0,1,0,1,18,3,1,0.0,1,2,12,19,5
558,2017,Punjab,3,Sangrur,43,Sangrur,0,3,6,8,3,2.0,0,1,11,32,12,6,0.0,0,9,13,44,18
559,2017,Punjab,3,S.A.S Nagar,608,Sas Nagar,0,3,6,25,12,4.0,6,0,27,49,24,7,0.0,1,9,47,76,32
560,2017,Punjab,3,Shahid Bhagat Singh Nagar,40,Sbs Nagar,1,3,0,8,5,9.0,7,0,1,2,12,5,2.0,1,4,29,3,20
561,2017,Punjab,3,Tarn Taran,609,Tarn Taran,0,0,1,6,6,3.0,2,0,0,1,1,5,1.0,1,1,17,1,8
562,2017,Punjab,3,S.A.S Nagar,608,Bureau Of Investigation,0,0,0,0,0,0.0,0,0,0,0,0,0,0.0,0,0,0,0,0
563,2017,Punjab,3,S.A.S Nagar,608,Intelligence Wing,0,0,0,0,0,0.0,0,0,0,0,0,0,0.0,0,0,0,0,0
564,2017,Punjab,3,S.A.S Nagar,608,Nri Wing,0,0,0,0,0,0.0,0,0,0,0,0,0,0.0,0,0,0,0,0
565,2017,Punjab,3,Amritsar,27,Special Task Force,0,0,0,0,0,0.0,0,0,0,0,0,0,0.0,0,0,0,0,0
566,2017,Rajasthan,8,Ajmer,86,Ajmer,8,19,26,77,79,41.0,11,11,16,96,397,118,22.0,4,53,208,123,541
567,2017,Rajasthan,8,Alwar,87,Alwar,4,26,25,78,48,35.0,12,2,30,93,190,49,7.0,2,55,173,125,248
568,2017,Rajasthan,8,Banswara,88,Banswara,0,3,2,22,9,5.0,4,0,0,2,107,23,1.0,1,5,40,2,132
569,2017,Rajasthan,8,Baran,89,Baran,0,3,2,42,17,6.0,7,0,1,30,189,34,6.0,2,5,72,31,231
570,2017,Rajasthan,8,Barmer,90,Barmer,0,2,9,20,13,9.0,1,0,8,25,65,8,3.0,1,11,43,33,77
571,2017,Rajasthan,8,Bharatpur,91,Bharatpur,1,8,6,31,17,7.0,4,0,1,3,74,28,0.0,2,15,59,4,104
572,2017,Rajasthan,8,Bhilwara,92,Bhilwara,0,9,16,95,50,8.0,7,3,14,137,334,65,5.0,5,25,160,154,409
573,2017,Rajasthan,8,Bikaner,93,Bikaner,0,3,2,20,15,2.0,0,0,2,0,15,20,4.0,0,5,37,2,39
574,2017,Rajasthan,8,Bundi,94,Bundi,1,4,7,35,23,5.0,4,0,0,55,191,40,4.0,1,12,67,55,236
575,2017,Rajasthan,8,Chittorgarh,95,Chittorgarh,0,0,0,50,34,13.0,3,0,1,0,304,127,15.0,3,0,100,1,449
576,2017,Rajasthan,8,Churu,96,Churu,7,9,5,17,29,8.0,4,3,14,40,119,14,1.0,4,21,58,57,138
577,2017,Rajasthan,8,Dausa,97,Dausa,0,7,11,10,10,9.0,5,0,2,12,35,20,10.0,0,18,34,14,65
578,2017,Rajasthan,8,Dholpur,98,Dholpur,2,7,4,20,13,4.0,0,2,2,3,47,9,3.0,0,13,37,7,59
579,2017,Rajasthan,8,Dungarpur,99,Dungarpur,0,4,2,24,11,9.0,2,0,4,16,149,34,4.0,1,6,46,20,188
580,2017,Rajasthan,8,Ajmer,86,Grp Ajmer,0,1,0,6,8,1.0,6,0,0,0,12,3,3.0,0,1,21,0,18
581,2017,Rajasthan,8,Jodhpur,107,Grp Jodhpur,0,0,0,1,0,1.0,0,0,0,0,1,2,0.0,0,0,2,0,3
582,2017,Rajasthan,8,Ganganagar,100,Ganganagar,2,8,16,76,70,16.0,4,1,2,60,249,80,7.0,2,26,166,63,338
583,2017,Rajasthan,8,Hanumangarh,101,Hanumangarh,8,5,5,56,29,23.0,18,0,15,45,160,27,2.0,1,18,126,60,190
584,2017,Rajasthan,8,Jaipur,102,Jaipur East,14,40,33,206,141,68.0,54,4,17,28,344,81,15.0,10,87,469,49,450
585,2017,Rajasthan,8,Jaipur,102,Jaipur North,1,9,11,91,46,33.0,11,1,11,41,193,23,4.0,4,21,181,53,224
586,2017,Rajasthan,8,Jaipur (Gramin),783,Jaipur Rural,0,4,5,46,30,12.0,2,0,1,10,107,30,2.0,1,9,90,11,140
587,2017,Rajasthan,8,Jaipur,102,Jaipur South,10,2,18,30,8,3.0,0,12,1,15,51,6,1.0,0,30,41,28,58
588,2017,Rajasthan,8,Jaipur,102,Jaipur West,0,3,8,41,24,5.0,1,0,3,14,49,30,21.0,9,11,71,17,109
589,2017,Rajasthan,8,Jaisalmer,103,Jaisalmer,1,0,3,8,5,3.0,2,0,1,1,16,3,0.0,0,4,18,2,19
590,2017,Rajasthan,8,Jalore,104,Jalore,0,0,6,20,16,0.0,0,2,1,40,156,20,0.0,1,6,36,43,177
591,2017,Rajasthan,8,Jhalawar,105,Jhalawar,1,1,3,38,18,6.0,5,1,9,86,169,24,3.0,2,5,67,96,198
592,2017,Rajasthan,8,Jhunjhunu,106,Jhunjhunu,1,5,17,56,27,21.0,10,2,4,53,161,27,3.0,1,23,114,59,192
593,2017,Rajasthan,8,Jodhpur,107,Jodhpur East,0,5,11,37,35,22.0,3,1,2,35,119,29,2.0,1,16,97,38,151
594,2017,Rajasthan,8,Jodhpur,107,Jodhpur West,0,1,14,39,48,27.0,6,0,3,34,128,43,7.0,1,15,120,37,179
595,2017,Rajasthan,8,Jodhpur,107,Jodhpur Rural,0,0,9,15,32,2.0,1,0,0,28,49,21,2.0,0,9,50,28,72
596,2017,Rajasthan,8,Karauli,108,Karauli,1,0,1,12,8,5.0,2,1,0,1,50,14,1.0,1,2,27,2,66
597,2017,Rajasthan,8,Kota,109,Kota City,1,11,30,127,70,27.0,21,0,9,87,350,63,10.0,3,42,245,96,426
598,2017,Rajasthan,8,Kota,109,Kota Rural,0,1,9,29,17,6.0,7,0,2,59,156,29,7.0,1,10,59,61,193
599,2017,Rajasthan,8,Nagaur,110,Nagaur,0,6,14,47,30,13.0,7,1,1,29,140,54,30.0,20,20,97,31,244
600,2017,Rajasthan,8,Pali,111,Pali,24,15,8,19,35,22.0,10,13,16,5,320,104,17.0,3,47,86,34,444
601,2017,Rajasthan,8,Pratapgarh,629,Pratapgarh,0,0,3,21,11,4.0,0,0,0,2,103,30,0.0,1,3,36,2,134
602,2017,Rajasthan,8,Rajsamand,112,Rajsamand,1,3,0,35,14,6.0,2,0,5,52,257,28,3.0,0,4,57,57,288
603,2017,Rajasthan,8,Sawai Madhopur,113,Sawai Madhopur,1,13,10,18,11,5.0,5,0,6,14,41,18,4.0,4,24,39,20,67
604,2017,Rajasthan,8,Sikar,114,Sikar,0,10,22,40,30,23.0,4,1,7,66,259,36,2.0,0,32,97,74,297
605,2017,Rajasthan,8,Sirohi,115,Sirohi,0,1,5,20,16,8.0,5,0,1,29,150,16,3.0,2,6,49,30,171
606,2017,Rajasthan,8,Tonk,116,Tonk,0,0,1,18,12,7.0,3,0,0,17,123,8,3.0,3,1,40,17,137
607,2017,Rajasthan,8,Udaipur,117,Udaipur,0,1,8,119,56,31.0,9,0,0,55,403,167,63.0,5,9,215,55,638
608,2017,Rajasthan,8,Jaipur,102,Jaipur Metro,0,0,0,0,0,0.0,0,0,0,0,0,0,0.0,0,0,0,0,0
609,2017,Rajasthan,8,Jaipur,102,Scrb,0,0,0,0,0,0.0,0,0,0,0,0,0,0.0,0,0,0,0,0
610,2017,Rajasthan,8,Jaipur,102,Sog,0,0,0,0,0,0.0,0,0,0,0,0,0,0.0,0,0,0,0,0
611,2017,Rajasthan,8,Jaipur,102,Ssb,0,0,0,0,0,0.0,0,0,0,0,0,0,0.0,0,0,0,0,0
612,2017,Sikkim,11,Gangtok,225,East,0,2,11,57,31,10.0,1,0,0,2,93,33,6.0,0,13,99,2,132
613,2017,Sikkim,11,Mangan,226,North,0,2,4,4,2,2.0,1,0,0,1,6,7,0.0,0,6,9,1,13
614,2017,Sikkim,11,Namchi,227,South,0,1,9,5,5,3.0,1,0,2,6,13,4,1.0,0,10,14,8,18
615,2017,Sikkim,11,Gyalshing,228,West,0,3,3,13,4,6.0,0,0,1,1,25,20,1.0,0,6,23,2,46
616,2017,Tamil Nadu,33,Ariyalur,610,Ariyalur,1,5,8,8,6,1.0,5,1,6,32,57,8,2.0,4,14,20,39,71
617,2017,Tamil Nadu,33,Chennai,568,Chennai,37,81,141,303,297,199.0,237,37,64,454,963,171,79.0,130,259,1036,555,1343
618,2017,Tamil Nadu,33,Coimbatore,569,Coimbatore,0,0,21,27,28,15.0,9,0,2,43,45,47,49.0,21,21,79,45,162
619,2017,Tamil Nadu,33,Coimbatore,569,Coimbatore City,1,7,9,8,25,15.0,12,1,7,58,53,16,8.0,7,17,60,66,84
620,2017,Tamil Nadu,33,Cuddalore,570,Cuddalore,0,3,14,12,20,17.0,4,0,6,55,98,29,4.0,2,17,53,61,133
621,2017,Tamil Nadu,33,Dharmapuri,571,Dharmapuri,1,2,7,3,8,4.0,2,1,2,21,17,6,4.0,1,10,17,24,28
622,2017,Tamil Nadu,33,Dindigul,572,Dindigul,5,12,16,12,13,13.0,16,4,8,35,53,35,5.0,9,33,54,47,102
623,2017,Tamil Nadu,33,Erode,573,Erode,2,4,8,12,13,10.0,11,1,5,35,26,16,6.0,3,14,46,41,51
624,2017,Tamil Nadu,33,Kanchipuram,574,Kanchipuram,4,17,18,76,30,31.0,6,10,38,96,271,63,47.0,16,39,143,144,397
625,2017,Tamil Nadu,33,Kanniyakumari,575,Kanyakumari,8,15,38,83,214,122.0,38,6,5,41,53,50,5.0,6,61,457,52,114
626,2017,Tamil Nadu,33,Karur,576,Karur,0,5,1,4,1,1.0,4,0,3,29,24,5,1.0,3,6,10,32,33
627,2017,Tamil Nadu,33,Krishnagiri,577,Krishnagiri,5,13,11,13,19,14.0,5,5,11,31,108,12,7.0,4,29,51,47,131
628,2017,Tamil Nadu,33,Madurai,578,Madurai,14,16,28,58,42,22.0,14,16,28,75,192,72,45.0,18,58,136,119,327
629,2017,Tamil Nadu,33,Madurai,578,Madurai City,5,8,21,30,23,22.0,28,8,15,42,126,30,12.0,16,34,103,65,184
630,2017,Tamil Nadu,33,Nagapattinam,579,Nagapattinam,4,7,10,17,12,8.0,11,6,5,52,141,7,4.0,6,21,48,63,158
631,2017,Tamil Nadu,33,Namakkal,580,Namakkal,4,7,16,6,12,5.0,8,1,3,24,31,11,4.0,3,27,31,28,49
632,2017,Tamil Nadu,33,The Nilgiris,587,Nilgiris,0,2,8,4,6,1.0,3,0,5,12,24,5,0.0,0,10,14,17,29
633,2017,Tamil Nadu,33,Perambalur,581,Perambalur,2,1,2,1,5,1.0,2,4,6,26,50,3,1.0,1,5,9,36,55
634,2017,Tamil Nadu,33,Pudukkottai,582,Pudukottai,0,1,6,4,7,9.0,6,0,2,22,60,16,3.0,5,7,26,24,84
635,2017,Tamil Nadu,33,Ramanathapuram,583,Ramnathapuram,0,5,10,6,16,7.0,9,0,4,38,92,28,4.0,5,15,38,42,129
636,2017,Tamil Nadu,33,Chennai,568,Railway Chennai,1,0,2,3,5,3.0,1,0,0,2,4,1,2.0,3,3,12,2,10
637,2017,Tamil Nadu,33,Tiruchirappalli,591,Railway Trichy,1,0,0,0,0,2.0,0,0,0,0,4,0,1.0,0,1,2,0,5
638,2017,Tamil Nadu,33,Salem,584,Salem,5,15,10,8,12,16.0,6,14,8,88,104,27,6.0,5,30,42,110,142
639,2017,Tamil Nadu,33,Salem,584,Salem City,0,2,7,3,9,8.0,10,5,6,22,31,9,5.0,4,9,30,33,49
640,2017,Tamil Nadu,33,Sivaganga,585,Sivagangai,6,6,11,10,11,10.0,3,7,10,36,106,18,3.0,3,23,34,53,130
641,2017,Tamil Nadu,33,Thanjavur,586,Thanjavur,4,8,17,17,14,11.0,17,3,6,52,155,20,4.0,6,29,59,61,185
642,2017,Tamil Nadu,33,Theni,588,Theni,8,13,9,13,8,6.0,9,10,13,60,117,16,0.0,2,30,36,83,135
643,2017,Tamil Nadu,33,Tirunelveli,592,Thirunelveli,10,22,15,25,46,23.0,18,11,21,84,162,64,12.0,13,47,112,116,251
644,2017,Tamil Nadu,33,Tirunelveli,592,Thirunelveli City,2,7,3,9,13,12.0,10,2,6,25,56,3,1.0,4,12,44,33,64
645,2017,Tamil Nadu,33,Thiruvallur,589,Thiruvallur,9,14,9,43,29,21.0,12,5,11,105,171,61,28.0,6,32,105,121,266
646,2017,Tamil Nadu,33,Tiruvannamalai,593,Thiruvannamalai,5,7,14,7,16,11.0,12,7,8,69,183,15,5.0,9,26,46,84,212
647,2017,Tamil Nadu,33,Thiruvarur,590,Thiruvarur,1,6,8,9,6,6.0,3,0,3,25,37,9,0.0,1,15,24,28,47
648,2017,Tamil Nadu,33,Tuticorin,594,Thoothukudi,5,21,19,21,31,18.0,19,2,16,57,146,37,4.0,4,45,89,75,191
649,2017,Tamil Nadu,33,Tiruppur,634,Tiruppur,7,7,7,4,18,22.0,12,4,6,62,95,36,12.0,8,21,56,72,151
650,2017,Tamil Nadu,33,Tiruppur,634,Tiruppur City,5,11,9,18,24,12.0,7,9,9,87,82,58,42.0,9,25,61,105,191
651,2017,Tamil Nadu,33,Tiruchirappalli,591,Trichy,0,11,6,7,12,3.0,4,1,4,27,58,11,3.0,2,17,26,32,74
652,2017,Tamil Nadu,33,Tiruchirappalli,591,Trichy City,3,9,22,18,21,9.0,12,7,6,41,95,14,6.0,6,34,60,54,121
653,2017,Tamil Nadu,33,Vellore,595,Vellore,17,16,44,54,43,25.0,27,32,9,206,363,45,17.0,16,77,149,247,441
654,2017,Tamil Nadu,33,Villupuram,596,Villupuram,0,6,21,29,34,21.0,23,0,0,31,99,20,11.0,14,27,107,31,144
655,2017,Tamil Nadu,33,Virudhunagar,597,Virudhunagar,8,13,17,22,17,6.0,3,9,16,46,74,46,10.0,3,38,48,71,133
656,2017,Tamil Nadu,33,Chennai,568,Cyber Cell,0,0,0,0,0,0.0,0,0,0,0,0,0,0.0,0,0,0,0,0
657,2017,Tamil Nadu,33,Chennai,568,Other Units,0,0,0,0,0,0.0,0,0,0,0,0,0,0.0,0,0,0,0,0
658,2017,Telangana,36,Ranga Reddy,518,Cyberabad Commissionerate,20,117,162,266,463,265.0,104,21,121,250,831,363,143.0,62,299,1098,392,1399
659,2017,Telangana,36,Hyderabad,507,Hyderabad Commissionerate,42,96,86,284,436,299.0,156,42,49,165,816,379,102.0,80,224,1175,256,1377
660,2017,Telangana,36,Karimnagar,508,Karimnagar Commissionerate,4,4,7,16,32,17.0,2,0,4,36,139,30,10.0,2,15,67,40,181
661,2017,Telangana,36,Khammam,509,Khammam Commissionerate,4,1,1,14,34,11.0,6,5,4,2,119,58,5.0,2,6,65,11,184
662,2017,Telangana,36,Nizamabad,516,Nizamabad Commissionerate,8,20,18,44,39,22.0,17,7,15,60,175,26,7.0,10,46,122,82,218
663,2017,Telangana,36,Yadadri Bhuvanagiri,697,Rachakonda Commissionerate,21,85,89,167,269,175.0,70,22,52,150,567,244,76.0,40,195,681,224,927
664,2017,Telangana,36,Peddapalli,682,Ramagundam Commissionerate,0,10,10,20,47,26.0,15,0,6,54,179,50,10.0,6,20,108,60,245
665,2017,Telangana,36,Siddipet,692,Siddipet Commissionerate,4,10,14,19,24,14.0,7,3,5,63,81,30,3.0,0,28,64,71,114
666,2017,Telangana,36,Warangal,522,Warangal Commissionerate,6,15,22,27,44,23.0,12,1,14,84,199,51,13.0,6,43,106,99,269
667,2017,Telangana,36,Adilabad,501,Adilabad,0,3,5,8,13,6.0,3,0,3,24,34,11,0.0,1,8,30,27,46
668,2017,Telangana,36,Bhadradri Kothagudem,690,Bhadradri Kothagudem,0,2,3,14,22,9.0,6,0,0,0,101,40,4.0,0,5,51,0,145
669,2017,Telangana,36,Jagitial,681,Jagityal,4,4,7,13,19,8.0,5,0,4,40,89,27,9.0,0,15,45,44,125
670,2017,Telangana,36,Jayashankar Bhupalapally,687,Jayashankar Bhupalpalli,0,0,0,0,22,3.0,0,0,0,26,30,25,7.0,0,0,25,26,62
671,2017,Telangana,36,Jogulamba Gadwal,695,Jogulamba Gadwal,1,6,18,8,17,12.0,4,0,3,23,28,13,4.0,0,25,41,26,45
672,2017,Telangana,36,Kamareddy,685,Kamareddy ,3,6,6,27,19,12.0,3,2,1,19,76,33,4.0,3,15,61,22,116
673,2017,Telangana,36,Kumuram Bheem Asifabad,699,Kumaram Bheem Asifabad,1,4,4,2,5,2.0,0,0,0,16,22,21,0.0,0,9,9,16,43
674,2017,Telangana,36,Mahabubabad,688,Mahabubabad,0,3,3,1,19,5.0,1,1,8,14,48,11,2.0,0,6,26,23,61
675,2017,Telangana,36,Mahabubnagar,512,Mahabubnagar,7,22,17,18,14,17.0,7,7,11,52,116,47,7.0,1,46,56,70,171
676,2017,Telangana,36,Medak,513,Medak,6,8,10,11,23,14.0,4,4,11,11,57,27,4.0,0,24,52,26,88
677,2017,Telangana,36,Nagarkurnool,694,Nagarkurnool,0,8,7,3,12,11.0,3,2,1,14,62,23,2.0,0,15,29,17,87
678,2017,Telangana,36,Nalgonda,514,Nalgonda,5,10,14,17,31,20.0,6,8,9,34,113,40,6.0,1,29,74,51,160
679,2017,Telangana,36,Nirmal,680,Nirmal,8,7,10,7,10,13.0,4,3,2,22,45,21,6.0,2,25,34,27,74
680,2017,Telangana,36,Rajanna Sircilla,683,Rajanna Siricilla,0,0,4,2,18,0.0,4,1,0,4,17,11,5.0,0,4,24,5,33
681,2017,Telangana,36,Sangareddy,691,Sangareddy,11,20,15,33,51,24.0,14,11,19,85,124,49,10.0,2,46,122,115,185
682,2017,Telangana,36,Suryapet,696,Suryapet,2,3,4,12,14,7.0,1,1,2,21,74,17,4.0,1,9,34,24,96
683,2017,Telangana,36,Vikarabad,698,Vikarabad,1,14,14,5,11,10.0,1,0,4,19,45,6,1.0,3,29,27,23,55
684,2017,Telangana,36,Wanaparthy,693,Wanaparthy,0,4,7,11,8,5.0,2,0,1,38,54,10,1.0,1,11,26,39,66
685,2017,Telangana,36,Hyderabad,507,Railway Police Secunderabad,1,1,0,2,3,7.0,2,0,0,3,9,2,1.0,2,2,14,3,14
686,2017,Tripura,16,Dhalai,269,Dhalai,0,1,3,15,9,8.0,1,0,1,5,39,13,4.0,0,4,33,6,56
687,2017,Tripura,16,Gomati,654,Gomati,0,1,0,8,28,10.0,0,0,0,8,38,27,5.0,1,1,46,8,71
688,2017,Tripura,16,West Tripura,272,Grp,0,0,0,0,0,0.0,0,0,0,0,0,0,0.0,0,0,0,0,0
689,2017,Tripura,16,Khowai,652,Kowai,0,0,1,21,19,5.0,1,0,0,2,33,21,1.0,0,1,46,2,55
690,2017,Tripura,16,North Tripura,270,North,0,2,2,8,6,5.0,1,0,2,8,26,5,1.0,1,4,20,10,33
691,2017,Tripura,16,Sepahijala,653,Sipahijala,0,1,1,30,23,3.0,3,0,1,6,76,34,2.0,0,2,59,7,112
692,2017,Tripura,16,South Tripura,271,South,0,0,2,8,16,11.0,0,0,1,9,27,21,2.0,1,2,35,10,51
693,2017,Tripura,16,Unakoti,655,Unakoti,0,0,1,13,11,2.0,2,0,1,10,68,11,1.0,1,1,28,11,81
694,2017,Tripura,16,West Tripura,272,West,0,4,10,46,81,32.0,5,0,4,53,168,97,22.0,9,14,164,57,296
695,2017,Uttar Pradesh,9,Agra,118,Agra,0,10,19,0,0,163.0,9,0,5,25,0,0,117.0,2,29,172,30,119
696,2017,Uttar Pradesh,9,Aligarh,119,Aligarh,0,10,7,29,13,9.0,5,0,2,6,21,10,0.0,1,17,56,8,32
697,2017,Uttar Pradesh,9,Prayagraj,120,Prayagraj,0,35,13,46,38,24.0,8,1,12,45,53,25,8.0,3,48,116,58,89
698,2017,Uttar Pradesh,9,Ambedkar Nagar,121,Ambedkar Nagar,0,6,8,10,8,6.0,2,1,0,6,9,4,2.0,2,14,26,7,17
699,2017,Uttar Pradesh,9,Amethi,640,Amethi,0,4,4,8,5,2.0,0,0,2,14,10,1,0.0,0,8,15,16,11
700,2017,Uttar Pradesh,9,Amroha,154,Amroha,0,0,3,6,0,0.0,0,0,0,3,0,0,0.0,0,3,6,3,0
701,2017,Uttar Pradesh,9,Auraiya,122,Auraiya,0,3,6,10,3,4.0,1,0,2,8,12,3,0.0,1,9,18,10,16
702,2017,Uttar Pradesh,9,Azamgarh,123,Azamgarh,3,7,8,34,30,19.0,7,0,7,25,64,17,4.0,3,18,90,32,88
703,2017,Uttar Pradesh,9,Budaun,133,Badaun,1,9,8,16,12,2.0,4,0,2,12,16,5,1.0,2,18,34,14,24
704,2017,Uttar Pradesh,9,Baghpat,124,Baghpat,1,5,4,39,21,9.0,9,0,2,2,49,12,4.0,0,10,78,4,65
705,2017,Uttar Pradesh,9,Bahraich,125,Bahraich,1,7,2,5,3,3.0,1,0,1,5,7,2,1.0,2,10,12,6,12
706,2017,Uttar Pradesh,9,Ballia,126,Ballia,1,2,1,20,11,5.0,4,0,2,9,27,6,3.0,1,4,40,11,37
707,2017,Uttar Pradesh,9,Balrampur,127,Balrampur,0,3,3,7,4,2.0,1,0,0,4,2,2,1.0,0,6,14,4,5
708,2017,Uttar Pradesh,9,Banda,128,Banda,0,1,0,5,1,0.0,2,0,0,0,8,2,0.0,0,1,8,0,10
709,2017,Uttar Pradesh,9,Barabanki,129,Barabanki,0,7,12,5,3,5.0,3,0,0,11,5,6,1.0,1,19,16,11,13
710,2017,Uttar Pradesh,9,Bareilly,130,Bareilly,1,3,1,24,25,6.0,6,0,4,10,20,14,7.0,1,5,61,14,42
711,2017,Uttar Pradesh,9,Basti,131,Basti,0,4,5,0,35,13.0,0,0,0,0,0,0,0.0,0,9,48,0,0
712,2017,Uttar Pradesh,9,Bijnor,132,Bijnor,0,1,2,35,17,11.0,8,1,1,2,35,8,4.0,4,3,71,4,51
713,2017,Uttar Pradesh,9,Bulandshahr,134,Bulandshahar,0,5,7,11,15,16.0,0,0,6,3,11,25,17.0,0,12,42,9,53
714,2017,Uttar Pradesh,9,Chandauli,135,Chandoli,0,7,2,11,7,2.0,5,0,10,11,16,8,2.0,0,9,25,21,26
715,2017,Uttar Pradesh,9,Chitrakoot,136,Chitrakoot,0,0,8,7,0,0.0,0,0,0,10,19,0,0.0,0,8,7,10,19
716,2017,Uttar Pradesh,9,Deoria,137,Deoria,0,7,7,2,14,3.0,0,0,1,13,13,8,4.0,0,14,19,14,25
717,2017,Uttar Pradesh,9,Etah,138,Etah,0,9,2,11,14,8.0,4,0,2,10,15,8,3.0,0,11,37,12,26
718,2017,Uttar Pradesh,9,Etawah,139,Etawah,3,15,9,7,5,6.0,2,0,8,24,4,5,0.0,0,27,20,32,9
719,2017,Uttar Pradesh,9,Ayodhya,140,Ayodhya,3,5,3,11,8,6.0,4,0,5,13,25,4,0.0,1,11,29,18,30
720,2017,Uttar Pradesh,9,Farrukhabad,141,Fatehgarh,0,2,7,14,2,6.0,0,0,2,8,17,2,1.0,0,9,22,10,20
721,2017,Uttar Pradesh,9,Fatehpur,142,Fatehpur,0,7,6,17,12,6.0,2,0,1,11,38,15,2.0,1,13,37,12,56
722,2017,Uttar Pradesh,9,Firozabad,143,Firozabad,0,5,1,8,12,5.0,3,0,6,11,11,13,9.0,1,6,28,17,34
723,2017,Uttar Pradesh,9,Gautam Buddha Nagar,144,Gautambudh Nagar,2,18,35,15,65,35.0,8,2,12,28,89,11,3.0,1,55,123,42,104
724,2017,Uttar Pradesh,9,Ghaziabad,145,Ghaziabad,5,25,15,84,41,18.0,9,2,9,39,75,8,2.0,0,45,152,50,85
725,2017,Uttar Pradesh,9,Ghazipur,146,Ghazipur,0,9,7,19,19,2.0,0,0,7,21,38,21,0.0,0,16,40,28,59
726,2017,Uttar Pradesh,9,Gonda,147,Gonda,0,9,5,11,7,2.0,0,0,3,7,11,2,1.0,0,14,20,10,14
727,2017,Uttar Pradesh,9,Gorakhpur,148,Gorakhpur,0,4,2,7,12,12.0,9,0,4,7,14,4,5.0,0,6,40,11,23
728,2017,Uttar Pradesh,9,Hamirpur,149,Hamirpur,0,6,5,3,3,1.0,1,0,7,73,6,0,0.0,1,11,8,80,7
729,2017,Uttar Pradesh,9,Hapur,661,Hapur,0,7,10,21,19,6.0,7,0,6,15,35,18,8.0,2,17,53,21,63
730,2017,Uttar Pradesh,9,Hardoi,150,Hardoi,0,0,0,0,0,0.0,0,0,0,0,0,0,0.0,0,0,0,0,0
731,2017,Uttar Pradesh,9,Hathras,163,Hathras,1,6,4,13,7,4.0,1,0,2,7,12,6,0.0,0,11,25,9,18
732,2017,Uttar Pradesh,9,Jalaun,151,Jalaun,0,1,3,12,5,5.0,0,0,1,4,12,5,0.0,0,4,22,5,17
733,2017,Uttar Pradesh,9,Jaunpur,152,Jaunpur,0,0,11,23,0,0.0,0,0,0,20,45,0,0.0,0,11,23,20,45
734,2017,Uttar Pradesh,9,Jhansi,153,Jhansi,0,2,4,14,8,2.0,0,0,5,5,11,4,0.0,0,6,24,10,15
735,2017,Uttar Pradesh,9,Kannauj,155,Kannauj,0,6,4,13,11,7.0,0,0,3,8,4,2,0.0,0,10,31,11,6
736,2017,Uttar Pradesh,9,Kanpur Dehat,156,Kanpur Dehat,0,0,2,2,4,0.0,1,0,0,8,8,0,0.0,0,2,7,8,8
737,2017,Uttar Pradesh,9,Kanpur Nagar,157,Kanpur Nagar,1,22,24,31,29,23.0,4,0,18,17,55,17,6.0,0,47,87,35,78
738,2017,Uttar Pradesh,9,Kasganj,633,Kasganj,1,6,3,26,0,8.0,0,0,3,0,12,8,0.0,0,10,34,3,20
739,2017,Uttar Pradesh,9,Kaushambi,158,Kaushambi,0,0,50,62,0,0.0,0,0,0,0,0,0,0.0,0,50,62,0,0
740,2017,Uttar Pradesh,9,Kheri,159,Khiri,3,18,21,4,7,3.0,0,0,0,0,0,0,0.0,0,42,14,0,0
741,2017,Uttar Pradesh,9,Kushi Nagar,160,Kushi Nagar,0,2,1,3,2,2.0,0,0,0,3,2,1,4.0,0,3,7,3,7
742,2017,Uttar Pradesh,9,Lalitpur,161,Lalitpur,1,2,2,2,4,0.0,0,0,4,39,9,3,0.0,1,5,6,43,13
743,2017,Uttar Pradesh,9,Lucknow,162,Lucknow,16,190,174,263,305,145.0,74,11,105,214,294,173,42.0,34,380,787,330,543
744,2017,Uttar Pradesh,9,Maharajganj,164,Maharajganj,0,0,4,2,0,0.0,5,0,0,3,1,8,0.0,0,4,7,3,9
745,2017,Uttar Pradesh,9,Mahoba,165,Mahoba,0,7,6,3,1,0.0,0,0,31,19,29,6,0.0,0,13,4,50,35
746,2017,Uttar Pradesh,9,Mainpuri,166,Mainpuri,0,8,5,13,9,0.0,0,0,7,6,20,16,0.0,0,13,22,13,36
747,2017,Uttar Pradesh,9,Mathura,167,Mathura,1,8,10,28,29,12.0,7,1,6,15,36,23,4.0,2,19,76,22,65
748,2017,Uttar Pradesh,9,Mau,168,Mau,0,11,4,11,8,2.0,6,1,5,9,14,2,3.0,1,15,27,15,20
749,2017,Uttar Pradesh,9,Meerut,169,Meerut,3,6,3,33,34,15.0,9,2,1,5,50,13,4.0,3,12,91,8,70
750,2017,Uttar Pradesh,9,Mirzapur,170,Mirzapur,1,4,6,16,9,11.0,7,0,1,14,22,4,1.0,3,11,43,15,30
751,2017,Uttar Pradesh,9,Moradabad,171,Moradabad,0,10,16,59,40,22.0,8,0,4,23,43,17,8.0,1,26,129,27,69
752,2017,Uttar Pradesh,9,Muzaffarnagar,172,Muzaffarnagar,2,9,12,14,12,13.0,3,0,2,5,17,9,1.0,1,23,42,7,28
753,2017,Uttar Pradesh,9,Pilibhit,173,Pilibhit,0,1,2,29,27,4.0,2,0,1,5,21,12,4.0,1,3,62,6,38
754,2017,Uttar Pradesh,9,Pratapgarh,174,Pratapgarh,0,2,4,2,1,0.0,0,0,0,4,6,3,0.0,0,6,3,4,9
755,2017,Uttar Pradesh,9,Rae Bareli,175,Raibareilly,0,6,3,7,8,4.0,2,0,4,11,10,1,0.0,1,9,21,15,12
756,2017,Uttar Pradesh,9,Rampur,176,Rampur,1,7,1,13,5,5.0,3,0,8,46,109,9,0.0,0,9,26,54,118
757,2017,Uttar Pradesh,9,Saharanpur,177,Saharanpur,0,2,7,27,14,6.0,7,0,1,1,28,10,2.0,0,9,54,2,40
758,2017,Uttar Pradesh,9,Sambhal,659,Sambhal,1,2,9,16,6,2.0,3,0,1,5,14,5,2.0,2,12,27,6,23
759,2017,Uttar Pradesh,9,Sant Kabeer Nagar,178,Sant Kabirnagar,0,2,2,5,4,0.0,1,0,1,14,14,0,0.0,1,4,10,15,15
760,2017,Uttar Pradesh,9,Shahjahanpur,180,Shahjahanpur,2,16,15,12,23,7.0,2,1,7,20,17,11,2.0,0,33,44,28,30
761,2017,Uttar Pradesh,9,Shamli,660,Shamli,0,2,4,18,12,8.0,0,0,0,2,18,7,0.0,4,6,38,2,29
762,2017,Uttar Pradesh,9,Shravasti,181,Shrawasti,0,0,0,0,0,0.0,0,0,0,2,0,1,0.0,0,0,0,2,1
763,2017,Uttar Pradesh,9,Siddharth Nagar,182,Sidharthnagar,0,3,3,8,8,3.0,5,0,1,2,14,8,3.0,0,6,24,3,25
764,2017,Uttar Pradesh,9,Sitapur,183,Sitapur,0,14,16,23,28,12.0,2,0,5,28,21,12,5.0,0,30,65,33,38
765,2017,Uttar Pradesh,9,Sonbhadra,184,Sonbhadra,1,2,8,16,12,2.0,2,1,2,8,2,2,0.0,0,11,32,11,4
766,2017,Uttar Pradesh,9,Bhadohi,179,Bhadohi,0,15,1,12,2,2.0,0,0,5,17,13,0,0.0,0,16,16,22,13
767,2017,Uttar Pradesh,9,Sultanpur,185,Sultanpur,0,1,0,9,3,3.0,1,0,2,7,13,3,1.0,0,1,16,9,17
768,2017,Uttar Pradesh,9,Unnao,186,Unnao,2,3,11,32,7,3.0,3,0,4,15,54,12,1.0,0,16,45,19,67
769,2017,Uttar Pradesh,9,Varanasi,187,Varanasi,1,11,10,31,32,15.0,9,1,9,12,37,13,6.0,2,22,87,22,58
770,2017,Uttarakhand,5,Almora,45,Almora,0,0,0,0,0,0.0,0,0,0,0,0,0,0.0,0,0,0,0,0
771,2017,Uttarakhand,5,Bageshwar,46,Bageshwar,0,0,0,0,0,0.0,0,0,0,0,0,0,0.0,0,0,0,0,0
772,2017,Uttarakhand,5,Chamoli,47,Chamoli,0,0,0,0,0,0.0,0,0,0,0,0,0,0.0,0,0,0,0,0
773,2017,Uttarakhand,5,Champawat,48,Champawat,0,0,0,0,0,0.0,0,0,0,0,0,0,0.0,0,0,0,0,0
774,2017,Uttarakhand,5,Dehradun,49,Dehradun,0,0,0,0,0,0.0,0,0,0,0,0,0,0.0,0,0,0,0,0
775,2017,Uttarakhand,5,Haridwar,50,Haridwar,0,0,0,0,0,0.0,0,0,0,0,0,0,0.0,0,0,0,0,0
776,2017,Uttarakhand,5,Nainital,51,Nainital,0,0,0,0,0,0.0,0,0,0,0,0,0,0.0,0,0,0,0,0
777,2017,Uttarakhand,5,Pauri Garhwal,52,Pauri Garhwal,0,0,0,0,0,0.0,0,0,0,0,0,0,0.0,0,0,0,0,0
778,2017,Uttarakhand,5,Pithoragarh,53,Pithoragarh,0,0,0,0,0,0.0,0,0,0,0,0,0,0.0,0,0,0,0,0
779,2017,Uttarakhand,5,Rudra Prayag,54,Rudra Prayag,0,0,0,0,0,0.0,0,0,0,0,0,0,0.0,0,0,0,0,0
780,2017,Uttarakhand,5,Tehri Garhwal,55,Tehri Garhwal,15,85,198,240,367,222.0,127,27,62,220,412,275,57.0,28,298,956,309,772
781,2017,Uttarakhand,5,Udam Singh Nagar,56,Udhamsingh Nagar,0,0,0,0,0,0.0,0,0,0,0,0,0,0.0,0,0,0,0,0
782,2017,Uttarakhand,5,Uttar Kashi,57,Uttarkashi,0,0,0,0,0,0.0,0,0,0,0,0,0,0.0,0,0,0,0,0
783,2017,Uttarakhand,5,Dehradun,49,Grp,0,0,0,0,0,0.0,0,0,0,0,0,0,0.0,0,0,0,0,0
784,2017,West Bengal,19,Alipurduar,664,Alipurduar,0,16,31,92,112,66.0,18,0,10,100,286,194,51.0,5,47,288,110,536
785,2017,West Bengal,19,Paschim Bardhaman,704,Asansol-Durgapur Pc,1,23,13,93,116,94.0,42,1,14,44,266,104,31.0,10,37,345,59,411
786,2017,West Bengal,19,Bankura,305,Bankura,0,1,5,79,122,89.0,33,0,2,32,259,150,31.0,11,6,323,34,451
787,2017,West Bengal,19,24 Paraganas North,303,Barrackpur Pc,4,61,130,275,462,292.0,145,2,70,401,642,496,158.0,94,195,1174,473,1390
788,2017,West Bengal,19,24 Paraganas North,303,Bidhannagar Pc,0,27,26,85,149,76.0,34,0,26,94,209,146,48.0,27,53,344,120,430
789,2017,West Bengal,19,Birbhum,307,Birbhum,0,1,8,65,62,34.0,6,0,3,26,162,92,20.0,3,9,167,29,277
790,2017,West Bengal,19,Coochbehar,308,Coochbehar,2,16,22,84,115,51.0,10,2,13,118,459,296,50.0,8,40,260,133,813
791,2017,West Bengal,19,Dinajpur Dakshin,310,Dakshin Dinajpur,5,18,15,77,90,55.0,13,2,19,135,365,215,31.0,4,38,235,156,615
792,2017,West Bengal,19,Darjeeling,309,Darjeeling,0,9,15,32,42,25.0,3,0,1,18,128,97,10.0,3,24,102,19,238
793,2017,West Bengal,19,Hooghly,312,Hooghly Rural Police,1,13,20,88,137,89.0,33,0,20,184,341,164,48.0,19,34,347,204,572
794,2017,West Bengal,19,Howrah,313,Howrah Grp,0,4,2,10,9,12.0,9,1,2,1,7,6,2.0,3,6,40,4,18
795,2017,West Bengal,19,Howrah,313,Howrah Pc,3,31,48,145,214,163.0,90,5,30,138,335,170,56.0,52,82,612,173,613
796,2017,West Bengal,19,Howrah,313,Howrah Rural,7,29,37,122,174,104.0,39,5,27,263,421,201,44.0,29,73,439,295,695
797,2017,West Bengal,19,Jalpaiguri,314,Jalpaiguri,1,10,20,79,168,64.0,19,1,8,69,355,230,45.0,13,31,330,78,643
798,2017,West Bengal,19,Jhargram,703,Jhargram,0,2,7,23,28,21.0,15,2,2,37,80,48,12.0,3,9,87,41,143
799,2017,West Bengal,19,Medinipur West,318,Kharagpur Grp,0,0,0,2,5,5.0,1,0,0,1,1,2,0.0,1,0,13,1,4
800,2017,West Bengal,19,Kolkata,315,Kolkata,16,147,173,383,614,510.0,303,16,90,415,825,473,215.0,154,336,1810,521,1667
801,2017,West Bengal,19,Maldah,316,Malda,4,37,46,153,178,80.0,38,5,26,196,516,285,45.0,10,87,449,227,856
802,2017,West Bengal,19,Murshidabad,319,Murshidabad,0,6,19,225,228,110.0,44,0,4,45,841,607,73.0,18,25,607,49,1539
803,2017,West Bengal,19,Nadia,320,Nadia,3,10,54,218,319,173.0,47,5,18,201,797,553,93.0,41,67,757,224,1484
804,2017,West Bengal,19,Medinipur West,318,Paschim Medinipur,0,21,23,119,156,93.0,40,0,17,211,416,153,44.0,14,44,408,228,627
805,2017,West Bengal,19,Medinipur East,317,Purab Medinipur,1,8,24,67,114,80.0,31,1,8,180,374,228,50.0,10,33,292,189,662
806,2017,West Bengal,19,Purulia,321,Purulia,1,7,6,52,55,29.0,13,0,3,30,120,44,18.0,6,14,149,33,188
807,2017,West Bengal,19,Kolkata,315,Sealdah Grp,3,2,6,5,12,8.0,3,1,0,5,6,4,2.0,6,11,28,6,18
808,2017,West Bengal,19,Darjeeling,309,Siliguri Grp,0,0,0,0,2,3.0,1,0,0,0,0,0,1.0,0,0,6,0,1
809,2017,West Bengal,19,Darjeeling,309,Siliguri Pc,2,37,65,125,192,87.0,37,4,28,219,330,251,49.0,18,104,441,251,648
810,2017,West Bengal,19,Dinajpur Uttar,311,Uttar Dinajpur,1,17,35,84,72,32.0,8,3,18,109,320,135,23.0,4,53,196,130,482
811,2017,West Bengal,19,24 Paraganas South,304,Baruipur Police,5,29,65,155,212,130.0,60,1,44,341,610,400,86.0,43,99,557,386,1139
812,2017,West Bengal,19,Hooghly,312,Chandannagar Pc,0,16,15,17,126,70.0,58,0,23,95,263,80,26.0,24,31,271,118,393
813,2017,West Bengal,19,24 Paraganas South,304,Diamond Harbour Police,4,45,55,130,214,111.0,45,3,46,344,418,237,53.0,20,104,500,393,728
814,2017,West Bengal,19,Kalimpong,702,Kalimpong,0,6,3,34,0,0.0,2,0,0,5,81,0,3.0,0,9,36,5,84
815,2017,West Bengal,19,Purba Bardhaman,306,Purba Bardhaman,9,39,37,98,160,88.0,31,5,13,172,376,198,57.0,12,85,377,190,643
816,2017,West Bengal,19,24 Paraganas South,304,Sundarban Police,0,17,37,65,82,36.0,9,2,13,83,261,153,48.0,8,54,192,98,470
817,2017,West Bengal,19,24 Paraganas North,303,Barasat,3,43,116,282,409,244.0,102,0,74,770,1086,661,143.0,55,162,1037,844,1945
818,2017,West Bengal,19,24 Paraganas North,303,Basirhat,1,15,29,91,103,54.0,28,0,28,282,346,192,32.0,9,45,276,310,579
819,2017,Andaman And Nicobar Islands,35,South Andamans,602,South Andaman,0,4,9,11,24,14.0,8,0,5,20,20,16,3.0,1,13,57,25,40
820,2017,Andaman And Nicobar Islands,35,North And Middle Andaman,632,North And Middle Andaman,0,0,0,0,0,0.0,0,0,0,0,0,0,0.0,0,0,0,0,0
821,2017,Andaman And Nicobar Islands,35,Nicobars,603,Nicobar,0,0,0,0,0,0.0,0,0,0,0,0,0,0.0,0,0,0,0,0
822,2017,Chandigarh,4,Chandigarh,44,Chandigarh,8,26,44,87,41,22.0,25,10,21,121,143,31,11.0,4,78,175,152,189
823,2017,The Dadra And Nagar Haveli And Daman And Diu,38,Dadra And Nagar Haveli,465,Dadra And Nagar Haveli,0,0,0,7,5,3.0,2,0,1,1,13,7,3.0,0,0,17,2,23
824,2017,The Dadra And Nagar Haveli And Daman And Diu,38,Daman,463,Daman,0,12,3,14,8,1.0,3,0,0,6,30,7,0.0,0,15,26,6,37
825,2017,The Dadra And Nagar Haveli And Daman And Diu,38,Diu,464,Diu,0,0,0,2,6,1.0,1,0,0,1,2,0,0.0,0,0,10,1,2
826,2017,Delhi,7,Central,77,Central,15,64,75,167,151,55.0,35,11,50,108,220,102,39.0,18,154,408,169,379
827,2017,Delhi,7,North West,82,Crime Branch,0,0,0,0,0,0.0,0,0,0,0,0,0,0.0,0,0,0,0,0
828,2017,Delhi,7,East,78,East,7,68,46,276,148,55.0,47,7,60,156,339,104,19.0,18,121,526,223,480
829,2017,Delhi,7,New Delhi,79,Eow,0,0,0,0,0,0.0,0,0,0,0,0,0,0.0,0,0,0,0,0
830,2017,Delhi,7,New Delhi,79,Igi Airport,0,0,0,17,6,2.0,0,0,0,0,2,0,0.0,0,0,25,0,2
831,2017,Delhi,7,North West,82,Metro,0,3,2,3,2,5.0,1,1,1,4,9,8,0.0,0,5,11,6,17
832,2017,Delhi,7,New Delhi,79,New Delhi,1,12,22,26,16,12.0,2,1,10,19,29,15,4.0,0,35,56,30,48
833,2017,Delhi,7,North,80,North,4,43,59,222,142,70.0,41,1,23,141,267,63,20.0,20,106,475,165,370
834,2017,Delhi,7,North East,81,North-East,15,154,111,436,216,91.0,36,13,83,259,712,96,22.0,30,280,779,355,860
835,2017,Delhi,7,North West,82,North-West,26,113,98,311,215,120.0,35,32,82,263,435,193,58.0,20,237,681,377,706
836,2017,Delhi,7,North West,82,Outer,19,73,176,445,248,175.0,101,11,156,293,606,291,161.0,80,268,969,460,1138
837,2017,Delhi,7,New Delhi,79,Railway,6,9,5,38,29,24.0,10,3,5,13,30,13,5.0,5,20,101,21,53
838,2017,Delhi,7,South,83,South,26,93,70,251,239,121.0,59,15,60,225,491,218,30.0,24,189,670,300,763
839,2017,Delhi,7,South East,670,South-East,8,88,114,257,163,98.0,57,3,48,299,430,140,50.0,20,210,575,350,640
840,2017,Delhi,7,South West,84,South-West,5,45,100,172,144,47.0,21,6,32,177,251,84,32.0,10,150,384,215,377
841,2017,Delhi,7,North West,82,Spl Cell,0,0,0,0,0,0.0,0,0,0,0,0,0,0.0,0,0,0,0,0
842,2017,Delhi,7,New Delhi,79,Spuwac,0,0,0,0,0,0.0,0,0,0,0,0,0,0.0,0,0,0,0,0
843,2017,Delhi,7,New Delhi,79,Vigilance,0,0,0,0,0,0.0,0,0,0,0,0,0,0.0,0,0,0,0,0
844,2017,Delhi,7,West,85,West,4,50,48,167,235,121.0,55,4,62,164,329,142,42.0,18,102,578,230,531
845,2017,Delhi,7,North West,82,Rohini,66,151,143,352,280,116.0,63,44,128,321,582,180,72.0,32,360,811,493,866
846,2017,Delhi,7,Shahdara,671,Shahdara,7,77,38,227,143,73.0,36,4,48,132,323,50,16.0,18,122,479,184,407
847,2017,Delhi,7,South West,84,Dwarka,1,70,105,289,163,92.0,78,2,47,292,353,160,106.0,27,176,622,341,646
848,2017,Lakshadweep,31,Lakshadweep District,553,Lakshadweep,0,0,0,0,1,0.0,0,0,0,0,0,0,0.0,0,0,1,0,0
849,2017,Puducherry,34,Karaikal,598,Karaikal,0,0,0,0,0,0.0,0,0,0,0,0,0,0.0,0,0,0,0,0
850,2017,Puducherry,34,Pondicherry,600,Puducherry,3,1,10,22,16,12.0,3,0,1,19,65,9,7.0,4,14,53,20,85
851,2018,Andhra Pradesh,28,Anantapur,502,Anantapur,0,15,31,69,50,12.0,9,0,11,221,362,50,6.0,5,46,140,232,423
852,2018,Andhra Pradesh,28,Chittoor,503,Chittoor,6,19,12,28,15,9.0,4,11,11,116,185,23,3.0,5,37,56,138,216
853,2018,Andhra Pradesh,28,Y.S.R.,504,Cuddapah,2,12,12,19,11,4.0,6,4,9,45,74,19,3.0,2,26,40,58,98
854,2018,Andhra Pradesh,28,East Godavari,505,East Godavari,13,22,36,65,81,50.0,14,9,38,110,172,70,6.0,6,71,210,157,254
855,2018,Andhra Pradesh,28,Anantapur,502,Guntakal Railway,0,0,2,2,0,1.0,4,0,0,1,7,0,1.0,0,2,7,1,8
856,2018,Andhra Pradesh,28,Guntur,506,Guntur,13,36,37,37,61,41.0,22,13,26,34,173,83,13.0,6,86,161,73,275
857,2018,Andhra Pradesh,28,Guntur,506,Guntur Urban,0,22,21,59,51,25.0,24,2,5,39,205,31,4.0,7,43,159,46,247
858,2018,Andhra Pradesh,28,Krishna,510,Krishna,5,11,3,67,37,22.0,11,3,13,1,190,39,13.0,5,19,137,17,247
859,2018,Andhra Pradesh,28,Kurnool,511,Kurnool,11,39,14,28,29,22.0,10,12,25,112,120,70,10.0,10,64,89,149,210
860,2018,Andhra Pradesh,28,Spsr Nellore,515,Nellore,2,13,18,35,54,26.0,8,1,11,87,167,55,8.0,3,33,123,99,233
861,2018,Andhra Pradesh,28,Prakasam,517,Prakasham,6,20,30,54,31,17.0,12,14,14,35,197,46,12.0,5,56,114,63,260
862,2018,Andhra Pradesh,28,East Godavari,505,Rajahmundry,0,15,6,28,25,13.0,10,3,8,25,74,11,4.0,2,21,76,36,91
863,2018,Andhra Pradesh,28,Srikakulam,519,Srikakulam,3,7,10,18,17,10.0,10,7,2,24,76,13,5.0,2,20,55,33,96
864,2018,Andhra Pradesh,28,Tirupati,752,Tirupathi Urban,7,9,23,11,29,32.0,31,3,12,46,72,30,11.0,11,39,103,61,124
865,2018,Andhra Pradesh,28,Ntr,749,Vijayawada City,0,21,55,100,85,41.0,53,0,12,130,364,80,14.0,26,76,279,142,484
866,2018,Andhra Pradesh,28,Ntr,749,Vijayawada Railway,2,0,1,4,3,3.0,3,0,0,2,3,3,1.0,1,3,13,2,8
867,2018,Andhra Pradesh,28,Visakhapatanam,520,Visakha Rural,5,10,12,26,20,14.0,9,3,6,17,96,12,2.0,5,27,69,26,115
868,2018,Andhra Pradesh,28,Visakhapatanam,520,Visakhapatnam,0,1,12,123,99,43.0,14,1,2,19,288,62,17.0,14,13,279,22,381
869,2018,Andhra Pradesh,28,Vizianagaram,521,Vizianagaram,1,5,9,25,17,12.0,12,6,13,52,82,11,3.0,2,15,66,71,98
870,2018,Andhra Pradesh,28,West Godavari,523,West Godavari,4,19,24,86,73,39.0,30,8,13,113,267,66,21.0,10,47,228,134,364
871,2018,Arunachal Pradesh,12,Anjaw,628,Anjaw,0,0,0,0,0,0.0,0,0,0,0,0,0,0.0,0,0,0,0,0
872,2018,Arunachal Pradesh,12,Changlang,229,Changlang,0,0,0,0,0,1.0,0,0,1,1,2,0,0.0,0,0,1,2,2
873,2018,Arunachal Pradesh,12,Papum Pare,237,Crime Branch,0,0,0,0,0,0.0,0,0,0,0,0,0,0.0,0,0,0,0,0
874,2018,Arunachal Pradesh,12,Dibang Valley,230,Dibang Valley,0,0,0,0,0,0.0,0,0,0,0,0,0,0.0,0,0,0,0,0
875,2018,Arunachal Pradesh,12,East Kameng,231,Kameng East,0,0,0,0,0,0.0,0,0,0,0,0,0,0.0,0,0,0,0,0
876,2018,Arunachal Pradesh,12,West Kameng,242,Kameng West,0,0,0,0,0,1.0,0,0,0,1,2,1,0.0,0,0,1,1,3
877,2018,Arunachal Pradesh,12,Kurung Kumey,233,Kurung Kumey,0,0,0,0,0,0.0,0,0,0,0,0,0,0.0,0,0,0,0,0
878,2018,Arunachal Pradesh,12,Lohit,234,Lohit,0,0,0,0,0,0.0,0,0,0,0,0,0,0.0,0,0,0,0,0
879,2018,Arunachal Pradesh,12,Longding,666,Longding,0,0,0,0,0,0.0,0,0,0,0,0,0,0.0,0,0,0,0,0
880,2018,Arunachal Pradesh,12,Lower Dibang Valley,235,Lower Dibang Valley,0,0,1,0,0,0.0,0,0,0,4,0,0,0.0,0,1,0,4,0
881,2018,Arunachal Pradesh,12,Papum Pare,237,Papum Pare City,0,0,0,0,0,0.0,0,0,0,0,0,0,0.0,0,0,0,0,0
882,2018,Arunachal Pradesh,12,Papum Pare,237,Papum Pare Rural,0,0,0,0,0,0.0,0,0,0,0,0,0,0.0,0,0,0,0,0
883,2018,Arunachal Pradesh,12,East Siang,232,Siang East,0,0,0,0,0,0.0,0,0,0,0,0,0,0.0,0,0,0,0,0
884,2018,Arunachal Pradesh,12,Upper Siang,240,Siang Upper,0,0,0,0,0,0.0,0,0,0,0,0,0,0.0,0,0,0,0,0
885,2018,Arunachal Pradesh,12,West Siang,243,Siang West,0,0,0,0,0,0.0,0,0,0,0,0,0,0.0,0,0,0,0,0
886,2018,Arunachal Pradesh,12,Lower Subansiri,236,Subansiri Lower,0,0,0,0,0,0.0,0,0,0,0,0,0,0.0,0,0,0,0,0
887,2018,Arunachal Pradesh,12,Upper Subansiri,241,Subansiri Upper,0,0,0,0,0,0.0,0,0,0,0,0,0,0.0,0,0,0,0,0
888,2018,Arunachal Pradesh,12,Tawang,238,Tawang,0,0,0,0,0,0.0,0,0,0,0,0,0,0.0,0,0,0,0,0
889,2018,Arunachal Pradesh,12,Tirap,239,Tirap,0,0,0,0,0,0.0,0,0,0,0,0,0,0.0,0,0,0,0,0
890,2018,Arunachal Pradesh,12,Namsai,678,Namsai,0,0,0,0,0,0.0,0,0,0,0,0,0,0.0,0,0,0,0,0
891,2018,Arunachal Pradesh,12,Siang,679,Siang,0,0,0,0,0,0.0,0,0,0,0,0,0,0.0,0,0,0,0,0
892,2018,Arunachal Pradesh,12,Kamle,718,Kamle,0,0,0,0,0,0.0,0,0,0,0,0,0,0.0,0,0,0,0,0
893,2018,Arunachal Pradesh,12,Lower Siang,719,Lower Siang,0,0,0,0,0,0.0,0,0,0,0,0,0,0.0,0,0,0,0,0
894,2018,Arunachal Pradesh,12,Leparada,724,Leparada,0,0,0,0,0,0.0,0,0,0,0,0,0,0.0,0,0,0,0,0
895,2018,Assam,18,Kamrup Metro,618,Bieo,0,0,0,0,0,0.0,0,0,0,0,0,0,0.0,0,0,0,0,0
896,2018,Assam,18,Barpeta,280,Barpeta,0,0,3,5,2,1.0,0,0,0,3,5,4,1.0,0,3,8,3,10
897,2018,Assam,18,Baksa,616,Baksa,0,8,6,6,7,2.0,0,0,5,7,70,22,1.0,1,14,15,12,94
898,2018,Assam,18,Bongaigaon,281,Bongaigaon,4,1,1,4,2,2.0,0,0,4,28,39,29,4.0,0,6,8,32,72
899,2018,Assam,18,Kamrup Metro,618,Cid,0,0,0,0,0,0.0,0,0,0,0,0,0,0.0,0,0,0,0,0
900,2018,Assam,18,Cachar,282,Cachar,1,15,14,32,34,19.0,7,2,20,20,206,113,7.0,1,30,92,42,327
901,2018,Assam,18,Chirang,612,Chirang,25,8,4,2,0,0.0,0,0,45,10,20,4,0.0,0,37,2,55,24
902,2018,Assam,18,Darrang,283,Darrang,0,0,0,11,12,6.0,0,0,0,0,34,22,8.0,0,0,29,0,64
903,2018,Assam,18,Dhemaji,284,Dhemaji,0,6,11,19,10,5.0,1,0,5,10,59,15,0.0,0,17,35,15,74
904,2018,Assam,18,Dhubri,285,Dhubri,0,5,12,19,24,2.0,1,0,10,65,63,6,0.0,0,17,46,75,69
905,2018,Assam,18,Dibrugarh,286,Dibrugarh,1,4,3,8,7,3.0,0,0,3,4,12,8,2.0,2,8,18,7,24
906,2018,Assam,18,Kamrup Metro,618,Grp,0,1,0,1,3,2.0,0,1,0,1,3,1,0.0,0,1,6,2,4
907,2018,Assam,18,Goalpara,287,Goalpara,0,0,0,12,0,3.0,0,0,0,0,0,6,0.0,0,0,15,0,6
908,2018,Assam,18,Golaghat,288,Golaghat,0,0,4,20,0,0.0,0,0,2,119,200,53,0.0,0,4,20,121,253
909,2018,Assam,18,Kamrup Metro,618,Guwahati City,3,36,57,116,154,62.0,27,1,21,89,288,221,31.0,11,96,359,111,551
910,2018,Assam,18,Hailakandi,289,Hailakandi,0,0,0,5,18,11.0,0,0,0,60,38,21,10.0,0,0,34,60,69
911,2018,Assam,18,West Karbi Anglong,710,Hamren,0,0,0,0,0,0.0,0,0,0,0,0,0,0.0,0,0,0,0,0
912,2018,Assam,18,Jorhat,290,Jorhat,0,6,7,2,2,1.0,1,0,2,8,1,5,1.0,0,13,6,10,7
913,2018,Assam,18,Kamrup,291,Kamrup,0,5,25,53,38,21.0,5,1,11,74,79,169,41.0,1,30,117,86,290
914,2018,Assam,18,Karbi Anglong,292,Karbi Anglong,0,13,6,10,2,3.0,0,0,13,22,6,0,0.0,0,19,15,35,6
915,2018,Assam,18,Karimganj,293,Karimganj,0,0,3,22,37,9.0,1,0,1,12,106,61,4.0,0,3,69,13,171
916,2018,Assam,18,Kokrajhar,294,Kokrajhar,0,0,0,0,0,0.0,0,0,0,0,0,0,0.0,0,0,0,0,0
917,2018,Assam,18,Lakhimpur,295,Lakhimpur,0,0,0,0,0,0.0,0,0,0,0,0,0,0.0,0,0,0,0,0
918,2018,Assam,18,Marigaon,296,Morigaon,0,0,0,0,0,0.0,0,0,0,143,222,0,0.0,0,0,0,143,222
919,2018,Assam,18,Dima Hasao,299,Dima Hasao,1,3,4,4,3,1.0,0,1,3,3,8,10,1.0,1,8,8,7,20
920,2018,Assam,18,Nagaon,297,Nagaon,0,3,7,15,19,10.0,5,0,1,16,59,43,1.0,0,10,49,17,103
921,2018,Assam,18,Nalbari,298,Nalbari,0,2,0,1,1,2.0,0,0,0,2,2,1,0.0,0,2,4,2,3
922,2018,Assam,18,Kamrup Metro,618,Rpo,0,0,0,0,0,0.0,0,0,0,0,0,0,0.0,0,0,0,0,0
923,2018,Assam,18,Kamrup Metro,618,Sou,0,0,0,0,0,0.0,0,0,0,0,0,0,0.0,0,0,0,0,0
924,2018,Assam,18,Kamrup Metro,618,Stf,0,0,0,0,0,0.0,0,0,0,0,0,0,0.0,0,0,0,0,0
925,2018,Assam,18,Sivasagar,300,Sibsagar,0,3,7,4,1,1.0,0,0,3,15,19,4,3.0,1,10,6,18,27
926,2018,Assam,18,Sonitpur,301,Sonitpur,0,7,18,7,17,8.0,0,0,7,114,71,37,1.0,0,25,32,121,109
927,2018,Assam,18,Tinsukia,302,Tinsukia,1,4,3,6,8,2.0,0,0,3,11,26,19,3.0,0,8,16,14,48
928,2018,Assam,18,Udalguri,617,Udalguri,0,2,9,13,15,14.0,0,0,17,77,58,4,1.0,0,11,42,94,63
929,2018,Assam,18,Tinsukia,302,Sadia,0,0,6,4,6,2.0,2,0,1,4,13,20,2.0,0,6,14,5,35
930,2018,Assam,18,Majuli,706,Majuli,0,0,0,0,0,0.0,0,0,0,0,0,0,0.0,0,0,0,0,0
931,2018,Assam,18,Biswanath,705,Biswanath,0,0,0,0,0,0.0,0,0,0,0,0,0,0.0,0,0,0,0,0
932,2018,Assam,18,Hojai,709,Hojai,0,18,40,16,10,12.0,1,0,9,76,95,31,0.0,0,58,39,85,126
933,2018,Assam,18,South Salmara Mancachar,707,South Salmara,0,1,3,4,2,0.0,0,1,1,5,16,8,0.0,0,4,6,7,24
934,2018,Assam,18,Charaideo,708,Charaideo,0,0,0,0,0,0.0,0,0,0,0,0,0,0.0,0,0,0,0,0
935,2018,Bihar,10,Araria,188,Araria,1,3,7,5,2,0.0,0,60,55,34,11,2,0.0,0,11,7,149,13
936,2018,Bihar,10,Arwal,611,Arwal,0,4,2,0,0,0.0,0,0,5,22,3,1,0.0,0,6,0,27,4
937,2018,Bihar,10,Aurangabad,189,Aurangabad,0,4,5,11,9,4.0,0,0,5,30,12,3,1.0,0,9,24,35,16
938,2018,Bihar,10,Pashchim Champaran,211,Bagaha,2,7,3,2,4,2.0,1,1,15,42,8,5,1.0,0,12,9,58,14
939,2018,Bihar,10,Banka,190,Banka,1,6,9,6,2,2.0,2,1,28,74,36,16,2.0,0,16,12,103,54
940,2018,Bihar,10,Begusarai,191,Begusarai,1,20,15,6,0,0.0,0,2,54,109,46,4,3.0,0,36,6,165,53
941,2018,Bihar,10,Pashchim Champaran,211,Bettiah,3,21,50,19,2,1.0,0,1,21,25,14,7,0.0,1,74,22,47,22
942,2018,Bihar,10,Kaimur (Bhabua),200,Bhabhua,4,10,11,3,1,2.0,0,1,24,62,15,5,0.0,0,25,6,87,20
943,2018,Bihar,10,Bhagalpur,192,Bhagalpur,1,13,16,7,8,3.0,1,2,35,140,49,27,1.0,0,30,19,177,77
944,2018,Bihar,10,Bhojpur,193,Bhojpur,2,4,6,3,5,3.0,0,0,18,72,18,8,2.0,0,12,11,90,28
945,2018,Bihar,10,Buxar,194,Buxar,2,6,6,5,3,3.0,0,1,30,74,21,13,0.0,0,14,11,105,34
946,2018,Bihar,10,Darbhanga,195,Darbhanga,3,8,17,11,6,3.0,0,0,38,149,59,15,2.0,1,28,20,187,77
947,2018,Bihar,10,Gaya,196,Gaya,5,22,18,17,14,9.0,5,2,38,174,66,19,3.0,3,45,45,214,91
948,2018,Bihar,10,Gopalganj,197,Gopalganj,2,3,6,9,4,7.0,1,0,28,135,25,18,2.0,0,11,21,163,45
949,2018,Bihar,10,Munger,207,Jamalpur Railway,0,1,0,0,2,0.0,0,0,0,2,0,1,0.0,0,1,2,2,1
950,2018,Bihar,10,Jamui,198,Jamui,3,7,4,4,6,6.0,0,1,18,65,23,14,0.0,0,14,16,84,37
951,2018,Bihar,10,Jehanabad,199,Jehanabad,1,18,5,4,4,1.0,0,17,46,25,8,0,0.0,0,24,9,88,8
952,2018,Bihar,10,Katihar,201,Katihar,0,8,18,9,2,0.0,0,11,140,68,7,0,0.0,0,26,11,219,7
953,2018,Bihar,10,Katihar,201,Katihar Railway,1,2,1,0,2,0.0,1,1,1,0,5,3,1.0,0,4,3,2,9
954,2018,Bihar,10,Khagaria,202,Khagaria,2,8,9,0,2,2.0,0,0,10,81,33,6,0.0,0,19,4,91,39
955,2018,Bihar,10,Kishanganj,203,Kishanganj,0,7,4,5,1,0.0,0,0,21,53,23,9,0.0,0,11,6,74,32
956,2018,Bihar,10,Lakhisarai,204,Lakhisarai,0,9,11,4,0,1.0,0,2,7,22,8,4,0.0,0,20,5,31,12
957,2018,Bihar,10,Madhepura,205,Madhepura,0,5,9,5,1,1.0,0,0,25,87,45,9,0.0,0,14,7,112,54
958,2018,Bihar,10,Madhubani,206,Madhubani,2,17,2,2,2,1.0,0,2,25,95,45,13,0.0,0,21,5,122,58
959,2018,Bihar,10,Purbi Champaran,213,Motihari,5,14,10,16,5,2.0,1,2,55,156,71,20,1.0,0,29,24,213,92
960,2018,Bihar,10,Munger,207,Munger,1,9,11,10,3,0.0,0,2,15,96,45,2,0.0,0,21,13,113,47
961,2018,Bihar,10,Muzaffarpur,208,Muzaffarpur,8,37,31,26,21,6.0,6,11,75,250,120,37,2.0,0,76,59,336,159
962,2018,Bihar,10,Muzaffarpur,208,Muzaffarpur Railway,2,1,0,0,0,1.0,0,0,0,3,3,1,0.0,0,3,1,3,4
963,2018,Bihar,10,Nalanda,209,Nalanda,4,53,32,9,11,8.0,3,3,47,122,55,18,4.0,0,89,31,172,77
964,2018,Bihar,10,Bhagalpur,192,Naugachia,0,10,2,3,2,2.0,0,2,14,49,14,4,0.0,0,12,7,65,18
965,2018,Bihar,10,Nawada,210,Nawadah,2,23,16,15,6,,3,2,36,78,39,8,0.0,0,41,24,116,47
966,2018,Bihar,10,Patna,212,Patna,4,66,82,74,53,29.0,11,3,154,450,183,61,10.0,1,152,167,607,255
967,2018,Bihar,10,Patna,212,Patna Railway,2,0,1,0,3,3.0,1,1,0,5,5,1,0.0,0,3,7,6,6
968,2018,Bihar,10,Purnia,214,Purnea,1,5,22,4,7,6.0,0,4,10,102,34,7,0.0,0,28,17,116,41
969,2018,Bihar,10,Rohtas,215,Rohtas,0,17,18,4,8,3.0,1,1,40,94,38,3,1.0,0,35,16,135,42
970,2018,Bihar,10,Saharsa,216,Saharsa,3,13,7,9,3,4.0,1,2,17,48,30,14,1.0,0,23,17,67,45
971,2018,Bihar,10,Samastipur,217,Samastipur,2,9,11,5,3,1.0,0,1,33,150,46,27,1.0,0,22,9,184,74
972,2018,Bihar,10,Saran,218,Saran,5,29,20,22,17,9.0,0,0,76,232,55,34,5.0,5,54,48,308,99
973,2018,Bihar,10,Sheikhpura,219,Sheikhpura,0,13,1,4,2,0.0,1,2,9,33,9,4,0.0,0,14,7,44,13
974,2018,Bihar,10,Sheohar,220,Sheohar,0,3,4,2,3,4.0,0,0,10,44,5,6,0.0,0,7,9,54,11
975,2018,Bihar,10,Sitamarhi,221,Sitamarhi,8,31,22,10,3,2.0,0,2,40,188,69,4,1.0,0,61,15,230,74
976,2018,Bihar,10,Siwan,222,Siwan,2,13,12,5,1,2.0,1,32,117,37,6,1,0.0,0,27,9,186,7
977,2018,Bihar,10,Supaul,223,Supaul,1,7,8,6,2,2.0,0,0,17,81,27,8,0.0,0,16,10,98,35
978,2018,Bihar,10,Vaishali,224,Vaishali,7,24,22,17,16,9.0,2,5,36,175,64,56,3.0,0,53,44,216,123
979,2018,Bihar,10,Patna,212,Economic Offences Unit,0,0,0,0,0,0.0,0,0,0,0,0,0,0.0,0,0,0,0,0
980,2018,Bihar,10,Patna,212,Anti Terrorist Squad,0,0,0,0,0,0.0,0,0,0,0,0,0,0.0,0,0,0,0,0
981,2018,Chhattisgarh,22,Balod,646,Balod,0,2,8,24,30,13.0,5,0,0,37,136,74,9.0,4,10,72,37,223
982,2018,Chhattisgarh,22,Baloda Bazar,644,Balodbazar,1,11,16,57,25,16.0,17,0,3,100,342,41,18.0,7,28,115,103,408
983,2018,Chhattisgarh,22,Balrampur,649,Balrampur,1,4,6,7,3,8.0,3,0,6,43,42,12,6.0,1,11,21,49,61
984,2018,Chhattisgarh,22,Bemetara,650,Bemetra,0,0,7,26,21,14.0,1,0,1,51,115,40,8.0,1,7,62,52,164
985,2018,Chhattisgarh,22,Bilaspur,375,Bilaspur,2,30,42,146,95,46.0,33,2,23,242,503,135,26.0,19,74,320,267,683
986,2018,Chhattisgarh,22,Bijapur,636,Bizapur,0,2,1,4,0,0.0,1,0,0,4,12,2,0.0,0,3,5,4,14
987,2018,Chhattisgarh,22,Dantewada,376,Dantewara,1,1,2,11,7,1.0,0,0,2,5,23,2,1.0,0,4,19,7,26
988,2018,Chhattisgarh,22,Dhamtari,377,Dhamtari,0,5,11,28,31,14.0,4,0,0,43,177,65,10.0,4,16,77,43,256
989,2018,Chhattisgarh,22,Durg,378,Durg,0,22,43,103,136,73.0,47,1,16,173,423,202,43.0,15,65,359,190,683
990,2018,Chhattisgarh,22,Gariyaband,645,Gariyaband,0,2,3,24,13,7.0,5,1,5,34,104,10,2.0,2,5,49,40,118
991,2018,Chhattisgarh,22,Raipur,387,Grp Raipur,0,0,0,7,3,4.0,1,0,0,1,6,1,3.0,0,0,15,1,10
992,2018,Chhattisgarh,22,Bastar,374,Jagdalpur,0,3,6,23,15,4.0,5,0,3,41,90,24,3.0,2,9,47,44,119
993,2018,Chhattisgarh,22,Janjgir-Champa,379,Janjgir,0,20,14,73,50,26.0,10,1,27,124,150,170,83.0,12,34,159,152,415
994,2018,Chhattisgarh,22,Jashpur,380,Jashpur,0,2,12,19,12,6.0,2,0,12,60,84,31,7.0,4,14,39,72,126
995,2018,Chhattisgarh,22,Kabirdham,382,Kabirdham,0,3,25,46,11,9.0,4,0,5,57,120,18,13.0,5,28,70,62,156
996,2018,Chhattisgarh,22,Kanker,381,Kanker,0,33,53,38,34,24.0,8,7,43,226,53,33,5.0,3,86,104,276,94
997,2018,Chhattisgarh,22,Kondagaon,643,Kondagaon,0,1,3,8,5,5.0,1,1,1,20,61,5,2.0,0,4,19,22,68
998,2018,Chhattisgarh,22,Korba,383,Korba,0,11,19,63,32,29.0,8,0,33,61,128,112,12.0,6,30,132,94,258
999,2018,Chhattisgarh,22,Korea,384,Koriya,0,2,13,13,41,15.0,1,0,13,43,68,62,50.0,6,15,70,56,186
1000,2018,Chhattisgarh,22,Mahasamund,385,Mahasamund,0,0,8,54,35,4.0,7,0,2,36,248,33,8.0,4,8,100,38,293
1001,2018,Chhattisgarh,22,Mungeli,647,Mungali,0,3,12,35,16,3.0,7,0,3,56,109,17,4.0,3,15,61,59,133
1002,2018,Chhattisgarh,22,Narayanpur,637,Narayanpur,0,1,3,6,3,0.0,1,0,1,3,5,3,0.0,0,4,10,4,8
1003,2018,Chhattisgarh,22,Raigarh,386,Raigarh,1,28,24,105,68,24.0,22,0,11,136,356,96,10.0,15,53,219,147,477
1004,2018,Chhattisgarh,22,Raipur,387,Raipur,0,47,79,155,241,135.0,51,2,31,309,742,352,57.0,26,126,582,342,1177
1005,2018,Chhattisgarh,22,Rajnandgaon,388,Rajnandgaon,0,5,16,100,51,19.0,22,0,5,83,424,73,18.0,14,21,192,88,529
1006,2018,Chhattisgarh,22,Surguja,389,Sarguja,0,2,12,19,42,20.0,5,0,11,67,101,74,19.0,8,14,86,78,202
1007,2018,Chhattisgarh,22,Sukma,642,Sukma,0,1,0,3,1,1.0,0,0,0,5,3,0,0.0,0,1,5,5,3
1008,2018,Chhattisgarh,22,Surajpur,648,Surajpur,0,3,5,28,10,15.0,5,1,5,43,108,24,8.0,1,8,58,49,141
1009,2018,Goa,30,North Goa,551,North Goa,3,2,0,48,52,26.0,11,2,2,3,78,20,12.0,4,5,137,7,114
1010,2018,Goa,30,South Goa,552,South Goa,0,0,1,28,40,21.0,20,2,1,0,76,22,6.0,4,1,109,3,108
1011,2018,Goa,30,North Goa,551,Cid,0,0,0,5,1,0.0,0,0,0,0,2,0,0.0,0,0,6,0,2
1012,2018,Gujarat,24,Ahmadabad,438,Ahmedabad City,5,27,59,374,280,133.0,62,5,55,272,1307,219,37.0,34,91,849,332,1597
1013,2018,Gujarat,24,Ahmadabad,438,Ahmedabad Rural,6,3,1,14,26,5.0,2,3,4,2,97,18,1.0,2,10,47,9,118
1014,2018,Gujarat,24,Amreli,439,Amreli,0,4,0,10,5,3.0,3,0,4,0,118,5,0.0,0,4,21,4,123
1015,2018,Gujarat,24,Anand,440,Anand,0,0,0,43,37,21.0,13,0,0,0,180,113,39.0,13,0,114,0,345
1016,2018,Gujarat,24,Arvalli,672,Arvalli,0,0,0,0,0,0.0,0,0,0,0,0,0,0.0,0,0,0,0,0
1017,2018,Gujarat,24,Banas Kantha,441,Banaskantha,0,0,1,91,0,0.0,5,0,0,1,96,0,0.0,0,1,96,1,96
1018,2018,Gujarat,24,Bharuch,442,Bharuch,9,2,4,48,41,21.0,10,6,4,9,161,25,7.0,12,15,120,19,205
1019,2018,Gujarat,24,Bhavnagar,443,Bhavnagar,0,0,0,48,18,2.0,1,0,0,0,55,17,3.0,0,0,69,0,75
1020,2018,Gujarat,24,Botad,676,Botad,0,1,1,7,4,0.0,0,0,0,15,41,9,0.0,0,2,11,15,50
1021,2018,Gujarat,24,Chhotaudepur,668,Chhotaudepur,0,1,0,9,4,0.0,0,0,0,0,18,2,0.0,0,1,13,0,20
1022,2018,Gujarat,24,Gandhinagar,446,Cid Crime,0,0,0,0,0,0.0,0,0,0,0,0,0,0.0,0,0,0,0,0
1023,2018,Gujarat,24,Dohad,445,Dahod,0,0,1,5,5,3.0,1,0,11,78,14,9,1.0,0,1,14,89,24
1024,2018,Gujarat,24,Dang,444,Dang,0,0,0,0,0,0.0,0,0,0,0,0,0,0.0,0,0,0,0,0
1025,2018,Gujarat,24,Devbhumi Dwarka,674,Devbhumi Dwarka,3,1,1,12,4,1.0,5,3,3,3,60,1,1.0,2,5,22,9,64
1026,2018,Gujarat,24,Gandhinagar,446,Gandhinagar,2,15,2,75,45,29.0,3,3,14,2,259,38,5.0,0,19,152,19,302
1027,2018,Gujarat,24,Gir Somnath,675,Gir Somnath,2,1,0,12,3,4.0,3,0,2,0,36,5,0.0,0,3,22,2,41
1028,2018,Gujarat,24,Jamnagar,447,Jamnagar,6,7,0,31,32,9.0,0,1,0,4,63,71,16.0,0,13,72,5,150
1029,2018,Gujarat,24,Junagadh,448,Junagadh,1,1,1,12,9,8.0,0,0,0,2,33,5,0.0,1,3,29,2,39
1030,2018,Gujarat,24,Kachchh,449,Kachchh East(G),0,5,1,35,6,2.0,1,0,4,29,131,22,2.0,1,6,44,33,156
1031,2018,Gujarat,24,Kachchh,449,Kachchh West(B),0,3,3,35,19,14.0,3,1,5,34,118,28,2.0,2,6,71,40,150
1032,2018,Gujarat,24,Kheda,450,Kheda,0,2,1,23,19,12.0,11,0,0,2,75,22,2.0,1,3,65,2,100
1033,2018,Gujarat,24,Mahisagar,669,Mahisagar,0,3,0,8,7,3.0,3,2,3,4,36,8,1.0,0,3,21,9,45
1034,2018,Gujarat,24,Mahesana,451,Mehsana,1,1,5,65,53,15.0,8,0,0,6,439,73,3.0,2,7,141,6,517
1035,2018,Gujarat,24,Morbi,673,Morbi,0,0,0,9,7,6.0,1,0,0,1,38,31,11.0,4,0,23,1,84
1036,2018,Gujarat,24,Narmada,452,Narmada,0,0,0,4,0,3.0,1,0,1,0,11,5,1.0,0,0,8,1,17
1037,2018,Gujarat,24,Navsari,453,Navsari,4,3,0,18,35,19.0,5,1,3,0,71,24,6.0,5,7,77,4,106
1038,2018,Gujarat,24,Panch Mahals,454,Panchmahal,1,2,0,16,20,11.0,5,1,3,1,37,29,18.0,2,3,52,5,86
1039,2018,Gujarat,24,Patan,455,Patan,0,1,1,20,9,3.0,0,0,0,1,130,16,2.0,0,2,32,1,148
1040,2018,Gujarat,24,Porbandar,456,Porbandar,2,3,1,2,11,3.0,0,1,1,0,34,17,0.0,0,6,16,2,51
1041,2018,Gujarat,24,Rajkot,457,Rajkot City,0,13,17,122,116,38.0,10,0,13,89,162,233,87.0,15,30,286,102,497
1042,2018,Gujarat,24,Rajkot,457,Rajkot Rural,12,5,3,19,9,3.0,5,6,1,0,139,14,4.0,1,20,36,7,158
1043,2018,Gujarat,24,Sabar Kantha,458,Sabarkantha,0,1,3,50,16,16.0,3,0,0,6,142,22,3.0,0,4,85,6,167
1044,2018,Gujarat,24,Surat,459,Surat City,74,117,75,324,438,234.0,75,80,124,266,1156,357,50.0,19,266,1071,470,1582
1045,2018,Gujarat,24,Surat,459,Surat Rural,5,3,0,30,34,5.0,7,3,4,1,66,12,1.0,1,8,76,8,80
1046,2018,Gujarat,24,Surendranagar,460,Surendranagar,0,0,0,11,4,8.0,1,0,0,0,37,5,0.0,0,0,24,0,42
1047,2018,Gujarat,24,Tapi,641,Tapi,1,0,0,3,6,2.0,2,4,1,0,17,6,2.0,1,1,13,5,26
1048,2018,Gujarat,24,Vadodara,461,Vadodara City,0,7,11,72,119,90.0,37,2,8,96,267,132,36.0,16,18,318,106,451
1049,2018,Gujarat,24,Vadodara,461,Vadodara Rural,0,1,2,21,12,9.0,5,0,0,2,58,7,2.0,1,3,47,2,68
1050,2018,Gujarat,24,Valsad,462,Valsad,5,1,0,53,30,17.0,14,3,4,3,93,18,6.0,2,6,114,10,119
1051,2018,Gujarat,24,Ahmadabad,438,W.Rly Ahmedabad,0,0,1,5,4,4.0,3,0,0,0,8,1,1.0,2,1,16,0,12
1052,2018,Gujarat,24,Vadodara,461,W.Rly Vadodara,0,0,1,5,2,1.0,2,2,0,1,2,3,1.0,0,1,10,3,6
1053,2018,Haryana,6,Ambala,58,Ambala,1,7,60,70,14,2.0,1,2,3,9,74,74,4.0,2,68,87,14,154
1054,2018,Haryana,6,Bhiwani,59,Bhiwani,0,10,26,35,28,19.0,9,0,2,39,154,22,1.0,1,36,91,41,178
1055,2018,Haryana,6,Faridabad,60,Faridabad,15,45,57,218,71,41.0,27,14,25,49,457,72,6.0,8,117,357,88,543
1056,2018,Haryana,6,Fatehabad,61,Fatehabad,16,20,17,48,46,20.0,6,12,14,26,160,77,10.0,4,53,120,52,251
1057,2018,Haryana,6,Ambala,58,Grp,2,0,0,7,2,2.0,0,0,0,1,4,0,0.0,1,2,11,1,5
1058,2018,Haryana,6,Gurugram,62,Gurugram,4,24,22,50,58,26.0,18,0,36,101,136,89,6.0,3,50,152,137,234
1059,2018,Haryana,6,Hisar,63,Hissar,0,13,25,29,46,21.0,5,3,7,90,201,65,3.0,3,38,101,100,272
1060,2018,Haryana,6,Jhajjar,64,Jhajjar,0,0,0,0,0,0.0,0,0,0,0,0,0,0.0,0,0,0,0,0
1061,2018,Haryana,6,Jind,65,Jind,0,7,16,58,45,31.0,11,1,1,29,174,47,4.0,2,23,145,31,227
1062,2018,Haryana,6,Kaithal,66,Kaithal,6,8,22,42,43,21.0,14,2,4,10,81,15,2.0,2,36,120,16,100
1063,2018,Haryana,6,Karnal,67,Karnal,0,11,2,29,12,17.0,3,0,1,10,40,10,3.0,4,13,61,11,57
1064,2018,Haryana,6,Kurukshetra,68,Kurukshetra,11,32,13,46,73,22.0,10,7,9,28,139,87,9.0,2,56,151,44,237
1065,2018,Haryana,6,Mahendragarh,69,Mahendergarh,5,10,13,28,18,9.0,1,2,3,23,94,12,2.0,0,28,56,28,108
1066,2018,Haryana,6,Nuh,604,Mewat,0,9,9,19,7,3.0,1,0,1,5,23,12,0.0,0,18,30,6,35
1067,2018,Haryana,6,Palwal,619,Palwal,0,35,48,56,14,4.0,3,0,10,54,64,36,4.0,0,83,77,64,104
1068,2018,Haryana,6,Panchkula,70,Panchkula,0,0,2,44,22,7.0,0,0,0,27,72,52,28.0,0,2,73,27,152
1069,2018,Haryana,6,Panipat,71,Panipat,26,57,42,56,11,19.0,9,28,48,107,81,56,27.0,5,125,95,183,169
1070,2018,Haryana,6,Rewari,72,Rewari,5,20,22,37,36,20.0,8,5,17,40,166,32,7.0,2,47,101,62,207
1071,2018,Haryana,6,Rohtak,73,Rohtak,12,30,52,116,72,34.0,16,11,13,33,198,68,4.0,8,94,238,57,278
1072,2018,Haryana,6,Sirsa,74,Sirsa,0,10,15,34,33,16.0,5,2,8,45,239,40,2.0,1,25,88,55,282
1073,2018,Haryana,6,Sonipat,75,Sonipat,1,8,24,29,33,24.0,7,1,5,33,111,98,3.0,2,33,93,39,214
1074,2018,Haryana,6,Yamunanagar,76,Yamunanagar,4,11,32,57,45,24.0,8,2,7,48,178,33,5.0,2,47,134,57,218
1075,2018,Haryana,6,Gurugram,62,Irrigation And Power,0,0,0,0,0,0.0,0,0,0,0,0,0,0.0,0,0,0,0,0
1076,2018,Haryana,6,Charki Dadri,701,Charkhi Dadri,0,2,4,19,6,5.0,2,0,0,2,68,9,2.0,1,6,32,2,80
1077,2018,Haryana,6,Hisar,63,Hansi,1,4,4,17,4,4.0,4,0,0,18,62,7,3.0,1,9,29,18,73
1078,2018,Himachal Pradesh,2,Solan,25,Baddi,1,3,2,25,23,5.0,3,0,7,12,43,6,1.0,1,6,56,19,51
1079,2018,Himachal Pradesh,2,Bilaspur,15,Bilaspur,0,0,4,9,17,5.0,3,0,1,14,55,26,2.0,2,4,34,15,85
1080,2018,Himachal Pradesh,2,Chamba,16,Chamba,0,6,3,10,6,3.0,1,0,0,4,51,10,3.0,1,9,20,4,65
1081,2018,Himachal Pradesh,2,Shimla,23,Cid,0,0,0,0,0,0.0,0,0,0,0,0,0,0.0,0,0,0,0,0
1082,2018,Himachal Pradesh,2,Shimla,23,Grp,0,0,0,0,0,0.0,0,0,0,0,0,0,1.0,0,0,0,0,1
1083,2018,Himachal Pradesh,2,Hamirpur,17,Hamirpur,0,2,4,8,5,2.0,0,0,0,5,34,6,1.0,1,6,15,5,42
1084,2018,Himachal Pradesh,2,Kangra,18,Kangra,0,4,12,36,25,27.0,10,0,0,15,58,49,53.0,15,16,98,15,175
1085,2018,Himachal Pradesh,2,Kinnaur,19,Kinnaur,0,0,1,2,3,2.0,2,0,0,0,1,3,0.0,0,1,9,0,4
1086,2018,Himachal Pradesh,2,Kullu,20,Kullu,0,2,5,15,19,15.0,2,0,0,8,31,11,3.0,1,7,51,8,46
1087,2018,Himachal Pradesh,2,Lahul And Spiti,21,Lahaul And Spiti,0,0,0,1,2,3.0,1,0,0,0,0,0,0.0,0,0,7,0,0
1088,2018,Himachal Pradesh,2,Mandi,22,Mandi,0,1,16,21,31,25.0,8,0,2,63,120,76,7.0,8,17,85,65,211
1089,2018,Himachal Pradesh,2,Shimla,23,Shimla,1,18,19,3,2,0.0,0,0,18,45,0,3,0.0,0,38,5,63,3
1090,2018,Himachal Pradesh,2,Sirmaur,24,Sirmaur,3,4,3,15,8,11.0,3,2,7,18,68,14,4.0,1,10,37,27,87
1091,2018,Himachal Pradesh,2,Solan,25,Solan,0,1,4,16,13,6.0,2,0,1,19,61,15,1.0,1,5,37,20,78
1092,2018,Himachal Pradesh,2,Una,26,Una,0,4,2,15,37,23.0,15,0,2,16,34,28,7.0,3,6,90,18,72
1093,2018,Himachal Pradesh,2,Shimla,23,Cyber,0,0,0,0,0,0.0,0,0,0,0,0,0,0.0,0,0,0,0,0
1094,2018,Jammu And Kashmir,1,Anantnag,1,Anantnag,0,4,1,34,12,5.0,0,1,3,0,34,13,2.0,0,5,51,4,49
1095,2018,Jammu And Kashmir,1,Pulwama,11,Awantipora,0,0,0,15,8,0.0,0,0,0,0,9,3,0.0,0,0,23,0,12
1096,2018,Jammu And Kashmir,1,Bandipora,623,Bandipora,0,0,6,8,2,0.0,0,0,0,4,12,5,0.0,1,6,10,4,18
1097,2018,Jammu And Kashmir,1,Baramulla,3,Baramulla,0,0,2,0,0,3.0,0,0,0,3,7,3,0.0,0,2,3,3,10
1098,2018,Jammu And Kashmir,1,Budgam,2,Budgam,4,0,0,24,18,2.0,0,2,0,0,80,17,1.0,0,4,44,2,98
1099,2018,Jammu And Kashmir,1,Jammu,5,Crime Jammu,0,0,0,0,0,0.0,0,0,0,0,0,0,0.0,0,0,0,0,0
1100,2018,Jammu And Kashmir,1,Jammu,5,Crime Srinagar,0,0,0,0,0,0.0,0,0,0,0,0,0,0.0,0,0,0,0,0
1101,2018,Jammu And Kashmir,1,Doda,4,Doda,0,0,3,7,11,1.0,0,0,0,4,27,23,1.0,0,3,19,4,51
1102,2018,Jammu And Kashmir,1,Ganderbal,626,Ganderbal,0,1,3,14,6,0.0,3,0,0,13,41,11,0.0,1,4,23,13,53
1103,2018,Jammu And Kashmir,1,Kupwara,8,Handwara,0,0,6,19,3,3.0,0,0,0,0,3,2,1.0,0,6,25,0,6
1104,2018,Jammu And Kashmir,1,Jammu,5,Jammu,0,0,0,103,102,26.0,0,0,0,0,89,69,41.0,0,0,231,0,199
1105,2018,Jammu And Kashmir,1,Kargil,6,Kargil,0,0,0,2,3,0.0,0,0,0,1,2,1,0.0,0,0,5,1,3
1106,2018,Jammu And Kashmir,1,Kathua,7,Kathua,0,1,5,18,11,4.0,3,0,6,22,85,23,1.0,0,6,36,28,109
1107,2018,Jammu And Kashmir,1,Kishtwar,620,Kishtwar,0,0,1,15,7,0.0,1,0,1,9,8,5,0.0,0,1,23,10,13
1108,2018,Jammu And Kashmir,1,Kulgam,622,Kulgam,0,0,0,27,15,0.0,0,0,0,0,22,4,1.0,0,0,42,0,27
1109,2018,Jammu And Kashmir,1,Kupwara,8,Kupwara,0,1,9,49,32,1.0,0,0,0,18,53,12,0.0,0,10,82,18,65
1110,2018,Jammu And Kashmir,1,Leh Ladakh,9,Leh,0,0,0,2,5,1.0,0,0,0,0,2,3,0.0,0,0,8,0,5
1111,2018,Jammu And Kashmir,1,Poonch,10,Poonch,0,0,1,9,6,2.0,1,0,0,1,53,4,0.0,0,1,18,1,57
1112,2018,Jammu And Kashmir,1,Pulwama,11,Pulwama,0,0,0,31,7,0.0,0,0,0,0,6,3,2.0,1,0,38,0,12
1113,2018,Jammu And Kashmir,1,Jammu,5,Railways Jammu,0,0,0,0,2,3.0,2,0,0,0,0,0,1.0,0,0,7,0,1
1114,2018,Jammu And Kashmir,1,Jammu,5,Railways Kashmir,0,0,0,0,0,0.0,0,0,0,0,0,0,0.0,0,0,0,0,0
1115,2018,Jammu And Kashmir,1,Reasi,627,Railways Katra,0,0,0,0,0,0.0,0,0,0,0,0,0,1.0,0,0,0,0,1
1116,2018,Jammu And Kashmir,1,Rajouri,12,Rajouri,0,0,3,4,1,0.0,0,0,0,0,43,3,0.0,0,3,5,0,46
1117,2018,Jammu And Kashmir,1,Ramban,621,Ramban,0,2,3,3,4,4.0,0,0,1,3,24,6,0.0,0,5,11,4,30
1118,2018,Jammu And Kashmir,1,Reasi,627,Reasi,0,0,0,8,7,1.0,4,0,0,0,43,17,1.0,1,0,20,0,62
1119,2018,Jammu And Kashmir,1,Samba,624,Samba,0,1,0,13,12,2.0,3,1,3,6,34,8,0.0,0,1,30,10,42
1120,2018,Jammu And Kashmir,1,Shopian,625,Shopian,0,0,5,38,0,0.0,0,0,0,15,12,0,0.0,0,5,38,15,12
1121,2018,Jammu And Kashmir,1,Baramulla,3,Sopore,0,4,3,16,11,0.0,0,0,0,0,15,2,0.0,0,7,27,0,17
1122,2018,Jammu And Kashmir,1,Srinagar,13,Srinagar,0,9,12,31,61,5.0,0,0,21,52,3,32,0.0,0,21,97,73,35
1123,2018,Jammu And Kashmir,1,Udhampur,14,Udhampur,0,0,4,47,31,4.0,2,0,0,10,82,18,1.0,1,4,84,10,102
1124,2018,Jharkhand,20,Bokaro,322,Bokaro,0,3,4,0,0,0.0,0,0,0,16,0,0,0.0,0,7,0,16,0
1125,2018,Jharkhand,20,West Singhbhum,343,Chaibasa,1,2,1,1,0,0.0,0,0,7,10,8,3,0.0,0,4,1,17,11
1126,2018,Jharkhand,20,Chatra,323,Chatra,0,3,0,0,0,0.0,0,0,0,0,1,0,0.0,0,3,0,0,1
1127,2018,Jharkhand,20,Deoghar,324,Deoghar,0,1,7,5,0,0.0,0,0,1,5,4,1,2.0,0,8,5,6,7
1128,2018,Jharkhand,20,Dhanbad,325,Dhanbad,0,1,3,5,7,3.0,0,0,0,4,2,3,1.0,0,4,15,4,6
1129,2018,Jharkhand,20,Dhanbad,325,Dhanbad Railway,0,0,0,4,0,0.0,1,0,0,1,0,0,0.0,2,0,5,1,2
1130,2018,Jharkhand,20,Dumka,326,Dumka,0,0,7,8,5,3.0,0,0,0,4,6,2,1.0,6,7,16,4,15
1131,2018,Jharkhand,20,Garhwa,328,Garhwa,0,3,2,1,0,1.0,0,0,0,2,2,5,0.0,0,5,2,2,7
1132,2018,Jharkhand,20,Giridih,329,Giridih,1,4,8,2,4,5.0,2,0,1,8,10,2,1.0,2,13,13,9,15
1133,2018,Jharkhand,20,Godda,330,Godda,0,0,0,0,0,0.0,0,0,1,3,0,0,0.0,0,0,0,4,0
1134,2018,Jharkhand,20,Gumla,331,Gumla,0,3,1,1,1,0.0,0,0,5,21,2,0,0.0,0,4,2,26,2
1135,2018,Jharkhand,20,Hazaribagh,332,Hazaribagh,0,12,6,5,3,4.0,3,0,7,17,11,5,2.0,1,18,15,24,19
1136,2018,Jharkhand,20,East Singhbum,327,Jamshedpur,0,5,6,4,4,4.0,0,0,4,4,4,0,0.0,1,11,12,8,5
1137,2018,Jharkhand,20,East Singhbum,327,Jamshedpur Railway,0,0,0,0,0,2.0,0,0,0,0,1,0,0.0,1,0,2,0,2
1138,2018,Jharkhand,20,Jamtara,333,Jamtara,0,0,0,0,0,0.0,0,0,0,0,0,0,0.0,0,0,0,0,0
1139,2018,Jharkhand,20,Khunti,606,Khunti,0,2,8,2,1,1.0,0,0,10,14,6,0,0.0,0,10,4,24,6
1140,2018,Jharkhand,20,Koderma,334,Koderma,0,0,0,0,0,0.0,0,0,0,0,0,0,0.0,0,0,0,0,0
1141,2018,Jharkhand,20,Latehar,335,Latehar,0,4,0,4,3,0.0,2,0,3,0,5,0,1.0,0,4,9,3,6
1142,2018,Jharkhand,20,Lohardaga,336,Lohardagga,1,6,1,3,0,0.0,0,0,0,1,2,0,0.0,0,8,3,1,2
1143,2018,Jharkhand,20,Pakur,337,Pakur,0,1,0,2,0,0.0,0,0,1,1,0,0,0.0,0,1,2,2,0
1144,2018,Jharkhand,20,Palamu,338,Palamu,0,12,9,5,6,3.0,3,0,4,12,15,0,0.0,2,21,17,16,17
1145,2018,Jharkhand,20,Ramgarh,607,Ramgarh,0,0,1,1,1,0.0,0,0,0,2,1,0,0.0,0,1,2,2,1
1146,2018,Jharkhand,20,Ranchi,339,Ranchi,0,9,13,32,18,10.0,0,0,12,21,29,32,10.0,0,22,60,33,71
1147,2018,Jharkhand,20,Sahebganj,340,Sahebganj,0,0,0,0,0,0.0,0,0,0,0,0,0,0.0,0,0,0,0,0
1148,2018,Jharkhand,20,Saraikela Kharsawan,341,Saraikela,0,0,0,0,0,0.0,0,0,0,0,0,0,0.0,0,0,0,0,0
1149,2018,Jharkhand,20,Simdega,342,Simdega,0,2,0,0,1,0.0,0,0,1,0,1,0,0.0,0,2,1,1,1
1150,2018,Karnataka,29,Bagalkote,524,Bagalkot,1,1,0,15,12,3.0,5,0,0,0,74,11,2.0,0,2,35,0,87
1151,2018,Karnataka,29,Bengaluru Urban,525,Bengaluru City,88,85,101,501,783,425.0,220,102,81,298,1877,716,183.0,125,274,1929,481,2901
1152,2018,Karnataka,29,Bengaluru Urban,525,Bengaluru District,12,4,8,53,99,53.0,35,13,12,44,316,118,28.0,17,24,240,69,479
1153,2018,Karnataka,29,Belagavi,527,Belagavi District,2,0,18,46,43,23.0,15,1,0,19,163,37,5.0,1,20,127,20,206
1154,2018,Karnataka,29,Ballari,528,Ballari,4,12,3,41,45,2.0,7,2,5,5,119,17,9.0,1,19,95,12,146
1155,2018,Karnataka,29,Bidar,529,Bidar,0,0,1,8,12,7.0,2,0,0,0,62,12,2.0,2,1,29,0,78
1156,2018,Karnataka,29,Vijayapura,530,Vijayapura,0,3,12,37,19,10.0,8,1,8,0,94,8,3.0,5,15,74,9,110
1157,2018,Karnataka,29,Chikkaballapura,630,Chikkaballapura,8,7,3,15,36,22.0,12,4,4,3,187,47,2.0,4,18,85,11,240
1158,2018,Karnataka,29,Chamarajanagara,531,Chamarajnagar,1,3,1,12,11,12.0,10,3,2,2,66,22,4.0,2,5,45,7,94
1159,2018,Karnataka,29,Chikkamagaluru,532,Chikkamagaluru,4,3,4,26,18,14.0,10,0,4,0,102,12,3.0,6,11,68,4,123
1160,2018,Karnataka,29,Chitradurga,533,Chitradurga,0,0,1,29,31,20.0,9,1,0,0,121,47,8.0,10,1,89,1,186
1161,2018,Karnataka,29,Dakshina Kannada,534,Dakshina Kannada,3,1,2,12,27,19.0,9,1,3,1,53,17,4.0,5,6,67,5,79
1162,2018,Karnataka,29,Davangere,535,Davanagere,0,2,12,59,54,2.0,1,0,2,5,208,82,0.0,0,14,116,7,290
1163,2018,Karnataka,29,Dharwad,536,Dharwad,0,0,0,7,18,8.0,2,0,0,0,46,7,1.0,2,0,35,0,56
1164,2018,Karnataka,29,Gadag,537,Gadag,0,0,1,14,4,4.0,5,0,0,0,43,15,2.0,2,1,27,0,62
1165,2018,Karnataka,29,Kalaburagi,538,Kalaburgi,0,0,0,23,16,6.0,7,0,0,0,77,9,0.0,2,0,52,0,88
1166,2018,Karnataka,29,Hassan,539,Hassan,5,10,1,24,52,40.0,19,9,7,1,200,61,15.0,6,16,135,17,282
1167,2018,Karnataka,29,Haveri,540,Haveri,0,0,10,9,24,12.0,8,0,0,9,90,28,2.0,1,10,53,9,121
1168,2018,Karnataka,29,Dharwad,536,Hubballi Dharwad City,4,2,1,11,25,12.0,10,1,2,1,72,8,5.0,1,7,58,4,86
1169,2018,Karnataka,29,Belagavi,527,K.G.F.,2,1,0,8,7,4.0,1,1,1,0,57,8,0.0,0,3,20,2,65
1170,2018,Karnataka,29,Kodagu,541,Kodagu,0,2,9,9,33,25.0,12,0,2,29,51,24,8.0,6,11,79,31,89
1171,2018,Karnataka,29,Kolar,542,Kolar,6,4,1,23,12,8.0,3,7,6,1,136,13,4.0,1,11,46,14,154
1172,2018,Karnataka,29,Koppal,543,Koppal,0,0,0,11,16,5.0,3,0,0,0,56,7,2.0,2,0,35,0,67
1173,2018,Karnataka,29,Mandya,544,Mandya,12,7,0,30,61,39.0,37,17,14,0,275,84,22.0,15,19,167,31,396
1174,2018,Karnataka,29,Dakshina Kannada,534,Mangaluru City,2,0,0,56,46,9.0,9,0,2,1,69,17,1.0,3,2,120,3,90
1175,2018,Karnataka,29,Mysuru,545,Mysuru City,7,9,39,74,61,29.0,28,8,7,59,198,36,11.0,17,55,192,74,262
1176,2018,Karnataka,29,Mysuru,545,Mysuru District,0,0,25,114,53,3.0,0,0,0,21,300,22,0.0,0,25,170,21,322
1177,2018,Karnataka,29,Raichur,546,Raichur,2,3,0,24,14,7.0,4,0,0,1,69,7,2.0,3,5,49,1,81
1178,2018,Karnataka,29,Bengaluru Urban,525,K.Railways,3,1,1,1,3,1.0,4,0,0,0,9,1,0.0,1,5,9,0,11
1179,2018,Karnataka,29,Ramanagara,631,Ramanagara,9,14,9,65,80,30.0,9,6,4,17,125,96,115.0,23,32,184,27,359
1180,2018,Karnataka,29,Shivamogga,547,Shimoga,0,0,34,88,56,41.0,22,0,0,34,355,37,13.0,6,34,207,34,411
1181,2018,Karnataka,29,Tumakuru,548,Tumakuru,6,5,0,43,45,26.0,24,17,8,0,276,21,9.0,4,11,138,25,310
1182,2018,Karnataka,29,Udupi,549,Udupi,0,2,4,20,33,18.0,14,1,0,6,44,16,3.0,3,6,85,7,66
1183,2018,Karnataka,29,Uttara Kannada,550,Uttara Kannada,5,0,0,17,36,28.0,6,5,2,1,86,36,6.0,1,5,87,8,129
1184,2018,Karnataka,29,Yadgir,635,Yadgiri,0,0,5,7,7,4.0,0,0,1,1,27,3,0.0,2,5,18,2,32
1185,2018,Karnataka,29,Belagavi,527,Belagavi City,0,0,4,19,25,11.0,12,0,0,10,55,7,1.0,0,4,67,10,63
1186,2018,Kerala,32,Alappuzha,554,Alapuzha,8,5,21,88,60,49.0,17,6,4,41,415,63,19.0,17,34,214,51,514
1187,2018,Kerala,32,Ernakulam,555,Ernakulam Commr.,6,6,23,62,55,35.0,21,7,9,38,262,45,68.0,14,35,173,54,389
1188,2018,Kerala,32,Ernakulam,555,Ernakulam Rural,5,15,39,84,54,31.0,14,1,9,45,355,64,25.0,6,59,183,55,450
1189,2018,Kerala,32,Idukki,556,Idukki,6,15,10,62,46,24.0,14,1,8,29,162,37,11.0,1,31,146,38,211
1190,2018,Kerala,32,Kannur,557,Kannur,4,6,20,45,46,23.0,19,5,4,27,193,46,5.0,2,30,133,36,246
1191,2018,Kerala,32,Kasaragod,558,Kasargod,0,15,13,23,33,19.0,11,0,7,30,99,31,1.0,2,28,86,37,133
1192,2018,Kerala,32,Kollam,559,Kollam Commr.,12,12,48,27,32,57.0,25,9,18,41,363,103,21.0,5,72,141,68,492
1193,2018,Kerala,32,Kollam,559,Kollam Rural,18,19,33,27,60,54.0,31,18,11,21,320,90,21.0,31,70,172,50,462
1194,2018,Kerala,32,Kottayam,560,Kottayam,0,1,18,55,52,31.0,11,2,5,45,290,122,20.0,9,19,149,52,441
1195,2018,Kerala,32,Kozhikode,561,Kozhikode Commr.,0,8,36,47,29,27.0,14,0,15,36,95,13,4.0,2,44,117,51,114
1196,2018,Kerala,32,Kozhikode,561,Kozhikode Rural,2,12,37,61,42,30.0,13,5,4,33,275,35,8.0,2,51,146,42,320
1197,2018,Kerala,32,Malappuram,562,Malappuram,9,25,53,84,59,25.0,14,5,11,55,273,28,0.0,1,87,182,71,302
1198,2018,Kerala,32,Palakkad,563,Palakkad,17,21,30,28,81,67.0,35,21,21,44,299,132,18.0,10,68,211,86,459
1199,2018,Kerala,32,Pathanamthitta,564,Pathanamthitta,3,19,12,23,20,18.0,37,6,8,22,212,45,14.0,3,34,98,36,274
1200,2018,Kerala,32,Thiruvananthapuram,565,Railways,0,0,0,7,7,2.0,5,0,0,0,4,0,0.0,0,0,21,0,4
1201,2018,Kerala,32,Thrissur,566,Thrissur Commr.,11,11,41,58,61,53.0,33,10,19,51,348,53,18.0,10,63,205,80,429
1202,2018,Kerala,32,Thrissur,566,Thrissur Rural,7,10,30,42,43,45.0,21,3,16,47,275,52,12.0,8,47,151,66,347
1203,2018,Kerala,32,Thiruvananthapuram,565,Trivandrum Commr.,3,12,22,45,36,26.0,22,8,11,48,264,25,8.0,9,37,129,67,306
1204,2018,Kerala,32,Thiruvananthapuram,565,Trivandrum Rural,20,27,45,70,68,81.0,58,15,18,65,557,165,40.0,28,92,277,98,790
1205,2018,Kerala,32,Wayanad,567,Wayanadu,3,1,5,14,15,10.0,10,5,8,16,57,24,5.0,0,9,49,29,86
1206,2018,Kerala,32,Thiruvananthapuram,565,Crime Branch,0,0,0,0,1,1.0,1,0,0,0,1,1,1.0,0,0,3,0,3
1207,2018,Madhya Pradesh,23,Agar Malwa,667,Agar,0,4,3,16,14,8.0,2,0,3,25,75,26,1.0,0,7,40,28,102
1208,2018,Madhya Pradesh,23,Alirajpur,639,Alirajpur,2,2,3,10,10,6.0,0,0,10,65,192,58,8.0,0,7,26,75,258
1209,2018,Madhya Pradesh,23,Anuppur,390,Anuppur,1,8,12,38,10,13.0,6,2,14,102,211,48,5.0,3,21,67,118,267
1210,2018,Madhya Pradesh,23,Ashoknagar,391,Ashok Nagar,0,7,17,38,19,11.0,11,0,12,91,119,25,6.0,3,24,79,103,153
1211,2018,Madhya Pradesh,23,Balaghat,392,Balaghat,0,13,17,99,64,29.0,23,0,5,118,498,73,15.0,7,30,215,123,593
1212,2018,Madhya Pradesh,23,Barwani,393,Barwani,0,8,4,35,29,19.0,4,1,10,45,196,63,12.0,2,12,87,56,273
1213,2018,Madhya Pradesh,23,Betul,394,Betul,6,29,25,96,108,49.0,24,7,34,182,461,166,22.0,7,60,277,223,656
1214,2018,Madhya Pradesh,23,Bhind,395,Bhind,1,23,28,55,16,12.0,3,1,11,69,151,29,1.0,2,52,86,81,183
1215,2018,Madhya Pradesh,23,Bhopal,396,Bhopal,4,108,92,273,287,149.0,43,1,72,210,661,329,58.0,22,204,752,283,1070
1216,2018,Madhya Pradesh,23,Bhopal,396,Bhopal Railway,2,4,2,25,12,12.0,12,0,2,12,37,12,0.0,2,8,61,14,51
1217,2018,Madhya Pradesh,23,Burhanpur,397,Burhanpur,1,3,7,35,27,13.0,9,2,5,36,100,18,4.0,1,11,84,43,123
1218,2018,Madhya Pradesh,23,Chhatarpur,398,Chhatarpur,1,32,31,84,45,28.0,6,0,42,142,247,92,21.0,2,64,163,184,362
1219,2018,Madhya Pradesh,23,Chhindwara,399,Chhindwara,0,2,6,10,9,4.0,1,0,0,21,47,24,2.0,0,8,24,21,73
1220,2018,Madhya Pradesh,23,Damoh,400,Damoh,0,18,17,54,53,28.0,15,1,18,93,206,119,13.0,2,35,150,112,340
1221,2018,Madhya Pradesh,23,Datia,401,Datia,0,5,9,39,19,9.0,2,0,5,40,115,24,3.0,2,14,69,45,144
1222,2018,Madhya Pradesh,23,Dewas,402,Dewas,0,5,27,1,0,0.0,0,0,76,22,0,0,0.0,0,32,1,98,0
1223,2018,Madhya Pradesh,23,Dhar,403,Dhar,1,22,17,126,66,32.0,10,1,27,291,702,128,18.0,9,40,234,319,857
1224,2018,Madhya Pradesh,23,Dindori,404,Dindori,0,5,8,12,25,12.0,3,1,12,57,114,47,5.0,0,13,52,70,166
1225,2018,Madhya Pradesh,23,Guna,406,Guna,0,11,18,48,45,30.0,6,0,13,106,224,81,10.0,5,29,129,119,320
1226,2018,Madhya Pradesh,23,Gwalior,407,Gwalior,4,72,77,334,194,66.0,31,0,43,173,582,157,21.0,16,153,625,216,776
1227,2018,Madhya Pradesh,23,Harda,408,Harda,5,15,24,79,45,11.0,11,6,17,116,288,77,12.0,5,44,146,139,382
1228,2018,Madhya Pradesh,23,Narmadapuram,409,Hoshangabad,0,28,24,131,78,39.0,27,0,19,145,450,78,9.0,8,52,275,164,545
1229,2018,Madhya Pradesh,23,Indore,410,Indore,3,105,122,619,206,114.0,77,4,103,486,1497,276,43.0,49,230,1016,593,1865
1230,2018,Madhya Pradesh,23,Indore,410,Indore Railway,0,0,1,6,1,1.0,0,0,0,1,10,6,1.0,1,1,8,1,18
1231,2018,Madhya Pradesh,23,Jabalpur,411,Jabalpur,2,69,79,282,317,175.0,59,0,61,306,851,361,71.0,30,150,833,367,1313
1232,2018,Madhya Pradesh,23,Jabalpur,411,Jabalpur Railway,0,0,2,14,10,2.0,5,0,1,5,33,10,3.0,5,2,31,6,51
1233,2018,Madhya Pradesh,23,Jhabua,412,Jhabua,2,9,7,43,13,6.0,2,0,41,157,345,59,2.0,1,18,64,198,407
1234,2018,Madhya Pradesh,23,Katni,413,Katni,2,14,44,79,64,31.0,18,2,16,150,319,140,20.0,5,60,192,168,484
1235,2018,Madhya Pradesh,23,Indore,410,Khandwa,0,5,13,70,36,23.0,18,1,13,136,397,85,12.0,2,18,147,150,496
1236,2018,Madhya Pradesh,23,Khargone,414,Khargone,30,30,15,85,54,26.0,10,16,32,198,496,112,12.0,1,75,175,246,621
1237,2018,Madhya Pradesh,23,Mandla,415,Mandla,1,11,8,33,33,17.0,4,9,13,88,158,75,21.0,4,20,87,110,258
1238,2018,Madhya Pradesh,23,Mandsaur,416,Mandsaur,0,8,20,135,40,24.0,0,2,12,96,286,126,29.0,1,28,199,110,442
1239,2018,Madhya Pradesh,23,Morena,417,Morena,1,23,35,48,51,28.0,7,0,8,67,127,77,13.0,7,59,134,75,224
1240,2018,Madhya Pradesh,23,Narsinghpur,418,Narsinghpur,0,3,23,131,69,21.0,17,0,8,102,346,74,9.0,5,26,238,110,434
1241,2018,Madhya Pradesh,23,Neemuch,419,Neemuch,0,1,1,55,28,9.0,2,0,4,31,224,28,5.0,1,2,94,35,258
1242,2018,Madhya Pradesh,23,Panna,420,Panna,0,2,15,38,19,4.0,0,0,10,79,119,61,3.0,0,17,61,89,183
1243,2018,Madhya Pradesh,23,Raisen,421,Raisen,23,0,28,52,75,65.0,25,15,91,93,160,130,91.0,74,51,217,199,455
1244,2018,Madhya Pradesh,23,Rajgarh,422,Rajgarh,1,8,9,50,38,16.0,10,0,4,95,228,60,5.0,3,18,114,99,296
1245,2018,Madhya Pradesh,23,Ratlam,423,Ratlam,0,7,16,116,99,39.0,2,0,15,196,407,196,86.0,3,23,256,211,692
1246,2018,Madhya Pradesh,23,Rewa,424,Rewa,0,0,12,45,43,1.0,0,0,35,105,100,16,16.0,0,12,89,140,132
1247,2018,Madhya Pradesh,23,Sagar,425,Sagar,1,24,73,231,105,38.0,33,2,21,274,653,116,19.0,8,98,407,297,796
1248,2018,Madhya Pradesh,23,Satna,426,Satna,6,67,89,203,194,104.0,60,3,62,337,907,438,63.0,28,162,561,402,1436
1249,2018,Madhya Pradesh,23,Seoni,428,Seoni,0,5,17,91,42,16.0,7,2,31,116,388,49,9.0,6,22,156,149,452
1250,2018,Madhya Pradesh,23,Shahdol,429,Shahdol,0,38,28,85,44,17.0,4,0,20,137,308,62,7.0,2,66,150,157,379
1251,2018,Madhya Pradesh,23,Shajapur,430,Shajapur,0,4,9,45,20,13.0,7,0,4,59,183,36,11.0,4,13,85,63,234
1252,2018,Madhya Pradesh,23,Sheopur,431,Sheopur,0,7,11,13,15,2.0,0,1,0,18,55,15,2.0,0,18,30,19,72
1253,2018,Madhya Pradesh,23,Shivpuri,432,Shivpuri,1,21,23,43,48,25.0,13,0,10,98,166,115,17.0,3,45,129,108,301
1254,2018,Madhya Pradesh,23,Sidhi,433,Sidhi,2,29,22,39,11,3.0,4,0,23,97,209,36,11.0,6,53,57,120,262
1255,2018,Madhya Pradesh,23,Sehore,427,Sehore,2,17,26,71,67,35.0,16,5,16,100,260,101,10.0,0,45,189,121,371
1256,2018,Madhya Pradesh,23,Singrauli,638,Singrauli,0,5,20,30,23,20.0,7,0,8,58,99,56,11.0,3,25,80,66,169
1257,2018,Madhya Pradesh,23,Tikamgarh,434,Tikamgarh,1,25,13,38,25,8.0,3,0,26,137,139,52,4.0,2,39,74,163,197
1258,2018,Madhya Pradesh,23,Ujjain,435,Ujjain,2,35,29,178,104,48.0,25,4,39,126,544,112,17.0,5,66,355,169,678
1259,2018,Madhya Pradesh,23,Umaria,436,Umaria,0,12,7,27,30,6.0,0,0,12,51,76,57,19.0,0,19,63,63,152
1260,2018,Madhya Pradesh,23,Vidisha,437,Vidisha,1,5,57,73,72,46.0,13,1,7,128,236,110,17.0,2,63,204,136,365
1261,2018,Madhya Pradesh,23,Cyber Crime Cell,9999,Cyber Crime Cell,0,0,0,0,0,0.0,0,0,0,0,0,0,0.0,0,0,0,0,0
1262,2018,Maharashtra,27,Cyber Crime Cell,466,Ahmednagar,43,20,3,259,270,152.0,59,35,17,2,754,350,60.0,29,66,740,54,1193
1263,2018,Maharashtra,27,Cyber Crime Cell,467,Akola,8,8,0,59,116,81.0,33,12,8,1,262,90,23.0,7,16,289,21,382
1264,2018,Maharashtra,27,Cyber Border Range,468,Amravati Commr.,0,0,0,130,97,52.0,36,0,0,0,246,66,14.0,8,0,315,0,334
1265,2018,Maharashtra,27,Cyber Crime Cell,468,Amravati Rural,1,1,0,59,108,83.0,31,2,2,0,361,135,28.0,12,2,281,4,536
1266,2018,Maharashtra,27,Aurangabad,469,Aurangabad Commr.,0,0,0,210,233,108.0,36,0,1,0,364,193,34.0,16,0,587,1,607
1267,2018,Maharashtra,27,Aurangabad,469,Aurangabad Rural,0,0,3,39,55,37.0,10,0,0,0,94,48,10.0,3,3,141,0,155
1268,2018,Maharashtra,27,Beed,470,Beed,2,0,0,42,38,25.0,13,1,2,0,97,75,12.0,3,2,118,3,187
1269,2018,Maharashtra,27,Bhandara,471,Bhandara,0,0,0,99,69,34.0,18,0,0,0,405,62,11.0,8,0,220,0,486
1270,2018,Maharashtra,27,Buldhana,472,Buldhana,12,10,14,131,103,38.0,11,10,7,55,230,61,14.0,11,36,283,72,316
1271,2018,Maharashtra,27,Chandrapur,473,Chandrapur,0,0,0,261,180,58.0,14,0,0,0,419,282,73.0,19,0,513,0,793
1272,2018,Maharashtra,27,Dhule,474,Dhule,3,1,0,78,112,62.0,24,0,0,0,256,101,17.0,8,4,276,0,382
1273,2018,Maharashtra,27,Gadchiroli,475,Gadchiroli,1,0,0,37,30,20.0,8,1,1,0,158,41,7.0,2,1,95,2,208
1274,2018,Maharashtra,27,Gondia,476,Gondia,0,0,0,55,79,52.0,6,0,0,0,281,88,18.0,4,0,192,0,391
1275,2018,Maharashtra,27,Hingoli,477,Hingoli,0,0,0,34,32,9.0,7,0,0,1,65,34,3.0,1,0,82,1,103
1276,2018,Maharashtra,27,Jalgaon,478,Jalgaon,57,12,16,223,186,94.0,17,37,10,8,331,247,169.0,29,85,520,55,776
1277,2018,Maharashtra,27,Jalna,479,Jalna,0,0,0,40,31,12.0,4,0,0,0,73,51,11.0,2,0,87,0,137
1278,2018,Maharashtra,27,Kolhapur,480,Kolhapur,33,32,9,263,193,99.0,67,28,19,90,822,110,16.0,28,74,622,137,976
1279,2018,Maharashtra,27,Latur,481,Latur,0,0,0,105,63,22.0,14,0,0,29,290,52,17.0,8,0,204,29,367
1280,2018,Maharashtra,27,Mumbai,482,Mumbai Commr.,4,0,0,1460,1859,1010.0,450,1,0,0,2911,1620,405.0,264,4,4779,1,5200
1281,2018,Maharashtra,27,Mumbai,482,Mumbai Railway,2,1,0,28,50,33.0,16,0,1,2,55,25,1.0,4,3,127,3,85
1282,2018,Maharashtra,27,Nagpur,484,Nagpur Commr.,0,0,0,406,542,352.0,153,0,0,0,846,522,180.0,97,0,1453,0,1645
1283,2018,Maharashtra,27,Nagpur,484,Nagpur Railway,0,0,0,11,11,2.0,2,0,0,0,12,0,2.0,0,0,26,0,14
1284,2018,Maharashtra,27,Nagpur,484,Nagpur Rural,0,0,2,107,161,97.0,33,0,0,0,399,161,41.0,12,2,398,0,613
1285,2018,Maharashtra,27,Nanded,485,Nanded,0,0,0,105,114,51.0,27,0,0,0,226,89,15.0,15,0,297,0,345
1286,2018,Maharashtra,27,Nandurbar,486,Nandurbar,9,5,4,58,23,13.0,11,0,1,0,110,49,8.0,3,18,105,1,170
1287,2018,Maharashtra,27,Nashik,487,Nasik Commr.,0,1,0,229,273,126.0,58,0,1,0,556,235,48.0,22,1,686,1,861
1288,2018,Maharashtra,27,Nashik,487,Nasik Rural,2,12,25,180,245,80.0,70,3,3,241,201,372,116.0,75,39,575,247,764
1289,2018,Maharashtra,27,Mumbai Suburban,483,Navi Mumbai,30,17,1,208,361,168.0,85,18,16,4,588,334,54.0,39,48,822,38,1015
1290,2018,Maharashtra,27,Osmanabad,488,Osmanabad,4,5,0,53,75,42.0,15,2,2,2,160,78,15.0,7,9,185,6,260
1291,2018,Maharashtra,27,Palghar,665,Palghar,63,35,2,262,300,159.0,70,71,35,2,664,389,73.0,22,100,791,108,1148
1292,2018,Maharashtra,27,Parbhani,489,Parbhani,0,1,3,58,73,39.0,21,0,2,3,137,61,10.0,4,4,191,5,212
1293,2018,Maharashtra,27,Pune,490,Pune Commr.,5,5,1,622,833,452.0,177,2,2,3,1457,802,163.0,75,11,2084,7,2497
1294,2018,Maharashtra,27,Pune,490,Pune Railway,1,1,0,8,9,3.0,7,1,0,0,15,3,0.0,4,2,27,1,22
1295,2018,Maharashtra,27,Pune,490,Pune Rural,45,24,10,269,422,229.0,90,21,30,0,901,468,87.0,39,79,1010,51,1495
1296,2018,Maharashtra,27,Raigad,491,Raigad,7,8,4,102,104,46.0,22,5,9,25,259,44,14.0,9,19,274,39,326
1297,2018,Maharashtra,27,Ratnagiri,492,Ratnagiri,4,5,3,35,78,48.0,28,10,7,7,174,94,26.0,10,12,189,24,304
1298,2018,Maharashtra,27,Sangli,493,Sangli,15,19,2,146,202,129.0,41,8,11,0,489,238,44.0,13,36,518,19,784
1299,2018,Maharashtra,27,Satara,494,Satara,8,10,0,110,176,111.0,56,5,8,1,613,265,51.0,30,18,453,14,959
1300,2018,Maharashtra,27,Sindhudurg,495,Sindhudurg,6,5,1,15,37,25.0,15,1,2,0,71,29,2.0,6,12,92,3,108
1301,2018,Maharashtra,27,Solapur,496,Solapur Commr.,11,6,2,70,97,55.0,29,4,8,6,216,95,28.0,10,19,251,18,349
1302,2018,Maharashtra,27,Solapur,496,Solapur Rural,0,0,0,142,158,87.0,44,0,0,0,420,205,33.0,23,0,431,0,681
1303,2018,Maharashtra,27,Thane,497,Thane Commr.,0,0,0,574,805,430.0,180,0,0,0,1452,656,160.0,84,0,1989,0,2352
1304,2018,Maharashtra,27,Thane,497,Thane Rural,2,2,1,150,218,105.0,47,3,3,2,401,200,34.0,20,5,520,8,655
1305,2018,Maharashtra,27,Wardha,498,Wardha,0,0,2,57,125,96.0,32,0,0,0,328,165,49.0,17,2,310,0,559
1306,2018,Maharashtra,27,Washim,499,Washim,0,0,0,43,82,32.0,5,0,0,2,122,67,13.0,4,0,162,2,206
1307,2018,Maharashtra,27,Yavatmal,500,Yavatmal,1,1,0,85,173,101.0,34,0,2,0,419,212,37.0,16,2,393,2,684
1308,2018,Maharashtra,27,Pune,490,Pimpri Chinchwad City,0,0,0,74,135,49.0,276,0,0,0,210,101,0.0,5,0,534,0,316
1309,2018,Maharashtra,27,Aurangabad,469,Aurangabad Railway,0,0,0,13,6,3.0,3,0,0,0,18,3,2.0,6,0,25,0,29
1310,2018,Manipur,14,Bishnupur,252,Bishnupur,1,6,1,5,0,3.0,0,1,0,3,4,1,1.0,1,8,8,4,7
1311,2018,Manipur,14,Chandel,253,Chandel,0,2,1,0,0,0.0,0,0,0,1,0,0,0.0,0,3,0,1,0
1312,2018,Manipur,14,Churachandpur,254,Churachandpur,0,0,0,0,0,0.0,0,0,0,0,0,0,0.0,0,0,0,0,0
1313,2018,Manipur,14,Imphal West,256,Cid,0,0,0,0,0,0.0,0,0,0,0,0,0,0.0,0,0,0,0,0
1314,2018,Manipur,14,Imphal East,255,Imphal East,0,9,7,15,11,2.0,2,1,1,19,28,26,9.0,1,16,30,21,64
1315,2018,Manipur,14,Imphal West,256,Imphal West,0,0,7,16,6,2.0,1,1,1,3,7,4,3.0,0,7,25,5,14
1316,2018,Manipur,14,Senapati,257,Senapati,0,0,0,3,0,2.0,0,0,0,0,1,0,0.0,0,0,5,0,1
1317,2018,Manipur,14,Tamenglong,258,Tamenglong,0,0,0,0,0,0.0,0,0,0,0,0,0,0.0,0,0,0,0,0
1318,2018,Manipur,14,Thoubal,259,Thoubal,1,4,7,7,5,1.0,0,1,2,5,17,16,2.0,1,12,13,8,36
1319,2018,Manipur,14,Ukhrul,260,Ukhrul,0,0,0,0,0,0.0,0,0,0,0,0,0,0.0,0,0,0,0,0
1320,2018,Meghalaya,17,East Garo Hills,273,Garo Hills East,0,0,0,0,0,0.0,0,0,0,0,0,0,0.0,0,0,0,0,0
1321,2018,Meghalaya,17,North Garo Hills,656,Garo Hills North,0,0,4,2,0,0.0,0,0,0,6,4,0,0.0,0,4,2,6,4
1322,2018,Meghalaya,17,South Garo Hills,277,Garo Hills South,0,0,0,0,0,0.0,0,0,0,0,0,0,0.0,0,0,0,0,0
1323,2018,Meghalaya,17,South West Garo Hills,663,Garo Hills South West,0,0,0,1,1,0.0,0,0,0,6,0,1,0.0,1,0,2,6,2
1324,2018,Meghalaya,17,West Garo Hills,278,Garo Hills West,2,0,0,1,2,2.0,0,2,3,5,5,5,1.0,0,2,5,10,11
1325,2018,Meghalaya,17,West Jaintia Hills,275,Jaintia Hills West,0,2,0,3,3,1.0,0,0,2,7,5,0,0.0,0,2,7,9,5
1326,2018,Meghalaya,17,East Jaintia Hills,657,Jaintia Hills East,0,0,1,1,0,0.0,0,0,2,5,1,0,0.0,0,1,1,7,1
1327,2018,Meghalaya,17,East Khasi Hills,274,Khasi Hills East,0,12,22,22,26,10.0,2,0,2,28,47,16,3.0,1,34,60,30,67
1328,2018,Meghalaya,17,South West Khasi Hills,658,Khasi Hills South West,0,0,0,0,0,0.0,0,0,0,0,0,0,0.0,0,0,0,0,0
1329,2018,Meghalaya,17,West Khasi Hills,279,Khasi Hills West,0,0,0,0,0,0.0,0,0,0,0,0,0,0.0,0,0,0,0,0
1330,2018,Meghalaya,17,Ri Bhoi,276,Ri-Bhoi,1,1,3,1,2,2.0,0,0,1,1,3,2,0.0,1,5,5,2,6
1331,2018,Meghalaya,17,East Khasi Hills,274,Cyber Cell,0,0,0,0,0,0.0,0,0,0,0,0,0,0.0,0,0,0,0,0
1332,2018,Mizoram,15,Aizawl,261,Aizawl,0,0,0,0,0,0.0,0,0,0,0,0,0,0.0,0,0,0,0,0
1333,2018,Mizoram,15,Champhai,262,Champhai,0,3,0,0,0,0.0,0,0,0,0,0,0,0.0,0,3,0,0,0
1334,2018,Mizoram,15,Kolasib,263,Kolasib,0,0,0,0,0,0.0,0,0,0,0,0,0,0.0,0,0,0,0,0
1335,2018,Mizoram,15,Lawngtlai,264,Lawngtlai,0,0,0,0,0,0.0,0,0,0,0,0,0,0.0,0,0,0,0,0
1336,2018,Mizoram,15,Lunglei,265,Lunglei,0,0,0,0,0,0.0,0,0,0,0,0,0,0.0,0,0,0,0,0
1337,2018,Mizoram,15,Mamit,266,Mamit,0,0,0,0,0,0.0,0,0,0,0,0,0,0.0,0,0,0,0,0
1338,2018,Mizoram,15,Saiha,267,Saiha,0,0,0,0,0,0.0,0,0,0,0,0,0,0.0,0,0,0,0,0
1339,2018,Mizoram,15,Serchhip,268,Serchhip,0,0,0,0,0,0.0,0,0,0,0,0,0,0.0,0,0,0,0,0
1340,2018,Mizoram,15,Aizawl,261,Spl Narcotic,0,0,0,0,0,0.0,0,0,0,0,0,0,0.0,0,0,0,0,0
1341,2018,Nagaland,13,Dimapur,244,Dimapur,0,8,9,7,10,4.0,0,1,10,16,8,2,1.0,0,17,21,27,11
1342,2018,Nagaland,13,Kiphire,614,Kiphire,0,0,0,0,0,0.0,0,0,0,0,0,0,0.0,0,0,0,0,0
1343,2018,Nagaland,13,Kohima,245,Kohima,0,8,13,0,1,0.0,0,0,14,16,11,3,1.0,0,21,1,30,15
1344,2018,Nagaland,13,Longleng,615,Longleng,0,0,0,0,0,0.0,0,0,0,0,0,0,0.0,0,0,0,0,0
1345,2018,Nagaland,13,Mokokchung,246,Mokokchung,0,0,0,0,0,0.0,0,0,0,0,0,0,0.0,0,0,0,0,0
1346,2018,Nagaland,13,Mon,247,Mon,0,0,0,0,0,0.0,0,0,0,0,0,0,0.0,0,0,0,0,0
1347,2018,Nagaland,13,Peren,613,Peren,0,0,0,0,0,0.0,0,0,0,0,0,0,0.0,0,0,0,0,0
1348,2018,Nagaland,13,Phek,248,Phek,0,0,0,0,0,0.0,0,0,0,0,0,0,0.0,0,0,0,0,0
1349,2018,Nagaland,13,Tuensang,249,Tuensang,0,0,0,0,0,0.0,0,0,0,0,0,0,0.0,0,0,0,0,0
1350,2018,Nagaland,13,Wokha,250,Wokha,0,0,0,0,0,0.0,0,0,0,0,0,0,0.0,0,0,0,0,0
1351,2018,Nagaland,13,Zunheboto,251,Zunheboto,0,0,0,0,0,0.0,0,0,0,0,0,0,0.0,0,0,0,0,0
1352,2018,Odisha,21,Anugul,344,Angul,0,0,0,0,0,0.0,0,0,0,0,0,0,0.0,0,0,0,0,0
1353,2018,Odisha,21,Baleshwar,346,Balasore,0,0,0,0,0,0.0,0,0,0,0,0,0,0.0,0,0,0,0,0
1354,2018,Odisha,21,Bargarh,347,Baragarh,0,0,0,0,0,0.0,0,0,0,0,0,0,0.0,0,0,0,0,0
1355,2018,Odisha,21,Baleshwar,346,Berhampur,0,0,0,0,0,0.0,0,0,0,0,0,0,0.0,0,0,0,0,0
1356,2018,Odisha,21,Bhadrak,348,Bhadrak,0,0,0,0,0,0.0,0,0,0,0,0,0,0.0,0,0,0,0,0
1357,2018,Odisha,21,Balangir,345,Bolangir,0,0,0,0,0,0.0,0,0,0,0,0,0,0.0,0,0,0,0,0
1358,2018,Odisha,21,Boudh,349,Boudh,0,0,0,0,0,0.0,0,0,0,0,0,0,0.0,0,0,0,0,0
1359,2018,Odisha,21,Cuttack,350,Cuttack,0,0,0,0,0,0.0,0,0,0,0,0,0,0.0,0,0,0,0,0
1360,2018,Odisha,21,Khordha,362,Dcp Bbsr,0,0,0,0,0,0.0,0,0,0,0,0,0,0.0,0,0,0,0,0
1361,2018,Odisha,21,Cuttack,350,Dcp Ctc,0,0,0,0,0,0.0,0,0,0,0,0,0,0.0,0,0,0,0,0
1362,2018,Odisha,21,Deogarh,351,Deogarh,0,0,0,0,0,0.0,0,0,0,0,0,0,0.0,0,0,0,0,0
1363,2018,Odisha,21,Dhenkanal,352,Dhenkanal,0,0,0,0,0,0.0,0,0,0,0,0,0,0.0,0,0,0,0,0
1364,2018,Odisha,21,Gajapati,353,Gajapati,0,0,0,0,0,0.0,0,0,0,0,0,0,0.0,0,0,0,0,0
1365,2018,Odisha,21,Ganjam,354,Ganjam,0,0,0,0,0,0.0,0,0,0,0,0,0,0.0,0,0,0,0,0
1366,2018,Odisha,21,Jagatsinghapur,355,Jagatsinghpur,0,0,0,0,0,0.0,0,0,0,0,0,0,0.0,0,0,0,0,0
1367,2018,Odisha,21,Jajapur,356,Jajpur,0,0,0,0,0,0.0,0,0,0,0,0,0,0.0,0,0,0,0,0
1368,2018,Odisha,21,Jharsuguda,357,Jharsuguda,0,0,0,0,0,0.0,0,0,0,0,0,0,0.0,0,0,0,0,0
1369,2018,Odisha,21,Kalahandi,358,Kalahandi,0,0,0,0,0,0.0,0,0,0,0,0,0,0.0,0,0,0,0,0
1370,2018,Odisha,21,Kandhamal,359,Kandhamal,0,0,0,0,0,0.0,0,0,0,0,0,0,0.0,0,0,0,0,0
1371,2018,Odisha,21,Kendrapara,360,Kendrapara,0,0,0,0,0,0.0,0,0,0,0,0,0,0.0,0,0,0,0,0
1372,2018,Odisha,21,Kendujhar,361,Keonjhar,0,0,0,0,0,0.0,0,0,0,0,0,0,0.0,0,0,0,0,0
1373,2018,Odisha,21,Khordha,362,Khurda,0,0,0,0,0,0.0,0,0,0,0,0,0,0.0,0,0,0,0,0
1374,2018,Odisha,21,Koraput,363,Koraput,0,0,0,0,0,0.0,0,0,0,0,0,0,0.0,0,0,0,0,0
1375,2018,Odisha,21,Malkangiri,364,Malkangiri,0,0,0,0,0,0.0,0,0,0,0,0,0,0.0,0,0,0,0,0
1376,2018,Odisha,21,Mayurbhanj,365,Mayurbhanj,0,0,0,0,0,0.0,0,0,0,0,0,0,0.0,0,0,0,0,0
1377,2018,Odisha,21,Nayagarh,367,Nayagarh,0,0,0,0,0,0.0,0,0,0,0,0,0,0.0,0,0,0,0,0
1378,2018,Odisha,21,Nabarangpur,366,Nabarangpur,0,0,0,0,0,0.0,0,0,0,0,0,0,0.0,0,0,0,0,0
1379,2018,Odisha,21,Nuapada,368,Nuapada,0,0,0,0,0,0.0,0,0,0,0,0,0,0.0,0,0,0,0,0
1380,2018,Odisha,21,Puri,369,Puri,0,0,0,0,0,0.0,0,0,0,0,0,0,0.0,0,0,0,0,0
1381,2018,Odisha,21,Rayagada,370,Rayagada,0,0,0,0,0,0.0,0,0,0,0,0,0,0.0,0,0,0,0,0
1382,2018,Odisha,21,Sundargarh,373,Rourkela,0,0,0,0,0,0.0,0,0,0,0,0,0,0.0,0,0,0,0,0
1383,2018,Odisha,21,Sambalpur,371,Sambalpur,0,0,0,0,0,0.0,0,0,0,0,0,0,0.0,0,0,0,0,0
1384,2018,Odisha,21,Sonepur,372,Sonepur,0,0,0,0,0,0.0,0,0,0,0,0,0,0.0,0,0,0,0,0
1385,2018,Odisha,21,Cuttack,350,Srp(Cuttack),0,0,0,0,0,0.0,0,0,0,0,0,0,0.0,0,0,0,0,0
1386,2018,Odisha,21,Sundargarh,373,Srp(Rourkela),0,0,0,0,0,0.0,0,0,0,0,0,0,0.0,0,0,0,0,0
1387,2018,Odisha,21,Sundargarh,373,Sundargarh,0,0,0,0,0,0.0,0,0,0,0,0,0,0.0,0,0,0,0,0
1388,2018,Odisha,21,Cuttack,350,Cid Cb,32,278,141,1345,814,194.0,65,3,633,1239,5254,2141,847.0,76,451,2418,1875,8318
1389,2018,Punjab,3,Amritsar,27,Amritsar Rural,0,4,0,14,9,5.0,3,0,3,51,14,5,3.0,2,4,31,54,24
1390,2018,Punjab,3,Barnala,605,Barnala,0,0,0,10,5,8.0,0,0,0,12,5,2,4.0,1,0,23,12,12
1391,2018,Punjab,3,Gurdaspur,32,Batala,0,0,0,4,2,0.0,1,0,0,0,2,1,0.0,0,0,7,0,3
1392,2018,Punjab,3,Bathinda,28,Bathinda,0,4,2,14,11,7.0,5,0,0,1,5,3,4.0,0,6,37,1,12
1393,2018,Punjab,3,Amritsar,27,Cp Amritsar,1,7,5,57,37,7.0,10,4,10,47,49,14,8.0,3,13,111,61,74
1394,2018,Punjab,3,Jalandhar,34,Cp Jalandhar,0,0,0,100,68,36.0,23,0,0,0,187,55,9.0,3,0,227,0,254
1395,2018,Punjab,3,Ludhiana,36,Cp Ludhiana,10,64,42,58,45,11.0,6,6,47,58,99,18,1.0,0,116,120,111,118
1396,2018,Punjab,3,Faridkot,29,Faridkot,0,5,1,8,8,4.0,0,0,8,12,4,1,0.0,2,6,20,20,7
1397,2018,Punjab,3,Fatehgarh Sahib,30,Fatehgarh Sahib,0,3,2,15,14,4.0,8,0,1,3,16,7,2.0,3,5,41,4,28
1398,2018,Punjab,3,Fazilka,651,Fazilka,0,1,2,21,13,8.0,1,0,1,4,19,5,3.0,0,3,43,5,27
1399,2018,Punjab,3,Ferozepur,31,Ferozepur,0,2,2,30,19,18.0,10,0,1,37,28,6,4.0,2,4,77,38,40
1400,2018,Punjab,3,Patiala,41,Grp,0,0,0,2,2,3.0,1,0,2,2,1,2,1.0,0,0,8,4,4
1401,2018,Punjab,3,Gurdaspur,32,Gurdaspur,0,0,1,2,7,2.0,4,0,0,0,4,4,1.0,1,1,15,0,10
1402,2018,Punjab,3,Hoshiarpur,33,Hoshiarpur,1,3,6,21,39,35.0,24,0,6,52,105,46,12.0,4,10,119,58,167
1403,2018,Punjab,3,Jalandhar,34,Jalandhar Rural,4,7,7,29,22,16.0,9,4,7,8,71,22,7.0,2,18,76,19,102
1404,2018,Punjab,3,Kapurthala,35,Kapurthala,0,3,2,12,7,5.0,4,0,0,0,9,4,4.0,1,5,28,0,18
1405,2018,Punjab,3,Ludhiana,36,Khanna,2,0,0,20,18,16.0,6,1,0,2,12,10,5.0,2,2,60,3,29
1406,2018,Punjab,3,Ludhiana,36,Ludhiana Rural,0,0,0,2,8,2.0,4,0,0,0,1,2,1.0,0,0,16,0,4
1407,2018,Punjab,3,Mansa,37,Mansa,0,1,0,8,5,3.0,0,0,0,0,4,0,1.0,0,1,16,0,5
1408,2018,Punjab,3,Moga,38,Moga,0,0,0,14,18,7.0,7,0,0,0,8,12,2.0,1,0,46,0,23
1409,2018,Punjab,3,Sri Muktsar Sahib,39,Muktsar,2,2,2,27,18,10.0,2,1,1,1,19,6,2.0,1,6,57,3,28
1410,2018,Punjab,3,Pathankot,662,Pathankot,0,0,0,6,3,2.0,1,0,2,0,9,3,1.0,1,0,12,2,14
1411,2018,Punjab,3,Patiala,41,Patiala,4,6,3,26,28,18.0,10,2,4,8,33,13,4.0,2,13,82,14,52
1412,2018,Punjab,3,Rupnagar,42,Ropar,0,3,2,4,2,2.0,1,0,2,6,4,1,0.0,2,5,9,8,7
1413,2018,Punjab,3,Sangrur,43,Sangrur,1,1,5,6,4,3.0,2,2,0,52,15,4,2.0,1,7,15,54,22
1414,2018,Punjab,3,S.A.S Nagar,608,Sas Nagar,0,5,12,23,16,15.0,5,0,1,6,40,13,1.0,2,17,59,7,56
1415,2018,Punjab,3,Shahid Bhagat Singh Nagar,40,Sbs Nagar,0,1,2,5,11,3.0,4,0,0,4,19,9,1.0,2,3,23,4,31
1416,2018,Punjab,3,Tarn Taran,609,Tarn Taran,0,1,5,7,8,4.0,6,0,0,2,9,3,2.0,1,6,25,2,15
1417,2018,Punjab,3,S.A.S Nagar,608,Bureau Of Investigation,0,0,0,0,0,0.0,0,0,0,0,0,0,0.0,0,0,0,0,0
1418,2018,Punjab,3,S.A.S Nagar,608,Intelligence Wing,0,0,0,0,0,0.0,0,0,0,0,0,0,0.0,0,0,0,0,0
1419,2018,Punjab,3,S.A.S Nagar,608,Nri Wing,0,0,0,0,0,0.0,0,0,0,0,0,0,0.0,0,0,0,0,0
1420,2018,Punjab,3,Amritsar,27,Special Task Force,0,0,0,0,0,0.0,0,0,0,0,0,0,0.0,0,0,0,0,0
1421,2018,Rajasthan,8,Ajmer,86,Ajmer,0,6,14,66,55,15.0,3,1,7,27,265,41,8.0,2,20,139,35,316
1422,2018,Rajasthan,8,Alwar,87,Alwar,0,18,38,65,78,31.0,8,0,25,117,227,110,12.0,4,56,182,142,353
1423,2018,Rajasthan,8,Banswara,88,Banswara,0,3,3,26,11,11.0,2,1,3,8,118,48,16.0,0,6,50,12,182
1424,2018,Rajasthan,8,Baran,89,Baran,0,2,1,41,21,7.0,2,0,2,46,212,45,4.0,3,3,71,48,264
1425,2018,Rajasthan,8,Barmer,90,Barmer,0,5,5,26,18,3.0,5,0,3,26,88,15,0.0,0,10,52,29,103
1426,2018,Rajasthan,8,Bharatpur,91,Bharatpur,1,6,11,27,14,9.0,8,0,2,6,79,25,9.0,2,18,58,8,115
1427,2018,Rajasthan,8,Bhilwara,92,Bhilwara,1,8,13,81,47,18.0,12,1,14,155,470,76,5.0,5,22,158,170,556
1428,2018,Rajasthan,8,Bikaner,93,Bikaner,0,5,0,4,0,0.0,0,0,0,0,45,21,0.0,0,5,4,0,66
1429,2018,Rajasthan,8,Bundi,94,Bundi,2,1,3,32,19,9.0,5,1,7,68,243,46,2.0,2,6,65,76,293
1430,2018,Rajasthan,8,Chittorgarh,95,Chittorgarh,0,2,5,82,27,23.0,3,0,1,69,395,91,9.0,5,7,135,70,500
1431,2018,Rajasthan,8,Churu,96,Churu,0,1,12,44,22,2.0,0,0,14,29,169,33,12.0,0,13,68,43,214
1432,2018,Rajasthan,8,Dausa,97,Dausa,0,2,12,24,13,7.0,2,0,2,7,58,23,5.0,0,14,46,9,86
1433,2018,Rajasthan,8,Dholpur,98,Dholpur,6,1,2,16,3,4.0,2,0,1,4,37,12,3.0,0,9,25,5,52
1434,2018,Rajasthan,8,Dungarpur,99,Dungarpur,0,1,1,33,7,3.0,0,0,4,31,198,37,4.0,0,2,43,35,239
1435,2018,Rajasthan,8,Ajmer,86,Grp Ajmer,0,1,1,11,6,0.0,1,0,0,0,11,5,1.0,3,2,18,0,20
1436,2018,Rajasthan,8,Jodhpur,107,Grp Jodhpur,0,0,0,5,1,2.0,0,1,0,0,4,0,0.0,0,0,8,1,4
1437,2018,Rajasthan,8,Ganganagar,100,Ganganagar,0,1,13,92,55,11.0,3,0,2,23,341,33,4.0,0,14,161,25,378
1438,2018,Rajasthan,8,Hanumangarh,101,Hanumangarh,0,0,7,50,40,16.0,9,0,7,31,192,58,6.0,0,7,115,38,256
1439,2018,Rajasthan,8,Jaipur,102,Jaipur East,2,5,10,125,65,32.0,26,2,7,23,228,52,10.0,8,17,248,32,298
1440,2018,Rajasthan,8,Jaipur,102,Jaipur North,0,13,10,68,48,16.0,12,1,6,50,224,36,2.0,2,23,144,57,264
1441,2018,Rajasthan,8,Jaipur (Gramin),783,Jaipur Rural,0,6,22,37,45,26.0,6,1,2,17,161,50,5.0,0,28,114,20,216
1442,2018,Rajasthan,8,Jaipur,102,Jaipur South,0,6,14,81,36,7.0,8,0,4,39,153,37,4.0,3,20,132,43,197
1443,2018,Rajasthan,8,Jaipur,102,Jaipur West,1,20,28,104,82,35.0,12,2,20,66,253,53,8.0,2,49,233,88,316
1444,2018,Rajasthan,8,Jaisalmer,103,Jaisalmer,0,1,2,3,5,8.0,2,0,0,5,23,6,0.0,0,3,18,5,29
1445,2018,Rajasthan,8,Jalore,104,Jalore,1,7,5,24,12,7.0,3,0,15,37,220,35,3.0,0,13,46,52,258
1446,2018,Rajasthan,8,Jhalawar,105,Jhalawar,0,8,8,55,26,14.0,7,0,23,118,249,37,4.0,2,16,102,141,292
1447,2018,Rajasthan,8,Jhunjhunu,106,Jhunjhunu,0,8,19,45,38,8.0,14,1,3,64,293,38,7.0,0,27,105,68,338
1448,2018,Rajasthan,8,Jodhpur,107,Jodhpur East,0,6,9,38,53,12.0,5,0,5,28,134,34,3.0,2,15,108,33,173
1449,2018,Rajasthan,8,Jodhpur,107,Jodhpur West,0,3,13,38,49,31.0,7,0,0,33,164,37,10.0,2,16,125,33,213
1450,2018,Rajasthan,8,Jodhpur,107,Jodhpur Rural,0,2,5,28,10,4.0,1,0,9,23,112,12,1.0,0,7,43,32,125
1451,2018,Rajasthan,8,Karauli,108,Karauli,0,1,0,13,15,6.0,0,0,0,4,40,16,0.0,0,1,34,4,56
1452,2018,Rajasthan,8,Kota,109,Kota City,2,19,48,113,75,40.0,15,2,23,102,426,83,22.0,5,69,243,127,536
1453,2018,Rajasthan,8,Kota,109,Kota Rural,1,0,8,18,16,9.0,4,0,2,48,229,24,5.0,1,9,47,50,259
1454,2018,Rajasthan,8,Nagaur,110,Nagaur,1,12,14,54,45,10.0,4,0,23,70,290,74,13.0,2,27,113,93,379
1455,2018,Rajasthan,8,Pali,111,Pali,19,15,3,50,33,14.0,3,18,8,0,468,63,10.0,5,37,100,26,546
1456,2018,Rajasthan,8,Pratapgarh,629,Pratapgarh,0,1,2,12,13,6.0,4,0,45,15,121,34,2.0,1,3,35,60,158
1457,2018,Rajasthan,8,Rajsamand,112,Rajsamand,1,3,3,42,21,4.0,7,0,14,65,384,36,4.0,3,7,74,79,427
1458,2018,Rajasthan,8,Sawai Madhopur,113,Sawai Madhopur,0,8,10,20,10,5.0,2,0,4,6,77,14,4.0,1,18,37,10,96
1459,2018,Rajasthan,8,Sikar,114,Sikar,0,10,23,70,39,14.0,3,0,2,43,345,33,4.0,0,33,126,45,382
1460,2018,Rajasthan,8,Sirohi,115,Sirohi,0,0,3,24,15,9.0,5,0,3,22,191,22,2.0,0,3,53,25,215
1461,2018,Rajasthan,8,Tonk,116,Tonk,0,1,3,29,20,4.0,4,0,1,4,184,23,4.0,3,4,57,5,214
1462,2018,Rajasthan,8,Udaipur,117,Udaipur,0,3,4,103,60,33.0,12,0,4,24,463,144,32.0,0,7,208,28,639
1463,2018,Rajasthan,8,Jaipur,102,Jaipur Metro,0,0,0,0,0,0.0,0,0,0,0,0,0,0.0,0,0,0,0,0
1464,2018,Rajasthan,8,Jaipur,102,Scrb,0,0,0,0,0,0.0,0,0,0,0,0,0,0.0,0,0,0,0,0
1465,2018,Rajasthan,8,Jaipur,102,Sog,0,0,0,0,0,0.0,0,0,0,0,0,0,0.0,0,0,0,0,0
1466,2018,Rajasthan,8,Jaipur,102,Ssb,0,0,0,0,0,0.0,0,0,0,0,0,0,0.0,0,0,0,0,0
1467,2018,Sikkim,11,Gangtok,225,East,1,9,8,13,5,3.0,0,0,8,14,25,6,0.0,0,18,21,22,31
1468,2018,Sikkim,11,Mangan,226,North,0,1,3,0,2,0.0,0,0,0,0,2,0,0.0,0,4,2,0,2
1469,2018,Sikkim,11,Namchi,227,South,0,0,7,16,11,0.0,0,0,0,0,0,0,0.0,0,7,27,0,0
1470,2018,Sikkim,11,Gyalshing,228,West,0,0,1,7,8,4.0,0,0,0,2,12,9,2.0,1,1,19,2,24
1471,2018,Tamil Nadu,33,Ariyalur,610,Ariyalur,6,5,3,7,6,2.0,4,4,2,23,60,11,4.0,0,14,19,29,75
1472,2018,Tamil Nadu,33,Chennai,568,Chennai,38,99,144,160,370,325.0,242,32,74,469,868,406,124.0,130,281,1097,575,1528
1473,2018,Tamil Nadu,33,Coimbatore,569,Coimbatore,0,0,14,31,25,15.0,10,0,10,57,48,50,44.0,22,14,81,67,164
1474,2018,Tamil Nadu,33,Coimbatore,569,Coimbatore City,10,13,4,41,28,8.0,13,4,7,56,89,17,7.0,13,27,90,67,126
1475,2018,Tamil Nadu,33,Cuddalore,570,Cuddalore,0,4,6,21,17,16.0,15,0,3,60,133,20,0.0,3,10,69,63,156
1476,2018,Tamil Nadu,33,Dharmapuri,571,Dharmapuri,4,2,5,3,5,3.0,3,0,5,20,17,16,6.0,3,11,14,25,42
1477,2018,Tamil Nadu,33,Dindigul,572,Dindigul,8,14,12,18,23,4.0,11,6,17,52,85,22,3.0,3,34,56,75,113
1478,2018,Tamil Nadu,33,Erode,573,Erode,5,9,13,17,16,6.0,19,5,4,29,89,13,7.0,5,27,58,38,114
1479,2018,Tamil Nadu,33,Kanchipuram,574,Kanchipuram,1,11,34,24,55,46.0,38,2,28,122,250,183,68.0,26,46,163,152,527
1480,2018,Tamil Nadu,33,Kanniyakumari,575,Kanyakumari,12,9,32,169,198,123.0,43,7,9,18,141,31,5.0,11,53,533,34,188
1481,2018,Tamil Nadu,33,Karur,576,Karur,0,5,2,6,3,2.0,2,0,2,44,43,4,2.0,3,7,13,46,52
1482,2018,Tamil Nadu,33,Krishnagiri,577,Krishnagiri,5,9,8,13,26,16.0,11,5,6,36,105,23,10.0,3,22,66,47,141
1483,2018,Tamil Nadu,33,Madurai,578,Madurai,13,21,12,44,25,13.0,11,8,23,65,185,29,13.0,9,46,93,96,236
1484,2018,Tamil Nadu,33,Madurai,578,Madurai City,8,26,26,33,58,33.0,22,12,19,47,142,58,20.0,7,60,146,78,227
1485,2018,Tamil Nadu,33,Nagapattinam,579,Nagapattinam,2,5,8,9,7,5.0,7,6,7,35,111,9,1.0,2,15,28,48,123
1486,2018,Tamil Nadu,33,Namakkal,580,Namakkal,3,1,10,9,9,5.0,5,3,3,13,24,9,2.0,1,14,28,19,36
1487,2018,Tamil Nadu,33,The Nilgiris,587,Nilgiris,0,3,5,3,2,4.0,2,0,3,14,23,2,0.0,1,8,11,17,26
1488,2018,Tamil Nadu,33,Perambalur,581,Perambalur,1,4,4,13,8,1.0,2,5,6,54,84,9,1.0,0,9,24,65,94
1489,2018,Tamil Nadu,33,Pudukkottai,582,Pudukottai,2,6,3,14,5,2.0,2,7,5,23,75,6,3.0,3,11,23,35,87
1490,2018,Tamil Nadu,33,Ramanathapuram,583,Ramnathapuram,9,6,12,16,16,10.0,4,6,5,37,100,33,6.0,2,27,46,48,141
1491,2018,Tamil Nadu,33,Chennai,568,Railway Chennai,0,2,3,3,7,8.0,3,0,1,2,4,6,4.0,2,5,21,3,16
1492,2018,Tamil Nadu,33,Tiruchirappalli,591,Railway Trichy,0,0,0,0,3,3.0,0,0,0,0,0,4,0.0,1,0,6,0,5
1493,2018,Tamil Nadu,33,Salem,584,Salem,5,9,13,19,20,10.0,15,10,13,79,102,34,4.0,5,27,64,102,145
1494,2018,Tamil Nadu,33,Salem,584,Salem City,7,5,9,13,7,7.0,4,3,8,27,52,9,4.0,4,21,31,38,69
1495,2018,Tamil Nadu,33,Sivaganga,585,Sivagangai,2,3,8,1,6,9.0,3,5,4,14,56,23,5.0,2,13,19,23,86
1496,2018,Tamil Nadu,33,Thanjavur,586,Thanjavur,7,6,11,17,18,12.0,13,6,8,67,123,16,13.0,7,24,60,81,159
1497,2018,Tamil Nadu,33,Theni,588,Theni,7,14,5,21,18,13.0,11,8,12,56,109,18,7.0,6,26,63,76,140
1498,2018,Tamil Nadu,33,Tirunelveli,592,Thirunelveli,19,21,6,20,47,38.0,16,10,12,75,199,76,15.0,10,46,121,97,300
1499,2018,Tamil Nadu,33,Tirunelveli,592,Thirunelveli City,3,7,6,9,13,5.0,7,2,4,10,53,6,2.0,5,16,34,16,66
1500,2018,Tamil Nadu,33,Thiruvallur,589,Thiruvallur,13,13,17,64,32,23.0,14,3,31,106,384,36,11.0,12,43,133,140,443
1501,2018,Tamil Nadu,33,Tiruvannamalai,593,Thiruvannamalai,9,14,16,23,18,11.0,16,10,11,92,200,18,7.0,4,39,68,113,229
1502,2018,Tamil Nadu,33,Thiruvarur,590,Thiruvarur,1,5,5,6,2,4.0,1,1,1,12,35,7,6.0,1,11,13,14,49
1503,2018,Tamil Nadu,33,Tuticorin,594,Thoothukudi,11,12,16,28,21,12.0,21,16,5,69,145,36,5.0,9,39,82,90,195
1504,2018,Tamil Nadu,33,Tiruppur,634,Tiruppur,6,3,7,19,20,11.0,12,2,10,70,117,22,5.0,11,16,62,82,155
1505,2018,Tamil Nadu,33,Tiruppur,634,Tiruppur City,8,11,5,27,29,20.0,7,2,6,85,149,15,5.0,10,24,83,93,179
1506,2018,Tamil Nadu,33,Tiruchirappalli,591,Trichy,1,3,6,11,6,5.0,7,2,5,32,49,9,2.0,2,10,29,39,62
1507,2018,Tamil Nadu,33,Tiruchirappalli,591,Trichy City,8,9,9,24,27,16.0,11,6,4,34,86,19,9.0,2,26,78,44,116
1508,2018,Tamil Nadu,33,Vellore,595,Vellore,16,16,23,44,47,30.0,26,17,28,214,392,21,11.0,6,55,147,259,430
1509,2018,Tamil Nadu,33,Villupuram,596,Villupuram,1,6,18,28,23,16.0,21,0,2,44,142,14,9.0,8,25,88,46,173
1510,2018,Tamil Nadu,33,Virudhunagar,597,Virudhunagar,4,6,16,18,14,6.0,9,8,10,45,125,15,1.0,6,26,47,63,147
1511,2018,Tamil Nadu,33,Chennai,568,Cyber Cell,0,0,0,0,0,0.0,0,0,0,0,0,0,0.0,0,0,0,0,0
1512,2018,Tamil Nadu,33,Chennai,568,Other Units,0,0,0,0,0,0.0,0,0,0,0,0,0,0.0,0,0,0,0,0
1513,2018,Telangana,36,Ranga Reddy,518,Cyberabad Commissionerate,35,89,132,312,391,252.0,115,47,57,139,730,649,180.0,59,256,1070,243,1618
1514,2018,Telangana,36,Hyderabad,507,Hyderabad Commissionerate,41,109,133,207,366,251.0,128,27,63,295,745,365,105.0,58,283,952,385,1273
1515,2018,Telangana,36,Karimnagar,508,Karimnagar Commissionerate,3,5,12,21,32,22.0,9,6,4,55,127,36,11.0,5,20,84,65,179
1516,2018,Telangana,36,Khammam,509,Khammam Commissionerate,3,5,2,45,30,17.0,15,2,4,0,194,30,2.0,3,10,107,6,229
1517,2018,Telangana,36,Nizamabad,516,Nizamabad Commissionerate,9,18,22,49,35,12.0,17,10,15,59,203,23,11.0,4,49,113,84,241
1518,2018,Telangana,36,Yadadri Bhuvanagiri,697,Rachakonda Commissionerate,36,108,99,195,270,124.0,60,38,28,129,648,198,66.0,31,243,649,195,943
1519,2018,Telangana,36,Peddapalli,682,Ramagundam Commissionerate,0,6,6,32,42,23.0,6,0,3,90,201,46,7.0,2,12,103,93,256
1520,2018,Telangana,36,Siddipet,692,Siddipet Commissionerate,7,6,6,19,24,3.0,6,3,3,54,94,22,2.0,5,19,52,60,123
1521,2018,Telangana,36,Warangal,522,Warangal Commissionerate,12,15,17,35,49,33.0,12,6,14,87,252,79,12.0,5,44,129,107,348
1522,2018,Telangana,36,Adilabad,501,Adilabad,3,7,8,16,7,4.0,8,0,1,16,59,7,1.0,2,18,35,17,69
1523,2018,Telangana,36,Bhadradri Kothagudem,690,Bhadradri Kothagudem,2,6,5,13,28,10.0,7,8,3,3,96,46,7.0,2,13,58,14,151
1524,2018,Telangana,36,Jagitial,681,Jagityal,4,5,4,11,14,12.0,2,6,1,30,83,40,8.0,4,13,39,37,135
1525,2018,Telangana,36,Jayashankar Bhupalapally,687,Jayashankar Bhupalpalli,0,1,3,2,5,7.0,2,0,1,5,43,8,7.0,0,4,16,6,58
1526,2018,Telangana,36,Jogulamba Gadwal,695,Jogulamba Gadwal,0,6,6,6,14,10.0,1,0,0,21,51,17,0.0,3,12,31,21,71
1527,2018,Telangana,36,Kamareddy,685,Kamareddy ,6,8,7,12,15,10.0,9,7,6,15,89,28,2.0,0,21,46,28,119
1528,2018,Telangana,36,Kumuram Bheem Asifabad,699,Kumaram Bheem Asifabad,1,1,4,4,4,10.0,1,3,1,15,33,17,1.0,1,6,19,19,52
1529,2018,Telangana,36,Mahabubabad,688,Mahabubabad,1,2,6,7,6,5.0,5,0,8,33,54,13,1.0,2,9,23,41,70
1530,2018,Telangana,36,Mahabubnagar,512,Mahabubnagar,2,11,11,15,35,16.0,9,6,7,21,128,32,7.0,3,24,75,34,170
1531,2018,Telangana,36,Medak,513,Medak,6,5,8,20,15,10.0,4,4,8,21,90,28,4.0,1,19,49,33,123
1532,2018,Telangana,36,Nagarkurnool,694,Nagarkurnool,1,2,4,4,19,10.0,3,1,4,22,69,28,7.0,5,7,36,27,109
1533,2018,Telangana,36,Nalgonda,514,Nalgonda,4,8,20,22,28,21.0,3,2,2,81,151,51,5.0,3,32,74,85,210
1534,2018,Telangana,36,Nirmal,680,Nirmal,4,0,3,12,17,7.0,5,1,3,32,45,22,0.0,2,7,41,36,69
1535,2018,Telangana,36,Rajanna Sircilla,683,Rajanna Siricilla,0,0,1,7,9,5.0,3,0,2,12,50,11,4.0,2,1,24,14,67
1536,2018,Telangana,36,Sangareddy,691,Sangareddy,13,16,30,38,60,32.0,15,13,15,90,161,45,3.0,7,59,145,118,216
1537,2018,Telangana,36,Suryapet,696,Suryapet,2,1,4,9,16,9.0,2,0,3,23,63,34,3.0,1,7,36,26,101
1538,2018,Telangana,36,Vikarabad,698,Vikarabad,4,3,3,3,13,7.0,4,1,3,14,52,17,2.0,0,10,27,18,71
1539,2018,Telangana,36,Wanaparthy,693,Wanaparthy,0,5,10,12,3,3.0,2,0,6,47,80,10,0.0,1,15,20,53,91
1540,2018,Telangana,36,Hyderabad,507,Railway Police Secunderabad,1,1,6,3,10,5.0,1,0,0,4,6,2,2.0,0,8,19,4,10
1541,2018,Tripura,16,Dhalai,269,Dhalai,0,0,2,15,13,3.0,1,0,0,8,36,9,6.0,0,2,32,8,51
1542,2018,Tripura,16,Gomati,654,Gomati,1,2,0,15,19,4.0,1,0,4,9,62,19,1.0,0,3,39,13,82
1543,2018,Tripura,16,West Tripura,272,Grp,0,0,0,0,0,0.0,0,0,0,0,0,0,0.0,0,0,0,0,0
1544,2018,Tripura,16,Khowai,652,Kowai,2,0,0,7,20,6.0,0,0,1,2,32,22,0.0,0,2,33,3,54
1545,2018,Tripura,16,North Tripura,270,North,0,1,0,16,13,4.0,0,0,0,16,47,5,0.0,0,1,33,16,52
1546,2018,Tripura,16,Sepahijala,653,Sipahijala,0,0,1,32,19,5.0,2,0,0,12,93,15,4.0,1,1,58,12,113
1547,2018,Tripura,16,South Tripura,271,South,0,1,5,17,16,3.0,2,0,1,27,57,17,1.0,0,6,38,28,75
1548,2018,Tripura,16,Unakoti,655,Unakoti,1,1,2,26,13,0.0,3,0,2,7,109,27,0.0,2,4,42,9,138
1549,2018,Tripura,16,West Tripura,272,West,3,10,9,54,100,43.0,14,2,5,45,201,143,25.0,11,22,211,52,380
1550,2018,Uttar Pradesh,9,Agra,118,Agra,1,6,15,89,60,23.0,16,0,2,12,112,36,9.0,13,22,188,14,170
1551,2018,Uttar Pradesh,9,Aligarh,119,Aligarh,2,2,6,8,45,20.0,6,1,1,9,45,15,3.0,2,10,79,11,65
1552,2018,Uttar Pradesh,9,Prayagraj,120,Prayagraj,1,19,20,58,50,30.0,13,4,30,63,97,48,6.0,5,40,151,97,156
1553,2018,Uttar Pradesh,9,Ambedkar Nagar,121,Ambedkar Nagar,0,4,2,6,9,2.0,2,0,3,10,40,5,1.0,1,6,19,13,47
1554,2018,Uttar Pradesh,9,Amethi,640,Amethi,1,6,5,7,7,3.0,4,0,5,21,22,2,1.0,1,12,21,26,26
1555,2018,Uttar Pradesh,9,Amroha,154,Amroha,0,0,4,0,0,0.0,0,0,0,2,0,0,0.0,0,4,0,2,0
1556,2018,Uttar Pradesh,9,Auraiya,122,Auraiya,0,1,1,0,0,0.0,0,0,0,7,2,0,0.0,0,2,0,7,2
1557,2018,Uttar Pradesh,9,Azamgarh,123,Azamgarh,0,4,2,28,34,15.0,7,0,9,12,97,39,9.0,5,6,84,21,150
1558,2018,Uttar Pradesh,9,Budaun,133,Badaun,2,13,15,26,16,6.0,4,2,2,19,24,10,5.0,0,30,52,23,39
1559,2018,Uttar Pradesh,9,Baghpat,124,Baghpat,0,9,3,39,28,24.0,2,0,5,11,51,31,6.0,2,12,93,16,90
1560,2018,Uttar Pradesh,9,Bahraich,125,Bahraich,0,3,2,11,7,0.0,0,0,2,0,17,4,0.0,0,5,18,2,21
1561,2018,Uttar Pradesh,9,Ballia,126,Ballia,0,10,5,12,6,6.0,13,0,2,10,36,3,3.0,2,15,37,12,44
1562,2018,Uttar Pradesh,9,Balrampur,127,Balrampur,0,1,0,4,2,1.0,2,0,4,2,8,1,0.0,0,1,9,6,9
1563,2018,Uttar Pradesh,9,Banda,128,Banda,1,1,2,11,3,3.0,3,0,0,20,13,2,1.0,1,4,20,20,17
1564,2018,Uttar Pradesh,9,Barabanki,129,Barabanki,2,22,18,19,8,7.0,5,0,13,9,27,7,1.0,2,42,39,22,37
1565,2018,Uttar Pradesh,9,Bareilly,130,Bareilly,0,0,0,0,0,0.0,0,0,0,0,0,0,0.0,0,0,0,0,0
1566,2018,Uttar Pradesh,9,Basti,131,Basti,0,3,7,12,7,5.0,6,0,1,12,19,10,7.0,3,10,30,13,39
1567,2018,Uttar Pradesh,9,Bijnor,132,Bijnor,0,13,3,26,17,22.0,3,0,2,8,66,15,7.0,0,16,68,10,88
1568,2018,Uttar Pradesh,9,Bulandshahr,134,Bulandshahar,1,5,8,21,10,10.0,3,1,0,12,37,13,1.0,2,14,44,13,53
1569,2018,Uttar Pradesh,9,Chandauli,135,Chandoli,0,0,6,14,10,7.0,4,0,6,18,20,14,3.0,0,6,35,24,37
1570,2018,Uttar Pradesh,9,Chitrakoot,136,Chitrakoot,0,3,0,4,1,1.0,1,0,0,10,7,2,0.0,0,3,7,10,9
1571,2018,Uttar Pradesh,9,Deoria,137,Deoria,0,4,3,4,4,5.0,1,0,6,21,9,4,4.0,0,7,14,27,17
1572,2018,Uttar Pradesh,9,Etah,138,Etah,1,6,4,16,14,5.0,3,0,2,5,23,6,2.0,0,11,38,7,31
1573,2018,Uttar Pradesh,9,Etawah,139,Etawah,0,0,1,0,0,0.0,3,0,0,1,2,0,0.0,0,1,3,1,2
1574,2018,Uttar Pradesh,9,Ayodhya,140,Ayodhya,0,5,7,13,15,10.0,5,0,1,16,43,11,4.0,1,12,43,17,59
1575,2018,Uttar Pradesh,9,Farrukhabad,141,Fatehgarh,0,3,6,9,15,4.0,5,0,3,1,15,7,1.0,1,9,33,4,24
1576,2018,Uttar Pradesh,9,Fatehpur,142,Fatehpur,0,4,5,23,12,7.0,3,0,4,14,42,27,4.0,0,9,45,18,73
1577,2018,Uttar Pradesh,9,Firozabad,143,Firozabad,0,6,5,12,9,6.0,6,0,2,18,26,10,2.0,1,11,33,20,39
1578,2018,Uttar Pradesh,9,Lucknow,162,Grp,5,2,5,17,14,15.0,6,1,1,5,11,13,5.0,1,12,52,7,30
1579,2018,Uttar Pradesh,9,Gautam Buddha Nagar,144,Gautambudh Nagar,2,26,13,79,60,34.0,6,1,19,51,101,45,5.0,7,41,179,71,158
1580,2018,Uttar Pradesh,9,Ghaziabad,145,Ghaziabad,0,46,21,44,46,28.0,17,3,17,54,45,30,9.0,5,67,135,74,89
1581,2018,Uttar Pradesh,9,Ghazipur,146,Ghazipur,0,4,1,21,14,8.0,5,6,27,52,12,3,2.0,0,5,48,85,17
1582,2018,Uttar Pradesh,9,Gonda,147,Gonda,0,4,2,17,1,7.0,0,0,7,13,27,8,1.0,3,6,25,20,39
1583,2018,Uttar Pradesh,9,Gorakhpur,148,Gorakhpur,0,4,0,9,14,8.0,5,0,4,3,10,9,2.0,0,4,36,7,21
1584,2018,Uttar Pradesh,9,Hamirpur,149,Hamirpur,0,5,6,3,2,1.0,1,0,6,78,2,3,0.0,0,11,7,84,5
1585,2018,Uttar Pradesh,9,Hapur,661,Hapur,0,8,4,28,23,20.0,4,0,10,21,47,27,3.0,3,12,75,31,80
1586,2018,Uttar Pradesh,9,Hardoi,150,Hardoi,1,5,3,19,7,9.0,3,1,2,13,19,3,0.0,0,9,38,16,22
1587,2018,Uttar Pradesh,9,Hathras,163,Hathras,0,0,7,8,11,4.0,1,0,2,8,17,14,0.0,0,7,24,10,31
1588,2018,Uttar Pradesh,9,Jalaun,151,Jalaun,0,4,4,9,13,14.0,2,1,4,6,21,11,2.0,0,8,38,11,34
1589,2018,Uttar Pradesh,9,Jaunpur,152,Jaunpur,2,4,3,14,14,7.0,2,0,1,27,22,8,1.0,2,9,37,28,33
1590,2018,Uttar Pradesh,9,Jhansi,153,Jhansi,0,5,10,5,2,0.0,0,0,1,27,35,45,0.0,0,15,7,28,80
1591,2018,Uttar Pradesh,9,Kannauj,155,Kannauj,1,5,1,18,7,3.0,1,0,2,16,23,5,0.0,0,7,29,18,28
1592,2018,Uttar Pradesh,9,Kanpur Dehat,156,Kanpur Dehat,0,0,7,14,15,0.0,1,0,0,7,18,4,0.0,0,7,30,7,22
1593,2018,Uttar Pradesh,9,Kanpur Nagar,157,Kanpur Nagar,0,34,39,52,46,40.0,5,0,19,39,79,37,9.0,5,73,143,58,130
1594,2018,Uttar Pradesh,9,Kasganj,633,Kasganj,0,4,2,8,5,3.0,3,0,0,2,15,3,0.0,0,6,19,2,18
1595,2018,Uttar Pradesh,9,Kaushambi,158,Kaushambi,0,13,27,0,0,0.0,0,0,53,39,0,0,0.0,0,40,0,92,0
1596,2018,Uttar Pradesh,9,Kheri,159,Khiri,2,13,20,21,18,12.0,3,2,8,19,23,12,6.0,1,35,54,29,42
1597,2018,Uttar Pradesh,9,Kushi Nagar,160,Kushi Nagar,0,6,1,0,0,0.0,1,0,0,9,1,1,0.0,0,7,1,9,2
1598,2018,Uttar Pradesh,9,Lalitpur,161,Lalitpur,4,4,2,6,5,1.0,2,1,18,37,6,3,1.0,0,10,14,56,10
1599,2018,Uttar Pradesh,9,Lucknow,162,Lucknow,6,143,124,276,288,149.0,56,11,89,210,279,191,48.0,22,273,769,310,540
1600,2018,Uttar Pradesh,9,Maharajganj,164,Maharajganj,0,4,2,3,5,2.0,3,0,1,10,13,1,0.0,0,6,13,11,14
1601,2018,Uttar Pradesh,9,Mahoba,165,Mahoba,0,7,14,0,0,0.0,0,0,0,0,0,0,0.0,0,21,0,0,0
1602,2018,Uttar Pradesh,9,Mainpuri,166,Mainpuri,0,3,0,15,4,0.0,0,0,3,72,2,0,0.0,0,3,19,75,2
1603,2018,Uttar Pradesh,9,Mathura,167,Mathura,0,0,11,6,0,0.0,0,0,0,8,8,0,0.0,0,11,6,8,8
1604,2018,Uttar Pradesh,9,Mau,168,Mau,0,3,2,9,9,4.0,3,0,2,1,30,6,0.0,3,5,25,3,39
1605,2018,Uttar Pradesh,9,Meerut,169,Meerut,0,2,5,50,25,25.0,14,0,1,3,66,19,3.0,2,7,114,4,90
1606,2018,Uttar Pradesh,9,Mirzapur,170,Mirzapur,0,11,6,12,21,8.0,3,0,8,12,15,8,1.0,3,17,44,20,27
1607,2018,Uttar Pradesh,9,Moradabad,171,Moradabad,0,0,5,0,0,0.0,0,0,0,80,0,0,0.0,0,5,0,80,0
1608,2018,Uttar Pradesh,9,Muzaffarnagar,172,Muzaffarnagar,0,6,8,22,15,8.0,5,0,6,8,26,8,5.0,1,14,50,14,40
1609,2018,Uttar Pradesh,9,Pilibhit,173,Pilibhit,0,1,3,23,18,12.0,6,0,0,7,24,9,5.0,3,4,59,7,41
1610,2018,Uttar Pradesh,9,Pratapgarh,174,Pratapgarh,0,2,9,0,0,0.0,0,0,4,1,0,0,0.0,0,11,0,5,0
1611,2018,Uttar Pradesh,9,Rae Bareli,175,Raibareilly,0,5,4,2,7,9.0,2,0,2,18,16,6,1.0,2,9,20,20,25
1612,2018,Uttar Pradesh,9,Rampur,176,Rampur,0,1,17,2,3,0.0,0,0,13,37,148,18,0.0,0,18,5,50,166
1613,2018,Uttar Pradesh,9,Saharanpur,177,Saharanpur,0,6,11,35,37,20.0,11,0,1,2,42,30,8.0,0,17,103,3,80
1614,2018,Uttar Pradesh,9,Sambhal,659,Sambhal,1,3,2,20,8,8.0,1,0,1,5,14,8,1.0,1,6,37,6,24
1615,2018,Uttar Pradesh,9,Sant Kabeer Nagar,178,Sant Kabirnagar,0,4,4,5,3,1.0,1,0,2,16,12,1,2.0,0,8,10,18,15
1616,2018,Uttar Pradesh,9,Shahjahanpur,180,Shahjahanpur,0,6,3,13,22,7.0,3,2,0,7,23,13,8.0,0,9,45,9,44
1617,2018,Uttar Pradesh,9,Shamli,660,Shamli,0,3,8,10,8,6.0,1,0,0,2,17,9,4.0,1,11,25,2,31
1618,2018,Uttar Pradesh,9,Shravasti,181,Shrawasti,0,0,0,0,0,0.0,0,1,0,0,0,0,0.0,0,0,0,1,0
1619,2018,Uttar Pradesh,9,Siddharth Nagar,182,Sidharthnagar,0,6,3,12,8,7.0,5,1,4,3,19,7,2.0,0,9,32,8,28
1620,2018,Uttar Pradesh,9,Sitapur,183,Sitapur,0,21,20,30,25,13.0,3,0,6,23,47,46,4.0,1,41,71,29,98
1621,2018,Uttar Pradesh,9,Sonbhadra,184,Sonbhadra,0,0,13,25,5,2.0,4,0,0,0,44,12,2.0,0,13,36,0,58
1622,2018,Uttar Pradesh,9,Bhadohi,179,Bhadohi,0,21,11,4,0,4.0,0,0,7,6,10,6,3.0,0,32,8,13,19
1623,2018,Uttar Pradesh,9,Sultanpur,185,Sultanpur,2,7,9,3,3,1.0,0,0,1,7,18,1,0.0,0,18,7,8,19
1624,2018,Uttar Pradesh,9,Unnao,186,Unnao,2,8,9,23,10,7.0,7,0,3,18,52,5,1.0,1,19,47,21,59
1625,2018,Uttar Pradesh,9,Varanasi,187,Varanasi,1,24,18,58,41,22.0,13,0,13,28,62,35,9.0,4,43,134,41,110
1626,2018,Uttarakhand,5,Almora,45,Almora,0,0,0,0,0,0.0,0,0,0,0,0,0,0.0,0,0,0,0,0
1627,2018,Uttarakhand,5,Bageshwar,46,Bageshwar,0,0,0,0,0,0.0,0,0,0,0,0,0,0.0,0,0,0,0,0
1628,2018,Uttarakhand,5,Chamoli,47,Chamoli,0,0,0,0,0,0.0,0,0,0,0,0,0,0.0,0,0,0,0,0
1629,2018,Uttarakhand,5,Champawat,48,Champawat,0,0,0,0,0,0.0,0,0,0,0,0,0,0.0,0,0,0,0,0
1630,2018,Uttarakhand,5,Dehradun,49,Dehradun,0,0,0,0,0,0.0,0,0,0,0,0,0,0.0,0,0,0,0,0
1631,2018,Uttarakhand,5,Haridwar,50,Haridwar,0,0,0,0,0,0.0,0,0,0,0,0,0,0.0,0,0,0,0,0
1632,2018,Uttarakhand,5,Nainital,51,Nainital,0,0,0,0,0,0.0,0,0,0,0,0,0,0.0,0,0,0,0,0
1633,2018,Uttarakhand,5,Pauri Garhwal,52,Pauri Garhwal,0,0,0,0,0,0.0,0,0,0,0,0,0,0.0,0,0,0,0,0
1634,2018,Uttarakhand,5,Pithoragarh,53,Pithoragarh,0,0,6,4,2,2.0,3,0,0,9,15,4,0.0,2,6,11,9,21
1635,2018,Uttarakhand,5,Rudra Prayag,54,Rudra Prayag,0,0,0,0,0,0.0,0,0,0,0,0,0,0.0,0,0,0,0,0
1636,2018,Uttarakhand,5,Tehri Garhwal,55,Tehri Garhwal,30,94,167,179,315,199.0,94,14,74,239,465,296,80.0,19,291,787,327,860
1637,2018,Uttarakhand,5,Udam Singh Nagar,56,Udhamsingh Nagar,0,0,0,0,0,0.0,0,0,0,0,0,0,0.0,0,0,0,0,0
1638,2018,Uttarakhand,5,Uttar Kashi,57,Uttarkashi,0,0,0,0,0,0.0,0,0,0,0,0,0,0.0,0,0,0,0,0
1639,2018,Uttarakhand,5,Dehradun,49,Grp,0,0,0,0,0,0.0,0,0,0,0,0,0,0.0,0,0,0,0,0
1640,2018,West Bengal,19,Alipurduar,664,Alipurduar,0,9,17,76,131,52.0,14,1,8,139,284,229,50.0,9,26,273,148,572
1641,2018,West Bengal,19,Paschim Bardhaman,704,Asansol-Durgapur Pc,2,13,22,145,167,118.0,56,3,9,61,366,189,46.0,23,37,486,73,624
1642,2018,West Bengal,19,Bankura,305,Bankura,1,10,19,96,131,77.0,39,0,7,84,364,157,42.0,20,30,343,91,583
1643,2018,West Bengal,19,24 Paraganas North,303,Barrackpur Pc,2,53,84,276,439,353.0,170,1,90,380,710,419,152.0,85,139,1238,471,1366
1644,2018,West Bengal,19,24 Paraganas North,303,Bidhannagar Pc,1,9,19,68,136,88.0,58,0,18,112,245,154,37.0,21,29,350,130,457
1645,2018,West Bengal,19,Birbhum,307,Birbhum,0,5,5,68,89,49.0,22,0,5,42,211,119,23.0,5,10,228,47,358
1646,2018,West Bengal,19,Coochbehar,308,Coochbehar,0,18,22,121,154,71.0,21,2,31,151,533,334,67.0,8,40,367,184,942
1647,2018,West Bengal,19,Dinajpur Dakshin,310,Dakshin Dinajpur,2,13,23,116,72,52.0,24,1,16,184,580,115,14.0,3,38,264,201,712
1648,2018,West Bengal,19,Darjeeling,309,Darjeeling,0,4,6,22,53,29.0,12,0,3,31,129,123,15.0,2,10,116,34,269
1649,2018,West Bengal,19,Hooghly,312,Hooghly Rural Police,2,11,23,96,180,84.0,38,1,21,213,441,222,53.0,21,36,398,235,737
1650,2018,West Bengal,19,Howrah,313,Howrah Grp,3,1,4,28,16,13.0,9,0,0,4,16,3,4.0,1,8,66,4,24
1651,2018,West Bengal,19,Howrah,313,Howrah Pc,7,43,58,279,202,115.0,82,8,24,129,484,137,47.0,47,108,678,161,715
1652,2018,West Bengal,19,Howrah,313,Howrah Rural,0,25,19,120,180,125.0,56,0,21,265,483,261,50.0,26,44,481,286,820
1653,2018,West Bengal,19,Jalpaiguri,314,Jalpaiguri,1,10,13,113,139,60.0,23,1,4,83,448,234,31.0,15,24,335,88,728
1654,2018,West Bengal,19,Jhargram,703,Jhargram,0,0,6,37,27,7.0,17,0,4,47,136,30,10.0,12,6,88,51,188
1655,2018,West Bengal,19,Medinipur West,318,Kharagpur Grp,0,0,1,4,3,1.0,1,0,0,0,1,0,0.0,0,1,9,0,1
1656,2018,West Bengal,19,Kolkata,315,Kolkata,15,119,189,458,657,577.0,324,25,90,551,942,577,235.0,164,323,2016,666,1918
1657,2018,West Bengal,19,Maldah,316,Malda,4,37,46,153,178,80.0,38,5,26,196,516,285,45.0,10,87,449,227,856
1658,2018,West Bengal,19,Murshidabad,319,Murshidabad,2,14,16,223,274,91.0,34,0,8,30,996,668,63.0,31,32,622,38,1758
1659,2018,West Bengal,19,Nadia,320,Nadia,5,27,50,253,333,215.0,75,5,32,355,1156,760,116.0,44,82,876,392,2076
1660,2018,West Bengal,19,Medinipur West,318,Paschim Medinipur,1,11,40,132,182,141.0,38,1,16,333,609,237,44.0,20,52,493,350,910
1661,2018,West Bengal,19,Medinipur East,317,Purab Medinipur,1,17,18,117,85,53.0,25,2,12,244,549,116,34.0,17,36,280,258,716
1662,2018,West Bengal,19,Purulia,321,Purulia,0,3,3,74,45,23.0,7,0,4,18,203,26,12.0,10,6,149,22,251
1663,2018,West Bengal,19,Kolkata,315,Sealdah Grp,0,3,0,7,3,3.0,1,0,1,5,16,1,2.0,3,3,14,6,22
1664,2018,West Bengal,19,Darjeeling,309,Siliguri Grp,0,0,0,2,3,0.0,1,0,0,0,2,1,0.0,0,0,6,0,3
1665,2018,West Bengal,19,Darjeeling,309,Siliguri Pc,5,28,35,130,195,81.0,37,4,22,229,386,252,50.0,15,68,443,255,703
1666,2018,West Bengal,19,Dinajpur Uttar,311,Uttar Dinajpur,2,6,18,82,62,42.0,4,0,4,39,330,150,18.0,6,26,190,43,504
1667,2018,West Bengal,19,24 Paraganas South,304,Baruipur Police,3,27,41,116,206,88.0,59,3,45,256,446,268,59.0,56,71,469,304,829
1668,2018,West Bengal,19,Hooghly,312,Chandannagar Pc,0,15,11,87,114,104.0,59,0,11,75,243,137,58.0,26,26,364,86,464
1669,2018,West Bengal,19,24 Paraganas South,304,Diamond Harbour Police,3,40,44,142,213,134.0,53,4,37,311,538,320,87.0,34,87,542,352,979
1670,2018,West Bengal,19,Kalimpong,702,Kalimpong,1,2,7,9,23,9.0,2,0,1,18,41,58,4.0,0,10,43,19,103
1671,2018,West Bengal,19,Purba Bardhaman,306,Purba Bardhaman,1,13,26,101,164,100.0,29,2,27,252,417,246,44.0,19,40,394,281,726
1672,2018,West Bengal,19,24 Paraganas South,304,Sundarban Police,2,6,14,55,71,45.0,17,1,11,52,314,162,40.0,10,22,188,64,526
1673,2018,West Bengal,19,24 Paraganas North,303,Barasat,1,29,87,198,303,189.0,85,0,45,562,875,576,121.0,57,117,775,607,1629
1674,2018,West Bengal,19,24 Paraganas North,303,Basirhat,0,11,21,86,127,73.0,13,0,17,308,399,268,55.0,9,32,299,325,731
1675,2018,Andaman And Nicobar Islands,35,South Andamans,602,South Andaman,4,2,4,32,29,15.0,3,0,4,34,41,18,1.0,2,10,79,38,62
1676,2018,Andaman And Nicobar Islands,35,North And Middle Andaman,632,North And Middle Andaman,0,0,0,0,0,0.0,0,0,0,0,0,0,0.0,0,0,0,0,0
1677,2018,Andaman And Nicobar Islands,35,Nicobars,603,Nicobar,0,0,0,0,0,0.0,0,0,0,0,0,0,0.0,0,0,0,0,0
1678,2018,Chandigarh,4,Chandigarh,44,Chandigarh,6,39,42,64,60,19.0,10,2,18,127,141,52,10.0,4,87,153,147,207
1679,2018,The Dadra And Nagar Haveli And Daman And Diu,38,Dadra And Nagar Haveli,465,Dadra And Nagar Haveli,0,0,0,8,4,0.0,2,0,0,0,40,4,1.0,1,0,14,0,46
1680,2018,The Dadra And Nagar Haveli And Daman And Diu,38,Daman,463,Daman,0,4,3,17,8,5.0,1,0,4,14,51,8,0.0,0,7,31,18,59
1681,2018,The Dadra And Nagar Haveli And Daman And Diu,38,Diu,464,Diu,0,0,0,4,4,1.0,0,0,0,0,2,1,0.0,0,0,9,0,3
1682,2018,Delhi,7,Central,77,Central,13,67,42,134,140,76.0,25,18,48,108,202,81,37.0,17,122,375,174,337
1683,2018,Delhi,7,North West,82,Crime Branch,0,0,0,0,0,0.0,0,0,0,0,0,0,0.0,0,0,0,0,0
1684,2018,Delhi,7,East,78,East,7,75,69,278,137,49.0,37,5,56,188,448,69,25.0,24,151,501,249,566
1685,2018,Delhi,7,New Delhi,79,Eow,0,0,0,0,0,0.0,0,0,0,0,0,0,0.0,0,0,0,0,0
1686,2018,Delhi,7,New Delhi,79,Igi Airport,0,0,0,7,3,0.0,0,0,0,0,5,0,2.0,0,0,10,0,7
1687,2018,Delhi,7,North West,82,Metro,0,0,1,13,6,4.0,2,1,0,1,8,7,1.0,3,1,25,2,19
1688,2018,Delhi,7,New Delhi,79,New Delhi,1,14,36,32,19,22.0,13,1,7,17,37,5,3.0,3,51,86,25,48
1689,2018,Delhi,7,North,80,North,7,70,49,146,171,71.0,36,13,58,76,188,103,28.0,12,126,424,147,331
1690,2018,Delhi,7,North East,81,North-East,8,144,107,486,183,89.0,48,7,70,277,823,108,28.0,20,259,806,354,979
1691,2018,Delhi,7,North West,82,North-West,19,90,102,282,222,101.0,37,13,142,285,452,302,36.0,27,211,642,440,817
1692,2018,Delhi,7,North West,82,Outer,11,108,98,380,362,151.0,79,6,89,386,805,320,37.0,43,217,972,481,1205
1693,2018,Delhi,7,New Delhi,79,Railway,8,3,5,36,17,11.0,19,4,4,5,46,6,4.0,8,16,83,13,64
1694,2018,Delhi,7,South,83,South,35,98,85,218,250,163.0,54,30,100,232,472,236,45.0,26,218,685,362,779
1695,2018,Delhi,7,South East,670,South-East,4,81,118,266,186,82.0,41,6,57,279,518,180,42.0,21,203,575,342,761
1696,2018,Delhi,7,South West,84,South-West,11,64,77,131,159,113.0,46,15,55,177,289,157,54.0,16,152,449,247,516
1697,2018,Delhi,7,North West,82,Spl Cell,0,0,0,0,0,0.0,0,0,0,0,0,0,0.0,0,0,0,0,0
1698,2018,Delhi,7,New Delhi,79,Spuwac,0,0,0,0,0,0.0,0,0,0,0,0,0,0.0,0,0,0,0,0
1699,2018,Delhi,7,New Delhi,79,Vigilance,0,0,0,0,0,0.0,0,0,0,0,0,0,0.0,0,0,0,0,0
1700,2018,Delhi,7,West,85,West,2,52,48,152,191,134.0,50,4,50,181,343,150,41.0,23,102,527,235,557
1701,2018,Delhi,7,North West,82,Rohini,64,105,142,332,228,163.0,68,57,122,313,626,298,42.0,16,311,791,492,982
1702,2018,Delhi,7,Shahdara,671,Shahdara,3,55,49,250,149,82.0,37,3,40,135,351,68,24.0,17,107,518,178,460
1703,2018,Delhi,7,South West,84,Dwarka,5,60,118,189,295,136.0,71,2,58,310,417,245,41.0,30,183,691,370,733
1704,2018,Lakshadweep,31,Lakshadweep District,553,Lakshadweep,0,0,0,0,1,3.0,0,0,0,0,0,0,0.0,0,0,4,0,0
1705,2018,Puducherry,34,Karaikal,598,Karaikal,0,0,0,0,0,0.0,0,0,0,0,0,0,0.0,0,0,0,0,0
1706,2018,Puducherry,34,Pondicherry,600,Puducherry,0,4,11,20,20,24.0,16,2,4,28,93,12,4.0,11,15,80,34,120
1707,2019,Andhra Pradesh,28,Anantapur,502,Anantapur,2,22,36,93,61,26.0,17,1,22,257,415,58,5.0,8,60,197,280,486
1708,2019,Andhra Pradesh,28,Chittoor,503,Chittoor,15,13,16,29,14,10.0,2,33,6,112,132,24,9.0,3,44,55,151,168
1709,2019,Andhra Pradesh,28,Y.S.R.,504,Cuddapah,2,19,31,26,35,44.0,6,9,31,136,98,126,72.0,3,52,111,176,299
1710,2019,Andhra Pradesh,28,East Godavari,505,East Godavari,2,6,19,69,70,31.0,18,6,16,80,205,39,6.0,7,27,188,102,257
1711,2019,Andhra Pradesh,28,Anantapur,502,Guntakal Railway,0,1,0,2,1,0.0,2,0,0,0,2,0,0.0,2,1,5,0,4
1712,2019,Andhra Pradesh,28,Guntur,506,Guntur,15,29,41,49,76,46.0,23,13,26,74,230,72,15.0,10,85,194,113,327
1713,2019,Andhra Pradesh,28,Guntur,506,Guntur Urban,0,22,21,59,51,25.0,24,2,5,39,205,31,4.0,7,43,159,46,247
1714,2019,Andhra Pradesh,28,Krishna,510,Krishna,5,8,0,66,60,32.0,11,9,18,0,193,48,9.0,5,13,169,27,255
1715,2019,Andhra Pradesh,28,Kurnool,511,Kurnool,3,12,28,67,42,35.0,18,10,44,120,80,135,90.0,25,43,162,174,330
1716,2019,Andhra Pradesh,28,Spsr Nellore,515,Nellore,1,16,19,35,34,21.0,15,1,18,92,159,54,14.0,7,36,105,111,234
1717,2019,Andhra Pradesh,28,Prakasam,517,Prakasham,7,30,19,47,34,27.0,12,5,22,69,199,40,5.0,4,56,120,96,248
1718,2019,Andhra Pradesh,28,East Godavari,505,Rajahmundry,5,14,14,66,55,29.0,13,1,10,40,142,23,9.0,8,33,163,51,182
1719,2019,Andhra Pradesh,28,Srikakulam,519,Srikakulam,6,15,12,25,21,10.0,21,1,7,44,147,24,5.0,3,33,77,52,179
1720,2019,Andhra Pradesh,28,Tirupati,752,Tirupathi Urban,2,3,9,63,36,19.0,0,1,23,44,36,119,37.0,0,14,118,68,192
1721,2019,Andhra Pradesh,28,Ntr,749,Vijayawada City,13,46,49,96,119,59.0,28,22,29,121,263,58,17.0,11,108,302,172,349
1722,2019,Andhra Pradesh,28,Ntr,749,Vijayawada Railway,1,0,4,2,9,5.0,5,0,2,0,2,6,1.0,1,5,21,2,10
1723,2019,Andhra Pradesh,28,Visakhapatanam,520,Visakha Rural,0,15,13,49,27,20.0,13,8,5,18,123,23,3.0,7,28,109,31,156
1724,2019,Andhra Pradesh,28,Visakhapatanam,520,Visakhapatnam,4,9,7,131,88,47.0,24,3,4,19,323,80,9.0,14,20,290,26,426
1725,2019,Andhra Pradesh,28,Vizianagaram,521,Vizianagaram,7,6,11,33,28,17.0,7,7,13,62,141,20,5.0,2,24,85,82,168
1726,2019,Andhra Pradesh,28,West Godavari,523,West Godavari,22,35,27,91,103,48.0,30,26,36,106,305,109,23.0,14,84,272,168,451
1727,2019,Arunachal Pradesh,12,Anjaw,628,Anjaw,0,0,0,0,0,0.0,0,0,0,0,0,0,0.0,0,0,0,0,0
1728,2019,Arunachal Pradesh,12,Changlang,229,Changlang,0,2,1,2,1,0.0,0,0,2,5,2,0,0.0,0,3,3,7,2
1729,2019,Arunachal Pradesh,12,Papum Pare,237,Crime Branch,0,0,0,0,0,0.0,0,0,0,0,0,0,0.0,0,0,0,0,0
1730,2019,Arunachal Pradesh,12,Dibang Valley,230,Dibang Valley,0,0,0,0,0,0.0,0,0,0,0,0,0,0.0,0,0,0,0,0
1731,2019,Arunachal Pradesh,12,East Kameng,231,Kameng East,0,0,0,0,0,0.0,0,0,0,0,0,0,0.0,0,0,0,0,0
1732,2019,Arunachal Pradesh,12,West Kameng,242,Kameng West,0,0,0,0,0,0.0,0,0,2,0,0,0,0.0,0,0,0,2,0
1733,2019,Arunachal Pradesh,12,Kurung Kumey,233,Kurung Kumey,0,0,0,0,0,0.0,0,0,0,0,0,0,0.0,0,0,0,0,0
1734,2019,Arunachal Pradesh,12,Lohit,234,Lohit,0,0,0,0,0,0.0,0,0,0,0,0,0,0.0,0,0,0,0,0
1735,2019,Arunachal Pradesh,12,Longding,666,Longding,0,0,0,0,0,0.0,0,0,0,0,0,0,0.0,0,0,0,0,0
1736,2019,Arunachal Pradesh,12,Lower Dibang Valley,235,Lower Dibang Valley,0,0,0,0,0,0.0,0,0,0,0,0,0,0.0,0,0,0,0,0
1737,2019,Arunachal Pradesh,12,Papum Pare,237,Papum Pare Rural,0,1,6,1,0,0.0,0,0,0,0,0,0,0.0,0,7,1,0,0
1738,2019,Arunachal Pradesh,12,East Siang,232,Siang East,0,0,0,0,0,0.0,0,0,0,0,0,0,0.0,0,0,0,0,0
1739,2019,Arunachal Pradesh,12,Upper Siang,240,Siang Upper,0,0,0,0,0,0.0,0,0,0,0,0,0,0.0,0,0,0,0,0
1740,2019,Arunachal Pradesh,12,West Siang,243,Siang West,0,0,0,0,0,0.0,0,0,0,0,0,0,0.0,0,0,0,0,0
1741,2019,Arunachal Pradesh,12,Lower Subansiri,236,Subansiri Lower,0,0,0,0,0,0.0,0,0,0,0,0,0,0.0,0,0,0,0,0
1742,2019,Arunachal Pradesh,12,Upper Subansiri,241,Subansiri Upper,0,0,0,0,0,0.0,0,0,0,0,0,0,0.0,0,0,0,0,0
1743,2019,Arunachal Pradesh,12,Tawang,238,Tawang,0,0,0,0,0,0.0,0,0,0,0,0,0,0.0,0,0,0,0,0
1744,2019,Arunachal Pradesh,12,Tirap,239,Tirap,0,0,0,0,0,0.0,0,0,0,0,0,0,0.0,0,0,0,0,0
1745,2019,Arunachal Pradesh,12,Namsai,678,Namsai,0,0,0,0,0,0.0,0,0,0,0,0,0,0.0,0,0,0,0,0
1746,2019,Arunachal Pradesh,12,Siang,679,Siang,0,0,0,0,0,0.0,0,0,0,0,0,0,0.0,0,0,0,0,0
1747,2019,Arunachal Pradesh,12,Kamle,718,Kamle,0,0,0,0,0,0.0,0,0,0,0,0,0,0.0,0,0,0,0,0
1748,2019,Arunachal Pradesh,12,Kra Daadi,677,Kra Dadi,0,0,0,0,0,0.0,0,0,0,0,0,0,0.0,0,0,0,0,0
1749,2019,Arunachal Pradesh,12,Lower Siang,719,Lower Siang,0,0,0,0,0,0.0,0,0,0,0,0,0,0.0,0,0,0,0,0
1750,2019,Arunachal Pradesh,12,Leparada,724,Leparada,0,0,0,0,0,0.0,0,0,0,0,0,0,0.0,0,0,0,0,0
1751,2019,Arunachal Pradesh,12,Shi Yomi,725,Shiyomi,0,0,0,0,0,0.0,0,0,0,0,0,0,0.0,0,0,0,0,0
1752,2019,Arunachal Pradesh,12,Pakke Kessang,723,Pakkessang,0,0,0,0,0,0.0,0,0,0,0,0,0,0.0,0,0,0,0,0
1753,2019,Assam,18,Kamrup Metro,618,Bieo,0,0,0,0,0,0.0,0,0,0,0,0,0,0.0,0,0,0,0,0
1754,2019,Assam,18,Barpeta,280,Barpeta,0,0,4,5,2,1.0,0,0,0,3,7,6,0.0,0,4,8,3,13
1755,2019,Assam,18,Baksa,616,Baksa,0,11,6,13,14,5.0,2,0,5,28,116,33,7.0,1,17,34,33,157
1756,2019,Assam,18,Bongaigaon,281,Bongaigaon,0,12,12,14,11,4.0,3,2,6,62,84,64,2.0,0,24,32,70,150
1757,2019,Assam,18,Kamrup Metro,618,Cid,0,0,0,0,0,0.0,0,0,0,0,0,0,0.0,0,0,0,0,0
1758,2019,Assam,18,Cachar,282,Cachar,3,15,185,255,35,14.0,0,2,18,22,135,25,1.0,0,203,304,42,161
1759,2019,Assam,18,Chirang,612,Chirang,0,2,1,7,7,5.0,0,1,2,6,47,17,0.0,0,3,19,9,64
1760,2019,Assam,18,Darrang,283,Darrang,0,0,2,12,8,2.0,0,0,0,6,32,22,0.0,0,2,22,6,54
1761,2019,Assam,18,Dhemaji,284,Dhemaji,0,12,20,109,44,2.0,2,0,4,6,65,24,11.0,0,32,157,10,100
1762,2019,Assam,18,Dhubri,285,Dhubri,1,4,12,24,17,9.0,8,4,4,94,93,48,6.0,1,17,58,102,148
1763,2019,Assam,18,Dibrugarh,286,Dibrugarh,0,2,0,0,0,0.0,0,0,6,4,0,0,0.0,0,2,0,10,0
1764,2019,Assam,18,Kamrup Metro,618,Grp,0,0,0,0,0,0.0,0,0,0,0,0,0,0.0,0,0,0,0,0
1765,2019,Assam,18,Goalpara,287,Goalpara,0,0,0,0,0,0.0,0,0,0,0,0,0,0.0,0,0,0,0,0
1766,2019,Assam,18,Golaghat,288,Golaghat,0,0,0,0,25,0.0,0,0,0,0,0,52,0.0,0,0,25,0,52
1767,2019,Assam,18,Kamrup Metro,618,Guwahati City,0,26,59,142,182,98.0,32,2,22,74,381,214,43.0,6,85,454,98,644
1768,2019,Assam,18,Hailakandi,289,Hailakandi,0,5,6,8,15,0.0,0,0,3,40,55,69,0.0,0,11,23,43,124
1769,2019,Assam,18,West Karbi Anglong,710,Hamren,0,0,0,0,0,0.0,0,0,0,0,0,0,0.0,0,0,0,0,0
1770,2019,Assam,18,Jorhat,290,Jorhat,0,20,9,0,0,0.0,0,2,2,6,0,0,0.0,0,29,0,10,0
1771,2019,Assam,18,Kamrup,291,Kamrup,1,1,11,52,28,11.0,4,0,4,20,156,45,15.0,3,13,95,24,219
1772,2019,Assam,18,Karbi Anglong,292,Karbi Anglong,0,0,0,0,0,0.0,0,0,0,0,0,0,0.0,0,0,0,0,0
1773,2019,Assam,18,Karimganj,293,Karimganj,0,0,0,0,0,0.0,0,0,0,0,0,0,0.0,0,0,0,0,0
1774,2019,Assam,18,Kokrajhar,294,Kokrajhar,0,0,0,0,0,0.0,0,0,0,0,0,0,0.0,0,0,0,0,0
1775,2019,Assam,18,Lakhimpur,295,Lakhimpur,0,9,10,32,15,9.0,1,2,5,67,19,5,2.0,0,19,57,74,26
1776,2019,Assam,18,Marigaon,296,Morigaon,0,0,0,0,0,0.0,0,0,0,0,100,0,0.0,0,0,0,0,100
1777,2019,Assam,18,Dima Hasao,299,Dima Hasao,0,2,0,3,4,1.0,1,0,0,4,19,5,1.0,0,2,9,4,25
1778,2019,Assam,18,Nagaon,297,Nagaon,0,0,0,0,0,0.0,0,0,0,0,0,0,0.0,0,0,0,0,0
1779,2019,Assam,18,Nalbari,298,Nalbari,0,0,0,0,0,0.0,0,0,0,0,0,0,0.0,0,0,0,0,0
1780,2019,Assam,18,Kamrup Metro,618,Rpo,0,0,0,0,0,0.0,0,0,0,0,0,0,0.0,0,0,0,0,0
1781,2019,Assam,18,Kamrup Metro,618,Sou,0,0,0,0,0,0.0,0,0,0,0,0,0,0.0,0,0,0,0,0
1782,2019,Assam,18,Kamrup Metro,618,Stf,0,0,0,0,0,0.0,0,0,0,0,0,0,0.0,0,0,0,0,0
1783,2019,Assam,18,Sivasagar,300,Sibsagar,0,5,4,4,0,0.0,0,0,5,8,6,0,0.0,0,9,4,13,6
1784,2019,Assam,18,Sonitpur,301,Sonitpur,0,8,14,2,6,0.0,0,2,13,157,80,32,3.0,1,22,8,172,116
1785,2019,Assam,18,Tinsukia,302,Tinsukia,0,2,10,0,23,4.0,1,0,0,5,21,56,6.0,0,12,28,5,83
1786,2019,Assam,18,Udalguri,617,Udalguri,0,0,0,0,0,0.0,0,0,0,0,0,0,0.0,0,0,0,0,0
1787,2019,Assam,18,Tinsukia,302,Sadia,0,0,0,2,3,3.0,0,0,0,2,15,9,1.0,0,0,8,2,25
1788,2019,Assam,18,Majuli,706,Majuli,0,0,0,4,1,0.0,0,0,0,0,6,1,0.0,0,0,5,0,7
1789,2019,Assam,18,Biswanath,705,Biswanath,0,0,0,0,0,0.0,0,0,0,0,0,0,0.0,0,0,0,0,0
1790,2019,Assam,18,Hojai,709,Hojai,0,18,18,22,17,10.0,9,0,27,74,79,46,6.0,0,36,58,101,131
1791,2019,Assam,18,South Salmara Mancachar,707,South Salmara,0,6,0,3,4,2.0,0,0,1,12,28,8,0.0,0,6,9,13,36
1792,2019,Assam,18,Charaideo,708,Charaideo,0,3,2,1,5,3.0,2,0,1,12,11,19,2.0,0,5,11,13,32
1793,2019,Bihar,10,Araria,188,Araria,2,4,10,13,6,1.0,1,0,14,102,32,28,1.0,1,16,21,116,62
1794,2019,Bihar,10,Arwal,611,Arwal,0,3,2,0,1,0.0,0,1,6,18,10,4,0.0,0,5,1,25,14
1795,2019,Bihar,10,Aurangabad,189,Aurangabad,0,7,16,8,6,0.0,0,0,2,26,21,2,1.0,0,23,14,28,24
1796,2019,Bihar,10,Pashchim Champaran,211,Bagaha,1,4,2,2,1,0.0,0,0,12,54,8,11,0.0,0,7,3,66,19
1797,2019,Bihar,10,Banka,190,Banka,2,8,12,5,2,2.0,1,1,24,94,46,12,3.0,1,22,10,119,62
1798,2019,Bihar,10,Begusarai,191,Begusarai,0,9,3,1,4,0.0,0,0,48,81,7,0,0.0,0,12,5,129,7
1799,2019,Bihar,10,Pashchim Champaran,211,Bettiah,0,51,98,31,5,0.0,0,0,8,5,0,2,1.0,0,149,36,13,3
1800,2019,Bihar,10,Kaimur (Bhabua),200,Bhabhua,1,4,16,10,2,2.0,0,0,21,74,26,7,1.0,0,21,14,95,34
1801,2019,Bihar,10,Bhagalpur,192,Bhagalpur,1,17,18,10,12,7.0,0,1,42,181,71,24,3.0,1,36,29,224,99
1802,2019,Bihar,10,Bhojpur,193,Bhojpur,4,9,13,4,4,2.0,5,1,40,83,32,11,1.0,1,26,15,124,45
1803,2019,Bihar,10,Buxar,194,Buxar,2,16,7,2,4,3.0,2,1,17,67,32,19,2.0,1,25,11,85,54
1804,2019,Bihar,10,Darbhanga,195,Darbhanga,6,15,5,6,0,0.0,0,4,30,130,42,4,0.0,0,26,6,164,46
1805,2019,Bihar,10,Gaya,196,Gaya,9,36,30,21,15,5.0,1,6,47,196,72,20,6.0,1,75,42,249,99
1806,2019,Bihar,10,Gopalganj,197,Gopalganj,1,7,5,5,5,4.0,1,0,25,95,20,13,0.0,0,13,15,120,33
1807,2019,Bihar,10,Munger,207,Jamalpur Railway,0,1,3,0,0,0.0,0,0,0,0,0,0,0.0,0,4,0,0,0
1808,2019,Bihar,10,Jamui,198,Jamui,0,10,9,2,9,2.0,1,0,29,56,17,8,0.0,0,19,14,85,25
1809,2019,Bihar,10,Jehanabad,199,Jehanabad,0,10,7,9,3,2.0,1,0,22,53,16,1,2.0,0,17,15,75,19
1810,2019,Bihar,10,Katihar,201,Katihar,1,7,7,4,9,2.0,1,3,24,140,60,5,2.0,0,15,16,167,67
1811,2019,Bihar,10,Katihar,201,Katihar Railway,1,0,1,1,0,1.0,0,0,0,0,0,0,0.0,1,2,2,0,1
1812,2019,Bihar,10,Khagaria,202,Khagaria,3,14,7,4,3,3.0,0,1,21,80,37,18,0.0,0,24,10,102,55
1813,2019,Bihar,10,Kishanganj,203,Kishanganj,0,1,2,3,5,0.0,0,0,10,31,20,10,0.0,0,3,8,41,30
1814,2019,Bihar,10,Lakhisarai,204,Lakhisarai,0,10,6,3,2,2.0,1,15,38,12,6,0,1.0,0,16,8,65,7
1815,2019,Bihar,10,Madhepura,205,Madhepura,0,14,14,5,7,3.0,0,1,20,92,38,24,2.0,0,28,15,113,64
1816,2019,Bihar,10,Madhubani,206,Madhubani,0,3,0,2,0,0.0,0,0,4,15,2,1,0.0,0,3,2,19,3
1817,2019,Bihar,10,Purbi Champaran,213,Motihari,3,25,15,5,8,4.0,3,4,83,229,71,33,1.0,0,43,20,316,105
1818,2019,Bihar,10,Munger,207,Munger,2,15,11,15,5,2.0,1,2,32,98,44,10,0.0,0,28,23,132,54
1819,2019,Bihar,10,Muzaffarpur,208,Muzaffarpur,19,30,35,29,20,9.0,7,8,69,301,193,46,2.0,0,84,65,378,241
1820,2019,Bihar,10,Muzaffarpur,208,Muzaffarpur Railway,0,0,0,0,0,0.0,0,0,0,2,0,0,0.0,0,0,0,2,0
1821,2019,Bihar,10,Nalanda,209,Nalanda,2,52,23,14,16,7.0,5,0,53,191,70,24,6.0,2,77,42,244,102
1822,2019,Bihar,10,Bhagalpur,192,Naugachia,0,9,0,8,0,0.0,0,0,10,64,13,0,0.0,0,9,8,74,13
1823,2019,Bihar,10,Nawada,210,Nawadah,6,3,33,20,4,0.0,0,2,36,99,56,6,0.0,0,42,24,137,62
1824,2019,Bihar,10,Patna,212,Patna,11,87,81,56,59,26.0,9,4,177,508,273,82,12.0,5,179,150,689,372
1825,2019,Bihar,10,Patna,212,Patna Railway,1,0,0,1,3,0.0,2,2,0,0,11,1,2.0,0,1,6,2,14
1826,2019,Bihar,10,Purnia,214,Purnea,0,22,16,13,7,1.0,0,0,37,124,59,5,2.0,0,38,21,161,66
1827,2019,Bihar,10,Rohtas,215,Rohtas,2,16,18,16,12,5.0,1,3,45,121,62,13,0.0,2,36,34,169,77
1828,2019,Bihar,10,Saharsa,216,Saharsa,0,4,6,9,6,4.0,0,0,14,47,31,18,2.0,0,10,19,61,51
1829,2019,Bihar,10,Samastipur,217,Samastipur,4,15,7,5,9,8.0,0,0,31,169,62,26,1.0,1,26,22,200,90
1830,2019,Bihar,10,Saran,218,Saran,4,30,21,24,16,15.0,2,2,80,208,106,35,6.0,1,55,57,290,148
1831,2019,Bihar,10,Sheikhpura,219,Sheikhpura,0,0,3,4,3,1.0,0,0,13,12,8,6,1.0,0,3,8,25,15
1832,2019,Bihar,10,Sheohar,220,Sheohar,0,1,3,3,1,0.0,0,0,7,29,6,1,0.0,0,4,4,36,7
1833,2019,Bihar,10,Sitamarhi,221,Sitamarhi,7,25,15,14,2,2.0,1,2,47,196,63,17,2.0,1,47,19,245,83
1834,2019,Bihar,10,Siwan,222,Siwan,3,21,10,3,1,3.0,0,1,46,127,36,3,1.0,0,34,7,174,40
1835,2019,Bihar,10,Supaul,223,Supaul,0,3,6,5,1,0.0,1,2,33,75,33,8,1.0,0,9,7,110,42
1836,2019,Bihar,10,Vaishali,224,Vaishali,14,21,17,17,5,3.0,2,17,26,223,39,23,2.0,0,52,27,266,64
1837,2019,Bihar,10,Patna,212,Economic Offences Unit,0,0,0,0,0,0.0,0,0,0,0,0,0,0.0,0,0,0,0,0
1838,2019,Bihar,10,Patna,212,Anti Terrorist Squad,0,0,0,0,0,0.0,0,0,0,0,0,0,0.0,0,0,0,0,0
1839,2019,Chhattisgarh,22,Balod,646,Balod,0,3,8,48,18,9.0,9,1,6,70,253,43,6.0,3,11,84,77,305
1840,2019,Chhattisgarh,22,Baloda Bazar,644,Balodbazar,0,5,16,70,28,15.0,13,0,8,151,438,79,8.0,4,21,126,159,529
1841,2019,Chhattisgarh,22,Balrampur,649,Balrampur,0,2,6,14,16,3.0,2,1,4,41,74,27,2.0,1,8,35,46,104
1842,2019,Chhattisgarh,22,Bemetara,650,Bemetra,2,1,7,42,12,6.0,2,0,4,73,193,19,2.0,2,10,62,77,216
1843,2019,Chhattisgarh,22,Bilaspur,375,Bilaspur,1,16,29,98,102,42.0,29,1,62,273,474,227,29.0,9,46,271,336,739
1844,2019,Chhattisgarh,22,Bijapur,636,Bizapur,0,2,2,7,4,0.0,0,0,1,9,25,4,0.0,1,4,11,10,30
1845,2019,Chhattisgarh,22,Dantewada,376,Dantewara,0,4,4,10,6,3.0,2,0,4,4,34,3,0.0,1,8,21,8,38
1846,2019,Chhattisgarh,22,Dhamtari,377,Dhamtari,0,4,9,54,21,15.0,12,0,2,50,235,45,3.0,5,13,102,52,288
1847,2019,Chhattisgarh,22,Durg,378,Durg,1,21,40,196,103,70.0,30,0,19,193,623,145,27.0,13,62,399,212,808
1848,2019,Chhattisgarh,22,Gariyaband,645,Gariyaband,0,0,0,24,13,1.0,1,0,2,47,136,17,3.0,0,0,39,49,156
1849,2019,Chhattisgarh,22,Raipur,387,Grp Raipur,0,0,0,3,8,5.0,0,0,0,1,13,4,0.0,0,0,16,1,17
1850,2019,Chhattisgarh,22,Bastar,374,Jagdalpur,1,0,4,29,8,21.0,2,0,7,64,120,23,1.0,2,5,60,71,146
1851,2019,Chhattisgarh,22,Janjgir-Champa,379,Janjgir,0,12,16,60,69,30.0,10,0,11,137,250,180,72.0,17,28,169,148,519
1852,2019,Chhattisgarh,22,Jashpur,380,Jashpur,0,6,9,25,16,6.0,7,0,3,48,101,35,5.0,1,15,54,51,142
1853,2019,Chhattisgarh,22,Kabirdham,382,Kabirdham,0,4,13,44,19,11.0,6,0,3,69,166,38,12.0,0,17,80,72,216
1854,2019,Chhattisgarh,22,Kanker,381,Kanker,0,2,10,31,14,6.0,1,0,6,42,52,27,4.0,2,12,52,48,85
1855,2019,Chhattisgarh,22,Kondagaon,643,Kondagaon,0,1,0,13,10,6.0,0,0,2,13,66,14,4.0,1,1,29,15,85
1856,2019,Chhattisgarh,22,Korba,383,Korba,0,10,22,43,65,26.0,6,0,6,106,201,123,22.0,4,32,140,112,350
1857,2019,Chhattisgarh,22,Korea,384,Koriya,0,0,9,22,34,28.0,2,0,21,42,143,52,38.0,13,9,86,63,246
1858,2019,Chhattisgarh,22,Mahasamund,385,Mahasamund,0,1,16,36,30,21.0,5,1,3,53,213,93,7.0,4,17,92,57,317
1859,2019,Chhattisgarh,22,Mungeli,647,Mungali,1,7,6,34,13,9.0,9,0,3,84,156,25,4.0,2,14,65,87,187
1860,2019,Chhattisgarh,22,Narayanpur,637,Narayanpur,0,1,1,1,1,3.0,0,0,3,10,18,2,0.0,0,2,5,13,20
1861,2019,Chhattisgarh,22,Raigarh,386,Raigarh,1,18,20,63,84,39.0,17,1,23,152,353,170,29.0,8,39,203,176,560
1862,2019,Chhattisgarh,22,Raipur,387,Raipur,0,46,64,210,266,140.0,68,0,29,356,853,445,80.0,29,110,684,385,1407
1863,2019,Chhattisgarh,22,Rajnandgaon,388,Rajnandgaon,0,11,10,117,55,35.0,20,2,6,118,491,82,19.0,5,21,227,126,597
1864,2019,Chhattisgarh,22,Surguja,389,Sarguja,0,3,14,17,43,18.0,5,0,14,71,118,83,23.0,9,17,83,85,233
1865,2019,Chhattisgarh,22,Sukma,642,Sukma,0,3,3,4,1,2.0,0,0,0,10,17,3,1.0,0,6,7,10,21
1866,2019,Chhattisgarh,22,Surajpur,648,Surajpur,0,1,8,22,16,10.0,5,0,3,57,119,18,3.0,1,9,53,60,141
1867,2019,Goa,30,North Goa,551,North Goa,1,1,1,45,54,32.0,17,4,3,0,88,22,8.0,6,3,148,7,124
1868,2019,Goa,30,South Goa,552,South Goa,1,2,1,50,49,42.0,16,2,1,14,106,26,8.0,7,4,157,17,147
1869,2019,Goa,30,North Goa,551,Cid,0,0,0,2,2,1.0,1,0,0,0,2,0,0.0,0,0,6,0,2
1870,2019,Gujarat,24,Ahmadabad,438,Ahmedabad City,6,26,52,456,342,129.0,54,4,40,281,1501,258,40.0,25,84,981,325,1824
1871,2019,Gujarat,24,Ahmadabad,438,Ahmedabad Rural,3,1,0,26,31,12.0,6,5,1,0,72,17,2.0,1,4,75,6,92
1872,2019,Gujarat,24,Amreli,439,Amreli,0,0,0,8,11,3.0,1,0,0,0,130,16,0.0,0,0,23,0,146
1873,2019,Gujarat,24,Anand,440,Anand,0,0,0,64,46,33.0,3,0,0,0,169,127,43.0,6,0,146,0,345
1874,2019,Gujarat,24,Arvalli,672,Arvalli,0,0,0,12,21,2.0,0,0,0,0,52,32,1.0,0,0,35,0,85
1875,2019,Gujarat,24,Banas Kantha,441,Banaskantha,0,0,1,56,28,15.0,3,0,0,2,192,19,0.0,1,1,102,2,212
1876,2019,Gujarat,24,Bharuch,442,Bharuch,10,8,0,42,32,20.0,10,5,10,1,178,29,5.0,2,18,104,16,214
1877,2019,Gujarat,24,Bhavnagar,443,Bhavnagar,1,0,0,32,24,2.0,5,0,0,21,126,40,0.0,0,1,63,21,166
1878,2019,Gujarat,24,Botad,676,Botad,0,0,5,6,3,1.0,0,0,1,14,20,2,0.0,0,5,10,15,22
1879,2019,Gujarat,24,Chhotaudepur,668,Chhotaudepur,0,2,0,5,3,4.0,1,1,0,0,10,2,1.0,2,2,13,1,15
1880,2019,Gujarat,24,Gandhinagar,446,Cid Crime,0,0,0,0,0,0.0,0,0,0,0,0,0,0.0,0,0,0,0,0
1881,2019,Gujarat,24,Dohad,445,Dahod,0,3,1,14,0,0.0,0,0,9,92,44,0,1.0,0,4,14,101,45
1882,2019,Gujarat,24,Dang,444,Dang,0,0,0,0,0,0.0,0,0,0,0,0,0,0.0,0,0,0,0,0
1883,2019,Gujarat,24,Devbhumi Dwarka,674,Devbhumi Dwarka,0,1,0,12,7,3.0,3,0,3,15,51,8,1.0,2,1,25,18,62
1884,2019,Gujarat,24,Gandhinagar,446,Gandhinagar,4,11,1,67,44,22.0,7,5,5,0,251,27,7.0,4,16,140,10,289
1885,2019,Gujarat,24,Gir Somnath,675,Gir Somnath,2,0,0,5,6,4.0,1,0,10,28,32,3,1.0,2,2,16,38,38
1886,2019,Gujarat,24,Jamnagar,447,Jamnagar,5,3,0,52,19,5.0,0,7,0,1,85,65,12.0,0,8,76,8,162
1887,2019,Gujarat,24,Junagadh,448,Junagadh,0,3,1,6,16,9.0,1,1,7,61,16,7,0.0,1,4,32,69,24
1888,2019,Gujarat,24,Kachchh,449,Kachchh East(G),0,0,0,107,23,28.0,8,0,0,1,41,29,8.0,4,0,166,1,82
1889,2019,Gujarat,24,Kachchh,449,Kachchh West(B),0,3,3,35,25,4.0,2,0,4,16,133,21,2.0,1,6,66,20,157
1890,2019,Gujarat,24,Kheda,450,Kheda,3,1,1,26,16,12.0,4,0,1,4,85,29,5.0,1,5,58,5,120
1891,2019,Gujarat,24,Mahisagar,669,Mahisagar,0,2,0,9,6,1.0,2,2,0,1,23,9,1.0,0,2,18,3,33
1892,2019,Gujarat,24,Mahesana,451,Mehsana,0,0,0,71,37,25.0,14,0,1,5,372,64,8.0,3,0,147,6,447
1893,2019,Gujarat,24,Morbi,673,Morbi,0,0,0,7,9,5.0,1,0,0,0,45,36,7.0,2,0,22,0,90
1894,2019,Gujarat,24,Narmada,452,Narmada,0,0,0,5,4,2.0,0,0,0,0,7,4,0.0,0,0,11,0,11
1895,2019,Gujarat,24,Navsari,453,Navsari,2,1,0,12,31,23.0,13,1,3,0,68,39,10.0,7,3,79,4,124
1896,2019,Gujarat,24,Panch Mahals,454,Panchmahal,2,2,0,35,18,8.0,4,4,1,0,67,13,2.0,2,4,65,5,84
1897,2019,Gujarat,24,Patan,455,Patan,2,0,0,32,15,3.0,3,1,0,1,146,29,2.0,0,2,53,2,177
1898,2019,Gujarat,24,Porbandar,456,Porbandar,2,1,0,7,9,2.0,2,1,2,0,34,7,1.0,0,3,20,3,42
1899,2019,Gujarat,24,Rajkot,457,Rajkot City,0,0,0,87,119,44.0,12,0,0,0,207,161,37.0,9,0,262,0,414
1900,2019,Gujarat,24,Rajkot,457,Rajkot Rural,12,7,3,34,20,8.0,7,4,3,1,213,30,4.0,1,22,69,8,248
1901,2019,Gujarat,24,Sabar Kantha,458,Sabarkantha,1,1,1,33,16,9.0,5,0,0,23,125,17,2.0,1,3,63,23,145
1902,2019,Gujarat,24,Surat,459,Surat City,61,65,26,441,363,209.0,60,47,73,84,1024,387,156.0,26,152,1073,204,1593
1903,2019,Gujarat,24,Surat,459,Surat Rural,4,5,0,34,38,11.0,3,4,5,0,71,17,2.0,1,9,86,9,91
1904,2019,Gujarat,24,Surendranagar,460,Surendranagar,0,0,0,11,9,4.0,3,0,0,0,38,4,3.0,0,0,27,0,45
1905,2019,Gujarat,24,Tapi,641,Tapi,3,0,0,7,7,3.0,5,3,1,0,15,10,0.0,2,3,22,4,27
1906,2019,Gujarat,24,Vadodara,461,Vadodara City,0,10,13,74,101,86.0,37,0,8,98,228,110,27.0,10,23,298,106,375
1907,2019,Gujarat,24,Vadodara,461,Vadodara Rural,0,0,0,20,11,12.0,0,0,0,0,35,10,1.0,1,0,43,0,47
1908,2019,Gujarat,24,Valsad,462,Valsad,7,1,0,28,25,16.0,14,5,3,1,84,18,6.0,5,8,83,9,113
1909,2019,Gujarat,24,Ahmadabad,438,W.Rly Ahmedabad,0,0,0,3,1,1.0,0,0,0,0,4,1,1.0,0,0,5,0,6
1910,2019,Gujarat,24,Vadodara,461,W.Rly Vadodara,0,0,0,7,1,4.0,5,2,0,0,8,2,2.0,0,0,17,2,12
1911,2019,Haryana,6,Ambala,58,Ambala,0,2,20,110,70,40.0,0,0,1,18,90,51,40.0,0,22,220,19,181
1912,2019,Haryana,6,Bhiwani,59,Bhiwani,12,22,15,30,36,28.0,9,15,5,35,166,84,9.0,2,49,103,55,261
1913,2019,Haryana,6,Faridabad,60,Faridabad,21,39,36,252,102,46.0,24,14,34,40,550,110,15.0,8,96,424,88,683
1914,2019,Haryana,6,Fatehabad,61,Fatehabad,18,15,5,36,40,17.0,10,22,16,18,188,103,13.0,2,38,103,56,306
1915,2019,Haryana,6,Ambala,58,Grp,2,4,0,9,13,7.0,4,1,3,0,16,4,0.0,0,6,33,4,20
1916,2019,Haryana,6,Gurugram,62,Gurugram,1,15,32,67,65,40.0,10,2,26,129,166,63,9.0,4,48,182,157,242
1917,2019,Haryana,6,Hisar,63,Hissar,0,1,16,52,36,21.0,9,0,2,44,243,40,1.0,1,17,118,46,285
1918,2019,Haryana,6,Jhajjar,64,Jhajjar,210,0,22,30,86,66.0,6,268,0,20,17,156,64.0,11,232,188,288,248
1919,2019,Haryana,6,Jind,65,Jind,0,6,19,52,42,17.0,6,1,9,58,209,87,23.0,8,25,117,68,327
1920,2019,Haryana,6,Kaithal,66,Kaithal,5,11,18,31,34,25.0,6,8,11,6,77,35,7.0,2,34,96,25,121
1921,2019,Haryana,6,Karnal,67,Karnal,0,11,16,28,24,20.0,7,0,1,15,36,31,10.0,3,27,79,16,80
1922,2019,Haryana,6,Kurukshetra,68,Kurukshetra,2,2,3,151,48,5.0,1,2,3,21,222,52,7.0,2,7,205,26,283
1923,2019,Haryana,6,Mahendragarh,69,Mahendergarh,0,7,15,29,18,20.0,1,1,7,54,111,17,3.0,0,22,68,62,131
1924,2019,Haryana,6,Nuh,604,Nuh,1,9,4,27,4,5.0,0,1,1,15,40,14,0.0,0,14,36,17,54
1925,2019,Haryana,6,Palwal,619,Palwal,3,16,31,38,29,8.0,6,5,13,52,125,28,5.0,0,50,81,70,158
1926,2019,Haryana,6,Panchkula,70,Panchkula,9,32,17,69,34,13.0,2,5,36,63,187,62,12.0,1,58,118,104,262
1927,2019,Haryana,6,Panipat,71,Panipat,17,43,55,122,124,69.0,21,15,40,204,348,140,26.0,2,115,336,259,516
1928,2019,Haryana,6,Rewari,72,Rewari,6,16,20,66,37,24.0,13,5,10,59,228,51,3.0,4,42,140,74,286
1929,2019,Haryana,6,Rohtak,73,Rohtak,0,20,34,122,91,41.0,10,1,6,49,278,84,5.0,5,54,264,56,372
1930,2019,Haryana,6,Sirsa,74,Sirsa,0,7,12,51,36,13.0,7,0,11,58,240,59,5.0,1,19,107,69,305
1931,2019,Haryana,6,Sonipat,75,Sonipat,2,13,46,52,64,54.0,11,1,7,57,170,167,20.0,2,61,181,65,359
1932,2019,Haryana,6,Yamunanagar,76,Yamunanagar,10,14,22,83,60,30.0,9,6,16,47,190,59,8.0,7,46,182,69,264
1933,2019,Haryana,6,Gurugram,62,Irrigation And Power,0,0,0,0,0,0.0,0,0,0,0,0,0,0.0,0,0,0,0,0
1934,2019,Haryana,6,Charki Dadri,701,Charkhi Dadri,0,2,2,17,14,8.0,2,0,0,5,71,20,0.0,0,4,41,5,91
1935,2019,Haryana,6,Hisar,63,Hansi,0,2,11,17,8,6.0,4,0,1,17,92,10,5.0,1,13,35,18,108
1936,2019,Himachal Pradesh,2,Solan,25,Baddi,0,1,1,27,20,11.0,6,1,8,9,114,17,1.0,2,2,64,18,134
1937,2019,Himachal Pradesh,2,Bilaspur,15,Bilaspur,0,1,4,18,8,4.0,1,0,0,22,89,17,2.0,3,5,31,22,111
1938,2019,Himachal Pradesh,2,Chamba,16,Chamba,0,1,2,16,9,9.0,1,0,0,15,54,6,2.0,0,3,35,15,62
1939,2019,Himachal Pradesh,2,Shimla,23,Cid,0,0,0,0,0,0.0,0,0,0,0,0,0,0.0,0,0,0,0,0
1940,2019,Himachal Pradesh,2,Shimla,23,Grp,0,0,0,0,0,0.0,0,0,0,0,0,0,0.0,0,0,0,0,0
1941,2019,Himachal Pradesh,2,Hamirpur,17,Hamirpur,0,2,6,11,8,6.0,1,0,1,6,56,16,0.0,1,8,26,7,73
1942,2019,Himachal Pradesh,2,Kangra,18,Kangra,0,1,7,28,27,18.0,11,0,0,16,151,37,10.0,0,8,84,16,198
1943,2019,Himachal Pradesh,2,Kinnaur,19,Kinnaur,0,1,6,6,6,3.0,2,0,1,2,13,0,1.0,0,7,17,3,14
1944,2019,Himachal Pradesh,2,Kullu,20,Kullu,2,3,8,23,48,24.0,15,0,0,12,39,53,3.0,0,13,110,12,95
1945,2019,Himachal Pradesh,2,Lahul And Spiti,21,Lahaul And Spiti,0,0,0,1,1,1.0,0,0,1,0,1,2,0.0,1,0,3,1,4
1946,2019,Himachal Pradesh,2,Mandi,22,Mandi,0,3,13,33,22,16.0,8,0,0,59,151,37,2.0,4,16,79,59,194
1947,2019,Himachal Pradesh,2,Shimla,23,Shimla,0,17,19,1,0,0.0,0,0,9,45,7,0,0.0,1,36,1,54,8
1948,2019,Himachal Pradesh,2,Sirmaur,24,Sirmaur,2,3,4,15,12,4.0,4,4,2,5,70,16,1.0,1,9,35,11,88
1949,2019,Himachal Pradesh,2,Solan,25,Solan,0,4,7,12,16,7.0,4,0,1,32,55,11,2.0,0,11,39,33,68
1950,2019,Himachal Pradesh,2,Una,26,Una,0,4,3,15,9,4.0,2,0,2,15,32,1,2.0,4,7,30,17,39
1951,2019,Himachal Pradesh,2,Shimla,23,Cyber,0,0,0,0,0,0.0,0,0,0,0,0,0,0.0,0,0,0,0,0
1952,2019,Jammu And Kashmir,1,Anantnag,1,Anantnag,0,0,0,21,4,2.0,0,0,1,25,19,8,2.0,0,0,27,26,29
1953,2019,Jammu And Kashmir,1,Pulwama,11,Awantipora,0,0,0,12,3,3.0,0,0,0,0,8,6,0.0,0,0,18,0,14
1954,2019,Jammu And Kashmir,1,Bandipora,623,Bandipora,0,1,7,17,6,0.0,2,1,0,2,18,6,0.0,0,8,25,3,24
1955,2019,Jammu And Kashmir,1,Baramulla,3,Baramulla,0,0,0,0,0,0.0,0,0,0,0,0,0,0.0,0,0,0,0,0
1956,2019,Jammu And Kashmir,1,Budgam,2,Budgam,0,0,0,10,7,2.0,0,0,0,0,9,8,2.0,0,0,19,0,19
1957,2019,Jammu And Kashmir,1,Jammu,5,Crime Jammu,0,0,0,0,0,0.0,0,0,0,0,0,0,0.0,0,0,0,0,0
1958,2019,Jammu And Kashmir,1,Jammu,5,Crime Srinagar,0,0,0,0,0,0.0,0,0,0,0,0,0,0.0,0,0,0,0,0
1959,2019,Jammu And Kashmir,1,Doda,4,Doda,0,0,0,4,9,3.0,0,0,0,15,26,20,2.0,0,0,16,15,48
1960,2019,Jammu And Kashmir,1,Ganderbal,626,Ganderbal,0,0,2,11,2,1.0,1,0,0,0,25,7,0.0,1,2,15,0,33
1961,2019,Jammu And Kashmir,1,Kupwara,8,Handwara,0,0,6,4,3,0.0,0,0,0,8,7,2,0.0,0,6,7,8,9
1962,2019,Jammu And Kashmir,1,Jammu,5,Jammu,0,0,20,22,13,6.0,8,0,0,0,319,41,17.0,13,20,49,0,390
1963,2019,Jammu And Kashmir,1,Kargil,6,Kargil,0,0,0,0,3,1.0,1,1,0,0,4,1,0.0,0,0,5,1,5
1964,2019,Jammu And Kashmir,1,Kathua,7,Kathua,3,4,3,8,12,8.0,0,2,3,18,86,25,3.0,2,10,28,23,116
1965,2019,Jammu And Kashmir,1,Kishtwar,620,Kishtwar,0,0,0,5,3,2.0,1,0,0,0,21,6,1.0,0,0,11,0,28
1966,2019,Jammu And Kashmir,1,Kulgam,622,Kulgam,0,0,1,25,1,0.0,0,0,0,0,7,3,0.0,0,1,26,0,10
1967,2019,Jammu And Kashmir,1,Kupwara,8,Kupwara,0,2,3,18,3,1.0,4,0,0,1,28,13,2.0,0,5,26,1,43
1968,2019,Jammu And Kashmir,1,Leh Ladakh,9,Leh,0,0,0,5,3,2.0,0,0,0,0,3,7,0.0,0,0,10,0,10
1969,2019,Jammu And Kashmir,1,Poonch,10,Poonch,0,0,1,5,4,2.0,1,0,1,0,50,7,0.0,0,1,12,1,57
1970,2019,Jammu And Kashmir,1,Pulwama,11,Pulwama,0,0,0,31,8,2.0,0,0,0,0,9,6,2.0,0,0,41,0,17
1971,2019,Jammu And Kashmir,1,Jammu,5,Railways Jammu,0,0,0,1,1,0.0,0,0,0,0,1,0,0.0,0,0,2,0,1
1972,2019,Jammu And Kashmir,1,Jammu,5,Railways Kashmir,0,0,0,0,0,0.0,0,0,0,0,0,0,0.0,0,0,0,0,0
1973,2019,Jammu And Kashmir,1,Reasi,627,Railways Katra,0,0,0,0,0,0.0,0,0,0,0,0,0,0.0,0,0,0,0,0
1974,2019,Jammu And Kashmir,1,Rajouri,12,Rajouri,0,3,0,9,7,2.0,0,0,0,0,52,38,8.0,0,3,18,0,98
1975,2019,Jammu And Kashmir,1,Ramban,621,Ramban,0,2,1,3,2,2.0,0,0,0,0,31,7,0.0,0,3,7,0,38
1976,2019,Jammu And Kashmir,1,Reasi,627,Reasi,0,1,0,12,10,7.0,1,0,5,15,35,15,2.0,2,1,30,20,54
1977,2019,Jammu And Kashmir,1,Samba,624,Samba,1,1,1,8,7,1.0,0,2,3,3,29,3,3.0,1,3,16,8,36
1978,2019,Jammu And Kashmir,1,Shopian,625,Shopian,0,0,5,30,0,0.0,0,0,0,3,10,0,0.0,0,5,30,3,10
1979,2019,Jammu And Kashmir,1,Baramulla,3,Sopore,0,1,5,14,3,2.0,2,0,0,1,11,9,0.0,0,6,21,1,20
1980,2019,Jammu And Kashmir,1,Srinagar,13,Srinagar,0,0,20,85,36,26.0,0,0,0,43,62,34,9.0,0,20,147,43,105
1981,2019,Jammu And Kashmir,1,Udhampur,14,Udhampur,1,0,8,25,14,8.0,1,2,2,17,69,15,5.0,0,9,48,21,89
1982,2019,Jharkhand,20,Bokaro,322,Bokaro,0,2,7,0,0,0.0,0,0,1,4,0,0,0.0,0,9,0,5,0
1983,2019,Jharkhand,20,West Singhbhum,343,Chaibasa,0,0,1,1,0,0.0,0,0,1,13,2,0,0.0,0,1,1,14,2
1984,2019,Jharkhand,20,Chatra,323,Chatra,0,2,0,0,0,0.0,0,0,0,0,0,0,0.0,0,2,0,0,0
1985,2019,Jharkhand,20,Deoghar,324,Deoghar,0,9,18,8,4,0.0,3,0,14,18,28,4,1.0,0,27,15,32,33
1986,2019,Jharkhand,20,Dhanbad,325,Dhanbad,0,6,9,11,13,7.0,0,0,4,6,3,2,1.0,0,15,31,10,6
1987,2019,Jharkhand,20,Dhanbad,325,Dhanbad Railway,1,0,0,1,0,1.0,0,0,0,0,3,0,0.0,1,1,2,0,4
1988,2019,Jharkhand,20,Dumka,326,Dumka,0,2,4,21,11,0.0,0,0,0,0,0,0,0.0,0,6,32,0,0
1989,2019,Jharkhand,20,Garhwa,328,Garhwa,0,4,3,3,0,0.0,0,0,1,4,0,0,0.0,0,7,3,5,0
1990,2019,Jharkhand,20,Giridih,329,Giridih,0,5,11,0,0,0.0,0,0,10,12,0,0,0.0,0,16,0,22,0
1991,2019,Jharkhand,20,Godda,330,Godda,0,0,10,0,0,0.0,0,0,0,1,0,0,0.0,0,10,0,1,0
1992,2019,Jharkhand,20,Gumla,331,Gumla,0,0,2,0,0,0.0,0,0,0,13,0,0,0.0,0,2,0,13,0
1993,2019,Jharkhand,20,Hazaribagh,332,Hazaribagh,0,1,7,16,4,1.0,0,0,1,3,26,2,2.0,1,8,21,4,31
1994,2019,Jharkhand,20,East Singhbum,327,Jamshedpur,0,5,4,7,4,4.0,0,0,0,4,10,11,1.0,2,9,15,4,24
1995,2019,Jharkhand,20,East Singhbum,327,Jamshedpur Railway,0,3,1,7,2,2.0,2,3,1,2,4,2,1.0,0,4,13,6,7
1996,2019,Jharkhand,20,Jamtara,333,Jamtara,1,3,0,12,3,2.0,2,0,0,3,10,1,2.0,0,4,19,3,13
1997,2019,Jharkhand,20,Khunti,606,Khunti,0,6,2,0,0,0.0,0,0,9,3,0,0,0.0,0,8,0,12,0
1998,2019,Jharkhand,20,Koderma,334,Koderma,0,0,0,0,0,0.0,0,0,0,0,0,0,0.0,0,0,0,0,0
1999,2019,Jharkhand,20,Latehar,335,Latehar,0,0,4,2,0,1.0,1,0,2,1,5,1,0.0,0,4,4,3,6
2000,2019,Jharkhand,20,Lohardaga,336,Lohardagga,0,0,0,0,0,0.0,0,0,0,0,0,0,0.0,0,0,0,0,0
2001,2019,Jharkhand,20,Pakur,337,Pakur,0,8,0,5,4,0.0,1,0,1,1,4,1,0.0,0,8,10,2,5
2002,2019,Jharkhand,20,Palamu,338,Palamu,1,11,8,18,4,4.0,2,0,3,17,44,7,1.0,1,20,28,20,53
2003,2019,Jharkhand,20,Ramgarh,607,Ramgarh,0,0,0,5,3,1.0,0,0,0,4,8,0,0.0,0,0,9,4,8
2004,2019,Jharkhand,20,Ranchi,339,Ranchi,0,7,11,26,14,9.0,4,0,2,8,53,12,5.0,5,18,53,10,75
2005,2019,Jharkhand,20,Sahebganj,340,Sahebganj,0,0,7,0,0,0.0,0,0,0,0,0,0,0.0,0,7,0,0,0
2006,2019,Jharkhand,20,Saraikela Kharsawan,341,Saraikela,0,0,0,0,0,0.0,0,0,0,0,0,0,0.0,0,0,0,0,0
2007,2019,Jharkhand,20,Simdega,342,Simdega,0,0,0,0,0,0.0,0,0,0,0,0,0,0.0,0,0,0,0,0
2008,2019,Karnataka,29,Bagalkote,524,Bagalkot,2,0,1,14,22,8.0,9,1,0,3,97,15,2.0,2,3,53,4,116
2009,2019,Karnataka,29,Bengaluru Urban,525,Bengaluru City,18,22,12,783,658,357.0,222,16,13,23,2371,353,116.0,112,52,2020,52,2952
2010,2019,Karnataka,29,Bengaluru Urban,525,Bengaluru District,10,17,0,54,107,66.0,29,19,15,1,452,143,20.0,16,27,256,35,631
2011,2019,Karnataka,29,Belagavi,527,Belagavi District,0,1,1,51,43,19.0,14,1,4,11,195,40,1.0,4,2,127,16,240
2012,2019,Karnataka,29,Ballari,528,Ballari,12,13,2,36,50,25.0,8,10,16,5,133,52,5.0,1,27,119,31,191
2013,2019,Karnataka,29,Bidar,529,Bidar,0,0,1,17,13,7.0,5,0,0,1,71,10,3.0,4,1,42,1,88
2014,2019,Karnataka,29,Vijayapura,530,Vijayapura,1,4,9,39,22,4.0,7,0,3,26,132,17,2.0,2,14,72,29,153
2015,2019,Karnataka,29,Chikkaballapura,630,Chikkaballapura,4,5,0,20,30,10.0,5,10,3,0,223,54,8.0,5,9,65,13,290
2016,2019,Karnataka,29,Chamarajanagara,531,Chamarajnagar,5,3,0,23,20,11.0,12,1,2,0,122,17,3.0,6,8,66,3,148
2017,2019,Karnataka,29,Chikkamagaluru,532,Chikkamagaluru,2,2,1,42,31,14.0,15,3,0,3,131,36,11.0,3,5,102,6,181
2018,2019,Karnataka,29,Chitradurga,533,Chitradurga,0,0,0,25,35,20.0,12,0,0,0,182,65,5.0,6,0,92,0,258
2019,2019,Karnataka,29,Dakshina Kannada,534,Dakshina Kannada,3,0,0,24,30,24.0,8,6,2,0,51,19,8.0,1,3,86,8,79
2020,2019,Karnataka,29,Davangere,535,Davanagere,0,1,1,60,42,22.0,14,0,1,13,206,36,9.0,4,2,138,14,255
2021,2019,Karnataka,29,Dharwad,536,Dharwad,2,0,0,3,7,12.0,3,1,0,0,40,13,2.0,0,2,25,1,55
2022,2019,Karnataka,29,Gadag,537,Gadag,0,0,0,18,13,4.0,3,0,0,0,73,10,0.0,1,0,38,0,84
2023,2019,Karnataka,29,Kalaburagi,538,Kalaburgi,0,1,1,25,11,4.0,4,0,0,4,90,22,0.0,3,2,44,4,115
2024,2019,Karnataka,29,Hassan,539,Hassan,9,6,1,21,54,53.0,22,12,7,3,216,82,15.0,9,16,150,22,322
2025,2019,Karnataka,29,Haveri,540,Haveri,0,6,0,20,30,9.0,0,0,11,0,92,20,30.0,10,6,59,11,152
2026,2019,Karnataka,29,Dharwad,536,Hubballi Dharwad City,2,2,0,30,32,15.0,7,8,7,1,79,14,5.0,2,4,84,16,100
2027,2019,Karnataka,29,Belagavi,527,K.G.F.,5,4,0,8,15,4.0,3,3,4,0,67,21,0.0,2,9,30,7,90
2028,2019,Karnataka,29,Kodagu,541,Kodagu,0,0,0,11,18,19.0,3,0,0,0,63,21,14.0,5,0,51,0,103
2029,2019,Karnataka,29,Kolar,542,Kolar,0,0,0,24,28,8.0,7,0,0,0,127,29,3.0,4,0,67,0,163
2030,2019,Karnataka,29,Koppal,543,Koppal,0,1,0,18,21,6.0,2,0,4,8,86,9,2.0,1,1,47,12,98
2031,2019,Karnataka,29,Mandya,544,Mandya,0,0,0,26,129,38.0,22,0,0,0,42,311,92.0,10,0,215,0,455
2032,2019,Karnataka,29,Dakshina Kannada,534,Mangaluru City,3,1,1,39,52,24.0,11,1,2,0,85,15,1.0,3,5,126,3,104
2033,2019,Karnataka,29,Mysuru,545,Mysuru City,7,6,1,55,55,36.0,22,11,11,2,179,33,15.0,13,14,168,24,240
2034,2019,Karnataka,29,Mysuru,545,Mysuru District,11,6,0,50,52,44.0,24,15,17,2,262,71,18.0,11,17,170,34,362
2035,2019,Karnataka,29,Raichur,546,Raichur,6,2,3,18,22,5.0,6,4,4,1,112,13,3.0,3,11,51,9,131
2036,2019,Karnataka,29,Bengaluru Urban,525,K.Railways,0,0,0,5,5,2.0,4,0,0,1,8,0,2.0,5,0,16,1,15
2037,2019,Karnataka,29,Ramanagara,631,Ramanagara,19,4,1,30,66,51.0,23,13,14,2,244,50,13.0,14,24,170,29,321
2038,2019,Karnataka,29,Shivamogga,547,Shimoga,0,0,0,71,76,46.0,19,0,0,0,372,35,8.0,10,0,212,0,425
2039,2019,Karnataka,29,Tumakuru,548,Tumakuru,7,9,23,48,35,23.0,13,10,8,67,312,46,2.0,9,39,119,85,369
2040,2019,Karnataka,29,Udupi,549,Udupi,0,3,6,14,29,21.0,10,1,1,4,46,8,3.0,2,9,74,6,59
2041,2019,Karnataka,29,Uttara Kannada,550,Uttara Kannada,8,3,0,34,37,17.0,7,9,1,2,135,21,2.0,6,11,95,12,164
2042,2019,Karnataka,29,Yadgir,635,Yadgiri,1,4,2,11,11,3.0,2,1,0,0,29,0,2.0,0,7,27,1,31
2043,2019,Karnataka,29,Belagavi,527,Belagavi City,0,1,1,26,31,16.0,16,0,0,2,47,10,1.0,2,2,89,2,60
2044,2019,Karnataka,29,Kalaburagi,538,Kalaburgi City,0,0,4,12,7,3.0,2,2,1,0,16,4,1.0,0,4,24,3,21
2045,2019,Kerala,32,Alappuzha,554,Alapuzha,4,4,41,90,61,51.0,29,5,6,46,493,121,25.0,11,49,231,57,650
2046,2019,Kerala,32,Ernakulam,555,Ernakulam Commr.,2,12,15,52,47,39.0,37,4,2,27,269,46,8.0,8,29,175,33,331
2047,2019,Kerala,32,Ernakulam,555,Ernakulam Rural,5,13,33,63,58,48.0,39,11,8,65,382,73,16.0,15,51,208,84,486
2048,2019,Kerala,32,Idukki,556,Idukki,5,9,27,56,37,19.0,11,6,8,42,186,44,9.0,7,41,123,56,246
2049,2019,Kerala,32,Kannur,557,Kannur,7,19,27,61,68,39.0,19,3,4,18,255,53,9.0,3,53,187,25,320
2050,2019,Kerala,32,Kasaragod,558,Kasargod,7,18,22,32,31,15.0,11,8,7,9,137,27,3.0,3,47,89,24,170
2051,2019,Kerala,32,Kollam,559,Kollam Commr.,14,14,50,36,49,60.0,27,6,18,42,427,101,28.0,11,78,172,66,567
2052,2019,Kerala,32,Kollam,559,Kollam Rural,11,19,28,43,35,61.0,35,21,11,26,468,112,8.0,8,58,174,58,596
2053,2019,Kerala,32,Kottayam,560,Kottayam,7,9,13,45,53,73.0,24,3,10,43,378,83,23.0,7,29,195,56,491
2054,2019,Kerala,32,Kozhikode,561,Kozhikode Commr.,2,8,40,40,33,36.0,15,2,3,28,145,30,3.0,4,50,124,33,182
2055,2019,Kerala,32,Kozhikode,561,Kozhikode Rural,1,16,24,59,82,21.0,13,5,5,32,289,60,13.0,2,41,175,42,364
2056,2019,Kerala,32,Malappuram,562,Malappuram,12,23,87,82,57,38.0,13,3,9,55,303,40,8.0,5,122,190,67,356
2057,2019,Kerala,32,Palakkad,563,Palakkad,17,23,46,55,75,47.0,28,15,20,43,395,110,23.0,9,86,205,78,537
2058,2019,Kerala,32,Pathanamthitta,564,Pathanamthitta,7,7,33,30,35,33.0,14,12,15,21,227,52,7.0,12,47,112,48,298
2059,2019,Kerala,32,Thiruvananthapuram,565,Railways,0,0,1,9,3,3.0,2,0,0,0,3,1,0.0,0,1,17,0,4
2060,2019,Kerala,32,Thrissur,566,Thrissur Commr.,9,17,43,51,70,63.0,39,13,15,36,313,71,12.0,14,69,223,64,410
2061,2019,Kerala,32,Thrissur,566,Thrissur Rural,6,11,39,45,47,39.0,36,5,7,27,277,64,17.0,7,56,167,39,365
2062,2019,Kerala,32,Thiruvananthapuram,565,Trivandrum Commr.,7,13,55,59,51,41.0,39,7,10,43,356,51,20.0,12,75,190,60,439
2063,2019,Kerala,32,Thiruvananthapuram,565,Trivandrum Rural,22,33,61,46,72,84.0,49,20,38,70,575,190,40.0,26,116,251,128,831
2064,2019,Kerala,32,Wayanad,567,Wayanadu,4,6,21,10,13,14.0,13,5,2,28,119,23,2.0,2,31,50,35,146
2065,2019,Kerala,32,Thiruvananthapuram,565,Crime Branch,0,0,0,0,0,0.0,0,0,0,0,0,0,0.0,1,0,0,0,1
2066,2019,Madhya Pradesh,23,Agar Malwa,667,Agar,1,3,3,14,14,5.0,8,0,2,17,174,25,6.0,0,7,41,19,205
2067,2019,Madhya Pradesh,23,Alirajpur,639,Alirajpur,1,1,0,12,17,15.0,1,0,12,88,246,69,10.0,1,2,45,100,326
2068,2019,Madhya Pradesh,23,Anuppur,390,Anuppur,2,9,19,52,26,16.0,8,1,10,106,212,64,10.0,6,30,102,117,292
2069,2019,Madhya Pradesh,23,Ashoknagar,391,Ashok Nagar,0,8,21,34,48,6.0,6,0,7,77,156,47,10.0,0,29,94,84,213
2070,2019,Madhya Pradesh,23,Balaghat,392,Balaghat,0,7,21,128,79,50.0,18,0,12,184,603,93,21.0,11,28,275,196,728
2071,2019,Madhya Pradesh,23,Barwani,393,Barwani,6,8,9,58,25,7.0,8,3,9,74,252,55,10.0,5,23,98,86,322
2072,2019,Madhya Pradesh,23,Betul,394,Betul,5,7,25,105,66,41.0,29,10,21,203,586,73,14.0,3,37,241,234,676
2073,2019,Madhya Pradesh,23,Bhind,395,Bhind,0,19,23,72,22,8.0,0,0,18,74,132,18,2.0,2,42,102,92,154
2074,2019,Madhya Pradesh,23,Bhopal,396,Bhopal,1,63,71,134,149,69.0,30,2,45,230,387,185,58.0,21,135,382,277,651
2075,2019,Madhya Pradesh,23,Bhopal,396,Bhopal Railway,5,0,2,18,15,8.0,9,6,4,6,42,9,4.0,0,7,50,16,55
2076,2019,Madhya Pradesh,23,Burhanpur,397,Burhanpur,0,6,7,47,21,18.0,3,1,5,50,147,23,13.0,2,13,89,56,185
2077,2019,Madhya Pradesh,23,Chhatarpur,398,Chhatarpur,1,15,38,103,40,21.0,11,2,25,170,382,58,6.0,4,54,175,197,450
2078,2019,Madhya Pradesh,23,Chhindwara,399,Chhindwara,0,10,20,143,144,76.0,30,1,14,234,673,215,45.0,13,30,393,249,946
2079,2019,Madhya Pradesh,23,Damoh,400,Damoh,0,15,16,80,129,34.0,19,0,44,162,408,267,31.0,18,31,262,206,724
2080,2019,Madhya Pradesh,23,Datia,401,Datia,0,5,18,60,25,12.0,5,0,2,39,140,35,3.0,2,23,102,41,180
2081,2019,Madhya Pradesh,23,Dewas,402,Dewas,3,15,27,95,85,40.0,8,2,11,171,370,178,35.0,11,45,228,184,594
2082,2019,Madhya Pradesh,23,Dhar,403,Dhar,1,12,25,165,62,35.0,16,0,29,325,821,160,22.0,7,38,278,354,1010
2083,2019,Madhya Pradesh,23,Dindori,404,Dindori,0,2,15,16,12,7.0,1,1,5,92,148,38,7.0,0,17,36,98,193
2084,2019,Madhya Pradesh,23,Guna,406,Guna,0,15,24,97,41,31.0,2,1,7,124,312,54,9.0,4,39,171,132,379
2085,2019,Madhya Pradesh,23,Gwalior,407,Gwalior,4,64,81,282,174,87.0,46,1,45,210,607,173,35.0,21,149,589,256,836
2086,2019,Madhya Pradesh,23,Harda,408,Harda,1,7,14,31,21,11.0,7,0,7,71,255,40,5.0,1,22,70,78,301
2087,2019,Madhya Pradesh,23,Narmadapuram,409,Hoshangabad,0,13,32,255,33,94.0,26,0,11,158,508,56,14.0,5,45,408,169,583
2088,2019,Madhya Pradesh,23,Indore,410,Indore,5,99,122,693,441,153.0,95,3,141,486,1402,540,82.0,43,226,1382,630,2067
2089,2019,Madhya Pradesh,23,Indore,410,Indore Railway,0,0,1,4,8,3.0,2,1,1,0,22,4,2.0,1,1,17,2,29
2090,2019,Madhya Pradesh,23,Jabalpur,411,Jabalpur,2,81,74,388,257,135.0,52,2,75,356,1052,238,67.0,34,157,832,433,1391
2091,2019,Madhya Pradesh,23,Jabalpur,411,Jabalpur Railway,0,1,1,9,8,3.0,7,0,0,9,12,4,2.0,3,2,27,9,21
2092,2019,Madhya Pradesh,23,Jhabua,412,Jhabua,1,4,5,46,26,3.0,1,0,17,56,326,42,5.0,0,10,76,73,373
2093,2019,Madhya Pradesh,23,Katni,413,Katni,0,13,13,81,56,26.0,11,0,5,82,321,137,29.0,5,26,174,87,492
2094,2019,Madhya Pradesh,23,Indore,410,Khandwa,0,4,12,68,34,24.0,16,1,12,128,325,78,,1,16,142,141,404
2095,2019,Madhya Pradesh,23,Khargone,414,Khargone,11,16,12,80,76,25.0,0,1,10,54,214,575,119.0,20,39,181,65,928
2096,2019,Madhya Pradesh,23,Mandla,415,Mandla,0,6,12,57,38,20.0,11,0,5,77,305,48,14.0,4,18,126,82,371
2097,2019,Madhya Pradesh,23,Mandsaur,416,Mandsaur,1,5,18,112,52,19.0,1,0,11,90,389,135,15.0,0,24,184,101,539
2098,2019,Madhya Pradesh,23,Morena,417,Morena,0,31,50,99,51,15.0,10,1,21,52,241,71,6.0,5,81,175,74,323
2099,2019,Madhya Pradesh,23,Narsinghpur,418,Narsinghpur,0,5,20,60,90,70.0,15,0,45,80,206,135,95.0,23,25,235,125,459
2100,2019,Madhya Pradesh,23,Neemuch,419,Neemuch,0,1,11,72,35,4.0,1,0,2,28,319,46,5.0,1,12,112,30,371
2101,2019,Madhya Pradesh,23,Panna,420,Panna,2,8,12,49,28,15.0,8,1,14,118,196,54,9.0,5,22,100,133,264
2102,2019,Madhya Pradesh,23,Raisen,421,Raisen,0,11,23,120,63,21.0,15,0,10,160,450,98,15.0,9,34,219,170,572
2103,2019,Madhya Pradesh,23,Rajgarh,422,Rajgarh,0,8,16,46,53,33.0,6,0,15,123,300,111,22.0,4,24,138,138,437
2104,2019,Madhya Pradesh,23,Ratlam,423,Ratlam,2,12,24,180,35,42.0,0,16,208,397,298,112,1.0,0,38,257,621,411
2105,2019,Madhya Pradesh,23,Rewa,424,Rewa,0,98,44,2,2,0.0,0,0,122,144,1,0,0.0,0,142,4,266,1
2106,2019,Madhya Pradesh,23,Sagar,425,Sagar,1,40,73,244,103,59.0,19,0,27,318,731,133,15.0,11,114,425,345,890
2107,2019,Madhya Pradesh,23,Satna,426,Satna,1,51,68,125,108,42.0,36,1,59,234,487,210,33.0,17,120,311,294,747
2108,2019,Madhya Pradesh,23,Seoni,428,Seoni,3,7,13,76,56,23.0,10,3,9,153,387,43,4.0,4,23,165,165,438
2109,2019,Madhya Pradesh,23,Shahdol,429,Shahdol,0,14,37,99,47,19.0,6,0,21,118,349,95,12.0,2,51,171,139,458
2110,2019,Madhya Pradesh,23,Shajapur,430,Shajapur,0,4,15,45,19,14.0,8,0,3,60,177,48,5.0,3,19,86,63,233
2111,2019,Madhya Pradesh,23,Sheopur,431,Sheopur,0,7,4,18,7,4.0,2,0,2,18,89,12,3.0,0,11,31,20,104
2112,2019,Madhya Pradesh,23,Shivpuri,432,Shivpuri,0,15,27,47,55,29.0,11,0,15,125,211,124,23.0,5,42,142,140,363
2113,2019,Madhya Pradesh,23,Sidhi,433,Sidhi,0,28,24,44,25,7.0,7,2,27,119,216,47,5.0,3,52,83,148,271
2114,2019,Madhya Pradesh,23,Sehore,427,Sehore,0,25,22,55,81,35.0,17,0,54,136,322,159,19.0,0,47,188,190,500
2115,2019,Madhya Pradesh,23,Singrauli,638,Singrauli,1,17,15,37,26,9.0,4,1,11,95,169,31,4.0,2,33,76,107,206
2116,2019,Madhya Pradesh,23,Tikamgarh,434,Tikamgarh,1,10,22,46,12,6.0,3,0,8,105,182,38,8.0,5,33,67,113,233
2117,2019,Madhya Pradesh,23,Ujjain,435,Ujjain,2,19,49,204,124,54.0,25,6,12,172,618,95,20.0,12,70,407,190,745
2118,2019,Madhya Pradesh,23,Umaria,436,Umaria,0,10,13,37,14,5.0,3,0,12,57,125,16,9.0,3,23,59,69,153
2119,2019,Madhya Pradesh,23,Vidisha,437,Vidisha,6,18,35,113,82,31.0,18,1,23,129,336,64,16.0,4,59,244,153,420
2120,2019,Madhya Pradesh,23,Cyber Crime Cell,9999,Cyber Crime Cell,0,0,0,0,0,0.0,0,0,0,0,0,0,0.0,0,0,0,0,0
2121,2019,Madhya Pradesh,23,Cyber Crime Cell,722,Niwari,0,3,7,26,7,3.0,6,0,2,13,70,21,2.0,0,10,42,15,93
2122,2019,Maharashtra,27,Cyber Crime Cell,466,Ahmednagar,57,20,25,568,194,104.0,35,51,10,16,934,278,125.0,13,102,901,77,1350
2123,2019,Maharashtra,27,Cyber Border Range,467,Akola,0,0,1,80,129,93.0,31,0,0,2,280,107,27.0,9,1,333,2,423
2124,2019,Maharashtra,27,Cyber Crime Cell,468,Amravati Commr.,0,0,1,77,152,83.0,30,0,0,0,224,128,30.0,17,1,342,0,399
2125,2019,Maharashtra,27,Amravati,468,Amravati Rural,0,0,0,98,108,53.0,32,0,0,0,497,119,21.0,15,0,291,0,652
2126,2019,Maharashtra,27,Aurangabad,469,Aurangabad Commr.,14,8,11,214,255,97.0,25,13,8,9,422,212,52.0,17,33,591,30,703
2127,2019,Maharashtra,27,Aurangabad,469,Aurangabad Rural,0,0,0,63,53,35.0,10,0,0,0,140,51,19.0,3,0,161,0,213
2128,2019,Maharashtra,27,Beed,470,Beed,12,9,0,56,83,43.0,21,12,7,1,163,106,19.0,4,21,203,20,292
2129,2019,Maharashtra,27,Bhandara,471,Bhandara,0,11,21,110,81,48.0,24,0,11,71,481,48,27.0,10,32,263,82,566
2130,2019,Maharashtra,27,Buldhana,472,Buldhana,18,13,0,137,89,53.0,31,19,11,2,364,74,16.0,19,31,310,32,473
2131,2019,Maharashtra,27,Chandrapur,473,Chandrapur,0,0,0,295,183,99.0,20,0,0,0,493,342,58.0,26,0,597,0,919
2132,2019,Maharashtra,27,Dhule,474,Dhule,4,2,1,198,59,37.0,5,13,9,1,319,71,43.0,9,7,299,23,442
2133,2019,Maharashtra,27,Gadchiroli,475,Gadchiroli,0,1,0,43,31,21.0,10,1,1,0,200,32,6.0,5,1,105,2,243
2134,2019,Maharashtra,27,Gondia,476,Gondia,0,0,0,25,71,68.0,4,0,0,0,295,107,15.0,3,0,168,0,420
2135,2019,Maharashtra,27,Hingoli,477,Hingoli,0,0,5,59,44,17.0,6,0,0,13,98,33,6.0,2,5,126,13,139
2136,2019,Maharashtra,27,Jalgaon,478,Jalgaon,52,23,4,179,230,128.0,51,34,29,2,618,253,40.0,15,79,588,65,926
2137,2019,Maharashtra,27,Jalna,479,Jalna,0,0,0,9,7,2.0,0,0,0,0,30,11,5.0,2,0,18,0,48
2138,2019,Maharashtra,27,Kolhapur,480,Kolhapur,41,35,1,280,204,84.0,68,44,36,2,997,141,24.0,34,77,636,82,1196
2139,2019,Maharashtra,27,Latur,481,Latur,0,0,0,110,70,43.0,16,0,0,0,359,57,15.0,6,0,239,0,437
2140,2019,Maharashtra,27,Mumbai,482,Mumbai Commr.,25,258,383,1257,1715,1022.0,507,19,237,1120,2671,1573,420.0,255,666,4501,1376,4919
2141,2019,Maharashtra,27,Mumbai,482,Mumbai Railway,0,2,1,36,26,18.0,13,3,2,1,52,19,8.0,5,3,93,6,84
2142,2019,Maharashtra,27,Nagpur,484,Nagpur Commr.,5,7,17,534,544,331.0,178,12,28,81,1142,495,140.0,96,29,1587,121,1873
2143,2019,Maharashtra,27,Nagpur,484,Nagpur Railway,0,0,0,6,8,4.0,4,0,0,0,15,2,2.0,2,0,22,0,21
2144,2019,Maharashtra,27,Nagpur,484,Nagpur Rural,0,0,0,227,161,45.0,21,0,0,0,323,210,79.0,57,0,454,0,669
2145,2019,Maharashtra,27,Nanded,485,Nanded,5,0,4,105,152,75.0,22,4,2,4,283,127,26.0,8,9,354,10,444
2146,2019,Maharashtra,27,Nandurbar,486,Nandurbar,3,7,0,79,38,18.0,19,11,9,1,208,35,6.0,2,10,154,21,251
2147,2019,Maharashtra,27,Nashik,487,Nasik Commr.,26,232,301,152,62,0.0,0,17,21,9,602,270,64.0,19,559,214,47,955
2148,2019,Maharashtra,27,Nashik,487,Nasik Rural,6,1,15,333,189,68.0,41,7,8,19,800,183,41.0,14,22,631,34,1038
2149,2019,Maharashtra,27,Mumbai Suburban,483,Navi Mumbai,26,14,1,231,342,186.0,65,23,11,4,576,328,73.0,18,41,824,38,995
2150,2019,Maharashtra,27,Osmanabad,488,Osmanabad,10,3,0,71,47,32.0,21,5,8,1,204,70,17.0,6,13,171,14,297
2151,2019,Maharashtra,27,Palghar,665,Palghar,50,31,1,244,328,177.0,64,45,33,5,705,340,76.0,28,82,813,83,1149
2152,2019,Maharashtra,27,Parbhani,489,Parbhani,0,0,0,103,66,20.0,16,0,0,0,172,38,11.0,11,0,205,0,232
2153,2019,Maharashtra,27,Pune,490,Pune Commr.,6,7,3,629,591,322.0,173,11,16,8,1242,390,86.0,78,16,1715,35,1796
2154,2019,Maharashtra,27,Pune,490,Pune Railway,1,1,0,14,19,4.0,3,1,1,0,18,3,6.0,1,2,40,2,28
2155,2019,Maharashtra,27,Pune,490,Pune Rural,29,31,1,254,408,229.0,76,32,27,4,979,497,103.0,35,61,967,63,1614
2156,2019,Maharashtra,27,Raigad,491,Raigad,4,12,22,59,109,81.0,35,6,8,60,174,92,19.0,9,38,284,74,294
2157,2019,Maharashtra,27,Ratnagiri,492,Ratnagiri,7,10,1,67,65,50.0,34,2,11,9,200,71,7.0,24,18,216,22,302
2158,2019,Maharashtra,27,Sangli,493,Sangli,8,4,1,161,172,116.0,52,10,1,3,585,192,50.0,27,13,501,14,854
2159,2019,Maharashtra,27,Satara,494,Satara,16,10,0,186,176,63.0,96,14,21,0,889,141,32.0,32,26,521,35,1094
2160,2019,Maharashtra,27,Sindhudurg,495,Sindhudurg,3,2,0,27,33,19.0,15,4,1,0,70,21,11.0,7,5,94,5,109
2161,2019,Maharashtra,27,Solapur,496,Solapur Commr.,13,5,2,78,114,71.0,25,6,13,29,256,105,23.0,13,20,288,48,397
2162,2019,Maharashtra,27,Solapur,496,Solapur Rural,0,0,0,150,175,107.0,41,0,0,0,418,246,52.0,26,0,473,0,742
2163,2019,Maharashtra,27,Thane,497,Thane Commr.,0,0,7,857,804,200.0,127,0,0,3,1769,485,96.0,36,7,1988,3,2386
2164,2019,Maharashtra,27,Thane,497,Thane Rural,0,0,0,260,184,81.0,48,0,0,0,529,116,25.0,27,0,573,0,697
2165,2019,Maharashtra,27,Wardha,498,Wardha,0,0,2,112,132,74.0,56,0,0,1,338,181,59.0,22,2,374,1,600
2166,2019,Maharashtra,27,Washim,499,Washim,0,0,11,51,69,33.0,9,0,0,22,152,65,10.0,2,11,162,22,229
2167,2019,Maharashtra,27,Yavatmal,500,Yavatmal,0,0,0,195,141,57.0,19,0,0,1,621,118,10.0,8,0,412,1,757
2168,2019,Maharashtra,27,Pune,490,Pimpri Chinchwad City,0,2,1,336,459,203.0,94,0,1,12,773,411,83.0,35,3,1092,13,1302
2169,2019,Maharashtra,27,Aurangabad,469,Aurangabad Railway,0,0,0,15,10,3.0,4,0,0,0,14,5,2.0,0,0,32,0,21
2170,2019,Manipur,14,Bishnupur,252,Bishnupur,0,4,5,15,5,10.0,1,2,2,3,12,15,4.0,0,9,31,7,31
2171,2019,Manipur,14,Chandel,253,Chandel,0,0,0,1,0,0.0,0,0,0,0,1,0,0.0,0,0,1,0,1
2172,2019,Manipur,14,Churachandpur,254,Churachandpur,0,0,0,0,0,0.0,0,0,0,0,0,0,0.0,0,0,0,0,0
2173,2019,Manipur,14,Imphal West,256,Cid,0,0,0,0,0,0.0,0,0,0,0,0,0,0.0,0,0,0,0,0
2174,2019,Manipur,14,Imphal East,255,Imphal East,2,5,8,12,19,8.0,4,0,7,10,28,31,6.0,2,15,43,17,67
2175,2019,Manipur,14,Imphal West,256,Imphal West,0,2,3,12,4,2.0,1,1,4,5,16,6,2.0,1,5,19,10,25
2176,2019,Manipur,14,Senapati,257,Senapati,0,0,0,0,0,0.0,0,0,0,0,0,0,0.0,0,0,0,0,0
2177,2019,Manipur,14,Tamenglong,258,Tamenglong,0,0,0,0,0,0.0,0,0,0,0,0,0,0.0,0,0,0,0,0
2178,2019,Manipur,14,Thoubal,259,Thoubal,1,1,7,8,7,3.0,3,0,13,12,9,12,1.0,0,9,21,25,22
2179,2019,Manipur,14,Ukhrul,260,Ukhrul,0,0,0,0,0,0.0,0,0,0,0,0,0,0.0,0,0,0,0,0
2180,2019,Manipur,14,Kakching,711,Kakching,0,2,8,5,4,3.0,0,0,0,3,12,8,5.0,1,10,12,3,26
2181,2019,Manipur,14,Kamjong,717,Kamjong,0,0,0,0,0,0.0,0,0,0,0,0,0,0.0,0,0,0,0,0
2182,2019,Manipur,14,Kangpokpi,712,Kangpokpi,0,0,0,0,0,0.0,0,0,0,0,0,0,0.0,0,0,0,0,0
2183,2019,Manipur,14,Jiribam,713,Jiribam,0,0,1,2,1,1.0,1,0,0,0,5,1,1.0,0,1,5,0,7
2184,2019,Manipur,14,Noney,714,Noney,0,0,0,0,0,0.0,0,0,0,0,0,0,0.0,0,0,0,0,0
2185,2019,Manipur,14,Pherzawl,715,Pherzawl,0,0,0,0,0,0.0,0,0,0,0,0,0,0.0,0,0,0,0,0
2186,2019,Manipur,14,Tengnoupal,716,Tengnoupal,0,0,1,0,0,0.0,0,0,0,0,1,0,0.0,0,1,0,0,1
2187,2019,Manipur,14,Imphal West,256,Narcotic,0,0,0,0,0,0.0,0,0,0,0,0,0,0.0,0,0,0,0,0
2188,2019,Meghalaya,17,East Garo Hills,273,Garo Hills East,0,0,0,0,0,0.0,0,0,0,3,2,0,0.0,0,0,0,3,2
2189,2019,Meghalaya,17,North Garo Hills,656,Garo Hills North,0,1,1,0,0,0.0,0,0,0,1,0,0,0.0,0,2,0,1,0
2190,2019,Meghalaya,17,South Garo Hills,277,Garo Hills South,0,0,0,0,0,0.0,0,0,0,0,0,0,0.0,0,0,0,0,0
2191,2019,Meghalaya,17,South West Garo Hills,663,Garo Hills South West,0,0,0,0,0,0.0,0,0,0,0,2,0,0.0,0,0,0,0,2
2192,2019,Meghalaya,17,West Garo Hills,278,Garo Hills West,1,0,4,8,4,2.0,0,0,0,8,23,3,1.0,0,5,14,8,27
2193,2019,Meghalaya,17,West Jaintia Hills,275,Jaintia Hills West,0,0,0,1,1,2.0,0,0,0,1,0,0,0.0,0,0,4,1,0
2194,2019,Meghalaya,17,East Jaintia Hills,657,Jaintia Hills East,0,1,0,5,1,0.0,0,0,1,12,3,3,0.0,0,1,6,13,6
2195,2019,Meghalaya,17,East Khasi Hills,274,Khasi Hills East,1,9,23,36,35,9.0,4,0,7,29,63,25,7.0,2,33,84,36,97
2196,2019,Meghalaya,17,South West Khasi Hills,658,Khasi Hills South West,0,0,0,0,0,0.0,0,0,0,0,0,0,0.0,0,0,0,0,0
2197,2019,Meghalaya,17,West Khasi Hills,279,Khasi Hills West,0,0,0,0,0,0.0,0,0,0,0,0,0,0.0,0,0,0,0,0
2198,2019,Meghalaya,17,Ri Bhoi,276,Ri-Bhoi,0,0,0,6,0,0.0,1,0,0,1,3,0,0.0,0,0,7,1,3
2199,2019,Meghalaya,17,East Khasi Hills,274,Cyber Cell,0,0,0,0,0,0.0,0,0,0,0,0,0,0.0,0,0,0,0,0
2200,2019,Mizoram,15,Aizawl,261,Aizawl,0,0,0,0,0,0.0,0,0,0,0,0,0,0.0,0,0,0,0,0
2201,2019,Mizoram,15,Champhai,262,Champhai,0,0,0,0,0,0.0,0,0,0,0,0,0,0.0,0,0,0,0,0
2202,2019,Mizoram,15,Kolasib,263,Kolasib,0,0,0,0,0,0.0,0,0,0,0,0,0,0.0,0,0,0,0,0
2203,2019,Mizoram,15,Lawngtlai,264,Lawngtlai,0,0,0,0,0,0.0,0,0,0,0,0,0,0.0,0,0,0,0,0
2204,2019,Mizoram,15,Lunglei,265,Lunglei,0,0,0,0,0,0.0,0,0,0,0,0,0,0.0,0,0,0,0,0
2205,2019,Mizoram,15,Mamit,266,Mamit,0,0,0,0,0,0.0,0,0,0,0,0,0,0.0,0,0,0,0,0
2206,2019,Mizoram,15,Saiha,267,Saiha,0,0,0,0,0,0.0,0,0,0,0,0,0,0.0,0,0,0,0,0
2207,2019,Mizoram,15,Serchhip,268,Serchhip,0,0,0,0,0,0.0,0,0,0,0,0,0,0.0,0,0,0,0,0
2208,2019,Mizoram,15,Aizawl,261,Spl Narcotic,0,0,0,0,0,0.0,0,0,0,0,0,0,0.0,0,0,0,0,0
2209,2019,Nagaland,13,Dimapur,244,Dimapur,0,5,2,5,5,1.0,0,2,5,23,7,3,0.0,0,7,11,30,10
2210,2019,Nagaland,13,Kiphire,614,Kiphire,0,0,0,0,0,0.0,0,0,0,0,0,0,0.0,0,0,0,0,0
2211,2019,Nagaland,13,Kohima,245,Kohima,0,0,0,0,0,0.0,0,0,0,0,0,0,0.0,0,0,0,0,0
2212,2019,Nagaland,13,Longleng,615,Longleng,0,0,0,0,0,0.0,0,0,0,0,0,0,0.0,0,0,0,0,0
2213,2019,Nagaland,13,Mokokchung,246,Mokokchung,0,0,0,0,0,0.0,0,0,0,0,0,0,0.0,0,0,0,0,0
2214,2019,Nagaland,13,Mon,247,Mon,0,0,0,0,0,0.0,0,0,0,0,0,0,0.0,0,0,0,0,0
2215,2019,Nagaland,13,Peren,613,Peren,0,0,0,0,0,0.0,0,0,0,0,0,0,0.0,0,0,0,0,0
2216,2019,Nagaland,13,Phek,248,Phek,0,0,0,0,0,0.0,0,0,0,0,0,0,0.0,0,0,0,0,0
2217,2019,Nagaland,13,Tuensang,249,Tuensang,0,0,0,0,0,0.0,0,0,0,0,0,0,0.0,0,0,0,0,0
2218,2019,Nagaland,13,Wokha,250,Wokha,0,0,0,0,0,0.0,0,0,0,0,0,0,0.0,0,0,0,0,0
2219,2019,Nagaland,13,Zunheboto,251,Zunheboto,0,0,0,0,0,0.0,0,0,0,0,0,0,0.0,0,0,0,0,0
2220,2019,Odisha,21,Anugul,344,Angul,0,0,0,0,0,0.0,0,0,0,0,0,0,0.0,0,0,0,0,0
2221,2019,Odisha,21,Baleshwar,346,Balasore,0,0,0,0,0,0.0,0,0,0,0,0,0,0.0,0,0,0,0,0
2222,2019,Odisha,21,Bargarh,347,Baragarh,0,0,0,0,0,0.0,0,0,0,0,0,0,0.0,0,0,0,0,0
2223,2019,Odisha,21,Baleshwar,346,Berhampur,0,0,0,0,0,0.0,0,0,0,0,0,0,0.0,0,0,0,0,0
2224,2019,Odisha,21,Bhadrak,348,Bhadrak,0,0,0,0,0,0.0,0,0,0,0,0,0,0.0,0,0,0,0,0
2225,2019,Odisha,21,Balangir,345,Bolangir,0,0,0,0,0,0.0,0,0,0,0,0,0,0.0,0,0,0,0,0
2226,2019,Odisha,21,Boudh,349,Boudh,0,0,0,0,0,0.0,0,0,0,0,0,0,0.0,0,0,0,0,0
2227,2019,Odisha,21,Cuttack,350,Cuttack,0,0,0,0,0,0.0,0,0,0,0,0,0,0.0,0,0,0,0,0
2228,2019,Odisha,21,Khordha,362,Dcp Bbsr,0,0,0,0,0,0.0,0,0,0,0,0,0,0.0,0,0,0,0,0
2229,2019,Odisha,21,Cuttack,350,Dcp Ctc,0,0,0,0,0,0.0,0,0,0,0,0,0,0.0,0,0,0,0,0
2230,2019,Odisha,21,Deogarh,351,Deogarh,0,0,0,0,0,0.0,0,0,0,0,0,0,0.0,0,0,0,0,0
2231,2019,Odisha,21,Dhenkanal,352,Dhenkanal,0,0,0,0,0,0.0,0,0,0,0,0,0,0.0,0,0,0,0,0
2232,2019,Odisha,21,Gajapati,353,Gajapati,0,0,0,0,0,0.0,0,0,0,0,0,0,0.0,0,0,0,0,0
2233,2019,Odisha,21,Ganjam,354,Ganjam,0,0,0,0,0,0.0,0,0,0,0,0,0,0.0,0,0,0,0,0
2234,2019,Odisha,21,Jagatsinghapur,355,Jagatsinghpur,0,0,0,0,0,0.0,0,0,0,0,0,0,0.0,0,0,0,0,0
2235,2019,Odisha,21,Jajapur,356,Jajpur,0,0,0,0,0,0.0,0,0,0,0,0,0,0.0,0,0,0,0,0
2236,2019,Odisha,21,Jharsuguda,357,Jharsuguda,0,0,0,0,0,0.0,0,0,0,0,0,0,0.0,0,0,0,0,0
2237,2019,Odisha,21,Kalahandi,358,Kalahandi,0,0,0,0,0,0.0,0,0,0,0,0,0,0.0,0,0,0,0,0
2238,2019,Odisha,21,Kandhamal,359,Kandhamal,0,0,0,0,0,0.0,0,0,0,0,0,0,0.0,0,0,0,0,0
2239,2019,Odisha,21,Kendrapara,360,Kendrapara,0,0,0,0,0,0.0,0,0,0,0,0,0,0.0,0,0,0,0,0
2240,2019,Odisha,21,Kendujhar,361,Keonjhar,0,0,0,0,0,0.0,0,0,0,0,0,0,0.0,0,0,0,0,0
2241,2019,Odisha,21,Khordha,362,Khurda,0,0,0,0,0,0.0,0,0,0,0,0,0,0.0,0,0,0,0,0
2242,2019,Odisha,21,Koraput,363,Koraput,0,0,0,0,0,0.0,0,0,0,0,0,0,0.0,0,0,0,0,0
2243,2019,Odisha,21,Malkangiri,364,Malkangiri,0,0,0,0,0,0.0,0,0,0,0,0,0,0.0,0,0,0,0,0
2244,2019,Odisha,21,Mayurbhanj,365,Mayurbhanj,0,0,0,0,0,0.0,0,0,0,0,0,0,0.0,0,0,0,0,0
2245,2019,Odisha,21,Nayagarh,367,Nayagarh,0,0,0,0,0,0.0,0,0,0,0,0,0,0.0,0,0,0,0,0
2246,2019,Odisha,21,Nabarangpur,366,Nabarangpur,0,0,0,0,0,0.0,0,0,0,0,0,0,0.0,0,0,0,0,0
2247,2019,Odisha,21,Nuapada,368,Nuapada,0,0,0,0,0,0.0,0,0,0,0,0,0,0.0,0,0,0,0,0
2248,2019,Odisha,21,Puri,369,Puri,0,0,0,0,0,0.0,0,0,0,0,0,0,0.0,0,0,0,0,0
2249,2019,Odisha,21,Rayagada,370,Rayagada,0,0,0,0,0,0.0,0,0,0,0,0,0,0.0,0,0,0,0,0
2250,2019,Odisha,21,Sundargarh,373,Rourkela,0,0,0,0,0,0.0,0,0,0,0,0,0,0.0,0,0,0,0,0
2251,2019,Odisha,21,Sambalpur,371,Sambalpur,0,0,0,0,0,0.0,0,0,0,0,0,0,0.0,0,0,0,0,0
2252,2019,Odisha,21,Sonepur,372,Sonepur,0,0,0,0,0,0.0,0,0,0,0,0,0,0.0,0,0,0,0,0
2253,2019,Odisha,21,Cuttack,350,Srp(Cuttack),0,0,0,0,0,0.0,0,0,0,0,0,0,0.0,0,0,0,0,0
2254,2019,Odisha,21,Sundargarh,373,Srp(Rourkela),0,0,0,0,0,0.0,0,0,0,0,0,0,0.0,0,0,0,0,0
2255,2019,Odisha,21,Sundargarh,373,Sundargarh,0,0,0,0,0,0.0,0,0,0,0,0,0,0.0,0,0,0,0,0
2256,2019,Odisha,21,Cuttack,350,Cid Cb,45,272,243,1852,514,321.0,53,18,654,1919,5987,2112,1322.0,5,560,2740,2591,9426
2257,2019,Punjab,3,Amritsar,27,Amritsar Rural,1,7,2,11,11,5.0,4,0,10,67,21,7,1.0,0,10,31,77,29
2258,2019,Punjab,3,Barnala,605,Barnala,0,2,1,8,8,2.0,1,0,1,9,16,8,1.0,0,3,19,10,25
2259,2019,Punjab,3,Gurdaspur,32,Batala,0,0,0,25,9,4.0,2,0,0,0,14,2,2.0,1,0,40,0,19
2260,2019,Punjab,3,Bathinda,28,Bathinda,0,3,8,21,17,9.0,6,0,0,5,21,2,4.0,0,11,53,5,27
2261,2019,Punjab,3,Amritsar,27,Cp Amritsar,7,10,6,32,46,15.0,6,5,11,57,62,16,4.0,4,23,99,73,86
2262,2019,Punjab,3,Jalandhar,34,Cp Jalandhar,0,0,0,81,69,32.0,16,0,0,0,174,37,15.0,1,0,198,0,227
2263,2019,Punjab,3,Ludhiana,36,Cp Ludhiana,8,36,17,40,43,8.0,9,3,14,53,101,23,4.0,3,61,100,70,131
2264,2019,Punjab,3,Faridkot,29,Faridkot,0,1,0,13,13,7.0,2,0,2,26,10,6,2.0,1,1,35,28,19
2265,2019,Punjab,3,Fatehgarh Sahib,30,Fatehgarh Sahib,0,3,0,8,9,12.0,5,1,0,0,12,8,0.0,1,3,34,1,21
2266,2019,Punjab,3,Fazilka,651,Fazilka,3,7,2,19,20,9.0,3,0,5,2,32,8,1.0,0,12,51,7,41
2267,2019,Punjab,3,Ferozepur,31,Ferozepur,0,0,1,31,20,12.0,5,1,1,45,22,13,3.0,3,1,68,47,41
2268,2019,Punjab,3,Patiala,41,Grp,2,0,0,1,1,1.0,0,0,0,3,2,3,0.0,1,2,3,3,6
2269,2019,Punjab,3,Gurdaspur,32,Gurdaspur,0,1,1,8,7,3.0,0,0,0,2,2,3,1.0,0,2,18,2,6
2270,2019,Punjab,3,Hoshiarpur,33,Hoshiarpur,2,3,6,19,40,31.0,12,2,2,45,98,53,12.0,8,11,102,49,171
2271,2019,Punjab,3,Jalandhar,34,Jalandhar Rural,7,7,8,37,42,23.0,12,8,7,13,154,39,10.0,1,22,114,28,204
2272,2019,Punjab,3,Kapurthala,35,Kapurthala,0,0,0,8,6,4.0,0,0,0,0,20,8,2.0,0,0,18,0,30
2273,2019,Punjab,3,Ludhiana,36,Khanna,0,5,3,15,23,15.0,6,0,2,1,38,8,1.0,0,8,59,3,47
2274,2019,Punjab,3,Ludhiana,36,Ludhiana Rural,0,0,0,6,4,7.0,4,0,0,0,5,2,1.0,0,0,21,0,8
2275,2019,Punjab,3,Mansa,37,Mansa,0,0,0,6,10,5.0,4,0,0,1,1,2,0.0,0,0,25,1,3
2276,2019,Punjab,3,Moga,38,Moga,0,2,0,14,26,8.0,9,0,1,0,22,9,4.0,1,2,57,1,36
2277,2019,Punjab,3,Sri Muktsar Sahib,39,Muktsar,3,4,3,22,26,10.0,4,0,2,2,15,9,1.0,0,10,62,4,25
2278,2019,Punjab,3,Pathankot,662,Pathankot,0,0,0,6,8,0.0,1,0,1,2,9,1,0.0,0,0,15,3,10
2279,2019,Punjab,3,Patiala,41,Patiala,3,15,10,14,12,4.0,5,2,15,109,58,16,2.0,0,28,35,126,76
2280,2019,Punjab,3,Rupnagar,42,Ropar,1,7,2,14,9,10.0,5,0,4,21,6,7,2.0,1,10,38,25,16
2281,2019,Punjab,3,Sangrur,43,Sangrur,3,11,11,9,10,3.0,2,1,7,66,38,5,2.0,0,25,24,74,45
2282,2019,Punjab,3,S.A.S Nagar,608,Sas Nagar,0,0,0,19,20,5.0,2,0,0,0,38,8,0.0,0,0,46,0,46
2283,2019,Punjab,3,Shahid Bhagat Singh Nagar,40,Sbs Nagar,0,4,0,6,15,2.0,4,1,1,2,17,6,1.0,0,4,27,4,24
2284,2019,Punjab,3,Tarn Taran,609,Tarn Taran,0,0,2,10,11,12.0,4,0,0,2,7,6,3.0,1,2,37,2,17
2285,2019,Punjab,3,S.A.S Nagar,608,Bureau Of Investigation,0,0,0,0,0,0.0,0,0,0,0,0,0,0.0,0,0,0,0,0
2286,2019,Punjab,3,S.A.S Nagar,608,Intelligence Wing,0,0,0,0,0,0.0,0,0,0,0,0,0,0.0,0,0,0,0,0
2287,2019,Punjab,3,S.A.S Nagar,608,Nri Wing,0,0,0,0,0,0.0,0,0,0,0,0,0,0.0,0,0,0,0,0
2288,2019,Punjab,3,Amritsar,27,Special Task Force,0,0,0,0,0,0.0,0,0,0,0,0,0,0.0,0,0,0,0,0
2289,2019,Rajasthan,8,Ajmer,86,Ajmer,6,18,35,142,80,36.0,11,12,30,197,512,284,25.0,4,59,269,239,825
2290,2019,Rajasthan,8,Alwar,87,Alwar,2,7,16,67,44,31.0,6,5,7,22,135,67,24.0,2,25,148,34,228
2291,2019,Rajasthan,8,Banswara,88,Banswara,1,4,3,37,23,11.0,2,0,4,12,172,88,13.0,2,8,73,16,275
2292,2019,Rajasthan,8,Baran,89,Baran,0,1,9,58,37,8.0,5,0,5,71,289,79,7.0,2,10,108,76,377
2293,2019,Rajasthan,8,Barmer,90,Barmer,0,5,4,45,14,5.0,0,0,10,43,128,19,2.0,0,9,64,53,149
2294,2019,Rajasthan,8,Bharatpur,91,Bharatpur,0,9,14,35,34,25.0,4,0,8,11,81,44,14.0,6,23,98,19,145
2295,2019,Rajasthan,8,Bhilwara,92,Bhilwara,2,10,22,97,58,28.0,14,2,19,210,618,104,14.0,7,34,197,231,743
2296,2019,Rajasthan,8,Bikaner,93,Bikaner,0,5,0,6,0,0.0,0,0,0,0,66,31,0.0,0,5,6,0,97
2297,2019,Rajasthan,8,Bundi,94,Bundi,0,4,9,55,29,9.0,2,0,26,125,360,44,7.0,3,13,95,151,414
2298,2019,Rajasthan,8,Chittorgarh,95,Chittorgarh,0,0,1,81,59,20.0,3,0,0,37,447,158,17.0,3,1,163,37,625
2299,2019,Rajasthan,8,Churu,96,Churu,0,4,20,16,34,14.0,10,1,10,30,165,21,2.0,0,24,74,41,188
2300,2019,Rajasthan,8,Dausa,97,Dausa,0,13,13,38,19,11.0,4,0,7,16,75,43,6.0,2,26,72,23,126
2301,2019,Rajasthan,8,Dholpur,98,Dholpur,5,5,2,19,7,5.0,4,4,3,1,47,23,0.0,1,12,35,8,71
2302,2019,Rajasthan,8,Dungarpur,99,Dungarpur,0,0,3,29,13,6.0,2,0,9,40,229,53,6.0,0,3,50,49,288
2303,2019,Rajasthan,8,Ajmer,86,Grp Ajmer,1,0,0,13,9,5.0,2,0,0,0,6,2,2.0,3,1,29,0,13
2304,2019,Rajasthan,8,Jodhpur,107,Grp Jodhpur,0,0,0,3,1,2.0,2,0,0,0,2,1,1.0,0,0,8,0,4
2305,2019,Rajasthan,8,Ganganagar,100,Ganganagar,0,6,16,107,66,21.0,7,0,3,27,428,72,3.0,1,22,201,30,504
2306,2019,Rajasthan,8,Hanumangarh,101,Hanumangarh,1,8,8,49,50,28.0,9,1,11,78,257,93,12.0,4,17,136,90,366
2307,2019,Rajasthan,8,Jaipur,102,Jaipur East,3,10,9,140,89,43.0,21,0,6,37,266,54,6.0,6,22,293,43,332
2308,2019,Rajasthan,8,Jaipur,102,Jaipur North,1,26,23,89,96,51.0,11,1,18,72,243,78,14.0,4,50,247,91,339
2309,2019,Rajasthan,8,Jaipur (Gramin),783,Jaipur Rural,0,17,18,72,41,16.0,5,0,2,38,212,58,4.0,1,35,134,40,275
2310,2019,Rajasthan,8,Jaipur,102,Jaipur South,0,5,22,83,48,32.0,14,0,8,47,184,60,8.0,3,27,177,55,255
2311,2019,Rajasthan,8,Jaipur,102,Jaipur West,1,21,43,210,109,50.0,4,2,30,97,301,165,4.0,0,65,373,129,470
2312,2019,Rajasthan,8,Jaisalmer,103,Jaisalmer,0,1,6,13,7,5.0,2,0,4,10,31,2,0.0,0,7,27,14,33
2313,2019,Rajasthan,8,Jalore,104,Jalore,1,5,7,35,19,4.0,3,0,15,64,246,20,7.0,1,13,61,79,274
2314,2019,Rajasthan,8,Jhalawar,105,Jhalawar,2,8,17,61,50,14.0,10,1,16,124,343,55,5.0,5,27,135,141,408
2315,2019,Rajasthan,8,Jhunjhunu,106,Jhunjhunu,1,14,21,68,35,22.0,12,1,8,72,363,39,7.0,0,36,137,81,409
2316,2019,Rajasthan,8,Jodhpur,107,Jodhpur East,0,5,14,58,48,19.0,11,0,9,44,134,61,9.0,3,19,136,53,207
2317,2019,Rajasthan,8,Jodhpur,107,Jodhpur West,2,10,13,90,57,16.0,7,1,17,45,207,47,9.0,1,25,170,63,264
2318,2019,Rajasthan,8,Jodhpur,107,Jodhpur Rural,0,3,13,31,9,6.0,4,0,10,48,90,13,1.0,0,16,50,58,104
2319,2019,Rajasthan,8,Karauli,108,Karauli,0,2,8,24,7,5.0,6,0,2,2,63,18,4.0,0,10,42,4,85
2320,2019,Rajasthan,8,Kota,109,Kota City,0,21,54,170,106,45.0,20,1,31,132,464,125,24.0,11,75,341,164,624
2321,2019,Rajasthan,8,Kota,109,Kota Rural,1,3,6,41,19,5.0,1,0,15,98,301,42,3.0,1,10,66,113,347
2322,2019,Rajasthan,8,Nagaur,110,Nagaur,0,8,17,26,49,30.0,0,0,27,80,279,116,29.0,15,25,105,107,439
2323,2019,Rajasthan,8,Pali,111,Pali,0,2,4,14,5,3.0,0,0,4,41,135,25,1.0,0,6,22,45,161
2324,2019,Rajasthan,8,Pratapgarh,629,Pratapgarh,0,0,0,38,12,2.0,0,0,0,1,172,20,0.0,1,0,52,1,193
2325,2019,Rajasthan,8,Rajsamand,112,Rajsamand,0,2,5,63,19,17.0,3,0,9,107,535,43,9.0,3,7,102,116,590
2326,2019,Rajasthan,8,Sawai Madhopur,113,Sawai Madhopur,0,13,14,27,13,10.0,3,0,0,6,121,25,7.0,1,27,53,6,154
2327,2019,Rajasthan,8,Sikar,114,Sikar,0,9,31,92,59,32.0,9,3,7,65,357,46,5.0,2,40,192,75,410
2328,2019,Rajasthan,8,Sirohi,115,Sirohi,0,1,14,34,15,6.0,5,0,3,21,236,27,5.0,0,15,60,24,268
2329,2019,Rajasthan,8,Tonk,116,Tonk,0,4,9,32,19,7.0,7,0,3,19,202,54,6.0,5,13,65,22,267
2330,2019,Rajasthan,8,Udaipur,117,Udaipur,0,0,5,104,98,38.0,11,0,6,49,624,183,31.0,8,5,251,55,846
2331,2019,Rajasthan,8,Jaipur,102,Jaipur Metro,0,0,0,0,0,0.0,0,0,0,0,0,0,0.0,0,0,0,0,0
2332,2019,Rajasthan,8,Jaipur,102,Scrb,0,0,0,0,0,0.0,0,0,0,0,0,0,0.0,0,0,0,0,0
2333,2019,Rajasthan,8,Jaipur,102,Sog,0,0,0,0,0,0.0,0,0,0,0,0,0,0.0,0,0,0,0,0
2334,2019,Rajasthan,8,Jaipur,102,Ssb,0,0,0,0,0,0.0,0,0,0,0,0,0,0.0,0,0,0,0,0
2335,2019,Rajasthan,8,Jaipur,102,Jaipur Crime,0,0,0,0,0,0.0,0,0,0,0,0,0,0.0,0,0,0,0,0
2336,2019,Rajasthan,8,Khairthal-Tijara,770,Bhiwadi,1,12,14,45,38,38.0,6,0,24,61,131,61,9.0,1,27,127,85,202
2337,2019,Sikkim,11,Gangtok,225,East,2,1,10,4,17,3.0,0,0,1,19,50,19,2.0,0,13,24,20,71
2338,2019,Sikkim,11,Mangan,226,North,0,0,0,2,0,0.0,0,0,0,1,0,0,0.0,0,0,2,1,0
2339,2019,Sikkim,11,Namchi,227,South,0,0,0,1,1,3.0,0,0,3,0,8,0,0.0,0,0,5,3,8
2340,2019,Sikkim,11,Gyalshing,228,West,0,0,0,6,6,3.0,1,0,0,1,23,9,0.0,0,0,16,1,32
2341,2019,Tamil Nadu,33,Ariyalur,610,Ariyalur,4,2,7,7,3,4.0,8,7,3,25,84,16,4.0,1,13,22,35,105
2342,2019,Tamil Nadu,33,Chennai,568,Chennai,42,84,126,284,334,208.0,250,43,87,447,1121,222,80.0,139,252,1076,577,1562
2343,2019,Tamil Nadu,33,Coimbatore,569,Coimbatore,0,1,15,31,41,32.0,20,0,6,115,105,130,26.0,15,16,124,121,276
2344,2019,Tamil Nadu,33,Coimbatore,569,Coimbatore City,8,9,19,23,51,28.0,26,8,19,84,123,45,8.0,8,36,128,111,184
2345,2019,Tamil Nadu,33,Cuddalore,570,Cuddalore,0,4,8,18,26,18.0,7,0,1,52,149,53,8.0,8,12,69,53,218
2346,2019,Tamil Nadu,33,Dharmapuri,571,Dharmapuri,0,5,8,8,5,4.0,5,2,4,44,27,5,3.0,2,13,22,50,37
2347,2019,Tamil Nadu,33,Dindigul,572,Dindigul,8,9,17,18,24,11.0,11,9,10,74,71,33,9.0,3,34,64,93,116
2348,2019,Tamil Nadu,33,Erode,573,Erode,7,16,14,22,37,20.0,17,9,18,77,218,29,7.0,16,37,96,104,270
2349,2019,Tamil Nadu,33,Kanchipuram,574,Kanchipuram,0,20,23,126,72,26.0,14,0,24,98,225,154,124.0,22,43,238,122,525
2350,2019,Tamil Nadu,33,Kanniyakumari,575,Kanyakumari,14,8,12,34,41,32.0,21,10,11,7,190,31,6.0,8,34,128,28,235
2351,2019,Tamil Nadu,33,Karur,576,Karur,1,3,3,10,7,7.0,5,0,2,46,74,11,2.0,4,7,29,48,91
2352,2019,Tamil Nadu,33,Krishnagiri,577,Krishnagiri,3,6,10,17,12,9.0,3,8,9,25,77,10,8.0,2,19,41,42,97
2353,2019,Tamil Nadu,33,Madurai,578,Madurai,11,15,9,18,33,17.0,14,18,6,68,182,59,8.0,1,35,82,92,250
2354,2019,Tamil Nadu,33,Madurai,578,Madurai City,17,19,26,31,43,29.0,20,15,22,65,206,53,18.0,14,62,123,102,291
2355,2019,Tamil Nadu,33,Nagapattinam,579,Nagapattinam,6,5,8,7,12,6.0,5,7,8,39,74,39,7.0,3,19,30,54,123
2356,2019,Tamil Nadu,33,Namakkal,580,Namakkal,5,4,4,6,14,8.0,5,3,10,15,29,15,7.0,0,13,33,28,51
2357,2019,Tamil Nadu,33,The Nilgiris,587,Nilgiris,0,1,3,8,3,4.0,1,5,0,14,15,2,1.0,0,4,16,19,18
2358,2019,Tamil Nadu,33,Perambalur,581,Perambalur,2,2,2,8,4,2.0,3,4,6,47,68,6,3.0,2,6,17,57,79
2359,2019,Tamil Nadu,33,Pudukkottai,582,Pudukottai,0,0,5,12,11,7.0,5,0,0,38,112,15,1.0,3,5,35,38,131
2360,2019,Tamil Nadu,33,Ramanathapuram,583,Ramnathapuram,8,11,5,4,21,22.0,8,11,15,30,112,46,2.0,2,24,55,56,162
2361,2019,Tamil Nadu,33,Chennai,568,Railway Chennai,0,2,1,3,12,8.0,7,1,0,3,8,3,3.0,5,3,30,4,19
2362,2019,Tamil Nadu,33,Tiruchirappalli,591,Railway Trichy,0,0,0,2,0,1.0,5,0,0,0,1,0,0.0,2,0,8,0,3
2363,2019,Tamil Nadu,33,Salem,584,Salem,0,5,8,13,16,19.0,9,0,8,77,74,27,22.0,16,13,57,85,139
2364,2019,Tamil Nadu,33,Salem,584,Salem City,2,7,7,21,15,12.0,5,4,5,32,44,7,8.0,8,16,53,41,67
2365,2019,Tamil Nadu,33,Sivaganga,585,Sivagangai,2,7,5,8,10,12.0,6,6,11,31,59,21,2.0,3,14,36,48,85
2366,2019,Tamil Nadu,33,Thanjavur,586,Thanjavur,12,11,4,20,23,15.0,18,12,13,62,136,26,4.0,6,27,76,87,172
2367,2019,Tamil Nadu,33,Theni,588,Theni,10,10,12,9,14,9.0,9,3,14,58,49,33,8.0,6,32,41,75,96
2368,2019,Tamil Nadu,33,Tirunelveli,592,Thirunelveli,16,22,27,28,51,33.0,24,22,25,112,192,83,13.0,11,65,136,159,299
2369,2019,Tamil Nadu,33,Tirunelveli,592,Thirunelveli City,3,3,4,3,14,8.0,4,2,2,22,55,3,3.0,1,10,29,26,62
2370,2019,Tamil Nadu,33,Thiruvallur,589,Thiruvallur,16,23,14,48,48,19.0,19,18,19,110,366,37,6.0,5,53,134,147,414
2371,2019,Tamil Nadu,33,Tiruvannamalai,593,Thiruvannamalai,12,13,14,24,15,12.0,13,12,17,72,187,12,1.0,11,39,64,101,211
2372,2019,Tamil Nadu,33,Thiruvarur,590,Thiruvarur,2,5,3,7,9,1.0,4,3,4,18,78,14,2.0,3,10,21,25,97
2373,2019,Tamil Nadu,33,Tuticorin,594,Thoothukudi,14,8,19,16,25,9.0,17,10,4,74,136,26,1.0,4,41,67,88,167
2374,2019,Tamil Nadu,33,Tiruppur,634,Tiruppur,4,4,7,21,22,17.0,21,15,9,72,147,34,7.0,13,15,81,96,201
2375,2019,Tamil Nadu,33,Tiruppur,634,Tiruppur City,4,1,11,28,30,18.0,10,6,6,70,95,9,1.0,7,16,86,82,112
2376,2019,Tamil Nadu,33,Tiruchirappalli,591,Trichy,2,7,5,8,13,8.0,7,8,1,16,66,19,3.0,6,14,36,25,94
2377,2019,Tamil Nadu,33,Tiruchirappalli,591,Trichy City,2,5,13,16,22,14.0,12,2,4,29,76,5,6.0,6,20,64,35,93
2378,2019,Tamil Nadu,33,Vellore,595,Vellore,13,24,25,26,45,44.0,40,20,28,149,297,99,12.0,13,62,155,197,421
2379,2019,Tamil Nadu,33,Villupuram,596,Villupuram,0,4,19,29,24,9.0,29,0,5,86,173,31,7.0,7,23,91,91,218
2380,2019,Tamil Nadu,33,Virudhunagar,597,Virudhunagar,7,20,11,25,23,11.0,9,15,4,63,132,24,4.0,5,38,68,82,165
2381,2019,Tamil Nadu,33,Chennai,568,Cyber Cell,0,0,0,0,0,0.0,0,0,0,0,0,0,0.0,0,0,0,0,0
2382,2019,Tamil Nadu,33,Chennai,568,Other Units,0,0,0,0,0,0.0,0,0,0,0,0,0,0.0,0,0,0,0,0
2383,2019,Telangana,36,Ranga Reddy,518,Cyberabad Commissionerate,36,78,120,396,427,301.0,120,25,66,62,509,431,498.0,238,234,1244,153,1676
2384,2019,Telangana,36,Hyderabad,507,Hyderabad Commissionerate,69,152,85,655,591,97.0,12,98,183,309,875,697,85.0,76,306,1355,590,1733
2385,2019,Telangana,36,Karimnagar,508,Karimnagar Commissionerate,7,4,9,23,40,20.0,10,10,21,43,168,50,12.0,2,20,93,74,232
2386,2019,Telangana,36,Khammam,509,Khammam Commissionerate,2,7,4,54,37,17.0,7,2,6,3,211,33,15.0,5,13,115,11,264
2387,2019,Telangana,36,Nizamabad,516,Nizamabad Commissionerate,17,22,15,63,47,25.0,19,11,12,62,261,30,12.0,11,54,154,85,314
2388,2019,Telangana,36,Yadadri Bhuvanagiri,697,Rachakonda Commissionerate,5,93,140,281,372,202.0,56,10,35,156,746,354,128.0,53,238,911,201,1281
2389,2019,Telangana,36,Peddapalli,682,Ramagundam Commissionerate,0,1,8,39,47,18.0,4,0,2,23,261,33,6.0,3,9,108,25,303
2390,2019,Telangana,36,Siddipet,692,Siddipet Commissionerate,3,9,9,33,37,27.0,8,5,9,39,135,71,6.0,1,21,105,53,213
2391,2019,Telangana,36,Warangal,522,Warangal Commissionerate,13,15,42,36,72,50.0,20,10,18,102,317,105,18.0,13,70,178,130,453
2392,2019,Telangana,36,Adilabad,501,Adilabad,2,3,5,15,10,4.0,4,1,5,3,57,8,1.0,1,10,33,9,67
2393,2019,Telangana,36,Bhadradri Kothagudem,690,Bhadradri Kothagudem,2,7,0,24,21,6.0,6,8,5,0,136,27,5.0,0,9,57,13,168
2394,2019,Telangana,36,Jagitial,681,Jagityal,0,2,0,40,0,0.0,0,0,25,132,0,0,0.0,0,2,40,157,0
2395,2019,Telangana,36,Jayashankar Bhupalapally,687,Jayashankar Bhupalpalli,0,1,3,2,5,7.0,2,0,1,5,43,8,7.0,0,4,16,6,58
2396,2019,Telangana,36,Jogulamba Gadwal,695,Jogulamba Gadwal,0,5,9,16,11,6.0,0,0,5,19,40,4,2.0,2,14,33,24,48
2397,2019,Telangana,36,Kamareddy,685,Kamareddy,8,9,6,24,33,12.0,10,11,9,13,109,46,10.0,3,23,79,33,168
2398,2019,Telangana,36,Kumuram Bheem Asifabad,699,Kumaram Bheem Asifabad,0,1,5,16,9,4.0,4,0,0,3,33,12,2.0,0,6,33,3,47
2399,2019,Telangana,36,Mahabubabad,688,Mahabubabad,2,3,4,15,13,4.0,6,0,1,0,69,11,0.0,1,9,38,1,81
2400,2019,Telangana,36,Mahabubnagar,512,Mahabubnagar,5,13,7,15,29,21.0,4,3,7,20,121,42,7.0,5,25,69,30,175
2401,2019,Telangana,36,Medak,513,Medak,5,7,7,22,14,6.0,4,2,8,19,117,13,2.0,2,19,46,29,134
2402,2019,Telangana,36,Nagarkurnool,694,Nagarkurnool,5,4,6,3,14,2.0,6,3,8,17,52,20,3.0,2,15,25,28,77
2403,2019,Telangana,36,Nalgonda,514,Nalgonda,5,9,14,38,42,15.0,12,5,7,65,175,29,6.0,3,28,107,77,213
2404,2019,Telangana,36,Nirmal,680,Nirmal,0,5,9,10,25,5.0,0,3,3,17,65,10,10.0,0,14,40,23,85
2405,2019,Telangana,36,Rajanna Sircilla,683,Rajanna Siricilla,0,0,2,6,15,4.0,4,0,1,28,68,14,6.0,4,2,29,29,92
2406,2019,Telangana,36,Sangareddy,691,Sangareddy,12,27,26,33,65,39.0,14,17,25,109,192,73,8.0,4,65,151,151,277
2407,2019,Telangana,36,Suryapet,696,Suryapet,1,3,4,16,15,11.0,3,2,5,7,102,25,4.0,0,8,45,14,131
2408,2019,Telangana,36,Vikarabad,698,Vikarabad,0,1,16,13,8,12.0,3,0,1,30,112,12,1.0,1,17,36,31,126
2409,2019,Telangana,36,Wanaparthy,693,Wanaparthy,0,8,7,15,3,2.0,0,0,0,53,58,26,7.0,0,15,20,53,91
2410,2019,Telangana,36,Hyderabad,507,Railway Police Secunderabad,0,0,1,14,15,3.0,6,0,1,2,10,1,1.0,4,1,38,3,16
2411,2019,Telangana,36,Mulugu,720,Mulug,0,1,0,5,1,1.0,0,1,0,1,17,10,0.0,0,1,7,2,27
2412,2019,Telangana,36,Narayanpet,721,Narayanpet,0,1,2,0,20,5.0,0,0,0,15,42,20,0.0,0,3,25,15,62
2413,2019,Tripura,16,Dhalai,269,Dhalai,0,0,1,14,15,5.0,1,0,0,9,49,15,2.0,1,1,35,9,67
2414,2019,Tripura,16,Gomati,654,Gomati,0,0,2,30,23,2.0,0,1,0,7,103,27,1.0,0,2,55,8,131
2415,2019,Tripura,16,West Tripura,272,Grp,0,0,0,0,0,0.0,0,0,0,0,0,0,0.0,0,0,0,0,0
2416,2019,Tripura,16,Khowai,652,Kowai,0,1,0,9,17,10.0,0,0,0,2,27,32,4.0,1,1,36,2,64
2417,2019,Tripura,16,North Tripura,270,North,0,0,1,5,6,1.0,3,0,0,4,22,9,2.0,0,1,15,4,33
2418,2019,Tripura,16,Sepahijala,653,Sipahijala,0,0,1,33,16,5.0,1,0,1,13,118,15,1.0,0,1,55,14,134
2419,2019,Tripura,16,South Tripura,271,South,3,8,2,15,21,4.0,3,3,8,17,110,28,4.0,0,13,43,28,142
2420,2019,Tripura,16,Unakoti,655,Unakoti,0,1,1,13,11,4.0,1,1,0,11,73,14,0.0,1,2,29,12,88
2421,2019,Tripura,16,West Tripura,272,West,4,11,6,59,96,31.0,10,6,9,35,223,192,21.0,4,21,196,50,440
2422,2019,Uttar Pradesh,9,Agra,118,Agra,0,11,17,95,44,19.0,10,1,2,20,93,33,7.0,5,28,168,23,138
2423,2019,Uttar Pradesh,9,Aligarh,119,Aligarh,0,5,12,24,24,24.0,11,2,4,7,26,27,13.0,0,17,83,13,66
2424,2019,Uttar Pradesh,9,Prayagraj,120,Prayagraj,0,27,10,81,36,16.0,7,0,17,54,104,22,4.0,5,37,140,71,135
2425,2019,Uttar Pradesh,9,Ambedkar Nagar,121,Ambedkar Nagar,0,3,3,6,9,5.0,0,0,3,14,21,4,1.0,0,6,20,17,26
2426,2019,Uttar Pradesh,9,Amethi,640,Amethi,0,3,3,10,1,5.0,1,0,1,13,18,7,1.0,0,6,17,14,26
2427,2019,Uttar Pradesh,9,Amroha,154,Amroha,0,5,1,13,6,10.0,3,0,1,9,30,9,2.0,0,6,32,10,41
2428,2019,Uttar Pradesh,9,Auraiya,122,Auraiya,0,4,2,5,4,3.0,0,0,4,19,13,1,0.0,2,6,12,23,16
2429,2019,Uttar Pradesh,9,Azamgarh,123,Azamgarh,3,16,10,25,32,20.0,15,2,10,19,82,26,9.0,4,29,92,31,121
2430,2019,Uttar Pradesh,9,Budaun,133,Badaun,0,6,6,23,14,5.0,2,1,3,28,31,5,1.0,3,12,44,32,40
2431,2019,Uttar Pradesh,9,Baghpat,124,Baghpat,0,6,1,33,16,8.0,4,0,1,10,59,13,1.0,2,7,61,11,75
2432,2019,Uttar Pradesh,9,Bahraich,125,Bahraich,0,3,0,15,5,4.0,3,0,6,2,18,6,1.0,2,3,27,8,27
2433,2019,Uttar Pradesh,9,Ballia,126,Ballia,0,7,7,16,9,9.0,11,0,5,5,24,15,11.0,2,14,45,10,52
2434,2019,Uttar Pradesh,9,Balrampur,127,Balrampur,0,5,7,14,3,4.0,4,0,2,12,14,7,4.0,0,12,25,14,25
2435,2019,Uttar Pradesh,9,Banda,128,Banda,0,0,2,9,1,0.0,0,0,0,3,23,3,1.0,0,2,10,3,27
2436,2019,Uttar Pradesh,9,Barabanki,129,Barabanki,1,6,10,21,5,10.0,3,2,6,16,14,4,1.0,1,17,39,24,20
2437,2019,Uttar Pradesh,9,Bareilly,130,Bareilly,0,8,6,31,18,2.0,0,0,12,5,26,23,1.0,0,14,51,17,50
2438,2019,Uttar Pradesh,9,Basti,131,Basti,0,5,0,14,7,9.0,3,0,5,15,35,13,1.0,1,5,33,20,50
2439,2019,Uttar Pradesh,9,Bijnor,132,Bijnor,0,8,10,45,17,13.0,4,1,4,12,63,11,0.0,1,18,79,17,75
2440,2019,Uttar Pradesh,9,Bulandshahr,134,Bulandshahar,2,7,6,51,40,30.0,6,0,2,13,62,38,7.0,2,15,127,15,109
2441,2019,Uttar Pradesh,9,Chandauli,135,Chandoli,0,2,5,36,21,14.0,10,0,4,12,73,12,5.0,2,7,81,16,92
2442,2019,Uttar Pradesh,9,Chitrakoot,136,Chitrakoot,0,0,0,0,0,0.0,0,0,4,6,0,0,0.0,0,0,0,10,0
2443,2019,Uttar Pradesh,9,Deoria,137,Deoria,0,0,0,0,0,0.0,0,0,0,0,0,0,0.0,0,0,0,0,0
2444,2019,Uttar Pradesh,9,Etah,138,Etah,0,5,4,9,14,10.0,3,0,3,13,21,15,2.0,0,9,36,16,38
2445,2019,Uttar Pradesh,9,Etawah,139,Etawah,0,4,12,11,9,3.0,4,0,5,18,32,18,2.0,1,16,27,23,53
2446,2019,Uttar Pradesh,9,Ayodhya,140,Ayodhya,0,4,7,14,11,6.0,1,0,4,11,32,22,2.0,1,11,32,15,57
2447,2019,Uttar Pradesh,9,Farrukhabad,141,Fatehgarh,0,7,2,15,13,2.0,2,0,0,13,13,9,4.0,0,9,32,13,26
2448,2019,Uttar Pradesh,9,Fatehpur,142,Fatehpur,0,1,4,27,12,5.0,5,1,3,13,79,17,3.0,3,5,49,17,102
2449,2019,Uttar Pradesh,9,Firozabad,143,Firozabad,1,6,4,12,10,8.0,5,0,3,12,19,4,2.0,0,11,35,15,25
2450,2019,Uttar Pradesh,9,Lucknow,162,Grp,1,0,0,16,28,17.0,16,1,0,2,16,21,12.0,4,1,77,3,53
2451,2019,Uttar Pradesh,9,Gautam Buddha Nagar,144,Gautambudh Nagar,4,22,12,61,66,49.0,17,1,19,36,173,79,7.0,1,38,193,56,260
2452,2019,Uttar Pradesh,9,Ghaziabad,145,Ghaziabad,3,17,19,88,60,23.0,12,1,15,44,83,20,6.0,2,39,183,60,111
2453,2019,Uttar Pradesh,9,Ghazipur,146,Ghazipur,0,4,1,24,7,5.0,3,0,4,14,49,6,1.0,1,5,39,18,57
2454,2019,Uttar Pradesh,9,Gonda,147,Gonda,0,0,3,12,16,5.0,5,0,0,6,30,16,6.0,5,3,38,6,57
2455,2019,Uttar Pradesh,9,Gorakhpur,148,Gorakhpur,0,44,45,18,39,0.0,0,0,0,190,16,15,12.0,0,89,57,190,43
2456,2019,Uttar Pradesh,9,Hamirpur,149,Hamirpur,0,0,0,2,0,0.0,0,0,4,18,20,8,4.0,0,0,2,22,32
2457,2019,Uttar Pradesh,9,Hapur,661,Hapur,1,4,3,23,22,15.0,5,0,3,18,57,15,5.0,5,8,65,21,82
2458,2019,Uttar Pradesh,9,Hardoi,150,Hardoi,0,0,0,0,0,0.0,0,0,0,0,0,0,0.0,0,0,0,0,0
2459,2019,Uttar Pradesh,9,Hathras,163,Hathras,0,2,2,10,4,4.0,1,0,0,1,25,9,0.0,0,4,19,1,34
2460,2019,Uttar Pradesh,9,Jalaun,151,Jalaun,0,0,6,12,12,5.0,4,0,0,8,25,8,0.0,0,6,33,8,33
2461,2019,Uttar Pradesh,9,Jaunpur,152,Jaunpur,0,3,3,10,6,2.0,4,0,3,14,29,10,1.0,1,6,22,17,41
2462,2019,Uttar Pradesh,9,Jhansi,153,Jhansi,0,1,5,0,0,0.0,0,1,21,68,15,0,0.0,0,6,0,90,15
2463,2019,Uttar Pradesh,9,Kannauj,155,Kannauj,1,7,13,20,7,7.0,2,0,4,11,42,8,2.0,1,21,36,15,53
2464,2019,Uttar Pradesh,9,Kanpur Dehat,156,Kanpur Dehat,0,7,2,34,21,8.0,3,0,3,1,21,17,3.0,0,9,66,4,41
2465,2019,Uttar Pradesh,9,Kanpur Nagar,157,Kanpur Nagar,1,44,36,42,33,28.0,13,1,19,59,92,36,7.0,3,81,116,79,138
2466,2019,Uttar Pradesh,9,Kasganj,633,Kasganj,1,3,3,7,8,2.0,0,0,1,5,6,10,2.0,0,7,17,6,18
2467,2019,Uttar Pradesh,9,Kaushambi,158,Kaushambi,0,0,0,0,0,0.0,0,0,0,0,0,0,0.0,0,0,0,0,0
2468,2019,Uttar Pradesh,9,Kheri,159,Khiri,2,21,18,27,18,8.0,4,0,18,27,35,11,3.0,0,41,57,45,49
2469,2019,Uttar Pradesh,9,Kushi Nagar,160,Kushi Nagar,1,0,1,0,0,0.0,0,0,2,1,0,0,0.0,0,2,0,3,0
2470,2019,Uttar Pradesh,9,Lalitpur,161,Lalitpur,0,0,5,0,0,0.0,0,0,0,0,32,0,0.0,0,5,0,0,32
2471,2019,Uttar Pradesh,9,Lucknow,162,Lucknow,0,0,250,98,47,22.0,11,0,0,260,126,24,5.0,4,250,178,260,159
2472,2019,Uttar Pradesh,9,Maharajganj,164,Maharajganj,0,1,1,8,3,2.0,1,0,5,9,17,6,2.0,0,2,14,14,25
2473,2019,Uttar Pradesh,9,Mahoba,165,Mahoba,0,3,4,0,0,0.0,0,0,4,9,0,0,0.0,0,7,0,13,0
2474,2019,Uttar Pradesh,9,Mainpuri,166,Mainpuri,0,1,9,3,2,1.0,0,0,0,26,5,0,0.0,0,10,6,26,5
2475,2019,Uttar Pradesh,9,Mathura,167,Mathura,0,0,3,2,0,0.0,0,0,0,11,7,0,0.0,0,3,2,11,7
2476,2019,Uttar Pradesh,9,Mau,168,Mau,0,0,0,9,4,2.0,3,0,0,2,17,6,1.0,1,0,18,2,25
2477,2019,Uttar Pradesh,9,Meerut,169,Meerut,0,3,5,42,29,26.0,4,0,3,3,73,16,5.0,7,8,101,6,101
2478,2019,Uttar Pradesh,9,Mirzapur,170,Mirzapur,1,4,14,28,7,5.0,0,0,3,26,48,10,4.0,1,19,40,29,63
2479,2019,Uttar Pradesh,9,Moradabad,171,Moradabad,1,24,31,82,72,34.0,10,0,16,52,101,55,12.0,8,56,198,68,176
2480,2019,Uttar Pradesh,9,Muzaffarnagar,172,Muzaffarnagar,0,0,0,0,0,0.0,0,0,0,0,0,0,0.0,0,0,0,0,0
2481,2019,Uttar Pradesh,9,Pilibhit,173,Pilibhit,1,3,5,17,28,9.0,4,0,2,2,25,14,5.0,1,9,58,4,45
2482,2019,Uttar Pradesh,9,Pratapgarh,174,Pratapgarh,0,2,3,8,3,0.0,0,0,11,7,5,0,0.0,0,5,11,18,5
2483,2019,Uttar Pradesh,9,Rae Bareli,175,Raibareilly,0,2,7,9,6,7.0,2,0,4,12,20,7,2.0,2,9,24,16,31
2484,2019,Uttar Pradesh,9,Rampur,176,Rampur,0,0,2,0,0,0.0,0,0,0,4,3,2,0.0,0,2,0,4,5
2485,2019,Uttar Pradesh,9,Saharanpur,177,Saharanpur,1,3,10,39,32,26.0,9,0,5,9,39,29,6.0,0,14,106,14,74
2486,2019,Uttar Pradesh,9,Sambhal,659,Sambhal,1,2,2,9,5,1.0,2,0,4,2,10,5,1.0,1,5,17,6,17
2487,2019,Uttar Pradesh,9,Sant Kabeer Nagar,178,Sant Kabirnagar,0,1,1,9,3,5.0,4,0,3,27,25,6,0.0,0,2,21,30,31
2488,2019,Uttar Pradesh,9,Shahjahanpur,180,Shahjahanpur,0,10,7,29,13,9.0,4,0,6,17,36,14,4.0,0,17,55,23,54
2489,2019,Uttar Pradesh,9,Shamli,660,Shamli,1,1,2,18,10,5.0,3,0,4,3,22,11,3.0,0,4,36,7,36
2490,2019,Uttar Pradesh,9,Shravasti,181,Shrawasti,0,0,1,9,1,0.0,0,0,0,5,0,0,0.0,0,1,10,5,0
2491,2019,Uttar Pradesh,9,Siddharth Nagar,182,Sidharthnagar,0,5,3,7,12,3.0,4,0,2,3,15,6,0.0,1,8,26,5,22
2492,2019,Uttar Pradesh,9,Sitapur,183,Sitapur,0,12,46,44,27,10.0,9,0,10,43,75,23,5.0,4,58,90,53,107
2493,2019,Uttar Pradesh,9,Sonbhadra,184,Sonbhadra,0,12,8,23,14,8.0,5,0,8,18,67,15,1.0,1,20,50,26,84
2494,2019,Uttar Pradesh,9,Bhadohi,179,Bhadohi,0,9,10,0,0,0.0,0,0,1,27,0,0,0.0,0,19,0,28,0
2495,2019,Uttar Pradesh,9,Sultanpur,185,Sultanpur,0,0,5,4,5,1.0,2,0,0,11,20,3,1.0,0,5,12,11,24
2496,2019,Uttar Pradesh,9,Unnao,186,Unnao,2,12,16,16,14,7.0,2,3,7,32,21,13,5.0,2,30,39,42,41
2497,2019,Uttar Pradesh,9,Varanasi,187,Varanasi,3,10,14,58,63,31.0,16,0,8,30,80,35,6.0,8,27,168,38,129
2498,2019,Uttarakhand,5,Almora,45,Almora,0,0,0,0,0,0.0,0,0,0,0,0,0,0.0,0,0,0,0,0
2499,2019,Uttarakhand,5,Bageshwar,46,Bageshwar,0,0,0,0,0,0.0,0,0,0,0,0,0,0.0,0,0,0,0,0
2500,2019,Uttarakhand,5,Chamoli,47,Chamoli,0,0,0,0,0,0.0,0,0,0,0,0,0,0.0,0,0,0,0,0
2501,2019,Uttarakhand,5,Champawat,48,Champawat,0,0,0,0,0,0.0,0,0,0,0,0,0,0.0,0,0,0,0,0
2502,2019,Uttarakhand,5,Dehradun,49,Dehradun,0,0,0,0,0,0.0,0,0,0,0,0,0,0.0,0,0,0,0,0
2503,2019,Uttarakhand,5,Haridwar,50,Haridwar,0,0,0,0,0,0.0,0,0,0,0,0,0,0.0,0,0,0,0,0
2504,2019,Uttarakhand,5,Nainital,51,Nainital,0,0,0,0,0,0.0,0,0,0,0,0,0,0.0,0,0,0,0,0
2505,2019,Uttarakhand,5,Pauri Garhwal,52,Pauri Garhwal,0,0,0,0,0,0.0,0,0,0,0,0,0,0.0,0,0,0,0,0
2506,2019,Uttarakhand,5,Pithoragarh,53,Pithoragarh,0,0,0,0,0,0.0,0,0,0,0,0,0,0.0,0,0,0,0,0
2507,2019,Uttarakhand,5,Rudra Prayag,54,Rudra Prayag,0,0,0,0,0,0.0,0,0,0,0,0,0,0.0,0,0,0,0,0
2508,2019,Uttarakhand,5,Tehri Garhwal,55,Tehri Garhwal,15,75,146,375,282,100.0,25,23,103,177,420,272,150.0,30,236,782,303,872
2509,2019,Uttarakhand,5,Udam Singh Nagar,56,Udhamsingh Nagar,0,0,0,0,0,0.0,0,0,0,0,0,0,0.0,0,0,0,0,0
2510,2019,Uttarakhand,5,Uttar Kashi,57,Uttarkashi,0,0,0,0,0,0.0,0,0,0,0,0,0,0.0,0,0,0,0,0
2511,2019,Uttarakhand,5,Dehradun,49,Grp,0,0,0,0,0,0.0,0,0,0,0,0,0,0.0,0,0,0,0,0
2512,2019,West Bengal,19,Alipurduar,664,Alipurduar,0,9,17,76,131,52.0,14,1,8,139,284,229,50.0,9,26,273,148,572
2513,2019,West Bengal,19,Paschim Bardhaman,704,Asansol-Durgapur Pc,2,13,22,145,167,118.0,56,3,9,61,366,189,46.0,23,37,486,73,624
2514,2019,West Bengal,19,Bankura,305,Bankura,1,10,19,96,131,77.0,39,0,7,84,364,157,42.0,20,30,343,91,583
2515,2019,West Bengal,19,24 Paraganas North,303,Barrackpur Pc,2,53,84,276,439,353.0,170,1,90,380,710,419,152.0,85,139,1238,471,1366
2516,2019,West Bengal,19,24 Paraganas North,303,Bidhannagar Pc,1,9,19,68,136,88.0,58,0,18,112,245,154,37.0,21,29,350,130,457
2517,2019,West Bengal,19,Birbhum,307,Birbhum,0,5,5,68,89,49.0,22,0,5,42,211,119,23.0,5,10,228,47,358
2518,2019,West Bengal,19,Coochbehar,308,Coochbehar,0,18,22,121,154,71.0,21,2,31,151,533,334,67.0,8,40,367,184,942
2519,2019,West Bengal,19,Dinajpur Dakshin,310,Dakshin Dinajpur,2,13,23,116,72,52.0,24,1,16,184,580,115,14.0,3,38,264,201,712
2520,2019,West Bengal,19,Darjeeling,309,Darjeeling,0,4,6,22,53,29.0,12,0,3,31,129,123,15.0,2,10,116,34,269
2521,2019,West Bengal,19,Hooghly,312,Hooghly Rural Police,2,11,23,96,180,84.0,38,1,21,213,441,222,53.0,21,36,398,235,737
2522,2019,West Bengal,19,Howrah,313,Howrah Grp,3,1,4,28,16,13.0,9,0,0,4,16,3,4.0,1,8,66,4,24
2523,2019,West Bengal,19,Howrah,313,Howrah Pc,7,43,58,279,202,115.0,82,8,24,129,484,137,47.0,47,108,678,161,715
2524,2019,West Bengal,19,Howrah,313,Howrah Rural,0,25,19,120,180,125.0,56,0,21,265,483,261,50.0,26,44,481,286,820
2525,2019,West Bengal,19,Jalpaiguri,314,Jalpaiguri,1,10,13,113,139,60.0,23,1,4,83,448,234,31.0,15,24,335,88,728
2526,2019,West Bengal,19,Jhargram,703,Jhargram,0,0,6,37,27,7.0,17,0,4,47,136,30,10.0,12,6,88,51,188
2527,2019,West Bengal,19,Medinipur West,318,Kharagpur Grp,0,0,1,4,3,1.0,1,0,0,0,1,0,0.0,0,1,9,0,1
2528,2019,West Bengal,19,Kolkata,315,Kolkata,15,119,189,458,657,577.0,324,25,90,551,942,577,235.0,164,323,2016,666,1918
2529,2019,West Bengal,19,Maldah,316,Malda,4,37,46,153,178,80.0,38,5,26,196,516,285,45.0,10,87,449,227,856
2530,2019,West Bengal,19,Murshidabad,319,Murshidabad,2,14,16,223,274,91.0,34,0,8,30,996,668,63.0,31,32,622,38,1758
2531,2019,West Bengal,19,Nadia,320,Nadia,5,27,50,253,333,215.0,75,5,32,355,1156,760,116.0,44,82,876,392,2076
2532,2019,West Bengal,19,Medinipur West,318,Paschim Medinipur,1,11,40,132,182,141.0,38,1,16,333,609,237,44.0,20,52,493,350,910
2533,2019,West Bengal,19,Medinipur East,317,Purab Medinipur,1,17,18,117,85,53.0,25,2,12,244,549,116,34.0,17,36,280,258,716
2534,2019,West Bengal,19,Purulia,321,Purulia,0,3,3,74,45,23.0,7,0,4,18,203,26,12.0,10,6,149,22,251
2535,2019,West Bengal,19,Kolkata,315,Sealdah Grp,0,3,0,7,3,3.0,1,0,1,5,16,1,2.0,3,3,14,6,22
2536,2019,West Bengal,19,Darjeeling,309,Siliguri Grp,0,0,0,2,3,0.0,1,0,0,0,2,1,0.0,0,0,6,0,3
2537,2019,West Bengal,19,Darjeeling,309,Siliguri Pc,5,28,35,130,195,81.0,37,4,22,229,386,252,50.0,15,68,443,255,703
2538,2019,West Bengal,19,Dinajpur Uttar,311,Uttar Dinajpur,2,6,18,82,62,42.0,4,0,4,39,330,150,18.0,6,26,190,43,504
2539,2019,West Bengal,19,24 Paraganas South,304,Baruipur Police,3,27,41,116,206,88.0,59,3,45,256,446,268,59.0,56,71,469,304,829
2540,2019,West Bengal,19,Hooghly,312,Chandannagar Pc,0,15,11,87,114,104.0,59,0,11,75,243,137,58.0,26,26,364,86,464
2541,2019,West Bengal,19,24 Paraganas South,304,Diamond Harbour Police,3,40,44,142,213,134.0,53,4,37,311,538,320,87.0,34,87,542,352,979
2542,2019,West Bengal,19,Kalimpong,702,Kalimpong,1,2,7,9,23,9.0,2,0,1,18,41,58,4.0,0,10,43,19,103
2543,2019,West Bengal,19,Purba Bardhaman,306,Purba Bardhaman,1,13,26,101,164,100.0,29,2,27,252,417,246,44.0,19,40,394,281,726
2544,2019,West Bengal,19,24 Paraganas South,304,Sundarban Police,2,6,14,55,71,45.0,17,1,11,52,314,162,40.0,10,22,188,64,526
2545,2019,West Bengal,19,24 Paraganas North,303,Barasat,1,29,87,198,303,189.0,85,0,45,562,875,576,121.0,57,117,775,607,1629
2546,2019,West Bengal,19,24 Paraganas North,303,Basirhat,0,11,21,86,127,73.0,13,0,17,308,399,268,55.0,9,32,299,325,731
2547,2019,Andaman And Nicobar Islands,35,South Andamans,602,South Andaman,3,2,5,27,24,12.0,6,3,6,24,30,23,3.0,6,10,69,33,62
2548,2019,Andaman And Nicobar Islands,35,North And Middle Andaman,632,North And Middle Andaman,0,0,0,0,0,0.0,0,0,0,0,0,0,0.0,0,0,0,0,0
2549,2019,Andaman And Nicobar Islands,35,Nicobars,603,Nicobar,0,0,0,0,0,0.0,0,0,0,0,0,0,0.0,0,0,0,0,0
2550,2019,Chandigarh,4,Chandigarh,44,Chandigarh,4,26,37,116,82,40.0,27,4,20,111,262,47,13.0,8,67,265,135,330
2551,2019,The Dadra And Nagar Haveli And Daman And Diu,38,Dadra And Nagar Haveli,465,Dadra And Nagar Haveli,0,0,0,10,4,5.0,0,0,0,3,36,10,1.0,0,0,19,3,47
2552,2019,The Dadra And Nagar Haveli And Daman And Diu,38,Daman,463,Daman,0,4,1,20,13,4.0,0,0,3,9,53,6,0.0,0,5,37,12,59
2553,2019,The Dadra And Nagar Haveli And Daman And Diu,38,Diu,464,Diu,0,0,0,6,3,1.0,1,0,0,0,9,1,0.0,1,0,11,0,11
2554,2019,Delhi,7,Central,77,Central,6,33,97,158,124,49.0,26,8,25,112,165,142,5.0,12,136,357,145,324
2555,2019,Delhi,7,North West,82,Crime Branch,0,0,0,0,0,0.0,0,0,0,0,0,0,0.0,0,0,0,0,0
2556,2019,Delhi,7,East,78,East,1,60,43,246,149,64.0,31,0,57,127,406,87,10.0,22,104,490,184,525
2557,2019,Delhi,7,New Delhi,79,Eow,0,0,0,0,0,0.0,0,0,0,0,0,0,0.0,0,0,0,0,0
2558,2019,Delhi,7,New Delhi,79,Igi Airport,0,0,0,7,6,2.0,0,0,0,0,4,1,0.0,0,0,15,0,5
2559,2019,Delhi,7,North West,82,Metro,1,1,1,10,5,4.0,3,0,1,2,7,2,1.0,0,3,22,3,10
2560,2019,Delhi,7,New Delhi,79,New Delhi,1,11,16,52,34,11.0,3,0,5,18,44,9,6.0,4,28,100,23,63
2561,2019,Delhi,7,North,80,North,2,25,48,257,158,34.0,17,3,34,136,219,163,14.0,8,75,466,173,404
2562,2019,Delhi,7,North East,81,North-East,9,108,93,461,239,72.0,75,7,73,269,829,145,25.0,32,210,847,349,1031
2563,2019,Delhi,7,North West,82,North-West,5,68,133,345,198,73.0,23,1,74,236,390,201,27.0,8,206,639,311,626
2564,2019,Delhi,7,North West,82,Outer,1,58,97,431,229,92.0,42,2,53,304,696,192,46.0,22,156,794,359,956
2565,2019,Delhi,7,New Delhi,79,Railway,8,11,2,42,27,11.0,11,7,9,2,45,17,6.0,6,21,91,18,74
2566,2019,Delhi,7,South,83,South,14,44,111,316,196,80.0,35,16,60,212,518,144,33.0,20,169,627,288,715
2567,2019,Delhi,7,South East,670,South-East,6,69,111,271,151,70.0,36,4,83,228,487,129,27.0,14,186,528,315,657
2568,2019,Delhi,7,South West,84,South-West,12,39,62,203,166,64.0,11,17,46,188,369,149,18.0,6,113,444,251,542
2569,2019,Delhi,7,North West,82,Spl Cell,0,0,0,0,0,0.0,0,0,0,0,0,0,0.0,0,0,0,0,0
2570,2019,Delhi,7,New Delhi,79,Spuwac,0,0,0,0,0,0.0,0,0,0,0,0,0,0.0,0,0,0,0,0
2571,2019,Delhi,7,New Delhi,79,Vigilance,0,0,0,0,0,0.0,0,0,0,0,0,0,0.0,0,0,0,0,0
2572,2019,Delhi,7,West,85,West,0,21,95,320,173,15.0,2,4,37,189,367,188,12.0,4,116,510,230,571
2573,2019,Delhi,7,North West,82,Rohini,7,59,136,327,207,76.0,23,14,67,284,536,183,35.0,15,202,633,365,769
2574,2019,Delhi,7,Shahdara,671,Shahdara,6,64,43,254,169,68.0,49,2,62,171,384,79,24.0,12,113,540,235,499
2575,2019,Delhi,7,South West,84,Dwarka,6,64,115,264,287,131.0,63,2,36,302,525,286,37.0,34,185,745,340,882
2576,2019,Delhi,7,New Delhi,79,Outer North,32,121,122,383,223,93.0,29,19,104,345,634,153,37.0,10,275,728,468,834
2577,2019,Lakshadweep,31,Lakshadweep District,553,Lakshadweep,0,0,0,0,1,0.0,0,0,0,0,0,0,0.0,0,0,1,0,0
2578,2019,Puducherry,34,Karaikal,598,Karaikal,0,0,0,0,0,0.0,0,0,0,0,0,0,0.0,0,0,0,0,0
2579,2019,Puducherry,34,Pondicherry,600,Puducherry,2,4,6,25,16,16.0,9,7,10,19,87,4,2.0,9,12,66,36,102
2580,2020,Andhra Pradesh,28,Anantapur,502,Anantapur,0,10,22,78,55,29.0,15,0,5,279,499,67,13.0,6,32,177,284,585
2581,2020,Andhra Pradesh,28,Chittoor,503,Chittoor,6,22,9,37,36,17.0,16,11,25,226,386,37,7.0,3,37,106,262,433
2582,2020,Andhra Pradesh,28,Y.S.R.,504,Cuddapah,12,20,15,48,29,24.0,19,3,16,119,227,37,11.0,2,47,120,138,277
2583,2020,Andhra Pradesh,28,East Godavari,505,East Godavari,2,6,32,78,99,63.0,31,1,13,111,249,105,24.0,12,40,271,125,390
2584,2020,Andhra Pradesh,28,Anantapur,502,Guntakal Railway,0,0,0,0,0,0.0,0,0,0,1,1,0,0.0,0,0,0,1,1
2585,2020,Andhra Pradesh,28,Guntur,506,Guntur,13,20,28,43,66,41.0,21,7,21,83,209,75,11.0,4,61,171,111,299
2586,2020,Andhra Pradesh,28,Guntur,506,Guntur Urban,1,11,18,43,42,22.0,14,0,7,70,160,27,8.0,9,30,121,77,204
2587,2020,Andhra Pradesh,28,Krishna,510,Krishna,14,15,4,61,60,29.0,16,15,18,4,238,43,10.0,5,33,166,37,296
2588,2020,Andhra Pradesh,28,Kurnool,511,Kurnool,0,16,12,35,70,23.0,20,0,118,99,245,150,15.0,7,28,148,217,417
2589,2020,Andhra Pradesh,28,Spsr Nellore,515,Nellore,1,7,19,31,46,26.0,11,0,15,105,218,63,14.0,10,27,114,120,305
2590,2020,Andhra Pradesh,28,Prakasam,517,Prakasham,15,23,15,40,36,27.0,8,3,20,62,233,45,4.0,4,53,111,85,286
2591,2020,Andhra Pradesh,28,East Godavari,505,Rajahmundry,10,5,6,42,33,19.0,14,5,8,48,110,23,8.0,4,21,108,61,145
2592,2020,Andhra Pradesh,28,Srikakulam,519,Srikakulam,8,16,15,19,17,8.0,10,13,8,46,165,17,2.0,2,39,54,67,186
2593,2020,Andhra Pradesh,28,Tirupati,752,Tirupathi Urban,4,9,6,15,14,11.0,9,1,14,72,117,22,7.0,3,19,49,87,149
2594,2020,Andhra Pradesh,28,Ntr,749,Vijayawada City,7,23,21,65,84,34.0,27,8,21,63,232,55,12.0,8,51,210,92,307
2595,2020,Andhra Pradesh,28,Ntr,749,Vijayawada Railway,0,0,1,3,3,0.0,0,0,0,2,1,0,0.0,1,1,6,2,2
2596,2020,Andhra Pradesh,28,Visakhapatanam,520,Visakha Rural,3,7,7,20,29,22.0,8,3,10,47,97,33,3.0,6,17,79,60,139
2597,2020,Andhra Pradesh,28,Visakhapatanam,520,Visakhapatnam,1,14,22,96,55,33.0,30,4,11,39,300,60,9.0,8,37,214,54,377
2598,2020,Andhra Pradesh,28,Vizianagaram,521,Vizianagaram,4,10,4,35,32,12.0,10,3,6,26,154,16,3.0,2,18,89,35,175
2599,2020,Andhra Pradesh,28,West Godavari,523,West Godavari,20,25,17,103,81,55.0,33,16,32,129,366,94,23.0,28,62,272,177,511
2600,2020,Arunachal Pradesh,12,Anjaw,628,Anjaw,0,0,0,0,0,0.0,0,0,0,0,0,0,0.0,0,0,0,0,0
2601,2020,Arunachal Pradesh,12,Changlang,229,Changlang,0,0,0,0,0,0.0,0,0,0,0,0,0,0.0,0,0,0,0,0
2602,2020,Arunachal Pradesh,12,Papum Pare,237,Crime Branch,0,0,0,0,0,0.0,0,0,0,0,0,0,0.0,0,0,0,0,0
2603,2020,Arunachal Pradesh,12,Dibang Valley,230,Dibang Valley,0,0,0,0,0,0.0,0,0,0,0,0,0,0.0,0,0,0,0,0
2604,2020,Arunachal Pradesh,12,East Kameng,231,Kameng East,0,0,0,0,0,0.0,0,0,0,0,0,0,0.0,0,0,0,0,0
2605,2020,Arunachal Pradesh,12,West Kameng,242,Kameng West,0,0,0,0,0,0.0,0,0,0,1,0,1,0.0,0,0,0,1,1
2606,2020,Arunachal Pradesh,12,Kurung Kumey,233,Kurung Kumey,0,0,0,0,0,0.0,0,0,0,0,0,0,0.0,0,0,0,0,0
2607,2020,Arunachal Pradesh,12,Lohit,234,Lohit,0,0,0,0,0,0.0,0,0,0,0,0,0,0.0,0,0,0,0,0
2608,2020,Arunachal Pradesh,12,Longding,666,Longding,0,0,0,0,0,0.0,0,0,0,0,0,0,0.0,0,0,0,0,0
2609,2020,Arunachal Pradesh,12,Lower Dibang Valley,235,Lower Dibang Valley,0,0,0,0,0,0.0,0,0,0,0,0,0,0.0,0,0,0,0,0
2610,2020,Arunachal Pradesh,12,Papum Pare,237,Papum Pare City,0,0,3,0,0,2.0,0,0,0,4,0,0,0.0,0,3,2,4,0
2611,2020,Arunachal Pradesh,12,Papum Pare,237,Papum Pare Rural,1,0,1,3,1,0.0,0,0,0,0,0,0,0.0,0,2,4,0,0
2612,2020,Arunachal Pradesh,12,East Siang,232,Siang East,0,0,0,0,0,0.0,0,0,0,0,0,0,0.0,0,0,0,0,0
2613,2020,Arunachal Pradesh,12,Upper Siang,240,Siang Upper,0,0,0,0,0,0.0,0,0,0,0,0,0,0.0,0,0,0,0,0
2614,2020,Arunachal Pradesh,12,West Siang,243,Siang West,0,0,0,0,0,0.0,0,0,0,0,0,0,0.0,0,0,0,0,0
2615,2020,Arunachal Pradesh,12,Lower Subansiri,236,Subansiri Lower,0,0,0,0,0,0.0,0,0,0,0,0,0,0.0,0,0,0,0,0
2616,2020,Arunachal Pradesh,12,Upper Subansiri,241,Subansiri Upper,0,0,0,0,0,0.0,0,0,0,0,0,0,0.0,0,0,0,0,0
2617,2020,Arunachal Pradesh,12,Tawang,238,Tawang,0,0,0,0,0,0.0,0,0,0,0,0,0,0.0,0,0,0,0,0
2618,2020,Arunachal Pradesh,12,Tirap,239,Tirap,0,0,0,0,0,0.0,0,0,0,0,0,0,0.0,0,0,0,0,0
2619,2020,Arunachal Pradesh,12,Namsai,678,Namsai,0,0,0,0,0,0.0,0,0,0,3,0,0,0.0,0,0,0,3,0
2620,2020,Arunachal Pradesh,12,Siang,679,Siang,0,0,0,0,0,0.0,0,0,0,0,0,0,0.0,0,0,0,0,0
2621,2020,Arunachal Pradesh,12,Kamle,718,Kamle,0,0,0,0,0,0.0,0,0,0,0,0,0,0.0,0,0,0,0,0
2622,2020,Arunachal Pradesh,12,Kra Daadi,677,Kra Dadi,0,0,0,0,0,0.0,0,0,0,0,0,0,0.0,0,0,0,0,0
2623,2020,Arunachal Pradesh,12,Lower Siang,719,Lower Siang,0,0,0,0,0,0.0,0,0,0,0,0,0,0.0,0,0,0,0,0
2624,2020,Arunachal Pradesh,12,Leparada,724,Leparada,0,0,0,0,0,0.0,0,0,0,0,0,0,0.0,0,0,0,0,0
2625,2020,Arunachal Pradesh,12,Shi Yomi,725,Shiyomi,0,0,0,0,0,0.0,0,0,0,0,0,0,0.0,0,0,0,0,0
2626,2020,Arunachal Pradesh,12,Pakke Kessang,723,Pakkessang,0,0,0,0,0,0.0,0,0,0,0,0,0,0.0,0,0,0,0,0
2627,2020,Assam,18,Kamrup Metro,618,Bieo,0,0,0,0,0,0.0,0,0,0,0,0,0,0.0,0,0,0,0,0
2628,2020,Assam,18,Barpeta,280,Barpeta,0,0,4,3,2,2.0,0,0,0,14,8,6,0.0,0,4,7,14,14
2629,2020,Assam,18,Baksa,616,Baksa,0,0,3,14,6,5.0,4,0,2,7,98,32,3.0,0,3,29,9,133
2630,2020,Assam,18,Bongaigaon,281,Bongaigaon,0,4,4,8,15,2.0,4,0,0,1,36,42,73.0,1,8,29,1,152
2631,2020,Assam,18,Kamrup Metro,618,Cid,0,0,0,0,0,0.0,0,0,0,0,0,0,0.0,0,0,0,0,0
2632,2020,Assam,18,Cachar,282,Cachar,0,45,15,10,12,1.0,0,1,56,40,30,6,3.0,0,60,23,97,39
2633,2020,Assam,18,Chirang,612,Chirang,0,0,1,7,8,4.0,0,0,0,6,14,7,0.0,0,1,19,6,21
2634,2020,Assam,18,Darrang,283,Darrang,0,0,0,7,7,5.0,0,0,1,10,18,17,0.0,0,0,19,11,35
2635,2020,Assam,18,Dhemaji,284,Dhemaji,2,9,6,9,5,0.0,1,1,1,16,21,19,1.0,0,17,15,18,41
2636,2020,Assam,18,Dhubri,285,Dhubri,1,2,10,18,14,2.0,1,1,3,74,61,42,0.0,0,13,35,78,103
2637,2020,Assam,18,Dibrugarh,286,Dibrugarh,0,2,0,0,0,0.0,0,0,5,1,0,0,0.0,0,2,0,6,0
2638,2020,Assam,18,Kamrup Metro,618,Grp,0,1,0,0,0,0.0,0,0,1,3,0,0,0.0,0,1,0,4,0
2639,2020,Assam,18,Goalpara,287,Goalpara,0,0,0,0,0,0.0,0,0,0,0,0,0,0.0,0,0,0,0,0
2640,2020,Assam,18,Golaghat,288,Golaghat,0,5,6,10,11,1.0,0,0,0,13,33,112,54.0,3,11,22,13,202
2641,2020,Assam,18,Kamrup Metro,618,Guwahati City,1,25,43,127,132,66.0,27,3,17,70,290,182,30.0,5,69,352,90,507
2642,2020,Assam,18,Hailakandi,289,Hailakandi,0,1,1,7,11,5.0,1,0,0,22,68,33,2.0,1,2,24,22,104
2643,2020,Assam,18,West Karbi Anglong,710,Hamren,0,0,0,1,2,1.0,0,0,0,1,8,3,0.0,0,0,4,1,11
2644,2020,Assam,18,Jorhat,290,Jorhat,0,10,5,0,0,0.0,0,0,11,31,0,0,0.0,0,15,0,42,0
2645,2020,Assam,18,Kamrup,291,Kamrup,0,1,3,27,30,10.0,8,1,4,20,68,82,18.0,1,4,75,25,169
2646,2020,Assam,18,Karbi Anglong,292,Karbi Anglong,0,0,0,0,0,0.0,0,0,0,0,0,0,0.0,0,0,0,0,0
2647,2020,Assam,18,Karimganj,293,Karimganj,0,0,0,37,0,0.0,0,0,1,3,67,9,0.0,0,0,37,4,76
2648,2020,Assam,18,Kokrajhar,294,Kokrajhar,0,0,3,18,3,0.0,0,0,0,35,44,9,0.0,0,3,21,35,53
2649,2020,Assam,18,Lakhimpur,295,Lakhimpur,1,6,2,6,16,2.0,3,0,11,30,64,52,6.0,2,9,27,41,124
2650,2020,Assam,18,Marigaon,296,Morigaon,0,0,0,0,0,0.0,0,0,0,0,0,0,0.0,0,0,0,0,0
2651,2020,Assam,18,Dima Hasao,299,Dima Hasao,0,0,0,6,5,1.0,1,0,0,0,5,2,0.0,0,0,13,0,7
2652,2020,Assam,18,Nagaon,297,Nagaon,0,0,0,0,0,0.0,0,0,0,0,0,0,0.0,0,0,0,0,0
2653,2020,Assam,18,Nalbari,298,Nalbari,0,0,0,0,0,0.0,0,0,0,0,0,0,0.0,0,0,0,0,0
2654,2020,Assam,18,Kamrup Metro,618,Rpo,0,0,0,0,0,0.0,0,0,0,0,0,0,0.0,0,0,0,0,0
2655,2020,Assam,18,Kamrup Metro,618,Sou,0,0,0,0,0,0.0,0,0,0,0,0,0,0.0,0,0,0,0,0
2656,2020,Assam,18,Kamrup Metro,618,Stf,0,0,0,0,0,0.0,0,0,0,0,0,0,0.0,0,0,0,0,0
2657,2020,Assam,18,Sivasagar,300,Sibsagar,0,1,0,1,0,0.0,0,0,1,0,0,0,0.0,0,1,1,1,0
2658,2020,Assam,18,Sonitpur,301,Sonitpur,0,0,0,0,0,0.0,0,0,0,0,0,0,0.0,0,0,0,0,0
2659,2020,Assam,18,Tinsukia,302,Tinsukia,0,1,2,7,7,5.0,0,0,1,4,16,17,4.0,1,3,19,5,38
2660,2020,Assam,18,Udalguri,617,Udalguri,0,0,0,0,0,0.0,0,0,0,0,0,0,0.0,0,0,0,0,0
2661,2020,Assam,18,Tinsukia,302,Sadia,0,2,5,3,11,8.0,0,0,1,5,15,17,0.0,1,7,22,6,33
2662,2020,Assam,18,Majuli,706,Majuli,0,0,3,2,1,0.0,1,1,1,10,7,1,0.0,1,3,4,12,9
2663,2020,Assam,18,Biswanath,705,Biswanath,0,0,0,0,0,0.0,0,0,0,0,0,0,0.0,0,0,0,0,0
2664,2020,Assam,18,Hojai,709,Hojai,0,3,9,17,18,7.0,2,0,19,47,68,47,6.0,1,12,44,66,122
2665,2020,Assam,18,South Salmara Mancachar,707,South Salmara,0,1,1,1,16,0.0,0,1,0,4,18,7,0.0,0,2,17,5,25
2666,2020,Assam,18,Charaideo,708,Charaideo,0,1,3,10,14,4.0,0,0,0,8,52,22,2.0,0,4,28,8,76
2667,2020,Bihar,10,Araria,188,Araria,3,4,4,3,5,0.0,3,6,13,56,48,25,15.0,3,11,11,75,91
2668,2020,Bihar,10,Arwal,611,Arwal,1,3,1,3,0,0.0,0,0,3,10,3,1,0.0,0,5,3,13,4
2669,2020,Bihar,10,Aurangabad,189,Aurangabad,1,3,6,5,2,1.0,0,0,10,36,13,3,0.0,0,10,8,46,16
2670,2020,Bihar,10,Pashchim Champaran,211,Bagaha,0,1,3,1,1,0.0,0,0,39,31,17,4,1.0,0,4,2,70,22
2671,2020,Bihar,10,Banka,190,Banka,1,5,3,7,1,3.0,0,0,7,55,15,9,0.0,0,9,11,62,24
2672,2020,Bihar,10,Begusarai,191,Begusarai,0,0,0,0,0,0.0,0,0,0,0,0,0,0.0,0,0,0,0,0
2673,2020,Bihar,10,Pashchim Champaran,211,Bettiah,0,4,4,6,8,5.0,1,1,22,73,23,10,1.0,1,8,20,96,35
2674,2020,Bihar,10,Kaimur (Bhabua),200,Bhabhua,0,1,7,2,0,1.0,0,0,9,34,14,4,1.0,0,8,3,43,19
2675,2020,Bihar,10,Bhagalpur,192,Bhagalpur,2,7,12,11,12,4.0,2,1,20,136,67,17,1.0,2,21,29,157,87
2676,2020,Bihar,10,Bhojpur,193,Bhojpur,3,8,9,13,7,0.0,3,4,24,77,35,16,0.0,0,20,23,105,51
2677,2020,Bihar,10,Buxar,194,Buxar,4,4,11,7,6,3.0,2,2,10,35,40,15,1.0,0,19,18,47,56
2678,2020,Bihar,10,Darbhanga,195,Darbhanga,1,6,4,5,1,3.0,0,2,24,90,17,6,0.0,0,11,9,116,23
2679,2020,Bihar,10,Gaya,196,Gaya,6,10,15,11,11,2.0,2,0,36,120,71,34,11.0,0,31,26,156,116
2680,2020,Bihar,10,Gopalganj,197,Gopalganj,0,9,14,1,1,0.0,0,0,14,51,85,16,0.0,0,23,2,65,101
2681,2020,Bihar,10,Munger,207,Jamalpur Railway,0,0,0,0,0,0.0,0,0,0,0,0,0,0.0,0,0,0,0,0
2682,2020,Bihar,10,Jamui,198,Jamui,0,2,5,9,13,1.0,1,0,16,29,28,9,1.0,1,7,24,45,39
2683,2020,Bihar,10,Jehanabad,199,Jehanabad,1,3,7,3,3,3.0,1,0,7,25,9,4,0.0,0,11,10,32,13
2684,2020,Bihar,10,Katihar,201,Katihar,0,0,0,40,3,0.0,0,0,4,51,77,9,0.0,0,0,43,55,86
2685,2020,Bihar,10,Katihar,201,Katihar Railway,0,0,0,0,0,0.0,0,0,0,0,0,0,0.0,0,0,0,0,0
2686,2020,Bihar,10,Khagaria,202,Khagaria,1,2,22,17,4,1.0,0,0,5,29,26,6,0.0,0,25,22,34,32
2687,2020,Bihar,10,Kishanganj,203,Kishanganj,0,2,5,5,1,1.0,0,0,8,39,34,6,0.0,0,7,7,47,40
2688,2020,Bihar,10,Lakhisarai,204,Lakhisarai,0,1,2,2,1,0.0,1,0,5,12,10,4,0.0,0,3,4,17,14
2689,2020,Bihar,10,Madhepura,205,Madhepura,0,5,3,16,7,4.0,0,0,21,26,31,6,1.0,0,8,27,47,38
2690,2020,Bihar,10,Madhubani,206,Madhubani,0,4,0,0,2,0.0,0,2,7,28,7,4,0.0,0,4,2,37,11
2691,2020,Bihar,10,Purbi Champaran,213,Motihari,3,6,8,9,7,3.0,0,5,50,118,30,18,2.0,0,17,19,173,50
2692,2020,Bihar,10,Munger,207,Munger,0,8,5,7,7,3.0,1,1,18,69,30,6,0.0,1,13,18,88,37
2693,2020,Bihar,10,Muzaffarpur,208,Muzaffarpur,8,17,18,34,21,15.0,7,3,52,200,135,37,5.0,0,43,77,255,177
2694,2020,Bihar,10,Muzaffarpur,208,Muzaffarpur Railway,0,0,0,0,0,0.0,0,0,0,0,0,0,0.0,0,0,0,0,0
2695,2020,Bihar,10,Nalanda,209,Nalanda,4,18,21,22,14,8.0,2,1,242,166,80,24,4.0,2,43,46,409,110
2696,2020,Bihar,10,Bhagalpur,192,Naugachia,0,0,0,0,0,0.0,0,0,0,0,0,0,0.0,0,0,0,0,0
2697,2020,Bihar,10,Nawada,210,Nawadah,0,3,5,0,0,0.0,0,0,18,56,0,0,0.0,0,8,0,74,0
2698,2020,Bihar,10,Patna,212,Patna,3,34,57,59,58,33.0,14,2,98,371,196,56,11.0,2,94,164,471,265
2699,2020,Bihar,10,Patna,212,Patna Railway,0,1,0,0,1,1.0,0,0,0,2,0,0,0.0,0,1,2,2,0
2700,2020,Bihar,10,Purnia,214,Purnea,0,6,7,5,6,3.0,0,0,30,57,55,27,2.0,0,13,14,87,84
2701,2020,Bihar,10,Rohtas,215,Rohtas,3,12,11,11,9,3.0,2,0,17,76,38,9,3.0,0,26,25,93,50
2702,2020,Bihar,10,Saharsa,216,Saharsa,0,4,1,4,3,2.0,1,0,11,32,26,10,0.0,0,5,10,43,36
2703,2020,Bihar,10,Samastipur,217,Samastipur,0,0,0,11,5,4.0,0,0,1,144,53,0,0.0,0,0,20,145,53
2704,2020,Bihar,10,Saran,218,Saran,6,19,15,16,16,9.0,7,6,42,181,74,8,7.0,2,40,48,229,91
2705,2020,Bihar,10,Sheikhpura,219,Sheikhpura,0,1,2,3,4,1.0,0,1,6,16,5,1,0.0,0,3,8,23,6
2706,2020,Bihar,10,Sheohar,220,Sheohar,0,0,0,2,0,0.0,0,0,0,14,18,12,0.0,0,0,2,14,30
2707,2020,Bihar,10,Sitamarhi,221,Sitamarhi,0,16,44,12,0,0.0,0,1,35,195,40,0,0.0,0,60,12,231,40
2708,2020,Bihar,10,Siwan,222,Siwan,0,8,8,3,4,1.0,1,0,20,97,36,7,0.0,0,16,9,117,43
2709,2020,Bihar,10,Supaul,223,Supaul,1,3,4,4,2,1.0,1,0,14,65,22,6,0.0,0,8,8,79,28
2710,2020,Bihar,10,Vaishali,224,Vaishali,9,14,16,28,9,6.0,6,8,37,251,53,22,0.0,0,39,49,296,75
2711,2020,Bihar,10,Patna,212,Economic Offences Unit,0,0,0,0,0,0.0,0,0,0,0,0,0,0.0,0,0,0,0,0
2712,2020,Bihar,10,Patna,212,Anti Terrorist Squad,0,0,0,0,0,0.0,0,0,0,0,0,0,0.0,0,0,0,0,0
2713,2020,Chhattisgarh,22,Balod,646,Balod,0,1,14,33,25,20.0,12,0,3,29,176,59,9.0,4,15,90,32,248
2714,2020,Chhattisgarh,22,Baloda Bazar,644,Balodbazar,0,3,9,78,20,16.0,13,1,16,159,286,45,8.0,7,12,127,176,346
2715,2020,Chhattisgarh,22,Balrampur,649,Balrampur,0,1,15,14,16,3.0,0,0,9,51,82,16,0.0,0,16,33,60,98
2716,2020,Chhattisgarh,22,Bemetara,650,Bemetra,1,2,7,23,14,5.0,3,0,2,38,156,14,4.0,1,10,45,40,175
2717,2020,Chhattisgarh,22,Bilaspur,375,Bilaspur,1,16,16,99,112,33.0,11,1,33,154,374,139,30.0,11,33,255,188,554
2718,2020,Chhattisgarh,22,Bijapur,636,Bizapur,0,3,1,10,5,3.0,0,0,2,9,13,7,0.0,1,4,18,11,21
2719,2020,Chhattisgarh,22,Dantewada,376,Dantewara,0,1,1,3,6,1.0,1,0,4,9,27,4,0.0,0,2,11,13,31
2720,2020,Chhattisgarh,22,Dhamtari,377,Dhamtari,0,0,11,48,34,12.0,9,0,3,58,238,41,14.0,3,11,103,61,296
2721,2020,Chhattisgarh,22,Durg,378,Durg,0,7,34,126,89,42.0,29,0,12,149,482,126,20.0,9,41,286,161,637
2722,2020,Chhattisgarh,22,Gariyaband,645,Gariyaband,0,0,4,28,10,4.0,1,0,0,38,127,17,0.0,3,4,43,38,147
2723,2020,Chhattisgarh,22,Raipur,387,Grp Raipur,0,0,0,0,2,0.0,1,0,1,3,7,4,0.0,0,0,3,4,11
2724,2020,Chhattisgarh,22,Bastar,374,Jagdalpur,0,2,4,34,23,5.0,4,0,4,74,118,20,4.0,2,6,66,78,144
2725,2020,Chhattisgarh,22,Janjgir-Champa,379,Janjgir,0,10,11,47,36,27.0,7,0,11,133,286,80,13.0,3,21,117,144,382
2726,2020,Chhattisgarh,22,Jashpur,380,Jashpur,0,0,6,13,12,7.0,5,2,11,63,81,23,6.0,4,6,37,76,114
2727,2020,Chhattisgarh,22,Kabirdham,382,Kabirdham,1,6,10,43,17,10.0,3,0,5,57,157,20,7.0,1,17,73,62,185
2728,2020,Chhattisgarh,22,Kanker,381,Kanker,0,0,1,26,17,11.0,3,0,2,45,133,26,2.0,4,1,57,47,165
2729,2020,Chhattisgarh,22,Kondagaon,643,Kondagaon,1,0,0,19,9,3.0,1,0,2,22,71,13,1.0,2,1,32,24,87
2730,2020,Chhattisgarh,22,Korba,383,Korba,0,10,10,35,56,25.0,8,0,10,76,170,101,10.0,3,20,124,86,284
2731,2020,Chhattisgarh,22,Korea,384,Koriya,0,4,4,24,18,10.0,6,0,13,36,122,32,6.0,3,8,58,49,163
2732,2020,Chhattisgarh,22,Mahasamund,385,Mahasamund,0,0,5,65,18,9.0,8,0,1,49,203,29,2.0,1,5,100,50,235
2733,2020,Chhattisgarh,22,Mungeli,647,Mungali,0,0,8,22,13,10.0,7,0,2,48,123,20,7.0,0,8,52,50,150
2734,2020,Chhattisgarh,22,Narayanpur,637,Narayanpur,0,2,1,2,0,1.0,0,1,1,10,11,3,0.0,0,3,3,12,14
2735,2020,Chhattisgarh,22,Raigarh,386,Raigarh,0,3,14,83,53,15.0,11,0,10,121,289,78,19.0,9,17,162,131,395
2736,2020,Chhattisgarh,22,Raipur,387,Raipur,0,15,31,138,210,120.0,40,0,18,242,654,364,59.0,26,46,508,260,1103
2737,2020,Chhattisgarh,22,Rajnandgaon,388,Rajnandgaon,0,3,9,86,50,17.0,13,1,2,84,364,56,11.0,8,12,166,87,439
2738,2020,Chhattisgarh,22,Surguja,389,Sarguja,0,1,10,33,29,8.0,5,0,4,66,127,52,8.0,8,11,75,70,195
2739,2020,Chhattisgarh,22,Sukma,642,Sukma,1,0,3,6,1,4.0,0,0,1,5,13,1,0.0,0,4,11,6,14
2740,2020,Chhattisgarh,22,Surajpur,648,Surajpur,0,0,8,20,14,7.0,3,0,6,47,127,23,3.0,1,8,44,53,154
2741,2020,Chhattisgarh,22,Gaurella Pendra Marwahi,734,Gaurela-Pendra-Marwari,0,4,6,62,43,13.0,4,0,1,37,168,41,5.0,5,10,122,38,219
2742,2020,Goa,30,North Goa,551,North Goa,0,2,4,47,35,21.0,13,2,0,1,61,19,4.0,5,6,116,3,89
2743,2020,Goa,30,South Goa,552,South Goa,1,2,0,36,43,26.0,24,0,1,2,65,13,8.0,9,3,129,3,95
2744,2020,Goa,30,North Goa,551,Cid,0,0,0,2,0,1.0,0,0,0,0,0,0,0.0,0,0,3,0,0
2745,2020,Gujarat,24,Ahmadabad,438,Ahmedabad City,2,27,35,356,284,137.0,72,3,40,221,1557,239,44.0,30,64,849,264,1870
2746,2020,Gujarat,24,Ahmadabad,438,Ahmedabad Rural,2,6,1,13,15,6.0,1,1,1,0,76,13,4.0,2,9,35,2,95
2747,2020,Gujarat,24,Amreli,439,Amreli,0,0,0,7,17,1.0,1,0,0,0,72,0,10.0,0,0,26,0,82
2748,2020,Gujarat,24,Anand,440,Anand,0,0,0,38,35,23.0,12,0,0,0,225,37,4.0,1,0,108,0,267
2749,2020,Gujarat,24,Arvalli,672,Arvalli,0,0,0,48,12,8.0,0,0,0,0,143,26,0.0,0,0,68,0,169
2750,2020,Gujarat,24,Banas Kantha,441,Banaskantha,0,0,0,28,16,7.0,1,0,0,0,156,19,3.0,1,0,52,0,179
2751,2020,Gujarat,24,Bharuch,442,Bharuch,8,9,0,51,42,32.0,14,6,8,0,188,22,4.0,3,17,139,14,217
2752,2020,Gujarat,24,Bhavnagar,443,Bhavnagar,1,0,5,35,10,1.0,1,2,0,5,109,13,0.0,0,6,47,7,122
2753,2020,Gujarat,24,Botad,676,Botad,0,0,1,5,7,0.0,0,0,2,14,52,11,1.0,1,1,12,16,65
2754,2020,Gujarat,24,Chhotaudepur,668,Chhotaudepur,1,2,0,10,13,4.0,4,0,1,2,4,4,3.0,2,3,31,3,13
2755,2020,Gujarat,24,Gandhinagar,446,Cid Crime,0,0,0,0,0,0.0,0,0,0,0,0,0,0.0,0,0,0,0,0
2756,2020,Gujarat,24,Dohad,445,Dahod,0,1,0,8,3,1.0,1,4,11,114,45,7,1.0,0,1,13,129,53
2757,2020,Gujarat,24,Dang,444,Dang,0,0,0,0,0,0.0,0,0,0,0,0,0,0.0,0,0,0,0,0
2758,2020,Gujarat,24,Devbhumi Dwarka,674,Devbhumi Dwarka,1,0,0,11,9,4.0,1,0,0,0,44,1,0.0,0,1,25,0,45
2759,2020,Gujarat,24,Gandhinagar,446,Gandhinagar,12,6,1,62,27,15.0,9,8,4,0,200,26,7.0,2,19,113,12,235
2760,2020,Gujarat,24,Gir Somnath,675,Gir Somnath,2,0,1,6,4,2.0,0,3,6,27,20,3,0.0,0,3,12,36,23
2761,2020,Gujarat,24,Jamnagar,447,Jamnagar,2,4,0,30,9,5.0,9,3,3,0,118,24,3.0,2,6,53,6,147
2762,2020,Gujarat,24,Junagadh,448,Junagadh,0,2,0,10,7,6.0,2,0,1,0,22,7,6.0,0,2,25,1,35
2763,2020,Gujarat,24,Kachchh,449,Kachchh East(G),0,1,4,38,31,17.0,3,0,13,44,126,59,4.0,0,5,89,57,189
2764,2020,Gujarat,24,Kachchh,449,Kachchh West(B),0,1,0,29,28,10.0,5,0,5,32,149,20,5.0,1,1,72,37,175
2765,2020,Gujarat,24,Kheda,450,Kheda,0,0,0,11,9,7.0,4,0,0,0,69,17,5.0,0,0,31,0,91
2766,2020,Gujarat,24,Mahisagar,669,Mahisagar,1,2,0,6,3,3.0,2,2,0,1,23,9,1.0,0,3,14,3,33
2767,2020,Gujarat,24,Mahesana,451,Mehsana,1,0,0,48,22,13.0,3,1,0,0,255,33,4.0,3,1,86,1,295
2768,2020,Gujarat,24,Morbi,673,Morbi,0,0,0,6,9,4.0,2,0,0,0,40,3,0.0,0,0,21,0,43
2769,2020,Gujarat,24,Narmada,452,Narmada,2,0,0,4,4,1.0,0,0,1,0,9,4,1.0,0,2,9,1,14
2770,2020,Gujarat,24,Navsari,453,Navsari,2,1,0,17,20,9.0,16,5,1,1,65,16,2.0,4,3,62,7,87
2771,2020,Gujarat,24,Panch Mahals,454,Panchmahal,7,1,0,23,12,5.0,2,3,1,0,63,12,2.0,1,8,42,4,78
2772,2020,Gujarat,24,Patan,455,Patan,1,1,0,24,21,7.0,1,0,2,0,183,23,6.0,1,2,53,2,213
2773,2020,Gujarat,24,Porbandar,456,Porbandar,1,2,1,7,11,2.0,3,2,0,0,49,3,0.0,0,4,23,2,52
2774,2020,Gujarat,24,Rajkot,457,Rajkot City,0,0,0,55,89,42.0,18,0,0,0,267,93,19.0,11,0,204,0,390
2775,2020,Gujarat,24,Rajkot,457,Rajkot Rural,0,2,3,24,23,10.0,4,1,21,61,175,29,5.0,3,5,61,83,212
2776,2020,Gujarat,24,Sabar Kantha,458,Sabarkantha,0,2,0,22,13,2.0,0,0,0,10,130,22,1.0,2,2,37,10,155
2777,2020,Gujarat,24,Surat,459,Surat City,42,42,10,332,186,90.0,48,56,38,32,901,159,18.0,11,94,656,126,1089
2778,2020,Gujarat,24,Surat,459,Surat Rural,6,1,0,21,26,11.0,3,1,4,1,66,14,1.0,2,7,61,6,83
2779,2020,Gujarat,24,Surendranagar,460,Surendranagar,1,0,0,12,7,2.0,0,0,3,0,36,7,0.0,0,1,21,3,43
2780,2020,Gujarat,24,Tapi,641,Tapi,0,0,0,6,7,8.0,0,3,0,0,18,5,0.0,0,0,21,3,23
2781,2020,Gujarat,24,Vadodara,461,Vadodara City,0,5,8,35,58,58.0,31,3,9,62,176,119,24.0,7,13,182,74,326
2782,2020,Gujarat,24,Vadodara,461,Vadodara Rural,0,0,0,19,26,9.0,2,0,0,0,74,13,5.0,0,0,56,0,92
2783,2020,Gujarat,24,Valsad,462,Valsad,4,1,1,18,24,8.0,5,5,0,0,57,8,1.0,1,6,55,5,67
2784,2020,Gujarat,24,Ahmadabad,438,W.Rly Ahmedabad,0,0,0,1,0,0.0,0,0,0,0,2,0,0.0,0,0,1,0,2
2785,2020,Gujarat,24,Vadodara,461,W.Rly Vadodara,0,0,0,1,3,0.0,0,0,0,1,5,0,0.0,1,0,4,1,6
2786,2020,Gujarat,24,Ahmadabad,438,Cyber Ahmedabad Range,0,0,0,0,0,0.0,0,0,0,0,0,0,0.0,0,0,0,0,0
2787,2020,Gujarat,24,Bhavnagar,443,Cyber Bhavnagar Range,0,0,0,0,0,0.0,0,0,0,0,0,0,0.0,0,0,0,0,0
2788,2020,Gujarat,24,Cyber Border Range,9999,Cyber Border Range,0,0,0,0,0,0.0,0,0,0,0,0,0,0.0,0,0,0,0,0
2789,2020,Gujarat,24,Gandhinagar,446,Cyber Gandhinagar Range,0,0,0,0,0,0.0,0,0,0,0,0,0,0.0,0,0,0,0,0
2790,2020,Gujarat,24,Junagadh,448,Cyber Junagadh Range,0,0,0,0,0,0.0,0,0,0,0,0,0,0.0,0,0,0,0,0
2791,2020,Gujarat,24,Panch Mahals,454,Cyber Panchmahal Range,0,0,0,0,0,0.0,0,0,0,0,0,0,0.0,0,0,0,0,0
2792,2020,Gujarat,24,Rajkot,457,Cyber Rajkot Range,0,0,0,0,0,0.0,0,0,0,0,0,0,0.0,0,0,0,0,0
2793,2020,Gujarat,24,Surat,459,Cyber Surat Range,0,0,0,0,0,0.0,0,0,0,0,0,0,0.0,0,0,0,0,0
2794,2020,Gujarat,24,Vadodara,461,Cyber Vadodara Range,0,0,0,0,0,0.0,0,0,0,0,0,0,0.0,0,0,0,0,0
2795,2020,Haryana,6,Ambala,58,Ambala,4,6,2,73,48,24.0,16,4,5,7,169,38,4.0,3,12,161,16,214
2796,2020,Haryana,6,Bhiwani,59,Bhiwani,9,9,21,57,24,13.0,5,6,8,34,216,38,3.0,0,39,99,48,257
2797,2020,Haryana,6,Faridabad,60,Faridabad,25,29,18,187,101,40.0,26,20,22,13,478,109,12.0,6,72,354,55,605
2798,2020,Haryana,6,Fatehabad,61,Fatehabad,7,11,9,32,33,6.0,3,13,5,9,175,46,2.0,0,27,74,27,223
2799,2020,Haryana,6,Ambala,58,Grp,0,0,0,2,1,0.0,0,0,0,1,2,4,0.0,0,0,3,1,6
2800,2020,Haryana,6,Gurugram,62,Gurugram,0,7,18,45,68,29.0,7,2,13,106,146,70,3.0,2,25,149,121,221
2801,2020,Haryana,6,Hisar,63,Hissar,0,6,20,48,42,17.0,2,0,6,51,298,56,6.0,0,26,109,57,360
2802,2020,Haryana,6,Jhajjar,64,Jhajjar,0,6,16,75,39,5.0,2,0,1,22,119,107,7.0,3,22,121,23,236
2803,2020,Haryana,6,Jind,65,Jind,8,8,22,45,33,26.0,7,9,9,47,177,36,2.0,3,38,111,65,218
2804,2020,Haryana,6,Kaithal,66,Kaithal,2,5,13,45,28,21.0,7,5,1,7,79,26,6.0,2,20,101,13,113
2805,2020,Haryana,6,Karnal,67,Karnal,0,4,11,34,33,18.0,9,2,3,12,73,37,4.0,1,15,94,17,115
2806,2020,Haryana,6,Kurukshetra,68,Kurukshetra,5,4,1,100,70,7.0,1,4,7,41,120,111,5.0,0,10,178,52,236
2807,2020,Haryana,6,Mahendragarh,69,Mahendergarh,8,5,11,23,13,5.0,4,9,4,29,169,25,1.0,0,24,45,42,195
2808,2020,Haryana,6,Nuh,604,Nuh,3,5,4,18,6,2.0,2,1,7,3,27,17,0.0,0,12,28,11,44
2809,2020,Haryana,6,Palwal,619,Palwal,2,6,13,42,21,9.0,4,4,6,48,116,17,2.0,1,21,76,58,136
2810,2020,Haryana,6,Panchkula,70,Panchkula,0,2,9,22,22,8.0,6,0,3,38,148,19,2.0,0,11,58,41,169
2811,2020,Haryana,6,Panipat,71,Panipat,11,23,33,77,82,44.0,16,13,31,169,139,98,26.0,3,67,219,213,266
2812,2020,Haryana,6,Rewari,72,Rewari,7,13,16,53,35,15.0,8,9,15,46,200,41,1.0,3,36,111,70,245
2813,2020,Haryana,6,Rohtak,73,Rohtak,0,7,30,116,75,33.0,11,0,5,45,284,53,12.0,4,37,235,50,353
2814,2020,Haryana,6,Sirsa,74,Sirsa,0,6,12,38,37,10.0,8,0,8,87,292,50,4.0,3,18,93,95,349
2815,2020,Haryana,6,Sonipat,75,Sonipat,5,18,39,79,51,22.0,18,4,7,67,276,67,6.0,8,62,170,78,357
2816,2020,Haryana,6,Yamunanagar,76,Yamunanagar,9,15,23,71,60,29.0,13,7,18,47,220,64,8.0,5,47,173,72,297
2817,2020,Haryana,6,Gurugram,62,Irrigation And Power,0,0,0,0,0,0.0,0,0,0,0,0,0,0.0,0,0,0,0,0
2818,2020,Haryana,6,Charki Dadri,701,Charkhi Dadri,0,3,5,9,12,8.0,4,0,1,8,80,21,1.0,0,8,33,9,102
2819,2020,Haryana,6,Hisar,63,Hansi,0,3,5,27,20,7.0,0,0,0,13,115,15,3.0,1,8,54,13,134
2820,2020,Himachal Pradesh,2,Solan,25,Baddi,0,5,1,20,10,3.0,2,0,5,15,170,11,3.0,0,6,35,20,184
2821,2020,Himachal Pradesh,2,Bilaspur,15,Bilaspur,0,1,2,13,12,10.0,3,0,1,20,84,19,1.0,1,3,38,21,105
2822,2020,Himachal Pradesh,2,Chamba,16,Chamba,0,0,1,12,15,5.0,2,0,0,16,37,12,0.0,0,1,34,16,49
2823,2020,Himachal Pradesh,2,Shimla,23,Cid,0,0,0,0,0,0.0,0,0,0,0,0,0,0.0,0,0,0,0,0
2824,2020,Himachal Pradesh,2,Shimla,23,Grp,0,0,0,0,0,0.0,0,0,0,0,0,0,0.0,0,0,0,0,0
2825,2020,Himachal Pradesh,2,Hamirpur,17,Hamirpur,0,4,1,11,11,9.0,1,0,0,7,48,11,2.0,2,5,32,7,63
2826,2020,Himachal Pradesh,2,Kangra,18,Kangra,0,1,2,22,10,8.0,5,0,0,5,58,11,1.0,0,3,45,5,70
2827,2020,Himachal Pradesh,2,Kinnaur,19,Kinnaur,0,1,0,9,8,3.0,1,0,0,6,11,7,1.0,2,1,21,6,21
2828,2020,Himachal Pradesh,2,Kullu,20,Kullu,0,4,3,15,13,2.0,5,0,0,10,31,18,3.0,4,7,35,10,56
2829,2020,Himachal Pradesh,2,Lahul And Spiti,21,Lahaul And Spiti,0,0,0,2,0,0.0,1,0,0,0,3,1,0.0,1,0,3,0,5
2830,2020,Himachal Pradesh,2,Mandi,22,Mandi,0,3,8,25,24,10.0,6,0,2,54,125,36,5.0,0,11,65,56,166
2831,2020,Himachal Pradesh,2,Shimla,23,Shimla,0,8,8,1,1,0.0,0,0,12,34,6,1,0.0,0,16,2,46,7
2832,2020,Himachal Pradesh,2,Sirmaur,24,Sirmaur,1,3,1,16,10,9.0,3,2,3,10,54,19,2.0,0,5,38,15,75
2833,2020,Himachal Pradesh,2,Solan,25,Solan,0,0,4,9,7,5.0,0,0,3,14,41,14,2.0,0,4,21,17,57
2834,2020,Himachal Pradesh,2,Una,26,Una,0,1,0,2,10,3.0,0,0,1,5,7,5,0.0,0,1,15,6,12
2835,2020,Himachal Pradesh,2,Shimla,23,Cyber,0,0,0,0,0,0.0,0,0,0,0,0,0,0.0,0,0,0,0,0
2836,2020,Jammu And Kashmir,1,Anantnag,1,Anantnag,0,0,0,28,5,4.0,2,0,0,16,27,10,0.0,0,0,39,16,37
2837,2020,Jammu And Kashmir,1,Pulwama,11,Awantipora,0,0,0,34,3,1.0,0,0,0,0,3,2,0.0,0,0,38,0,5
2838,2020,Jammu And Kashmir,1,Bandipora,623,Bandipora,0,0,5,6,6,1.0,0,0,0,2,10,3,0.0,1,5,13,2,14
2839,2020,Jammu And Kashmir,1,Baramulla,3,Baramulla,0,0,0,0,0,0.0,0,0,5,25,37,0,0.0,0,0,0,30,37
2840,2020,Jammu And Kashmir,1,Budgam,2,Budgam,0,1,0,16,2,2.0,0,0,0,0,25,8,0.0,0,1,20,0,33
2841,2020,Jammu And Kashmir,1,Jammu,5,Crime Jammu,0,0,0,0,0,0.0,0,0,0,0,0,0,0.0,0,0,0,0,0
2842,2020,Jammu And Kashmir,1,Jammu,5,Crime Srinagar,0,0,0,0,0,0.0,0,0,0,0,0,0,0.0,0,0,0,0,0
2843,2020,Jammu And Kashmir,1,Doda,4,Doda,0,0,2,10,9,4.0,0,0,0,0,38,20,10.0,0,2,23,0,68
2844,2020,Jammu And Kashmir,1,Ganderbal,626,Ganderbal,1,0,1,15,5,3.0,0,0,0,0,24,13,2.0,0,2,23,0,39
2845,2020,Jammu And Kashmir,1,Kupwara,8,Handwara,0,1,0,7,0,0.0,0,0,1,4,8,2,0.0,0,1,7,5,10
2846,2020,Jammu And Kashmir,1,Jammu,5,Jammu,0,0,0,65,32,36.0,3,0,0,0,202,33,22.0,0,0,136,0,257
2847,2020,Jammu And Kashmir,1,Kathua,7,Kathua,1,4,1,14,16,5.0,0,3,5,19,89,44,2.0,0,6,35,27,135
2848,2020,Jammu And Kashmir,1,Kishtwar,620,Kishtwar,0,0,0,2,1,1.0,0,0,0,0,29,3,1.0,1,0,4,0,34
2849,2020,Jammu And Kashmir,1,Kulgam,622,Kulgam,0,0,1,31,1,2.0,0,0,0,4,12,2,0.0,0,1,34,4,14
2850,2020,Jammu And Kashmir,1,Kupwara,8,Kupwara,0,1,1,9,5,2.0,1,0,0,5,33,10,3.0,1,2,17,5,47
2851,2020,Jammu And Kashmir,1,Poonch,10,Poonch,1,0,2,7,4,0.0,0,1,3,12,50,11,0.0,0,3,11,16,61
2852,2020,Jammu And Kashmir,1,Pulwama,11,Pulwama,0,0,0,14,2,2.0,0,0,0,0,6,2,2.0,0,0,18,0,10
2853,2020,Jammu And Kashmir,1,Jammu,5,Railways Jammu,0,0,0,0,1,0.0,0,0,0,0,0,0,0.0,0,0,1,0,0
2854,2020,Jammu And Kashmir,1,Jammu,5,Railways Kashmir,0,0,0,0,0,0.0,0,0,0,0,0,0,0.0,0,0,0,0,0
2855,2020,Jammu And Kashmir,1,Reasi,627,Railways Katra,0,0,0,0,0,0.0,0,0,0,0,0,0,0.0,0,0,0,0,0
2856,2020,Jammu And Kashmir,1,Rajouri,12,Rajouri,0,1,4,7,3,0.0,0,0,1,5,61,11,2.0,0,5,10,6,74
2857,2020,Jammu And Kashmir,1,Ramban,621,Ramban,0,0,0,3,2,1.0,2,0,0,1,28,11,0.0,0,0,8,1,39
2858,2020,Jammu And Kashmir,1,Reasi,627,Reasi,0,0,0,7,3,1.0,0,0,0,0,44,15,1.0,0,0,11,0,60
2859,2020,Jammu And Kashmir,1,Samba,624,Samba,0,2,0,20,5,5.0,3,1,0,4,24,10,3.0,1,2,33,5,38
2860,2020,Jammu And Kashmir,1,Shopian,625,Shopian,0,0,10,28,5,0.0,0,0,0,8,20,5,0.0,0,10,33,8,25
2861,2020,Jammu And Kashmir,1,Baramulla,3,Sopore,0,0,6,12,3,0.0,0,0,0,22,35,10,0.0,0,6,15,22,45
2862,2020,Jammu And Kashmir,1,Srinagar,13,Srinagar,0,4,0,49,29,13.0,10,0,5,0,54,29,11.0,3,4,101,5,97
2863,2020,Jammu And Kashmir,1,Udhampur,14,Udhampur,5,2,6,11,6,4.0,2,2,3,10,45,9,4.0,0,13,23,15,58
2864,2020,Jharkhand,20,Bokaro,322,Bokaro,0,0,11,0,0,0.0,0,0,0,14,0,0,0.0,0,11,0,14,0
2865,2020,Jharkhand,20,West Singhbhum,343,Chaibasa,0,0,0,0,0,0.0,0,0,0,2,0,0,0.0,0,0,0,2,0
2866,2020,Jharkhand,20,Chatra,323,Chatra,0,7,2,2,3,1.0,2,0,0,6,10,3,0.0,1,9,8,6,14
2867,2020,Jharkhand,20,Deoghar,324,Deoghar,0,3,3,4,0,0.0,1,0,0,1,2,2,0.0,0,6,5,1,4
2868,2020,Jharkhand,20,Dhanbad,325,Dhanbad,0,0,1,1,1,0.0,0,0,0,1,1,0,0.0,0,1,2,1,1
2869,2020,Jharkhand,20,Dhanbad,325,Dhanbad Railway,1,0,1,1,2,0.0,0,0,0,0,1,0,0.0,0,2,3,0,1
2870,2020,Jharkhand,20,Dumka,326,Dumka,0,5,6,2,1,1.0,0,0,2,7,5,2,0.0,0,11,4,9,7
2871,2020,Jharkhand,20,Garhwa,328,Garhwa,0,1,4,0,0,0.0,0,0,0,19,0,0,0.0,0,5,0,19,0
2872,2020,Jharkhand,20,Giridih,329,Giridih,0,0,0,0,0,0.0,0,0,0,0,0,0,0.0,0,0,0,0,0
2873,2020,Jharkhand,20,Godda,330,Godda,0,0,1,0,0,0.0,0,0,0,2,0,0,0.0,0,1,0,2,0
2874,2020,Jharkhand,20,Gumla,331,Gumla,0,0,4,0,0,0.0,0,0,0,2,2,0,0.0,0,4,0,2,2
2875,2020,Jharkhand,20,Hazaribagh,332,Hazaribagh,0,2,8,7,7,1.0,1,0,0,15,28,4,2.0,0,10,16,15,34
2876,2020,Jharkhand,20,East Singhbum,327,Jamshedpur,0,3,2,14,14,4.0,0,0,2,4,19,11,1.0,2,5,32,6,33
2877,2020,Jharkhand,20,East Singhbum,327,Jamshedpur Railway,0,0,0,1,3,1.0,0,0,0,0,1,1,0.0,0,0,5,0,2
2878,2020,Jharkhand,20,Jamtara,333,Jamtara,0,3,11,0,0,0.0,0,0,5,16,0,0,0.0,0,14,0,21,0
2879,2020,Jharkhand,20,Khunti,606,Khunti,0,3,2,2,0,0.0,0,0,3,7,3,0,0.0,0,5,2,10,3
2880,2020,Jharkhand,20,Koderma,334,Koderma,0,0,0,0,0,0.0,0,0,0,0,0,0,0.0,0,0,0,0,0
2881,2020,Jharkhand,20,Latehar,335,Latehar,0,1,2,2,2,1.0,0,1,0,5,0,1,1.0,1,3,5,6,3
2882,2020,Jharkhand,20,Lohardaga,336,Lohardagga,0,4,3,0,0,0.0,0,0,11,14,0,0,0.0,0,7,0,25,0
2883,2020,Jharkhand,20,Pakur,337,Pakur,0,0,0,0,0,0.0,0,0,0,1,0,0,0.0,0,0,0,1,0
2884,2020,Jharkhand,20,Palamu,338,Palamu,0,5,5,11,1,0.0,3,0,5,7,24,4,1.0,0,10,15,12,29
2885,2020,Jharkhand,20,Ramgarh,607,Ramgarh,0,1,1,2,3,0.0,1,0,4,1,6,1,0.0,0,2,6,5,7
2886,2020,Jharkhand,20,Ranchi,339,Ranchi,0,5,6,23,14,9.0,4,0,1,10,47,13,2.0,2,11,50,11,64
2887,2020,Jharkhand,20,Sahebganj,340,Sahebganj,0,0,1,0,0,0.0,0,0,0,2,2,0,0.0,0,1,0,2,2
2888,2020,Jharkhand,20,Saraikela Kharsawan,341,Saraikela,0,13,2,0,0,0.0,0,0,0,0,0,0,0.0,0,15,0,0,0
2889,2020,Jharkhand,20,Simdega,342,Simdega,0,5,0,0,0,0.0,0,0,32,0,0,0,0.0,0,5,0,32,0
2890,2020,Karnataka,29,Bagalkote,524,Bagalkot,0,0,1,2,18,19.0,6,2,0,0,63,24,15.0,2,1,45,2,104
2891,2020,Karnataka,29,Bengaluru Urban,525,Bengaluru City,68,53,3,297,577,326.0,182,67,83,5,1580,560,111.0,72,124,1382,155,2323
2892,2020,Karnataka,29,Bengaluru Urban,525,Bengaluru District,12,15,0,51,76,61.0,27,14,21,1,411,144,24.0,14,27,215,36,593
2893,2020,Karnataka,29,Belagavi,527,Belagavi District,8,8,0,26,41,21.0,13,11,8,0,148,67,6.0,5,16,101,19,226
2894,2020,Karnataka,29,Ballari,528,Ballari,9,5,1,46,30,19.0,12,3,5,12,140,21,3.0,6,15,107,20,170
2895,2020,Karnataka,29,Bidar,529,Bidar,2,3,7,12,15,4.0,0,0,6,5,35,25,19.0,6,12,31,11,85
2896,2020,Karnataka,29,Vijayapura,530,Vijayapura,1,8,16,35,25,7.0,0,0,11,14,140,30,1.0,0,25,67,25,171
2897,2020,Karnataka,29,Chikkaballapura,630,Chikkaballapura,0,0,0,18,32,11.0,0,0,4,0,217,90,6.0,4,0,61,4,317
2898,2020,Karnataka,29,Chamarajanagara,531,Chamarajnagar,3,4,0,17,21,14.0,10,4,4,0,95,19,5.0,3,7,62,8,122
2899,2020,Karnataka,29,Chikkamagaluru,532,Chikkamagaluru,2,8,0,5,39,36.0,15,8,1,0,1,80,75.0,19,10,95,9,175
2900,2020,Karnataka,29,Chitradurga,533,Chitradurga,3,4,0,20,44,21.0,16,4,9,0,265,76,8.0,5,7,101,13,354
2901,2020,Karnataka,29,Dakshina Kannada,534,Dakshina Kannada,1,0,0,13,18,22.0,11,2,2,1,31,19,3.0,2,1,64,5,55
2902,2020,Karnataka,29,Davangere,535,Davanagere,7,11,2,37,39,15.0,13,8,4,13,221,28,9.0,7,20,104,25,265
2903,2020,Karnataka,29,Dharwad,536,Dharwad,0,0,0,4,12,10.0,6,0,0,0,45,6,1.0,0,0,32,0,52
2904,2020,Karnataka,29,Gadag,537,Gadag,3,1,0,5,2,3.0,1,5,2,0,50,16,3.0,1,4,11,7,70
2905,2020,Karnataka,29,Kalaburagi,538,Kalaburgi,0,0,0,15,13,4.0,1,0,1,0,65,7,0.0,1,0,33,1,73
2906,2020,Karnataka,29,Hassan,539,Hassan,6,5,2,22,44,36.0,19,2,3,0,228,66,16.0,3,13,121,5,313
2907,2020,Karnataka,29,Haveri,540,Haveri,0,0,4,12,24,31.0,4,0,0,9,116,58,14.0,8,4,71,9,196
2908,2020,Karnataka,29,Dharwad,536,Hubballi Dharwad City,1,1,0,9,17,30.0,5,2,6,3,52,5,3.0,1,2,61,11,61
2909,2020,Karnataka,29,Belagavi,527,K.G.F.,2,0,0,5,5,12.0,2,2,2,6,57,5,0.0,1,2,24,10,63
2910,2020,Karnataka,29,Kodagu,541,Kodagu,0,0,11,20,30,4.0,5,0,0,11,45,59,7.0,2,11,59,11,113
2911,2020,Karnataka,29,Kolar,542,Kolar,3,5,1,30,24,11.0,9,6,9,3,175,25,2.0,4,9,74,18,206
2912,2020,Karnataka,29,Koppal,543,Koppal,0,0,0,9,20,13.0,4,0,0,15,76,23,4.0,3,0,46,15,106
2913,2020,Karnataka,29,Mandya,544,Mandya,18,10,0,28,72,48.0,36,17,17,2,322,87,26.0,10,28,184,36,445
2914,2020,Karnataka,29,Dakshina Kannada,534,Mangaluru City,0,1,0,24,36,22.0,7,0,0,0,58,10,3.0,2,1,89,0,73
2915,2020,Karnataka,29,Mysuru,545,Mysuru City,7,5,0,45,39,36.0,23,10,3,1,141,24,12.0,10,12,143,14,187
2916,2020,Karnataka,29,Mysuru,545,Mysuru District,11,2,1,54,44,32.0,25,9,8,1,286,30,3.0,7,14,155,18,326
2917,2020,Karnataka,29,Raichur,546,Raichur,6,4,1,24,16,4.0,4,2,7,4,116,5,3.0,0,11,48,13,124
2918,2020,Karnataka,29,Bengaluru Urban,525,K.Railways,0,0,0,5,4,4.0,1,0,0,0,5,1,1.0,1,0,14,0,8
2919,2020,Karnataka,29,Ramanagara,631,Ramanagara,14,7,0,23,41,34.0,28,11,15,2,196,70,16.0,11,21,126,28,293
2920,2020,Karnataka,29,Shivamogga,547,Shimoga,13,9,0,75,80,35.0,23,23,12,1,400,47,12.0,4,22,213,36,463
2921,2020,Karnataka,29,Tumakuru,548,Tumakuru,10,10,2,52,48,24.0,26,11,4,4,358,42,3.0,12,22,150,19,415
2922,2020,Karnataka,29,Udupi,549,Udupi,0,0,1,12,23,28.0,9,2,6,3,42,25,4.0,0,1,72,11,71
2923,2020,Karnataka,29,Uttara Kannada,550,Uttara Kannada,4,2,2,24,29,12.0,7,3,3,0,117,11,7.0,3,8,72,6,138
2924,2020,Karnataka,29,Yadgir,635,Yadgiri,0,0,5,5,9,4.0,3,0,0,4,33,2,2.0,0,5,21,4,37
2925,2020,Karnataka,29,Belagavi,527,Belagavi City,0,6,3,12,18,18.0,8,0,3,3,55,10,5.0,1,9,56,6,71
2926,2020,Karnataka,29,Kalaburagi,538,Kalaburgi City,4,2,1,5,9,2.0,1,2,2,0,60,4,0.0,0,7,17,4,64
2927,2020,Kerala,32,Alappuzha,554,Alapuzha,5,9,15,36,34,31.0,28,3,11,21,402,66,11.0,7,29,129,35,486
2928,2020,Kerala,32,Ernakulam,555,Ernakulam Commr.,1,4,13,30,30,30.0,20,0,2,11,111,28,8.0,3,18,110,13,150
2929,2020,Kerala,32,Ernakulam,555,Ernakulam Rural,5,7,21,50,49,31.0,24,3,14,17,225,69,13.0,8,33,154,34,315
2930,2020,Kerala,32,Idukki,556,Idukki,4,12,17,45,21,13.0,10,3,2,19,171,48,9.0,4,33,89,24,232
2931,2020,Kerala,32,Kannur,557,Kannur,7,11,7,9,21,29.0,10,5,10,15,121,46,5.0,3,25,69,30,175
2932,2020,Kerala,32,Kasaragod,558,Kasargod,6,8,6,18,18,13.0,9,7,10,6,92,16,1.0,1,20,58,23,110
2933,2020,Kerala,32,Kollam,559,Kollam Commr.,8,12,25,36,27,31.0,22,12,12,39,397,59,17.0,6,45,116,63,479
2934,2020,Kerala,32,Kollam,559,Kollam Rural,7,18,12,23,40,50.0,40,8,8,16,360,90,15.0,9,37,153,32,474
2935,2020,Kerala,32,Kottayam,560,Kottayam,3,4,9,41,27,32.0,13,4,8,28,197,44,11.0,3,16,113,40,255
2936,2020,Kerala,32,Kozhikode,561,Kozhikode Commr.,7,5,20,24,22,16.0,11,0,4,24,113,33,4.0,1,32,73,28,151
2937,2020,Kerala,32,Kozhikode,561,Kozhikode Rural,10,14,12,18,37,38.0,11,3,14,13,215,59,16.0,5,36,104,30,295
2938,2020,Kerala,32,Malappuram,562,Malappuram,10,21,42,51,25,30.0,25,7,13,16,261,46,6.0,6,73,131,36,319
2939,2020,Kerala,32,Palakkad,563,Palakkad,12,11,15,38,40,34.0,24,7,9,40,265,79,23.0,9,38,136,56,376
2940,2020,Kerala,32,Pathanamthitta,564,Pathanamthitta,5,7,6,23,28,23.0,18,4,4,17,21,39,5.0,5,18,92,25,70
2941,2020,Kerala,32,Thiruvananthapuram,565,Railways,0,0,1,5,6,1.0,2,0,0,0,0,0,0.0,0,1,14,0,0
2942,2020,Kerala,32,Thrissur,566,Thrissur Commr.,4,15,12,27,45,29.0,19,13,14,27,186,50,7.0,15,31,120,54,258
2943,2020,Kerala,32,Thrissur,566,Thrissur Rural,3,8,6,46,29,34.0,19,241,2,8,19,287,164.0,36,17,128,251,506
2944,2020,Kerala,32,Thiruvananthapuram,565,Trivandrum Commr.,0,3,14,39,43,31.0,18,3,7,19,277,86,5.0,8,17,131,29,376
2945,2020,Kerala,32,Thiruvananthapuram,565,Trivandrum Rural,9,13,57,75,44,38.0,28,8,18,32,279,61,18.0,11,79,185,58,369
2946,2020,Kerala,32,Wayanad,567,Wayanadu,8,4,6,8,19,17.0,9,9,6,8,89,19,4.0,2,18,53,23,114
2947,2020,Kerala,32,Thiruvananthapuram,565,Crime Branch,0,0,0,0,0,0.0,0,1,0,0,0,0,0.0,0,0,0,1,0
2948,2020,Madhya Pradesh,23,Agar Malwa,667,Agar,0,0,5,25,16,12.0,3,0,4,28,110,19,2.0,0,5,56,32,131
2949,2020,Madhya Pradesh,23,Alirajpur,639,Alirajpur,0,0,4,16,22,11.0,0,1,13,77,232,44,8.0,0,4,49,91,284
2950,2020,Madhya Pradesh,23,Anuppur,390,Anuppur,1,2,7,42,29,22.0,1,0,10,83,152,41,8.0,4,10,94,93,205
2951,2020,Madhya Pradesh,23,Ashoknagar,391,Ashok Nagar,1,4,13,51,33,8.0,8,1,9,97,158,37,2.0,2,18,100,107,199
2952,2020,Madhya Pradesh,23,Balaghat,392,Balaghat,0,3,14,108,60,49.0,20,0,7,150,452,90,28.0,9,17,237,157,579
2953,2020,Madhya Pradesh,23,Barwani,393,Barwani,1,4,5,25,41,15.0,7,2,10,106,260,47,8.0,1,10,88,118,316
2954,2020,Madhya Pradesh,23,Betul,394,Betul,2,15,19,93,71,34.0,14,5,16,149,568,80,11.0,12,36,212,170,671
2955,2020,Madhya Pradesh,23,Bhind,395,Bhind,1,14,23,47,22,13.0,0,1,20,58,107,26,3.0,0,38,82,79,136
2956,2020,Madhya Pradesh,23,Bhopal,396,Bhopal,0,53,49,5,0,0.0,0,2,116,159,2,0,0.0,0,102,5,277,2
2957,2020,Madhya Pradesh,23,Bhopal,396,Bhopal Railway,0,2,5,7,3,6.0,1,0,0,5,13,1,1.0,2,7,17,5,17
2958,2020,Madhya Pradesh,23,Burhanpur,397,Burhanpur,0,3,2,34,26,13.0,6,1,13,37,116,24,5.0,2,5,79,51,147
2959,2020,Madhya Pradesh,23,Chhatarpur,398,Chhatarpur,0,9,25,77,30,10.0,0,0,51,102,204,99,7.0,0,34,117,153,310
2960,2020,Madhya Pradesh,23,Chhindwara,399,Chhindwara,0,11,4,140,87,51.0,30,2,10,112,700,91,15.0,13,15,308,124,819
2961,2020,Madhya Pradesh,23,Damoh,400,Damoh,0,5,16,104,58,19.0,7,3,17,125,254,74,14.0,7,21,188,145,349
2962,2020,Madhya Pradesh,23,Datia,401,Datia,0,4,10,42,30,13.0,8,0,1,43,107,24,4.0,0,14,93,44,135
2963,2020,Madhya Pradesh,23,Dewas,402,Dewas,1,3,12,89,70,19.0,5,1,21,166,388,186,37.0,8,16,183,188,619
2964,2020,Madhya Pradesh,23,Dhar,403,Dhar,2,16,16,129,70,26.0,1,1,27,306,765,136,19.0,3,34,226,334,923
2965,2020,Madhya Pradesh,23,Dindori,404,Dindori,0,5,10,19,11,7.0,0,0,7,77,111,45,29.0,1,15,37,84,186
2966,2020,Madhya Pradesh,23,Guna,406,Guna,0,5,15,73,50,16.0,10,0,12,149,279,34,8.0,5,20,149,161,326
2967,2020,Madhya Pradesh,23,Gwalior,407,Gwalior,2,31,63,211,157,62.0,38,0,33,172,547,153,28.0,18,96,468,205,746
2968,2020,Madhya Pradesh,23,Harda,408,Harda,1,5,5,52,23,11.0,2,0,3,67,235,21,2.0,2,11,88,70,260
2969,2020,Madhya Pradesh,23,Narmadapuram,409,Hoshangabad,2,8,9,149,81,24.0,15,2,12,112,445,83,11.0,5,19,269,126,544
2970,2020,Madhya Pradesh,23,Indore,410,Indore,5,69,74,577,330,100.0,72,2,104,405,1361,310,52.0,28,148,1079,511,1751
2971,2020,Madhya Pradesh,23,Indore,410,Indore Railway,0,0,0,0,0,0.0,2,1,0,0,3,1,0.0,0,0,2,1,4
2972,2020,Madhya Pradesh,23,Jabalpur,411,Jabalpur,2,13,67,328,187,94.0,61,2,21,310,810,226,35.0,23,82,670,333,1094
2973,2020,Madhya Pradesh,23,Jabalpur,411,Jabalpur Railway,0,0,0,2,3,2.0,0,1,0,0,5,4,0.0,0,0,7,1,9
2974,2020,Madhya Pradesh,23,Jhabua,412,Jhabua,0,0,0,31,16,5.0,0,0,4,66,231,30,3.0,0,0,52,70,264
2975,2020,Madhya Pradesh,23,Katni,413,Katni,0,10,16,85,49,31.0,13,0,19,110,329,63,8.0,10,26,178,129,410
2976,2020,Madhya Pradesh,23,Indore,410,Khandwa,0,12,48,138,99,73.0,24,1,88,122,492,361,161.0,14,60,334,211,1028
2977,2020,Madhya Pradesh,23,Khargone,414,Khargone,8,16,9,85,52,18.0,12,11,43,230,465,96,15.0,3,33,167,284,579
2978,2020,Madhya Pradesh,23,Mandla,415,Mandla,0,5,14,55,32,23.0,4,0,7,108,228,44,4.0,4,19,114,115,280
2979,2020,Madhya Pradesh,23,Mandsaur,416,Mandsaur,1,10,11,109,44,16.0,2,3,18,64,367,81,15.0,0,22,171,85,463
2980,2020,Madhya Pradesh,23,Morena,417,Morena,0,12,32,80,42,14.0,10,1,9,74,199,68,8.0,4,44,146,84,279
2981,2020,Madhya Pradesh,23,Narsinghpur,418,Narsinghpur,0,7,7,101,60,23.0,12,0,4,107,323,61,11.0,6,14,196,111,401
2982,2020,Madhya Pradesh,23,Neemuch,419,Neemuch,0,1,4,59,24,13.0,7,0,6,50,251,56,3.0,0,5,103,56,310
2983,2020,Madhya Pradesh,23,Panna,420,Panna,0,2,10,40,29,17.0,6,0,11,116,188,39,11.0,6,12,92,127,244
2984,2020,Madhya Pradesh,23,Raisen,421,Raisen,2,5,16,53,71,35.0,0,0,14,170,334,190,36.0,0,23,159,184,560
2985,2020,Madhya Pradesh,23,Rajgarh,422,Rajgarh,0,3,7,30,48,26.0,4,0,8,98,235,98,17.0,2,10,108,106,352
2986,2020,Madhya Pradesh,23,Ratlam,423,Ratlam,0,4,13,124,59,26.0,5,1,77,137,538,94,22.0,7,17,214,215,661
2987,2020,Madhya Pradesh,23,Rewa,424,Rewa,1,12,37,29,2,0.0,0,2,13,101,106,5,0.0,0,50,31,116,111
2988,2020,Madhya Pradesh,23,Sagar,425,Sagar,2,22,52,242,116,40.0,20,4,20,280,668,116,21.0,15,76,418,304,820
2989,2020,Madhya Pradesh,23,Satna,426,Satna,0,31,51,125,109,41.0,35,0,91,106,431,180,27.0,11,82,310,197,649
2990,2020,Madhya Pradesh,23,Seoni,428,Seoni,6,5,11,110,60,35.0,12,1,10,124,406,56,12.0,5,22,217,135,479
2991,2020,Madhya Pradesh,23,Shahdol,429,Shahdol,0,11,19,145,66,25.0,22,0,17,113,597,150,19.0,6,30,258,130,772
2992,2020,Madhya Pradesh,23,Shajapur,430,Shajapur,0,3,6,28,21,10.0,5,0,3,80,163,41,2.0,1,9,64,83,207
2993,2020,Madhya Pradesh,23,Sheopur,431,Sheopur,0,0,3,16,13,8.0,3,0,0,23,84,11,6.0,1,3,40,23,102
2994,2020,Madhya Pradesh,23,Shivpuri,432,Shivpuri,0,10,15,76,32,12.0,4,0,30,105,305,50,7.0,4,25,124,135,366
2995,2020,Madhya Pradesh,23,Sidhi,433,Sidhi,0,11,20,38,27,15.0,7,0,13,103,199,57,5.0,3,31,87,116,264
2996,2020,Madhya Pradesh,23,Sehore,427,Sehore,5,10,10,69,72,28.0,11,1,3,74,268,115,16.0,5,25,180,78,404
2997,2020,Madhya Pradesh,23,Singrauli,638,Singrauli,0,14,17,55,27,11.0,4,0,6,83,148,34,6.0,4,31,97,89,192
2998,2020,Madhya Pradesh,23,Tikamgarh,434,Tikamgarh,0,0,4,29,20,14.0,3,0,0,16,141,30,1.0,2,4,66,16,174
2999,2020,Madhya Pradesh,23,Ujjain,435,Ujjain,0,9,16,121,80,46.0,16,1,33,122,494,115,12.0,3,25,263,156,624
3000,2020,Madhya Pradesh,23,Umaria,436,Umaria,0,1,7,37,11,8.0,5,1,0,45,126,25,5.0,0,8,61,46,156
3001,2020,Madhya Pradesh,23,Vidisha,437,Vidisha,0,14,17,40,61,59.0,21,1,72,83,149,138,49.0,37,31,181,156,373
3002,2020,Madhya Pradesh,23,Cyber Crime Cell,9999,Cyber Crime Cell,0,0,0,0,0,0.0,0,0,0,0,0,0,0.0,0,0,0,0,0
3003,2020,Madhya Pradesh,23,Niwari,722,Niwari,0,0,7,19,13,7.0,1,0,2,11,57,10,4.0,1,7,40,13,72
3004,2020,Maharashtra,27,Ahmednagar,466,Ahmednagar,26,25,11,336,205,74.0,79,22,23,69,915,191,25.0,26,62,694,114,1157
3005,2020,Maharashtra,27,Akola,467,Akola,9,2,1,94,62,30.0,26,11,13,0,344,47,12.0,6,12,212,24,409
3006,2020,Maharashtra,27,Amravati,468,Amravati Commr.,0,0,0,50,94,60.0,35,0,0,0,198,88,22.0,15,0,239,0,323
3007,2020,Maharashtra,27,Amravati,468,Amravati Rural,3,3,2,77,71,58.0,30,0,3,106,388,72,30.0,9,8,236,109,499
3008,2020,Maharashtra,27,Aurangabad,469,Aurangabad Commr.,12,15,30,161,170,60.0,20,9,11,11,341,131,36.0,13,57,411,31,521
3009,2020,Maharashtra,27,Aurangabad,469,Aurangabad Rural,2,3,2,104,53,25.0,10,3,3,22,232,51,19.0,8,7,192,28,310
3010,2020,Maharashtra,27,Beed,470,Beed,10,8,1,63,89,49.0,16,8,10,0,199,129,20.0,7,19,217,18,355
3011,2020,Maharashtra,27,Bhandara,471,Bhandara,0,2,8,61,57,42.0,16,0,4,56,388,62,17.0,11,10,176,60,478
3012,2020,Maharashtra,27,Buldhana,472,Buldhana,21,25,2,108,77,21.0,18,20,22,6,323,85,8.0,12,48,224,48,428
3013,2020,Maharashtra,27,Chandrapur,473,Chandrapur,0,0,0,289,52,15.0,10,0,0,0,565,117,25.0,12,0,366,0,719
3014,2020,Maharashtra,27,Dhule,474,Dhule,0,18,9,62,89,50.0,0,0,0,91,149,119,0.0,0,27,201,91,268
3015,2020,Maharashtra,27,Gadchiroli,475,Gadchiroli,1,0,0,36,40,25.0,0,3,4,15,148,30,11.0,0,1,101,22,189
3016,2020,Maharashtra,27,Gondia,476,Gondia,0,0,0,25,60,11.0,3,0,0,0,131,77,52.0,16,0,99,0,276
3017,2020,Maharashtra,27,Hingoli,477,Hingoli,0,1,3,43,30,9.0,9,0,0,12,82,24,2.0,2,4,91,12,110
3018,2020,Maharashtra,27,Jalgaon,478,Jalgaon,32,18,7,135,213,136.0,20,20,13,7,638,249,51.0,8,57,504,40,946
3019,2020,Maharashtra,27,Jalna,479,Jalna,0,0,0,6,11,0.0,0,0,0,24,18,10,0.0,0,0,17,24,28
3020,2020,Maharashtra,27,Kolhapur,480,Kolhapur,23,17,0,166,134,44.0,40,19,16,0,883,136,31.0,19,40,384,35,1069
3021,2020,Maharashtra,27,Latur,481,Latur,0,0,0,49,85,39.0,7,0,0,0,121,118,52.0,13,0,180,0,304
3022,2020,Maharashtra,27,Mumbai,482,Mumbai Commr.,14,113,207,702,1074,684.0,346,16,113,662,1857,1159,333.0,160,334,2806,791,3509
3023,2020,Maharashtra,27,Mumbai,482,Mumbai Railway,3,2,0,19,8,6.0,11,3,1,0,19,1,1.0,0,5,44,4,21
3024,2020,Maharashtra,27,Nagpur,484,Nagpur Commr.,5,0,18,360,376,202.0,122,1,19,39,823,421,122.0,52,23,1060,59,1418
3025,2020,Maharashtra,27,Nagpur,484,Nagpur Railway,1,0,1,1,3,1.0,0,0,0,0,2,3,0.0,0,2,5,0,5
3026,2020,Maharashtra,27,Nagpur,484,Nagpur Rural,0,0,0,87,156,70.0,15,0,0,0,482,175,48.0,15,0,328,0,720
3027,2020,Maharashtra,27,Nanded,485,Nanded,9,9,5,142,67,35.0,15,7,13,14,316,61,7.0,13,23,259,34,397
3028,2020,Maharashtra,27,Nandurbar,486,Nandurbar,0,1,0,50,36,8.0,6,0,1,0,192,33,11.0,1,1,100,1,237
3029,2020,Maharashtra,27,Nashik,487,Nasik Commr.,15,19,0,217,182,95.0,47,15,6,3,596,142,36.0,27,34,541,24,801
3030,2020,Maharashtra,27,Nashik,487,Nasik Rural,0,0,0,188,232,135.0,40,0,0,0,859,280,158.0,14,0,595,0,1311
3031,2020,Maharashtra,27,Mumbai Suburban,483,Navi Mumbai,22,12,4,239,162,76.0,49,19,8,10,481,166,37.0,25,38,526,37,709
3032,2020,Maharashtra,27,Osmanabad,488,Osmanabad,9,4,0,46,43,18.0,13,9,6,1,208,48,11.0,2,13,120,16,269
3033,2020,Maharashtra,27,Palghar,665,Palghar,8,10,1,57,42,28.0,14,5,11,1,185,33,5.0,7,19,141,17,230
3034,2020,Maharashtra,27,Parbhani,489,Parbhani,0,0,0,83,39,16.0,5,0,0,0,154,43,19.0,13,0,143,0,229
3035,2020,Maharashtra,27,Pune,490,Pune Commr.,22,16,7,487,364,112.0,115,11,16,34,1124,282,58.0,44,45,1078,61,1508
3036,2020,Maharashtra,27,Pune,490,Pune Railway,0,0,0,1,2,4.0,1,0,0,0,2,1,1.0,0,0,8,0,4
3037,2020,Maharashtra,27,Pune,490,Pune Rural,41,25,9,316,226,83.0,55,21,26,59,1043,181,42.0,31,75,680,106,1297
3038,2020,Maharashtra,27,Raigad,491,Raigad,7,8,0,71,62,27.0,20,7,12,2,247,49,7.0,7,15,180,21,310
3039,2020,Maharashtra,27,Ratnagiri,492,Ratnagiri,3,5,3,67,58,28.0,21,4,4,4,161,32,7.0,6,11,174,12,206
3040,2020,Maharashtra,27,Sangli,493,Sangli,5,8,3,187,143,56.0,28,11,8,5,635,203,41.0,29,16,414,24,908
3041,2020,Maharashtra,27,Satara,494,Satara,31,1,6,164,129,54.0,44,17,15,41,787,112,26.0,16,38,391,73,941
3042,2020,Maharashtra,27,Sindhudurg,495,Sindhudurg,4,2,0,25,21,21.0,13,3,4,0,54,26,7.0,10,6,80,7,97
3043,2020,Maharashtra,27,Solapur,496,Solapur Commr.,10,13,2,36,104,63.0,40,3,12,1,178,111,24.0,20,25,243,16,333
3044,2020,Maharashtra,27,Solapur,496,Solapur Rural,0,0,0,113,131,73.0,29,0,0,0,397,179,29.0,16,0,346,0,621
3045,2020,Maharashtra,27,Thane,497,Thane Commr.,0,15,19,642,532,238.0,0,0,12,76,1334,403,105.0,0,34,1412,88,1842
3046,2020,Maharashtra,27,Thane,497,Thane Rural,0,2,0,79,64,27.0,15,1,2,24,270,56,6.0,4,2,185,27,336
3047,2020,Maharashtra,27,Wardha,498,Wardha,0,0,0,142,122,58.0,31,0,0,0,452,79,13.0,13,0,353,0,557
3048,2020,Maharashtra,27,Washim,499,Washim,0,0,2,54,46,27.0,7,0,0,18,127,50,7.0,5,2,134,18,189
3049,2020,Maharashtra,27,Yavatmal,500,Yavatmal,1,3,0,201,107,46.0,21,2,1,7,506,149,18.0,4,4,375,10,677
3050,2020,Maharashtra,27,Pune,490,Pimpri Chinchwad City,0,3,1,279,304,135.0,74,0,1,2,702,354,70.0,30,4,792,3,1156
3051,2020,Maharashtra,27,Aurangabad,469,Aurangabad Railway,0,0,0,7,6,4.0,0,0,0,0,8,0,0.0,0,0,17,0,8
3052,2020,Maharashtra,27,Thane,497,Mira Bhayandar Vasai Virar Commr.,20,16,5,256,188,75.0,49,31,28,30,396,266,158.0,34,41,568,89,854
3053,2020,Manipur,14,Bishnupur,252,Bishnupur,1,0,4,3,5,3.0,1,1,2,2,9,5,2.0,0,5,12,5,16
3054,2020,Manipur,14,Chandel,253,Chandel,0,0,0,0,0,0.0,0,0,0,1,2,0,0.0,0,0,0,1,2
3055,2020,Manipur,14,Churachandpur,254,Churachandpur,0,0,0,0,0,0.0,0,0,0,0,0,0,0.0,0,0,0,0,0
3056,2020,Manipur,14,Imphal West,256,Cid,0,0,0,0,0,0.0,0,0,0,0,0,0,0.0,0,0,0,0,0
3057,2020,Manipur,14,Imphal East,255,Imphal East,0,2,3,6,9,3.0,0,0,4,2,8,20,1.0,0,5,18,6,29
3058,2020,Manipur,14,Imphal West,256,Imphal West,0,1,2,3,3,0.0,0,0,3,4,8,10,1.0,0,3,6,7,19
3059,2020,Manipur,14,Senapati,257,Senapati,0,0,0,0,0,0.0,0,0,0,0,0,0,0.0,0,0,0,0,0
3060,2020,Manipur,14,Tamenglong,258,Tamenglong,0,0,0,0,0,0.0,0,0,0,0,0,0,0.0,0,0,0,0,0
3061,2020,Manipur,14,Thoubal,259,Thoubal,0,0,3,6,0,4.0,0,0,3,5,5,2,1.0,1,3,10,8,9
3062,2020,Manipur,14,Ukhrul,260,Ukhrul,0,0,0,0,0,0.0,0,0,0,0,0,0,0.0,0,0,0,0,0
3063,2020,Manipur,14,Kakching,711,Kakching,0,0,2,2,4,1.0,1,0,2,1,12,3,0.0,0,2,8,3,15
3064,2020,Manipur,14,Kamjong,717,Kamjong,0,0,0,0,0,0.0,0,0,0,0,0,0,0.0,0,0,0,0,0
3065,2020,Manipur,14,Kangpokpi,712,Kangpokpi,0,0,0,0,0,0.0,0,0,0,0,0,0,0.0,0,0,0,0,0
3066,2020,Manipur,14,Jiribam,713,Jiribam,0,0,0,1,3,0.0,0,0,1,2,2,0,0.0,0,0,4,3,2
3067,2020,Manipur,14,Noney,714,Noney,0,0,0,0,0,0.0,0,0,0,0,0,0,0.0,0,0,0,0,0
3068,2020,Manipur,14,Pherzawl,715,Pherzawl,0,0,0,0,0,0.0,0,0,0,0,0,0,0.0,0,0,0,0,0
3069,2020,Manipur,14,Tengnoupal,716,Tengnoupal,0,0,0,0,0,0.0,0,0,0,0,0,0,0.0,0,0,0,0,0
3070,2020,Manipur,14,Imphal West,256,Narcotic,0,0,0,0,0,0.0,0,0,0,0,0,0,0.0,0,0,0,0,0
3071,2020,Meghalaya,17,East Garo Hills,273,Garo Hills East,0,0,0,0,0,0.0,0,0,0,1,0,0,0.0,0,0,0,1,0
3072,2020,Meghalaya,17,North Garo Hills,656,Garo Hills North,0,0,0,0,2,0.0,0,0,0,0,3,1,0.0,0,0,2,0,4
3073,2020,Meghalaya,17,South Garo Hills,277,Garo Hills South,0,0,0,0,0,0.0,0,0,0,0,0,0,0.0,0,0,0,0,0
3074,2020,Meghalaya,17,South West Garo Hills,663,Garo Hills South West,0,0,0,0,0,0.0,0,0,0,0,0,0,0.0,0,0,0,0,0
3075,2020,Meghalaya,17,West Garo Hills,278,Garo Hills West,0,0,0,2,1,1.0,0,1,3,9,12,5,0.0,0,0,4,13,17
3076,2020,Meghalaya,17,West Jaintia Hills,275,Jaintia Hills West,0,0,1,1,0,0.0,0,0,0,2,0,0,0.0,0,1,1,2,0
3077,2020,Meghalaya,17,East Jaintia Hills,657,Jaintia Hills East,0,0,0,0,0,0.0,0,0,0,0,0,0,0.0,0,0,0,0,0
3078,2020,Meghalaya,17,East Khasi Hills,274,Khasi Hills East,0,2,4,34,23,5.0,4,0,2,13,29,12,3.0,2,6,66,15,46
3079,2020,Meghalaya,17,South West Khasi Hills,658,Khasi Hills South West,0,0,0,0,2,0.0,0,0,1,0,0,0,0.0,0,0,2,1,0
3080,2020,Meghalaya,17,West Khasi Hills,279,Khasi Hills West,0,0,0,0,0,0.0,0,0,0,0,0,0,0.0,0,0,0,0,0
3081,2020,Meghalaya,17,Ri Bhoi,276,Ri-Bhoi,0,0,5,4,0,0.0,1,0,0,0,3,0,0.0,0,5,5,0,3
3082,2020,Meghalaya,17,East Khasi Hills,274,Cyber Cell,0,0,0,0,0,0.0,0,0,0,0,0,0,0.0,0,0,0,0,0
3083,2020,Mizoram,15,Aizawl,261,Aizawl,0,0,0,0,0,0.0,0,0,0,0,0,0,0.0,0,0,0,0,0
3084,2020,Mizoram,15,Champhai,262,Champhai,0,0,0,0,0,0.0,0,0,0,0,0,0,0.0,0,0,0,0,0
3085,2020,Mizoram,15,Kolasib,263,Kolasib,0,0,0,0,0,0.0,0,0,0,0,0,0,0.0,0,0,0,0,0
3086,2020,Mizoram,15,Lawngtlai,264,Lawngtlai,0,0,0,0,0,0.0,0,0,0,0,0,0,0.0,0,0,0,0,0
3087,2020,Mizoram,15,Lunglei,265,Lunglei,0,0,0,0,0,0.0,0,0,0,0,0,0,0.0,0,0,0,0,0
3088,2020,Mizoram,15,Mamit,266,Mamit,0,0,0,0,0,0.0,0,0,0,0,0,0,0.0,0,0,0,0,0
3089,2020,Mizoram,15,Saiha,267,Saiha,0,0,0,0,0,0.0,0,0,0,0,0,0,0.0,0,0,0,0,0
3090,2020,Mizoram,15,Serchhip,268,Serchhip,0,0,0,0,0,0.0,0,0,0,0,0,0,0.0,0,0,0,0,0
3091,2020,Mizoram,15,Aizawl,261,Spl Narcotic,0,0,0,0,0,0.0,0,0,0,0,0,0,0.0,0,0,0,0,0
3092,2020,Mizoram,15,Saitual,727,Saitual,0,0,0,0,0,0.0,0,0,0,0,0,0,0.0,0,0,0,0,0
3093,2020,Mizoram,15,Khawzawl,728,Khawzawl,0,0,0,0,0,0.0,0,0,0,0,0,0,0.0,0,0,0,0,0
3094,2020,Mizoram,15,Hnahthial,726,Hnahthial,0,0,0,0,0,0.0,0,0,0,0,0,0,0.0,0,0,0,0,0
3095,2020,Mizoram,15,Aizawl,261,Cyber,0,0,0,0,0,0.0,0,0,0,0,0,0,0.0,0,0,0,0,0
3096,2020,Nagaland,13,Dimapur,244,Dimapur,0,0,0,6,1,2.0,1,0,3,1,4,1,0.0,0,0,10,4,5
3097,2020,Nagaland,13,Kiphire,614,Kiphire,0,0,0,0,0,0.0,0,0,0,0,0,0,0.0,0,0,0,0,0
3098,2020,Nagaland,13,Kohima,245,Kohima,0,2,2,0,0,0.0,0,0,5,8,4,1,0.0,0,4,0,13,5
3099,2020,Nagaland,13,Longleng,615,Longleng,0,0,0,0,0,0.0,0,0,0,0,0,0,0.0,0,0,0,0,0
3100,2020,Nagaland,13,Mokokchung,246,Mokokchung,0,0,0,0,0,0.0,0,0,0,0,0,0,0.0,0,0,0,0,0
3101,2020,Nagaland,13,Mon,247,Mon,0,0,0,0,0,0.0,0,0,0,0,0,0,0.0,0,0,0,0,0
3102,2020,Nagaland,13,Peren,613,Peren,0,0,0,0,0,0.0,0,0,0,0,0,0,0.0,0,0,0,0,0
3103,2020,Nagaland,13,Phek,248,Phek,0,0,0,0,0,0.0,0,0,0,0,0,0,0.0,0,0,0,0,0
3104,2020,Nagaland,13,Tuensang,249,Tuensang,0,0,0,0,0,0.0,0,0,0,0,0,0,0.0,0,0,0,0,0
3105,2020,Nagaland,13,Wokha,250,Wokha,0,0,0,0,0,0.0,0,0,0,0,0,0,0.0,0,0,0,0,0
3106,2020,Nagaland,13,Zunheboto,251,Zunheboto,0,0,0,0,0,0.0,0,0,0,0,0,0,0.0,0,0,0,0,0
3107,2020,Odisha,21,Anugul,344,Angul,0,0,0,0,0,0.0,0,0,0,0,0,0,0.0,0,0,0,0,0
3108,2020,Odisha,21,Baleshwar,346,Balasore,0,0,0,0,0,0.0,0,0,0,0,0,0,0.0,0,0,0,0,0
3109,2020,Odisha,21,Bargarh,347,Baragarh,0,0,0,0,0,0.0,0,0,0,0,0,0,0.0,0,0,0,0,0
3110,2020,Odisha,21,Baleshwar,346,Berhampur,0,0,0,0,0,0.0,0,0,0,0,0,0,0.0,0,0,0,0,0
3111,2020,Odisha,21,Bhadrak,348,Bhadrak,0,0,0,0,0,0.0,0,0,0,0,0,0,0.0,0,0,0,0,0
3112,2020,Odisha,21,Balangir,345,Bolangir,0,0,0,0,0,0.0,0,0,0,0,0,0,0.0,0,0,0,0,0
3113,2020,Odisha,21,Boudh,349,Boudh,0,0,0,0,0,0.0,0,0,0,0,0,0,0.0,0,0,0,0,0
3114,2020,Odisha,21,Cuttack,350,Cuttack,0,0,0,0,0,0.0,0,0,0,0,0,0,0.0,0,0,0,0,0
3115,2020,Odisha,21,Khordha,362,Dcp Bbsr,0,0,0,0,0,0.0,0,0,0,0,0,0,0.0,0,0,0,0,0
3116,2020,Odisha,21,Cuttack,350,Dcp Ctc,0,0,0,0,0,0.0,0,0,0,0,0,0,0.0,0,0,0,0,0
3117,2020,Odisha,21,Deogarh,351,Deogarh,0,0,0,0,0,0.0,0,0,0,0,0,0,0.0,0,0,0,0,0
3118,2020,Odisha,21,Dhenkanal,352,Dhenkanal,0,2,4,21,20,8.0,0,0,8,31,199,14,3.0,0,6,49,39,216
3119,2020,Odisha,21,Gajapati,353,Gajapati,0,0,0,0,0,0.0,0,0,0,0,0,0,0.0,0,0,0,0,0
3120,2020,Odisha,21,Ganjam,354,Ganjam,0,0,0,0,0,0.0,0,0,0,0,0,0,0.0,0,0,0,0,0
3121,2020,Odisha,21,Jagatsinghapur,355,Jagatsinghpur,0,0,0,0,0,0.0,0,0,0,0,0,0,0.0,0,0,0,0,0
3122,2020,Odisha,21,Jajapur,356,Jajpur,0,0,0,0,0,0.0,0,0,0,0,0,0,0.0,0,0,0,0,0
3123,2020,Odisha,21,Jharsuguda,357,Jharsuguda,0,0,0,0,0,0.0,0,0,0,0,0,0,0.0,0,0,0,0,0
3124,2020,Odisha,21,Kalahandi,358,Kalahandi,0,0,0,0,0,0.0,0,0,0,0,0,0,0.0,0,0,0,0,0
3125,2020,Odisha,21,Kandhamal,359,Kandhamal,0,0,0,0,0,0.0,0,0,0,0,0,0,0.0,0,0,0,0,0
3126,2020,Odisha,21,Kendrapara,360,Kendrapara,0,0,0,0,0,0.0,0,0,0,0,0,0,0.0,0,0,0,0,0
3127,2020,Odisha,21,Kendujhar,361,Keonjhar,0,0,0,0,0,0.0,0,0,0,0,0,0,0.0,0,0,0,0,0
3128,2020,Odisha,21,Khordha,362,Khurda,0,0,0,0,0,0.0,0,0,0,0,0,0,0.0,0,0,0,0,0
3129,2020,Odisha,21,Koraput,363,Koraput,0,0,0,0,0,0.0,0,0,0,0,0,0,0.0,0,0,0,0,0
3130,2020,Odisha,21,Malkangiri,364,Malkangiri,0,0,0,0,0,0.0,0,0,0,0,0,0,0.0,0,0,0,0,0
3131,2020,Odisha,21,Mayurbhanj,365,Mayurbhanj,0,0,0,0,0,0.0,0,0,0,0,0,0,0.0,0,0,0,0,0
3132,2020,Odisha,21,Nayagarh,367,Nayagarh,0,0,0,0,0,0.0,0,0,0,0,0,0,0.0,0,0,0,0,0
3133,2020,Odisha,21,Nabarangpur,366,Nabarangpur,0,0,0,0,0,0.0,0,0,0,0,0,0,0.0,0,0,0,0,0
3134,2020,Odisha,21,Nuapada,368,Nuapada,0,0,0,0,0,0.0,0,0,0,0,0,0,0.0,0,0,0,0,0
3135,2020,Odisha,21,Puri,369,Puri,0,0,0,0,0,0.0,0,0,0,0,0,0,0.0,0,0,0,0,0
3136,2020,Odisha,21,Rayagada,370,Rayagada,0,0,0,0,0,0.0,0,0,0,0,0,0,0.0,0,0,0,0,0
3137,2020,Odisha,21,Sundargarh,373,Rourkela,0,0,0,0,0,0.0,0,0,0,0,0,0,0.0,0,0,0,0,0
3138,2020,Odisha,21,Sambalpur,371,Sambalpur,0,0,0,0,0,0.0,0,0,0,0,0,0,0.0,0,0,0,0,0
3139,2020,Odisha,21,Sonepur,372,Sonepur,0,0,0,0,0,0.0,0,0,0,0,0,0,0.0,0,0,0,0,0
3140,2020,Odisha,21,Cuttack,350,Srp(Cuttack),0,0,0,0,0,0.0,0,0,0,0,0,0,0.0,0,0,0,0,0
3141,2020,Odisha,21,Sundargarh,373,Srp(Rourkela),0,0,0,0,0,0.0,0,0,0,0,0,0,0.0,0,0,0,0,0
3142,2020,Odisha,21,Sundargarh,373,Sundargarh,0,0,0,0,0,0.0,0,0,0,0,0,0,0.0,0,0,0,0,0
3143,2020,Odisha,21,Cuttack,350,Cid Cb,24,138,175,1085,728,395.0,236,16,386,2115,7441,1280,214.0,149,337,2444,2517,9084
3144,2020,Punjab,3,Amritsar,27,Amritsar Rural,2,3,0,7,12,5.0,3,1,7,59,13,7,2.0,1,5,27,67,23
3145,2020,Punjab,3,Barnala,605,Barnala,0,0,1,1,7,2.0,2,0,0,11,6,3,0.0,1,1,12,11,10
3146,2020,Punjab,3,Gurdaspur,32,Batala,0,0,1,16,14,9.0,1,0,0,0,7,5,2.0,0,1,40,0,14
3147,2020,Punjab,3,Bathinda,28,Bathinda,1,1,0,14,11,6.0,6,2,0,1,21,10,2.0,0,2,37,3,33
3148,2020,Punjab,3,Amritsar,27,Cp Amritsar,0,4,5,26,22,16.0,6,0,7,60,56,13,3.0,0,9,70,67,72
3149,2020,Punjab,3,Jalandhar,34,Cp Jalandhar,0,0,0,64,48,17.0,11,0,0,0,135,30,4.0,3,0,140,0,172
3150,2020,Punjab,3,Ludhiana,36,Cp Ludhiana,4,10,5,16,15,8.0,2,1,5,19,34,7,2.0,0,19,41,25,43
3151,2020,Punjab,3,Faridkot,29,Faridkot,0,0,0,8,3,7.0,0,0,0,0,9,2,0.0,0,0,18,0,11
3152,2020,Punjab,3,Fatehgarh Sahib,30,Fatehgarh Sahib,2,4,3,23,23,15.0,14,0,1,1,43,7,0.0,1,9,75,2,51
3153,2020,Punjab,3,Fazilka,651,Fazilka,1,2,2,16,14,12.0,4,1,2,3,30,10,1.0,0,5,46,6,41
3154,2020,Punjab,3,Ferozepur,31,Ferozepur,0,0,0,20,15,17.0,7,0,2,29,21,4,3.0,5,0,59,31,33
3155,2020,Punjab,3,Patiala,41,Grp,1,0,0,0,0,1.0,0,1,0,0,2,0,0.0,0,1,1,1,2
3156,2020,Punjab,3,Gurdaspur,32,Gurdaspur,0,0,2,6,2,2.0,3,0,0,0,1,5,1.0,2,2,13,0,9
3157,2020,Punjab,3,Hoshiarpur,33,Hoshiarpur,0,0,0,14,12,9.0,8,1,3,38,90,53,5.0,1,0,43,42,149
3158,2020,Punjab,3,Jalandhar,34,Jalandhar Rural,3,12,7,38,24,24.0,9,5,15,21,130,61,4.0,1,22,95,41,196
3159,2020,Punjab,3,Kapurthala,35,Kapurthala,0,0,0,13,11,5.0,0,0,0,0,16,8,0.0,1,0,29,0,25
3160,2020,Punjab,3,Ludhiana,36,Khanna,0,2,1,11,18,4.0,6,0,1,8,27,9,3.0,1,3,39,9,40
3161,2020,Punjab,3,Ludhiana,36,Ludhiana Rural,0,0,0,9,9,4.0,4,0,0,0,6,3,0.0,0,0,26,0,9
3162,2020,Punjab,3,Mansa,37,Mansa,0,0,0,0,1,3.0,0,0,0,0,3,2,0.0,0,0,4,0,5
3163,2020,Punjab,3,Moga,38,Moga,0,3,0,25,18,12.0,7,1,0,1,22,11,1.0,1,3,62,2,35
3164,2020,Punjab,3,Sri Muktsar Sahib,39,Muktsar,0,0,1,11,30,7.0,4,1,1,0,26,11,4.0,1,1,52,2,42
3165,2020,Punjab,3,Pathankot,662,Pathankot,2,0,0,2,12,5.0,1,0,0,0,9,4,3.0,0,2,20,0,16
3166,2020,Punjab,3,Patiala,41,Patiala,1,4,10,21,13,10.0,1,6,12,83,92,18,2.0,0,15,45,101,112
3167,2020,Punjab,3,Rupnagar,42,Ropar,1,2,1,14,14,6.0,4,1,3,19,9,3,3.0,2,4,38,23,17
3168,2020,Punjab,3,Sangrur,43,Sangrur,4,2,2,10,5,4.0,1,2,10,67,27,5,2.0,0,8,20,79,34
3169,2020,Punjab,3,S.A.S Nagar,608,Sas Nagar,0,0,0,5,7,5.0,1,0,0,2,12,8,1.0,1,0,18,2,22
3170,2020,Punjab,3,Shahid Bhagat Singh Nagar,40,Sbs Nagar,0,2,0,3,6,3.0,6,0,9,6,7,7,1.0,0,2,18,15,15
3171,2020,Punjab,3,Tarn Taran,609,Tarn Taran,1,1,6,12,14,11.0,4,0,1,3,8,7,4.0,1,8,41,4,20
3172,2020,Punjab,3,S.A.S Nagar,608,Bureau Of Investigation,0,0,0,0,0,0.0,0,0,0,0,0,0,0.0,0,0,0,0,0
3173,2020,Punjab,3,S.A.S Nagar,608,Intelligence Wing,0,0,0,0,0,0.0,0,0,0,0,0,0,0.0,0,0,0,0,0
3174,2020,Punjab,3,S.A.S Nagar,608,Nri Wing,0,0,0,0,0,0.0,0,0,0,0,0,0,0.0,0,0,0,0,0
3175,2020,Punjab,3,Amritsar,27,Special Task Force,0,0,0,0,0,0.0,0,0,0,0,0,0,0.0,0,0,0,0,0
3176,2020,Rajasthan,8,Ajmer,86,Ajmer,7,21,18,92,80,54.0,13,7,35,137,544,190,27.0,7,46,239,179,768
3177,2020,Rajasthan,8,Alwar,87,Alwar,1,7,14,31,42,26.0,7,0,10,63,147,77,9.0,3,22,106,73,236
3178,2020,Rajasthan,8,Banswara,88,Banswara,0,0,1,41,20,11.0,2,0,0,5,152,85,9.0,0,1,74,5,246
3179,2020,Rajasthan,8,Baran,89,Baran,1,1,10,31,22,14.0,8,1,6,67,301,49,1.0,3,12,75,74,354
3180,2020,Rajasthan,8,Barmer,90,Barmer,1,0,4,20,8,6.0,2,1,10,38,112,10,1.0,1,5,36,49,124
3181,2020,Rajasthan,8,Bharatpur,91,Bharatpur,1,7,6,59,25,10.0,5,0,5,4,113,34,16.0,6,14,99,9,169
3182,2020,Rajasthan,8,Bhilwara,92,Bhilwara,1,2,8,101,41,11.0,6,0,10,195,631,100,8.0,5,11,159,205,744
3183,2020,Rajasthan,8,Bikaner,93,Bikaner,0,0,0,0,0,0.0,0,0,0,0,0,0,0.0,0,0,0,0,0
3184,2020,Rajasthan,8,Bundi,94,Bundi,0,3,3,46,13,6.0,3,0,13,84,336,3,0.0,0,6,68,97,339
3185,2020,Rajasthan,8,Chittorgarh,95,Chittorgarh,0,0,9,81,33,15.0,3,0,10,144,486,71,5.0,1,9,132,154,563
3186,2020,Rajasthan,8,Churu,96,Churu,0,1,6,27,23,5.0,1,0,4,31,207,22,1.0,0,7,56,35,230
3187,2020,Rajasthan,8,Dausa,97,Dausa,1,2,7,76,45,26.0,5,0,6,20,95,37,9.0,1,10,152,26,142
3188,2020,Rajasthan,8,Dholpur,98,Dholpur,2,5,0,19,10,4.0,2,2,0,0,63,20,1.0,1,7,35,2,85
3189,2020,Rajasthan,8,Dungarpur,99,Dungarpur,0,1,3,32,10,6.0,1,0,9,44,212,45,3.0,0,4,49,53,260
3190,2020,Rajasthan,8,Ajmer,86,Grp Ajmer,0,1,0,2,0,0.0,3,0,0,0,1,0,0.0,0,1,5,0,1
3191,2020,Rajasthan,8,Jodhpur,107,Grp Jodhpur,0,1,0,2,0,3.0,0,0,0,1,0,1,1.0,0,1,5,1,2
3192,2020,Rajasthan,8,Ganganagar,100,Ganganagar,0,4,12,82,107,55.0,24,0,2,2,66,754,508.0,85,16,268,4,1413
3193,2020,Rajasthan,8,Hanumangarh,101,Hanumangarh,0,1,6,72,28,20.0,5,1,6,51,305,45,4.0,0,7,125,58,354
3194,2020,Rajasthan,8,Jaipur,102,Jaipur East,0,4,2,91,51,24.0,14,3,8,6,221,77,12.0,11,6,180,17,321
3195,2020,Rajasthan,8,Jaipur,102,Jaipur North,4,5,9,77,42,15.0,14,1,9,59,237,40,4.0,1,18,148,69,282
3196,2020,Rajasthan,8,Jaipur (Gramin),783,Jaipur Rural,2,0,3,61,51,31.0,32,25,3,27,123,40,12.0,13,5,175,55,188
3197,2020,Rajasthan,8,Jaipur,102,Jaipur South,1,10,23,98,49,30.0,9,1,18,79,246,45,8.0,5,34,186,98,304
3198,2020,Rajasthan,8,Jaipur,102,Jaipur West,0,6,26,86,65,21.0,30,0,11,88,247,34,7.0,3,32,202,99,291
3199,2020,Rajasthan,8,Jaisalmer,103,Jaisalmer,0,1,0,9,4,2.0,3,0,3,7,30,7,0.0,0,1,18,10,37
3200,2020,Rajasthan,8,Jalore,104,Jalore,0,1,4,28,17,4.0,2,0,4,58,231,37,3.0,1,5,51,62,272
3201,2020,Rajasthan,8,Jhalawar,105,Jhalawar,0,3,7,45,25,6.0,2,0,27,98,320,44,8.0,7,10,78,125,379
3202,2020,Rajasthan,8,Jhunjhunu,106,Jhunjhunu,0,4,6,33,20,14.0,5,0,9,50,339,33,2.0,1,10,72,59,375
3203,2020,Rajasthan,8,Jodhpur,107,Jodhpur East,1,1,1,48,25,12.0,1,2,5,30,149,15,7.0,1,3,86,37,172
3204,2020,Rajasthan,8,Jodhpur,107,Jodhpur West,0,4,13,62,54,15.0,3,0,8,41,143,55,6.0,2,17,134,49,206
3205,2020,Rajasthan,8,Jodhpur,107,Jodhpur Rural,0,3,7,39,10,4.0,2,0,6,39,115,15,0.0,0,10,55,45,130
3206,2020,Rajasthan,8,Karauli,108,Karauli,0,1,6,19,18,3.0,2,0,1,3,50,27,2.0,4,7,42,4,83
3207,2020,Rajasthan,8,Kota,109,Kota City,2,6,27,77,73,38.0,23,0,6,104,402,91,21.0,8,35,211,110,522
3208,2020,Rajasthan,8,Kota,109,Kota Rural,0,4,1,30,22,9.0,1,0,9,66,258,45,5.0,1,5,62,75,309
3209,2020,Rajasthan,8,Nagaur,110,Nagaur,0,2,12,76,18,17.0,0,0,10,83,333,20,4.0,0,14,111,93,357
3210,2020,Rajasthan,8,Pali,111,Pali,28,32,10,102,87,37.0,19,37,30,9,732,186,22.0,7,70,245,76,947
3211,2020,Rajasthan,8,Pratapgarh,629,Pratapgarh,0,0,6,25,18,4.0,0,0,0,71,185,18,1.0,2,6,47,71,206
3212,2020,Rajasthan,8,Rajsamand,112,Rajsamand,0,4,7,51,19,10.0,3,0,6,99,482,75,6.0,4,11,83,105,567
3213,2020,Rajasthan,8,Sawai Madhopur,113,Sawai Madhopur,0,3,5,14,4,7.0,1,0,2,4,106,11,2.0,0,8,26,6,119
3214,2020,Rajasthan,8,Sikar,114,Sikar,1,9,15,66,26,22.0,7,0,9,89,357,55,4.0,2,25,121,98,418
3215,2020,Rajasthan,8,Sirohi,115,Sirohi,0,1,4,31,16,3.0,2,0,6,30,228,42,6.0,1,5,52,36,277
3216,2020,Rajasthan,8,Tonk,116,Tonk,0,0,5,26,15,1.0,7,0,1,15,203,40,6.0,1,5,49,16,250
3217,2020,Rajasthan,8,Udaipur,117,Udaipur,0,6,3,80,89,18.0,3,0,8,92,490,206,53.0,2,9,190,100,751
3218,2020,Rajasthan,8,Jaipur,102,Jaipur Metro,0,0,0,0,0,0.0,0,0,0,0,0,0,0.0,0,0,0,0,0
3219,2020,Rajasthan,8,Jaipur,102,Scrb,0,0,0,0,0,0.0,0,0,0,0,0,0,0.0,0,0,0,0,0
3220,2020,Rajasthan,8,Jaipur,102,Sog,0,0,0,0,0,0.0,0,0,0,0,0,0,0.0,0,0,0,0,0
3221,2020,Rajasthan,8,Jaipur,102,Ssb,0,0,0,0,0,0.0,0,0,0,0,0,0,0.0,0,0,0,0,0
3222,2020,Rajasthan,8,Jaipur,102,Jaipur Crime,0,0,0,0,0,0.0,0,0,0,0,0,0,0.0,0,0,0,0,0
3223,2020,Rajasthan,8,Khairthal-Tijara,770,Bhiwadi,0,7,14,53,23,7.0,3,1,13,75,139,38,3.0,0,21,86,89,180
3224,2020,Sikkim,11,Gangtok,225,East,0,0,0,9,4,5.0,2,0,3,4,30,13,0.0,0,0,20,7,43
3225,2020,Sikkim,11,Mangan,226,North,0,0,0,1,0,0.0,0,0,0,0,0,0,0.0,0,0,1,0,0
3226,2020,Sikkim,11,Namchi,227,South,0,0,0,1,9,2.0,0,0,0,2,12,9,0.0,0,0,12,2,21
3227,2020,Sikkim,11,Gyalshing,228,West,0,0,0,1,4,0.0,0,0,0,2,7,13,0.0,0,0,5,2,20
3228,2020,Tamil Nadu,33,Ariyalur,610,Ariyalur,3,7,3,17,9,4.0,4,5,6,53,159,11,4.0,3,13,34,64,177
3229,2020,Tamil Nadu,33,Chennai,568,Chennai,36,71,73,256,289,151.0,206,36,66,449,1126,209,83.0,128,180,902,551,1546
3230,2020,Tamil Nadu,33,Coimbatore,569,Coimbatore,7,14,0,23,32,28.0,25,4,33,112,125,75,13.0,12,21,108,149,225
3231,2020,Tamil Nadu,33,Coimbatore,569,Coimbatore City,4,12,12,18,29,20.0,16,2,19,55,104,37,8.0,5,28,83,76,154
3232,2020,Tamil Nadu,33,Cuddalore,570,Cuddalore,0,4,8,27,19,13.0,10,0,4,37,220,19,6.0,8,12,69,41,253
3233,2020,Tamil Nadu,33,Dharmapuri,571,Dharmapuri,1,6,2,5,5,8.0,3,2,8,57,42,21,2.0,1,9,21,67,66
3234,2020,Tamil Nadu,33,Dindigul,572,Dindigul,6,12,6,11,12,9.0,12,7,6,85,103,19,2.0,8,24,44,98,132
3235,2020,Tamil Nadu,33,Erode,573,Erode,14,19,3,24,41,22.0,16,15,23,117,233,107,14.0,8,36,103,155,362
3236,2020,Tamil Nadu,33,Kanchipuram,574,Kanchipuram,1,4,9,27,15,8.0,12,1,3,30,112,76,18.0,13,14,62,34,219
3237,2020,Tamil Nadu,33,Kanniyakumari,575,Kanyakumari,10,20,3,26,34,34.0,31,13,16,1,138,64,13.0,10,33,125,30,225
3238,2020,Tamil Nadu,33,Karur,576,Karur,6,3,4,18,10,6.0,10,4,4,51,111,14,1.0,2,13,44,59,128
3239,2020,Tamil Nadu,33,Krishnagiri,577,Krishnagiri,1,9,3,14,16,9.0,5,5,8,31,68,15,4.0,2,13,44,44,89
3240,2020,Tamil Nadu,33,Madurai,578,Madurai,8,14,12,9,51,25.0,7,10,18,81,174,65,23.0,6,34,92,109,268
3241,2020,Tamil Nadu,33,Madurai,578,Madurai City,5,18,7,31,21,31.0,23,12,11,44,231,40,9.0,23,30,106,67,303
3242,2020,Tamil Nadu,33,Nagapattinam,579,Nagapattinam,5,6,0,8,9,6.0,7,9,6,31,92,47,5.0,1,11,30,46,145
3243,2020,Tamil Nadu,33,Namakkal,580,Namakkal,8,6,8,10,17,10.0,11,9,14,62,128,54,4.0,4,22,48,85,190
3244,2020,Tamil Nadu,33,The Nilgiris,587,Nilgiris,5,4,4,5,5,4.0,3,1,11,25,43,4,1.0,2,13,17,37,50
3245,2020,Tamil Nadu,33,Perambalur,581,Perambalur,1,0,3,8,6,1.0,5,1,2,32,63,12,4.0,1,4,20,35,80
3246,2020,Tamil Nadu,33,Pudukkottai,582,Pudukottai,3,9,4,16,22,10.0,8,1,8,57,191,50,8.0,5,16,56,66,254
3247,2020,Tamil Nadu,33,Ramanathapuram,583,Ramnathapuram,11,7,6,16,19,3.0,9,11,4,37,182,22,8.0,3,24,47,52,215
3248,2020,Tamil Nadu,33,Chennai,568,Railway Chennai,2,0,2,2,1,0.0,0,2,0,4,3,0,0.0,1,4,3,6,4
3249,2020,Tamil Nadu,33,Tiruchirappalli,591,Railway Trichy,0,0,0,0,0,0.0,0,0,0,1,1,0,0.0,0,0,0,1,1
3250,2020,Tamil Nadu,33,Salem,584,Salem,1,7,9,8,12,14.0,11,0,56,69,53,29,38.0,11,17,45,125,131
3251,2020,Tamil Nadu,33,Salem,584,Salem City,8,12,16,22,20,16.0,11,11,16,44,138,20,3.0,5,36,69,71,166
3252,2020,Tamil Nadu,33,Sivaganga,585,Sivagangai,2,3,2,4,13,6.0,7,3,8,36,67,32,5.0,0,7,30,47,104
3253,2020,Tamil Nadu,33,Thanjavur,586,Thanjavur,7,9,5,12,26,22.0,14,15,6,79,202,44,8.0,5,21,74,100,259
3254,2020,Tamil Nadu,33,Theni,588,Theni,5,8,5,12,13,5.0,4,2,10,61,45,10,3.0,2,18,34,73,60
3255,2020,Tamil Nadu,33,Tirunelveli,592,Thirunelveli,8,12,2,11,6,15.0,7,8,13,54,82,58,6.0,5,22,39,75,151
3256,2020,Tamil Nadu,33,Tirunelveli,592,Thirunelveli City,1,5,9,8,9,8.0,6,3,4,16,48,22,26.0,7,15,31,23,103
3257,2020,Tamil Nadu,33,Thiruvallur,589,Thiruvallur,9,23,15,42,47,37.0,17,0,26,99,372,59,17.0,15,47,143,125,463
3258,2020,Tamil Nadu,33,Tiruvannamalai,593,Thiruvannamalai,10,8,5,25,15,10.0,11,7,6,101,275,16,8.0,8,23,61,114,307
3259,2020,Tamil Nadu,33,Thiruvarur,590,Thiruvarur,3,6,7,9,8,3.0,4,4,7,13,91,25,3.0,0,16,24,24,119
3260,2020,Tamil Nadu,33,Tuticorin,594,Thoothukudi,7,13,10,26,25,11.0,13,12,17,83,187,26,3.0,8,30,75,112,224
3261,2020,Tamil Nadu,33,Tiruppur,634,Tiruppur,0,3,2,13,18,12.0,12,0,14,66,135,29,5.0,6,5,55,80,175
3262,2020,Tamil Nadu,33,Tiruppur,634,Tiruppur City,9,9,9,13,20,16.0,9,7,9,59,116,39,6.0,4,27,58,75,165
3263,2020,Tamil Nadu,33,Tiruchirappalli,591,Trichy,5,14,8,19,16,11.0,14,9,8,67,192,27,6.0,12,27,60,84,237
3264,2020,Tamil Nadu,33,Tiruchirappalli,591,Trichy City,8,5,7,9,18,14.0,15,4,7,39,85,27,4.0,6,20,56,50,122
3265,2020,Tamil Nadu,33,Vellore,595,Vellore,2,8,2,12,26,22.0,7,9,13,55,135,42,9.0,8,12,67,77,194
3266,2020,Tamil Nadu,33,Villupuram,596,Villupuram,0,2,4,25,27,25.0,9,0,2,48,243,56,5.0,4,6,86,50,308
3267,2020,Tamil Nadu,33,Virudhunagar,597,Virudhunagar,15,16,10,11,23,13.0,6,9,20,88,124,41,2.0,5,41,53,117,172
3268,2020,Tamil Nadu,33,Chennai,568,Cyber Cell,0,0,0,0,0,0.0,0,0,0,0,0,0,0.0,0,0,0,0,0
3269,2020,Tamil Nadu,33,Chennai,568,Other Units,0,0,0,0,0,0.0,0,0,0,0,0,0,0.0,0,0,0,0,0
3270,2020,Tamil Nadu,33,Chengalpattu,730,Chengalpattu,11,12,6,11,21,15.0,19,7,15,49,218,36,12.0,3,29,66,71,269
3271,2020,Tamil Nadu,33,Kallakurichi,729,Kallakurichi,1,2,2,7,6,2.0,1,2,3,32,47,12,2.0,1,5,16,37,62
3272,2020,Tamil Nadu,33,Ranipet,731,Ranipet,6,10,6,21,13,10.0,7,4,10,50,169,19,2.0,1,22,51,64,191
3273,2020,Tamil Nadu,33,Tirupathur,732,Tiruppattur,11,8,8,13,23,5.0,4,11,4,9,131,44,4.0,2,27,45,24,181
3274,2020,Tamil Nadu,33,Tenkasi,733,Tenkasi,9,5,5,9,14,7.0,9,9,9,37,95,40,3.0,5,19,39,55,143
3275,2020,Telangana,36,Ranga Reddy,518,Cyberabad Commissionerate,41,95,123,510,476,218.0,130,35,88,93,1366,340,98.0,59,259,1334,216,1863
3276,2020,Telangana,36,Hyderabad,507,Hyderabad Commissionerate,13,94,156,579,378,205.0,51,13,104,339,963,395,126.0,54,263,1213,456,1538
3277,2020,Telangana,36,Karimnagar,508,Karimnagar Commissionerate,8,9,6,15,54,19.0,13,6,13,40,158,62,9.0,2,23,101,59,231
3278,2020,Telangana,36,Khammam,509,Khammam Commissionerate,0,7,1,56,25,19.0,6,1,4,1,254,39,4.0,2,8,106,6,299
3279,2020,Telangana,36,Nizamabad,516,Nizamabad Commissionerate,16,11,7,65,56,28.0,14,16,18,54,223,33,9.0,11,34,163,88,276
3280,2020,Telangana,36,Yadadri Bhuvanagiri,697,Rachakonda Commissionerate,18,71,142,734,71,81.0,7,18,52,110,973,423,43.0,9,231,893,180,1448
3281,2020,Telangana,36,Peddapalli,682,Ramagundam Commissionerate,0,2,9,41,30,13.0,11,0,0,6,278,31,8.0,1,11,95,6,318
3282,2020,Telangana,36,Siddipet,692,Siddipet Commissionerate,12,11,12,33,49,19.0,10,12,13,43,235,53,5.0,6,35,111,68,299
3283,2020,Telangana,36,Warangal,522,Warangal Commissionerate,11,14,26,87,80,23.0,12,9,24,121,395,49,14.0,9,51,202,154,467
3284,2020,Telangana,36,Adilabad,501,Adilabad,0,3,2,11,8,6.0,1,3,1,5,56,10,1.0,2,5,26,9,69
3285,2020,Telangana,36,Bhadradri Kothagudem,690,Bhadradri Kothagudem,2,16,0,36,26,14.0,6,4,5,3,197,42,7.0,5,18,82,12,251
3286,2020,Telangana,36,Jagitial,681,Jagityal,5,1,9,23,17,10.0,0,2,3,55,135,34,3.0,2,15,50,60,174
3287,2020,Telangana,36,Jayashankar Bhupalapally,687,Jayashankar Bhupalpalli,0,3,0,8,2,9.0,0,0,5,0,56,15,10.0,4,3,19,5,85
3288,2020,Telangana,36,Jogulamba Gadwal,695,Jogulamba Gadwal,1,6,4,9,8,1.0,0,1,4,36,74,6,1.0,0,11,18,41,81
3289,2020,Telangana,36,Kamareddy,685,Kamareddy ,15,12,5,26,34,26.0,4,9,16,41,136,47,9.0,4,32,90,66,196
3290,2020,Telangana,36,Kumuram Bheem Asifabad,699,Kumaram Bheem Asifabad,0,2,7,8,16,6.0,5,1,3,4,38,12,1.0,1,9,35,8,52
3291,2020,Telangana,36,Mahabubabad,688,Mahabubabad,2,7,3,17,7,4.0,3,4,1,43,85,12,1.0,1,12,31,48,99
3292,2020,Telangana,36,Mahabubnagar,512,Mahabubnagar,13,15,5,30,14,12.0,7,7,6,4,204,18,6.0,6,33,63,17,234
3293,2020,Telangana,36,Medak,513,Medak,11,19,6,24,20,15.0,6,3,10,17,111,22,4.0,3,36,65,30,140
3294,2020,Telangana,36,Nagarkurnool,694,Nagarkurnool,0,7,1,13,15,4.0,2,3,5,17,93,26,1.0,0,8,34,25,120
3295,2020,Telangana,36,Nalgonda,514,Nalgonda,4,9,5,28,22,8.0,4,5,7,29,213,32,8.0,1,18,62,41,254
3296,2020,Telangana,36,Nirmal,680,Nirmal,5,1,2,20,13,8.0,6,4,2,17,87,3,1.0,2,8,47,23,93
3297,2020,Telangana,36,Rajanna Sircilla,683,Rajanna Siricilla,0,0,1,12,6,8.0,3,0,0,5,89,8,3.0,2,1,29,5,102
3298,2020,Telangana,36,Sangareddy,691,Sangareddy,15,25,6,37,80,35.0,10,8,17,100,214,52,14.0,1,46,162,125,281
3299,2020,Telangana,36,Suryapet,696,Suryapet,5,6,7,18,11,12.0,4,3,7,20,114,33,6.0,3,18,45,30,156
3300,2020,Telangana,36,Vikarabad,698,Vikarabad,5,7,6,18,14,4.0,4,1,3,12,142,23,9.0,3,18,40,16,177
3301,2020,Telangana,36,Wanaparthy,693,Wanaparthy,3,4,5,16,4,0.0,0,0,6,63,44,65,1.0,0,12,20,69,110
3302,2020,Telangana,36,Hyderabad,507,Railway Police Secunderabad,0,0,0,4,2,2.0,1,0,0,0,2,1,0.0,0,0,9,0,3
3303,2020,Telangana,36,Mulugu,720,Mulug,0,5,0,7,9,3.0,0,0,1,0,12,22,6.0,0,5,19,1,40
3304,2020,Telangana,36,Narayanpet,721,Narayanpet,0,2,5,0,18,4.0,0,0,4,2,47,22,9.0,0,7,22,6,78
3305,2020,Tripura,16,Dhalai,269,Dhalai,0,0,2,9,11,6.0,1,0,0,4,27,22,2.0,0,2,27,4,51
3306,2020,Tripura,16,Gomati,654,Gomati,0,0,1,4,17,11.0,0,0,2,10,123,58,13.0,1,1,32,12,195
3307,2020,Tripura,16,West Tripura,272,Grp,0,0,0,0,0,0.0,0,0,0,0,0,0,0.0,0,0,0,0,0
3308,2020,Tripura,16,Khowai,652,Kowai,0,0,0,6,25,7.0,1,0,0,4,21,28,3.0,1,0,39,4,53
3309,2020,Tripura,16,North Tripura,270,North,0,0,0,2,3,0.0,0,0,4,1,1,8,0.0,0,0,5,5,9
3310,2020,Tripura,16,Sepahijala,653,Sipahijala,1,1,2,8,11,2.0,1,0,0,11,76,13,2.0,0,4,22,11,91
3311,2020,Tripura,16,South Tripura,271,South,3,2,3,7,22,6.0,2,3,4,15,55,31,3.0,1,8,37,22,90
3312,2020,Tripura,16,Unakoti,655,Unakoti,0,0,0,8,7,1.0,0,0,1,6,30,6,1.0,0,0,16,7,37
3313,2020,Tripura,16,West Tripura,272,West,5,6,5,23,71,32.0,7,2,4,25,175,144,24.0,5,16,133,31,348
3314,2020,Uttar Pradesh,9,Agra,118,Agra,0,5,7,61,34,20.0,15,0,3,8,107,30,3.0,3,12,130,11,143
3315,2020,Uttar Pradesh,9,Aligarh,119,Aligarh,0,6,9,35,11,6.0,6,0,0,10,49,10,0.0,1,15,58,10,60
3316,2020,Uttar Pradesh,9,Prayagraj,120,Prayagraj,0,7,15,46,20,17.0,8,0,7,46,76,16,8.0,2,22,91,53,102
3317,2020,Uttar Pradesh,9,Ambedkar Nagar,121,Ambedkar Nagar,0,0,3,4,2,4.0,0,0,1,3,18,2,0.0,2,3,10,4,22
3318,2020,Uttar Pradesh,9,Amethi,640,Amethi,0,1,0,8,6,3.0,2,0,0,6,10,3,0.0,0,1,19,6,13
3319,2020,Uttar Pradesh,9,Amroha,154,Amroha,0,1,1,0,0,0.0,0,0,9,0,0,0,0.0,0,2,0,9,0
3320,2020,Uttar Pradesh,9,Auraiya,122,Auraiya,0,2,2,7,3,1.0,1,0,0,8,9,3,0.0,0,4,12,8,12
3321,2020,Uttar Pradesh,9,Azamgarh,123,Azamgarh,0,14,13,20,23,30.0,8,0,10,24,100,37,4.0,1,27,81,34,142
3322,2020,Uttar Pradesh,9,Budaun,133,Badaun,1,4,6,11,13,7.0,2,0,5,19,35,15,3.0,1,11,33,24,54
3323,2020,Uttar Pradesh,9,Baghpat,124,Baghpat,0,3,1,44,19,12.0,2,0,1,11,52,9,3.0,0,4,77,12,64
3324,2020,Uttar Pradesh,9,Bahraich,125,Bahraich,0,0,1,31,14,12.0,8,0,4,5,55,7,1.0,0,1,65,9,63
3325,2020,Uttar Pradesh,9,Ballia,126,Ballia,1,4,2,19,21,10.0,6,0,3,10,32,15,6.0,3,7,56,13,56
3326,2020,Uttar Pradesh,9,Balrampur,127,Balrampur,0,2,4,16,6,1.0,1,0,0,11,24,6,3.0,0,6,24,11,33
3327,2020,Uttar Pradesh,9,Banda,128,Banda,0,0,3,2,2,2.0,2,0,1,4,16,2,1.0,0,3,8,5,19
3328,2020,Uttar Pradesh,9,Barabanki,129,Barabanki,0,4,13,14,12,3.0,3,0,4,19,34,9,2.0,3,17,32,23,48
3329,2020,Uttar Pradesh,9,Bareilly,130,Bareilly,0,3,4,16,11,2.0,3,1,4,7,42,12,3.0,0,7,32,12,57
3330,2020,Uttar Pradesh,9,Basti,131,Basti,0,0,0,0,0,0.0,0,0,0,0,0,0,0.0,0,0,0,0,0
3331,2020,Uttar Pradesh,9,Bijnor,132,Bijnor,1,3,3,31,33,13.0,5,1,1,6,96,32,3.0,3,7,82,8,134
3332,2020,Uttar Pradesh,9,Bulandshahr,134,Bulandshahar,1,4,3,22,17,14.0,10,0,2,16,51,26,3.0,2,8,63,18,82
3333,2020,Uttar Pradesh,9,Chandauli,135,Chandoli,0,1,0,29,14,11.0,10,0,1,6,68,13,2.0,3,1,64,7,86
3334,2020,Uttar Pradesh,9,Chitrakoot,136,Chitrakoot,0,0,0,3,0,0.0,0,0,0,0,2,0,0.0,0,0,3,0,2
3335,2020,Uttar Pradesh,9,Deoria,137,Deoria,0,0,0,0,0,0.0,0,0,0,0,0,0,0.0,0,0,0,0,0
3336,2020,Uttar Pradesh,9,Etah,138,Etah,1,0,1,5,20,1.0,1,0,1,3,22,16,1.0,0,2,27,4,39
3337,2020,Uttar Pradesh,9,Etawah,139,Etawah,0,4,3,15,10,4.0,1,0,3,15,46,17,3.0,0,7,30,18,66
3338,2020,Uttar Pradesh,9,Ayodhya,140,Ayodhya,0,1,2,7,2,4.0,2,0,2,13,22,5,1.0,1,3,15,15,29
3339,2020,Uttar Pradesh,9,Farrukhabad,141,Fatehgarh,0,0,2,24,5,2.0,0,0,0,8,21,5,3.0,0,2,31,8,29
3340,2020,Uttar Pradesh,9,Fatehpur,142,Fatehpur,0,11,2,20,11,7.0,4,0,2,8,71,11,1.0,0,13,42,10,83
3341,2020,Uttar Pradesh,9,Firozabad,143,Firozabad,1,5,29,13,5,3.0,2,2,1,33,20,6,1.0,0,35,23,36,27
3342,2020,Uttar Pradesh,9,Lucknow,162,Grp,0,0,0,4,11,5.0,1,0,0,4,8,3,1.0,0,0,21,4,12
3343,2020,Uttar Pradesh,9,Gautam Buddha Nagar,144,Gautambudh Nagar,3,9,8,86,40,44.0,18,0,4,83,194,36,7.0,2,20,188,87,239
3344,2020,Uttar Pradesh,9,Ghaziabad,145,Ghaziabad,4,17,15,54,36,39.0,0,2,11,44,88,23,6.0,0,36,129,57,117
3345,2020,Uttar Pradesh,9,Ghazipur,146,Ghazipur,0,0,11,3,0,0.0,0,0,0,7,0,0,0.0,0,11,3,7,0
3346,2020,Uttar Pradesh,9,Gonda,147,Gonda,0,2,4,9,7,4.0,2,0,0,14,32,6,3.0,0,6,22,14,41
3347,2020,Uttar Pradesh,9,Gorakhpur,148,Gorakhpur,0,0,0,0,0,0.0,0,0,0,0,0,0,0.0,0,0,0,0,0
3348,2020,Uttar Pradesh,9,Hamirpur,149,Hamirpur,0,0,0,8,7,5.0,0,0,0,1,4,5,2.0,0,0,20,1,11
3349,2020,Uttar Pradesh,9,Hapur,661,Hapur,0,3,5,55,18,10.0,4,0,2,12,37,14,9.0,2,8,87,14,62
3350,2020,Uttar Pradesh,9,Hardoi,150,Hardoi,0,1,11,6,2,0.0,0,0,0,0,3,0,0.0,0,12,8,0,3
3351,2020,Uttar Pradesh,9,Hathras,163,Hathras,0,2,1,5,5,1.0,1,0,2,0,9,10,0.0,0,3,12,2,19
3352,2020,Uttar Pradesh,9,Jalaun,151,Jalaun,1,3,5,11,38,3.0,0,0,0,0,1,1,0.0,0,9,52,0,2
3353,2020,Uttar Pradesh,9,Jaunpur,152,Jaunpur,0,2,2,8,2,2.0,0,0,1,4,28,1,2.0,0,4,12,5,31
3354,2020,Uttar Pradesh,9,Jhansi,153,Jhansi,0,0,0,0,0,0.0,0,0,21,53,10,0,0.0,0,0,0,74,10
3355,2020,Uttar Pradesh,9,Kannauj,155,Kannauj,0,7,12,0,0,0.0,0,0,0,0,0,0,0.0,0,19,0,0,0
3356,2020,Uttar Pradesh,9,Kanpur Dehat,156,Kanpur Dehat,0,0,11,4,0,0.0,0,0,0,20,18,0,0.0,0,11,4,20,18
3357,2020,Uttar Pradesh,9,Kanpur Nagar,157,Kanpur Nagar,0,34,39,52,46,40.0,5,0,29,39,79,37,9.0,5,73,143,68,130
3358,2020,Uttar Pradesh,9,Kasganj,633,Kasganj,0,2,2,6,18,6.0,1,0,0,3,17,14,1.0,0,4,31,3,32
3359,2020,Uttar Pradesh,9,Kaushambi,158,Kaushambi,0,0,8,14,0,0.0,0,0,0,49,47,0,0.0,0,8,14,49,47
3360,2020,Uttar Pradesh,9,Kheri,159,Khiri,1,14,14,6,3,1.0,2,0,8,16,19,0,0.0,0,29,12,24,19
3361,2020,Uttar Pradesh,9,Kushi Nagar,160,Kushi Nagar,1,0,0,2,2,0.0,0,0,2,16,7,2,0.0,0,1,4,18,9
3362,2020,Uttar Pradesh,9,Lalitpur,161,Lalitpur,0,0,3,1,0,0.0,0,0,0,15,12,0,0.0,0,3,1,15,12
3363,2020,Uttar Pradesh,9,Lucknow,162,Lucknow Commissionarate,8,54,146,144,101,74.0,3,0,96,109,146,69,17.0,2,208,322,205,234
3364,2020,Uttar Pradesh,9,Maharajganj,164,Maharajganj,0,0,0,0,0,0.0,0,0,2,13,22,0,0.0,0,0,0,15,22
3365,2020,Uttar Pradesh,9,Mahoba,165,Mahoba,0,2,0,0,0,0.0,0,0,8,6,0,0,0.0,0,2,0,14,0
3366,2020,Uttar Pradesh,9,Mainpuri,166,Mainpuri,3,7,5,0,0,0.0,0,4,24,5,0,0,0.0,0,15,0,33,0
3367,2020,Uttar Pradesh,9,Mathura,167,Mathura,0,0,6,4,0,0.0,0,0,0,20,10,0,0.0,0,6,4,20,10
3368,2020,Uttar Pradesh,9,Mau,168,Mau,0,1,1,9,5,4.0,2,0,1,5,9,4,2.0,0,2,20,6,15
3369,2020,Uttar Pradesh,9,Meerut,169,Meerut,0,1,1,32,16,15.0,3,0,2,4,44,14,4.0,0,2,66,6,62
3370,2020,Uttar Pradesh,9,Mirzapur,170,Mirzapur,0,5,1,22,12,7.0,4,0,4,13,50,12,1.0,0,6,45,17,63
3371,2020,Uttar Pradesh,9,Moradabad,171,Moradabad,0,0,24,20,0,0.0,0,0,0,45,15,0,0.0,0,24,20,45,15
3372,2020,Uttar Pradesh,9,Muzaffarnagar,172,Muzaffarnagar,0,0,16,64,0,0.0,0,0,0,36,56,0,0.0,0,16,64,36,56
3373,2020,Uttar Pradesh,9,Pilibhit,173,Pilibhit,0,3,6,26,21,9.0,4,0,1,5,20,22,1.0,1,9,60,6,44
3374,2020,Uttar Pradesh,9,Pratapgarh,174,Pratapgarh,0,4,0,9,0,0.0,0,0,6,0,16,0,0.0,0,4,9,6,16
3375,2020,Uttar Pradesh,9,Rae Bareli,175,Raibareilly,0,1,4,19,10,6.0,0,1,3,11,41,5,2.0,1,5,35,15,49
3376,2020,Uttar Pradesh,9,Rampur,176,Rampur,0,0,0,0,0,0.0,0,0,0,0,0,0,0.0,0,0,0,0,0
3377,2020,Uttar Pradesh,9,Saharanpur,177,Saharanpur,0,2,7,20,20,10.0,5,0,5,8,30,18,2.0,1,9,55,13,51
3378,2020,Uttar Pradesh,9,Sambhal,659,Sambhal,1,0,1,7,1,0.0,2,1,4,4,7,1,0.0,0,2,10,9,8
3379,2020,Uttar Pradesh,9,Sant Kabeer Nagar,178,Sant Kabirnagar,0,1,2,8,7,5.0,5,0,0,15,30,3,3.0,1,3,25,15,37
3380,2020,Uttar Pradesh,9,Shahjahanpur,180,Shahjahanpur,0,2,5,18,15,14.0,4,1,4,20,26,14,5.0,2,7,51,25,47
3381,2020,Uttar Pradesh,9,Shamli,660,Shamli,1,2,4,13,8,3.0,0,0,0,5,33,6,2.0,0,7,24,5,41
3382,2020,Uttar Pradesh,9,Shravasti,181,Shrawasti,1,6,6,2,0,0.0,0,0,0,19,1,0,0.0,0,13,2,19,1
3383,2020,Uttar Pradesh,9,Siddharth Nagar,182,Sidharthnagar,0,2,1,14,3,2.0,0,0,0,4,30,7,1.0,0,3,19,4,38
3384,2020,Uttar Pradesh,9,Sitapur,183,Sitapur,3,14,8,45,30,0.0,0,3,2,19,55,20,0.0,0,25,75,24,75
3385,2020,Uttar Pradesh,9,Sonbhadra,184,Sonbhadra,0,3,9,17,9,3.0,6,0,5,11,58,17,2.0,1,12,35,16,78
3386,2020,Uttar Pradesh,9,Bhadohi,179,Bhadohi,0,11,7,0,0,0.0,0,0,2,14,0,0,0.0,0,18,0,16,0
3387,2020,Uttar Pradesh,9,Sultanpur,185,Sultanpur,0,0,3,0,0,4.0,0,0,0,8,12,0,1.0,0,3,4,8,13
3388,2020,Uttar Pradesh,9,Unnao,186,Unnao,0,5,4,28,14,6.0,1,0,3,13,47,17,0.0,2,9,49,16,66
3389,2020,Uttar Pradesh,9,Varanasi,187,Varanasi,0,6,8,78,31,18.0,17,0,9,23,117,25,5.0,4,14,144,32,151
3390,2020,Uttar Pradesh,9,Lucknow,162,Lucknow Grameen,0,5,5,45,9,7.0,1,0,2,11,66,8,5.0,1,10,62,13,80
3391,2020,Uttarakhand,5,Almora,45,Almora,0,0,1,7,7,0.0,0,0,0,3,10,10,3.0,0,1,14,3,23
3392,2020,Uttarakhand,5,Bageshwar,46,Bageshwar,0,1,2,6,5,0.0,0,0,2,5,13,5,5.0,0,3,11,7,23
3393,2020,Uttarakhand,5,Chamoli,47,Chamoli,0,0,1,9,10,4.0,0,0,2,5,5,5,4.0,0,1,23,7,14
3394,2020,Uttarakhand,5,Champawat,48,Champawat,0,2,2,7,6,2.0,0,0,2,3,4,15,3.0,0,4,15,5,22
3395,2020,Uttarakhand,5,Dehradun,49,Dehradun,0,4,4,60,60,52.0,0,0,12,20,89,40,28.0,2,8,172,32,159
3396,2020,Uttarakhand,5,Haridwar,50,Haridwar,0,10,21,70,70,31.0,10,0,28,28,86,90,40.0,2,31,181,56,218
3397,2020,Uttarakhand,5,Nainital,51,Nainital,0,5,25,30,25,7.0,4,0,12,34,50,40,16.0,0,30,66,46,106
3398,2020,Uttarakhand,5,Pauri Garhwal,52,Pauri Garhwal,0,1,2,10,10,6.0,0,0,3,8,20,7,0.0,0,3,26,11,27
3399,2020,Uttarakhand,5,Pithoragarh,53,Pithoragarh,0,0,1,4,4,0.0,0,0,5,4,4,3,1.0,0,1,8,9,8
3400,2020,Uttarakhand,5,Rudra Prayag,54,Rudra Prayag,0,0,1,2,2,0.0,0,0,2,3,6,6,4.0,0,1,4,5,16
3401,2020,Uttarakhand,5,Tehri Garhwal,55,Tehri Garhwal,0,0,2,2,6,5.0,1,0,0,2,7,15,15.0,2,2,14,2,39
3402,2020,Uttarakhand,5,Udam Singh Nagar,56,Udhamsingh Nagar,2,14,25,52,40,20.0,8,2,26,59,100,50,16.0,0,41,120,87,166
3403,2020,Uttarakhand,5,Uttar Kashi,57,Uttarkashi,0,0,2,1,2,4.0,0,0,0,1,8,4,4.0,0,2,7,1,16
3404,2020,Uttarakhand,5,Dehradun,49,Grp,0,0,0,0,0,0.0,0,0,0,0,0,0,0.0,0,0,0,0,0
3405,2020,West Bengal,19,Alipurduar,664,Alipurduar,1,9,19,82,61,40.0,19,1,5,95,304,81,19.0,8,29,202,101,412
3406,2020,West Bengal,19,Paschim Bardhaman,704,Asansol-Durgapur Pc,1,5,10,170,127,69.0,38,1,4,38,385,99,22.0,13,16,404,43,519
3407,2020,West Bengal,19,Bankura,305,Bankura,0,1,5,120,73,42.0,28,0,3,89,424,90,24.0,19,6,263,92,557
3408,2020,West Bengal,19,24 Paraganas North,303,Barrackpur Pc,3,30,41,287,303,194.0,151,0,34,300,740,318,91.0,97,74,935,334,1246
3409,2020,West Bengal,19,24 Paraganas North,303,Bidhannagar Pc,4,4,4,97,87,40.0,49,0,8,66,242,93,26.0,22,12,273,74,383
3410,2020,West Bengal,19,Birbhum,307,Birbhum,0,2,8,133,81,39.0,19,3,6,35,356,81,11.0,5,10,272,44,453
3411,2020,West Bengal,19,Coochbehar,308,Coochbehar,1,8,18,86,121,36.0,23,1,13,227,470,260,30.0,11,27,266,241,771
3412,2020,West Bengal,19,Dinajpur Dakshin,310,Dakshin Dinajpur,2,8,12,81,56,33.0,11,1,15,177,472,135,16.0,2,22,181,193,625
3413,2020,West Bengal,19,Darjeeling,309,Darjeeling,1,1,4,48,35,15.0,6,0,5,35,166,85,9.0,6,6,104,40,266
3414,2020,West Bengal,19,Hooghly,312,Hooghly Rural Police,1,0,1,106,76,48.0,33,0,13,106,531,125,26.0,17,2,263,119,699
3415,2020,West Bengal,19,Howrah,313,Howrah Grp,1,0,0,7,3,4.0,7,1,0,0,4,1,0.0,2,1,21,1,7
3416,2020,West Bengal,19,Howrah,313,Howrah Pc,0,13,17,208,192,125.0,100,0,27,153,423,156,47.0,31,30,625,180,657
3417,2020,West Bengal,19,Howrah,313,Howrah Rural,1,4,5,100,87,41.0,21,2,12,167,419,84,17.0,13,10,249,181,533
3418,2020,West Bengal,19,Jalpaiguri,314,Jalpaiguri,0,1,15,142,104,45.0,20,0,10,90,329,274,14.0,7,16,311,100,624
3419,2020,West Bengal,19,Jhargram,703,Jhargram,0,0,2,33,30,19.0,13,0,3,47,155,37,8.0,8,2,95,50,208
3420,2020,West Bengal,19,Medinipur West,318,Kharagpur Grp,0,0,0,1,1,0.0,0,0,0,0,1,0,0.0,1,0,2,0,2
3421,2020,West Bengal,19,Kolkata,315,Kolkata,10,66,78,458,433,286.0,248,10,48,335,880,281,138.0,109,154,1425,393,1408
3422,2020,West Bengal,19,Maldah,316,Malda,2,0,0,39,7,7.0,0,0,139,344,329,142,26.0,0,2,53,483,497
3423,2020,West Bengal,19,Murshidabad,319,Murshidabad Police District,2,9,14,235,203,96.0,35,2,32,176,1015,385,68.0,13,25,569,210,1481
3424,2020,West Bengal,19,Medinipur West,318,Paschim Medinipur,0,5,22,137,221,159.0,51,0,31,497,661,367,65.0,21,27,568,528,1114
3425,2020,West Bengal,19,Medinipur East,317,Purab Medinipur,6,15,18,140,109,62.0,19,13,30,464,841,179,38.0,23,39,330,507,1081
3426,2020,West Bengal,19,Purulia,321,Purulia,1,3,8,60,28,13.0,13,3,4,53,191,36,9.0,9,12,114,60,245
3427,2020,West Bengal,19,Kolkata,315,Sealdah Grp,0,3,0,3,1,1.0,1,1,0,3,5,1,2.0,0,3,6,4,8
3428,2020,West Bengal,19,Darjeeling,309,Siliguri Grp,0,0,0,1,0,0.0,0,0,0,0,1,0,0.0,0,0,1,0,1
3429,2020,West Bengal,19,Darjeeling,309,Siliguri Pc,2,27,18,188,122,67.0,27,3,15,167,445,152,25.0,11,47,404,185,633
3430,2020,West Bengal,19,24 Paraganas South,304,Baruipur Police,2,102,50,57,10,10.0,2,7,90,120,310,524,200.0,89,154,79,217,1123
3431,2020,West Bengal,19,Hooghly,312,Chandannagar Pc,0,3,9,84,99,62.0,41,1,6,60,215,81,30.0,20,12,286,67,346
3432,2020,West Bengal,19,24 Paraganas South,304,Diamond Harbour Police,4,7,17,90,83,40.0,30,8,22,149,306,76,14.0,11,28,243,179,407
3433,2020,West Bengal,19,Kalimpong,702,Kalimpong,0,0,0,14,15,2.0,5,0,3,19,53,29,4.0,2,0,36,22,88
3434,2020,West Bengal,19,Purba Bardhaman,306,Purba Bardhaman,1,11,22,224,130,68.0,39,5,46,366,598,131,28.0,15,34,461,417,772
3435,2020,West Bengal,19,24 Paraganas South,304,Sundarban Police,0,4,7,42,71,29.0,14,0,16,67,251,159,26.0,7,11,156,83,443
3436,2020,West Bengal,19,24 Paraganas North,303,Barasat,0,9,17,9,1,0.0,0,0,88,176,18,4,0.0,0,26,10,264,22
3437,2020,West Bengal,19,24 Paraganas North,303,Basirhat,0,7,13,106,60,25.0,10,0,40,422,195,154,99.0,20,20,201,462,468
3438,2020,West Bengal,19,24 Paraganas North,303,Bangaon,0,2,3,49,53,31.0,18,0,5,154,354,89,18.0,10,5,151,159,471
3439,2020,West Bengal,19,Dinajpur Uttar,311,Islampur,1,2,3,73,23,5.0,3,2,1,16,216,44,2.0,0,6,104,19,262
3440,2020,West Bengal,19,Murshidabad,319,Jangipur Police District,0,2,104,17,22,12.0,0,0,5,185,65,26,12.0,0,106,51,190,103
3441,2020,West Bengal,19,Nadia,320,Krishnagar,0,2,5,110,77,28.0,17,0,11,60,485,131,8.0,11,7,232,71,635
3442,2020,West Bengal,19,Dinajpur Uttar,311,Raiganj,0,3,12,76,38,18.0,9,0,5,55,311,70,15.0,4,15,141,60,400
3443,2020,West Bengal,19,Nadia,320,Ranaghat,0,0,12,202,195,43.0,0,0,0,267,765,59,0.0,0,12,440,267,824
3444,2020,Andaman And Nicobar Islands,35,South Andamans,602,South Andaman,2,2,3,11,14,5.0,5,0,2,12,19,2,2.0,0,7,35,14,23
3445,2020,Andaman And Nicobar Islands,35,North And Middle Andaman,632,North And Middle Andaman,0,0,0,0,0,0.0,0,0,0,0,0,0,0.0,0,0,0,0,0
3446,2020,Andaman And Nicobar Islands,35,Nicobars,603,Nicobar,0,0,0,0,0,0.0,0,0,0,0,0,0,0.0,0,0,0,0,0
3447,2020,Chandigarh,4,Chandigarh,44,Chandigarh,3,20,21,107,66,31.0,28,3,9,97,268,46,9.0,10,44,232,109,333
3448,2020,The Dadra And Nagar Haveli And Daman And Diu,38,Dadra And Nagar Haveli,465,Dadra And Nagar Haveli,0,0,0,6,1,2.0,0,0,0,0,16,3,0.0,0,0,9,0,19
3449,2020,The Dadra And Nagar Haveli And Daman And Diu,38,Daman,463,Daman,0,0,1,7,11,6.0,0,0,0,1,21,5,0.0,0,1,24,1,26
3450,2020,The Dadra And Nagar Haveli And Daman And Diu,38,Diu,464,Diu,0,0,0,6,4,3.0,0,0,0,1,3,0,0.0,1,0,13,1,4
3451,2020,Delhi,7,Central,77,Central,0,20,36,119,81,32.0,8,2,22,104,182,42,3.0,6,56,240,128,233
3452,2020,Delhi,7,North West,82,Crime Branch,0,0,0,0,0,0.0,0,0,0,0,0,0,0.0,0,0,0,0,0
3453,2020,Delhi,7,East,78,East,1,42,28,156,97,48.0,31,2,38,106,332,56,16.0,12,71,332,146,416
3454,2020,Delhi,7,New Delhi,79,Eow,0,0,0,0,0,0.0,0,0,0,0,0,0,0.0,0,0,0,0,0
3455,2020,Delhi,7,New Delhi,79,Igi Airport,0,0,0,2,5,1.0,1,0,0,0,1,0,0.0,0,0,9,0,1
3456,2020,Delhi,7,North West,82,Metro,0,0,0,1,0,1.0,1,0,0,0,5,0,1.0,0,0,3,0,6
3457,2020,Delhi,7,New Delhi,79,New Delhi,0,3,5,25,19,9.0,0,0,6,8,28,8,4.0,1,8,53,14,41
3458,2020,Delhi,7,North,80,North,2,26,27,139,108,28.0,10,1,36,82,194,101,15.0,12,55,285,119,322
3459,2020,Delhi,7,North East,81,North-East,2,48,60,348,177,94.0,46,2,38,243,666,163,18.0,20,110,665,283,867
3460,2020,Delhi,7,North West,82,North-West,0,25,43,184,110,41.0,15,1,70,175,317,86,28.0,6,68,350,246,437
3461,2020,Delhi,7,North West,82,Outer,5,30,61,374,176,52.0,35,6,48,239,471,226,45.0,17,96,637,293,759
3462,2020,Delhi,7,New Delhi,79,Railway,1,4,0,6,6,5.0,1,0,1,1,21,8,0.0,1,5,18,2,30
3463,2020,Delhi,7,South,83,South,6,19,48,185,106,67.0,37,8,37,158,305,137,41.0,12,73,395,203,495
3464,2020,Delhi,7,South East,670,South-East,2,23,50,203,103,57.0,40,2,54,196,435,84,21.0,14,75,403,252,554
3465,2020,Delhi,7,South West,84,South-West,4,21,33,201,87,21.0,13,3,40,134,280,139,9.0,5,58,322,177,433
3466,2020,Delhi,7,North West,82,Spl Cell,0,0,0,0,0,0.0,0,0,0,0,0,0,0.0,0,0,0,0,0
3467,2020,Delhi,7,New Delhi,79,Spuwac,0,0,0,0,0,0.0,0,0,0,0,0,0,0.0,0,0,0,0,0
3468,2020,Delhi,7,New Delhi,79,Vigilance,0,0,0,0,0,0.0,0,0,0,0,0,0,0.0,0,0,0,0,0
3469,2020,Delhi,7,West,85,West,3,14,43,295,102,19.0,1,5,25,180,350,102,18.0,4,60,417,210,474
3470,2020,Delhi,7,North West,82,Rohini,17,45,72,236,152,114.0,29,15,49,175,420,125,73.0,13,134,531,239,631
3471,2020,Delhi,7,Shahdara,671,Shahdara,10,17,24,163,143,74.0,31,9,13,95,271,91,29.0,13,51,411,117,404
3472,2020,Delhi,7,South West,84,Dwarka,4,27,51,244,182,59.0,80,0,40,268,470,162,31.0,24,82,565,308,687
3473,2020,Delhi,7,New Delhi,79,Outer North,11,79,80,288,144,45.0,15,14,81,293,542,151,29.0,7,170,492,388,729
3474,2020,Ladakh,37,Kargil,6,Kargil,0,0,0,4,1,0.0,0,0,0,1,2,2,0.0,0,0,5,1,4
3475,2020,Ladakh,37,Leh Ladakh,9,Leh,0,0,0,2,2,2.0,1,0,0,0,2,1,0.0,0,0,7,0,3
3476,2020,Lakshadweep,31,Lakshadweep District,553,Lakshadweep,0,0,0,0,0,0.0,0,0,0,0,0,0,0.0,0,0,0,0,0
3477,2020,Puducherry,34,Karaikal,598,Karaikal,0,0,0,0,0,0.0,0,0,0,0,0,0,0.0,0,0,0,0,0
